ARM GAS  /tmp/ccXl4scm.s 			page 1


   1              		.cpu cortex-m3
   2              		.arch armv7-m
   3              		.fpu softvfp
   4              		.eabi_attribute 20, 1
   5              		.eabi_attribute 21, 1
   6              		.eabi_attribute 23, 3
   7              		.eabi_attribute 24, 1
   8              		.eabi_attribute 25, 1
   9              		.eabi_attribute 26, 1
  10              		.eabi_attribute 30, 1
  11              		.eabi_attribute 34, 1
  12              		.eabi_attribute 18, 4
  13              		.file	"stm32f2xx_hal_pwr.c"
  14              		.text
  15              	.Ltext0:
  16              		.cfi_sections	.debug_frame
  17              		.file 1 "Drivers/STM32F2xx_HAL_Driver/Src/stm32f2xx_hal_pwr.c"
  18              		.section	.text.HAL_PWR_DeInit,"ax",%progbits
  19              		.align	1
  20              		.global	HAL_PWR_DeInit
  21              		.syntax unified
  22              		.thumb
  23              		.thumb_func
  25              	HAL_PWR_DeInit:
  26              	.LFB72:
   1:Drivers/STM32F2xx_HAL_Driver/Src/stm32f2xx_hal_pwr.c **** /**
   2:Drivers/STM32F2xx_HAL_Driver/Src/stm32f2xx_hal_pwr.c ****   ******************************************************************************
   3:Drivers/STM32F2xx_HAL_Driver/Src/stm32f2xx_hal_pwr.c ****   * @file    stm32f2xx_hal_pwr.c
   4:Drivers/STM32F2xx_HAL_Driver/Src/stm32f2xx_hal_pwr.c ****   * @author  MCD Application Team
   5:Drivers/STM32F2xx_HAL_Driver/Src/stm32f2xx_hal_pwr.c ****   * @brief   PWR HAL module driver.
   6:Drivers/STM32F2xx_HAL_Driver/Src/stm32f2xx_hal_pwr.c ****   *          This file provides firmware functions to manage the following 
   7:Drivers/STM32F2xx_HAL_Driver/Src/stm32f2xx_hal_pwr.c ****   *          functionalities of the Power Controller (PWR) peripheral:
   8:Drivers/STM32F2xx_HAL_Driver/Src/stm32f2xx_hal_pwr.c ****   *           + Initialization and de-initialization functions
   9:Drivers/STM32F2xx_HAL_Driver/Src/stm32f2xx_hal_pwr.c ****   *           + Peripheral Control functions 
  10:Drivers/STM32F2xx_HAL_Driver/Src/stm32f2xx_hal_pwr.c ****   *         
  11:Drivers/STM32F2xx_HAL_Driver/Src/stm32f2xx_hal_pwr.c ****   ******************************************************************************
  12:Drivers/STM32F2xx_HAL_Driver/Src/stm32f2xx_hal_pwr.c ****   * @attention
  13:Drivers/STM32F2xx_HAL_Driver/Src/stm32f2xx_hal_pwr.c ****   *
  14:Drivers/STM32F2xx_HAL_Driver/Src/stm32f2xx_hal_pwr.c ****   * Copyright (c) 2017 STMicroelectronics.
  15:Drivers/STM32F2xx_HAL_Driver/Src/stm32f2xx_hal_pwr.c ****   * All rights reserved.
  16:Drivers/STM32F2xx_HAL_Driver/Src/stm32f2xx_hal_pwr.c ****   *
  17:Drivers/STM32F2xx_HAL_Driver/Src/stm32f2xx_hal_pwr.c ****   * This software is licensed under terms that can be found in the LICENSE file
  18:Drivers/STM32F2xx_HAL_Driver/Src/stm32f2xx_hal_pwr.c ****   * in the root directory of this software component.
  19:Drivers/STM32F2xx_HAL_Driver/Src/stm32f2xx_hal_pwr.c ****   * If no LICENSE file comes with this software, it is provided AS-IS.
  20:Drivers/STM32F2xx_HAL_Driver/Src/stm32f2xx_hal_pwr.c ****   *
  21:Drivers/STM32F2xx_HAL_Driver/Src/stm32f2xx_hal_pwr.c ****   ******************************************************************************
  22:Drivers/STM32F2xx_HAL_Driver/Src/stm32f2xx_hal_pwr.c ****   */
  23:Drivers/STM32F2xx_HAL_Driver/Src/stm32f2xx_hal_pwr.c **** 
  24:Drivers/STM32F2xx_HAL_Driver/Src/stm32f2xx_hal_pwr.c **** /* Includes ------------------------------------------------------------------*/
  25:Drivers/STM32F2xx_HAL_Driver/Src/stm32f2xx_hal_pwr.c **** #include "stm32f2xx_hal.h"
  26:Drivers/STM32F2xx_HAL_Driver/Src/stm32f2xx_hal_pwr.c **** 
  27:Drivers/STM32F2xx_HAL_Driver/Src/stm32f2xx_hal_pwr.c **** /** @addtogroup STM32F2xx_HAL_Driver
  28:Drivers/STM32F2xx_HAL_Driver/Src/stm32f2xx_hal_pwr.c ****   * @{
  29:Drivers/STM32F2xx_HAL_Driver/Src/stm32f2xx_hal_pwr.c ****   */
  30:Drivers/STM32F2xx_HAL_Driver/Src/stm32f2xx_hal_pwr.c **** 
  31:Drivers/STM32F2xx_HAL_Driver/Src/stm32f2xx_hal_pwr.c **** /** @defgroup PWR PWR
  32:Drivers/STM32F2xx_HAL_Driver/Src/stm32f2xx_hal_pwr.c ****   * @brief PWR HAL module driver
ARM GAS  /tmp/ccXl4scm.s 			page 2


  33:Drivers/STM32F2xx_HAL_Driver/Src/stm32f2xx_hal_pwr.c ****   * @{
  34:Drivers/STM32F2xx_HAL_Driver/Src/stm32f2xx_hal_pwr.c ****   */
  35:Drivers/STM32F2xx_HAL_Driver/Src/stm32f2xx_hal_pwr.c **** 
  36:Drivers/STM32F2xx_HAL_Driver/Src/stm32f2xx_hal_pwr.c **** #ifdef HAL_PWR_MODULE_ENABLED
  37:Drivers/STM32F2xx_HAL_Driver/Src/stm32f2xx_hal_pwr.c **** 
  38:Drivers/STM32F2xx_HAL_Driver/Src/stm32f2xx_hal_pwr.c **** /* Private typedef -----------------------------------------------------------*/
  39:Drivers/STM32F2xx_HAL_Driver/Src/stm32f2xx_hal_pwr.c **** /* Private define ------------------------------------------------------------*/
  40:Drivers/STM32F2xx_HAL_Driver/Src/stm32f2xx_hal_pwr.c **** /** @addtogroup PWR_Private_Constants
  41:Drivers/STM32F2xx_HAL_Driver/Src/stm32f2xx_hal_pwr.c ****   * @{
  42:Drivers/STM32F2xx_HAL_Driver/Src/stm32f2xx_hal_pwr.c ****   */
  43:Drivers/STM32F2xx_HAL_Driver/Src/stm32f2xx_hal_pwr.c ****   
  44:Drivers/STM32F2xx_HAL_Driver/Src/stm32f2xx_hal_pwr.c **** /** @defgroup PWR_PVD_Mode_Mask PWR PVD Mode Mask
  45:Drivers/STM32F2xx_HAL_Driver/Src/stm32f2xx_hal_pwr.c ****   * @{
  46:Drivers/STM32F2xx_HAL_Driver/Src/stm32f2xx_hal_pwr.c ****   */     
  47:Drivers/STM32F2xx_HAL_Driver/Src/stm32f2xx_hal_pwr.c **** #define PVD_MODE_IT               0x00010000U
  48:Drivers/STM32F2xx_HAL_Driver/Src/stm32f2xx_hal_pwr.c **** #define PVD_MODE_EVT              0x00020000U
  49:Drivers/STM32F2xx_HAL_Driver/Src/stm32f2xx_hal_pwr.c **** #define PVD_RISING_EDGE           0x00000001U
  50:Drivers/STM32F2xx_HAL_Driver/Src/stm32f2xx_hal_pwr.c **** #define PVD_FALLING_EDGE          0x00000002U
  51:Drivers/STM32F2xx_HAL_Driver/Src/stm32f2xx_hal_pwr.c **** /**
  52:Drivers/STM32F2xx_HAL_Driver/Src/stm32f2xx_hal_pwr.c ****   * @}
  53:Drivers/STM32F2xx_HAL_Driver/Src/stm32f2xx_hal_pwr.c ****   */
  54:Drivers/STM32F2xx_HAL_Driver/Src/stm32f2xx_hal_pwr.c **** 
  55:Drivers/STM32F2xx_HAL_Driver/Src/stm32f2xx_hal_pwr.c **** /**
  56:Drivers/STM32F2xx_HAL_Driver/Src/stm32f2xx_hal_pwr.c ****   * @}
  57:Drivers/STM32F2xx_HAL_Driver/Src/stm32f2xx_hal_pwr.c ****   */    
  58:Drivers/STM32F2xx_HAL_Driver/Src/stm32f2xx_hal_pwr.c **** /* Private macro -------------------------------------------------------------*/
  59:Drivers/STM32F2xx_HAL_Driver/Src/stm32f2xx_hal_pwr.c **** /* Private variables ---------------------------------------------------------*/
  60:Drivers/STM32F2xx_HAL_Driver/Src/stm32f2xx_hal_pwr.c **** /* Private function prototypes -----------------------------------------------*/
  61:Drivers/STM32F2xx_HAL_Driver/Src/stm32f2xx_hal_pwr.c **** /* Private functions ---------------------------------------------------------*/
  62:Drivers/STM32F2xx_HAL_Driver/Src/stm32f2xx_hal_pwr.c **** 
  63:Drivers/STM32F2xx_HAL_Driver/Src/stm32f2xx_hal_pwr.c **** /** @defgroup PWR_Exported_Functions PWR Exported Functions
  64:Drivers/STM32F2xx_HAL_Driver/Src/stm32f2xx_hal_pwr.c ****   * @{
  65:Drivers/STM32F2xx_HAL_Driver/Src/stm32f2xx_hal_pwr.c ****   */
  66:Drivers/STM32F2xx_HAL_Driver/Src/stm32f2xx_hal_pwr.c **** 
  67:Drivers/STM32F2xx_HAL_Driver/Src/stm32f2xx_hal_pwr.c **** /** @defgroup PWR_Exported_Functions_Group1 Initialization and de-initialization functions 
  68:Drivers/STM32F2xx_HAL_Driver/Src/stm32f2xx_hal_pwr.c ****   *  @brief    Initialization and de-initialization functions
  69:Drivers/STM32F2xx_HAL_Driver/Src/stm32f2xx_hal_pwr.c ****   *
  70:Drivers/STM32F2xx_HAL_Driver/Src/stm32f2xx_hal_pwr.c **** @verbatim
  71:Drivers/STM32F2xx_HAL_Driver/Src/stm32f2xx_hal_pwr.c ****  ===============================================================================
  72:Drivers/STM32F2xx_HAL_Driver/Src/stm32f2xx_hal_pwr.c ****               ##### Initialization and de-initialization functions #####
  73:Drivers/STM32F2xx_HAL_Driver/Src/stm32f2xx_hal_pwr.c ****  ===============================================================================
  74:Drivers/STM32F2xx_HAL_Driver/Src/stm32f2xx_hal_pwr.c ****     [..]
  75:Drivers/STM32F2xx_HAL_Driver/Src/stm32f2xx_hal_pwr.c ****       After reset, the backup domain (RTC registers, RTC backup data 
  76:Drivers/STM32F2xx_HAL_Driver/Src/stm32f2xx_hal_pwr.c ****       registers and backup SRAM) is protected against possible unwanted 
  77:Drivers/STM32F2xx_HAL_Driver/Src/stm32f2xx_hal_pwr.c ****       write accesses. 
  78:Drivers/STM32F2xx_HAL_Driver/Src/stm32f2xx_hal_pwr.c ****       To enable access to the RTC Domain and RTC registers, proceed as follows:
  79:Drivers/STM32F2xx_HAL_Driver/Src/stm32f2xx_hal_pwr.c ****         (+) Enable the Power Controller (PWR) APB1 interface clock using the
  80:Drivers/STM32F2xx_HAL_Driver/Src/stm32f2xx_hal_pwr.c ****             __HAL_RCC_PWR_CLK_ENABLE() macro.
  81:Drivers/STM32F2xx_HAL_Driver/Src/stm32f2xx_hal_pwr.c ****         (+) Enable access to RTC domain using the HAL_PWR_EnableBkUpAccess() function.
  82:Drivers/STM32F2xx_HAL_Driver/Src/stm32f2xx_hal_pwr.c ****  
  83:Drivers/STM32F2xx_HAL_Driver/Src/stm32f2xx_hal_pwr.c **** @endverbatim
  84:Drivers/STM32F2xx_HAL_Driver/Src/stm32f2xx_hal_pwr.c ****   * @{
  85:Drivers/STM32F2xx_HAL_Driver/Src/stm32f2xx_hal_pwr.c ****   */
  86:Drivers/STM32F2xx_HAL_Driver/Src/stm32f2xx_hal_pwr.c **** 
  87:Drivers/STM32F2xx_HAL_Driver/Src/stm32f2xx_hal_pwr.c **** /**
  88:Drivers/STM32F2xx_HAL_Driver/Src/stm32f2xx_hal_pwr.c ****   * @brief Deinitializes the HAL PWR peripheral registers to their default reset values.
  89:Drivers/STM32F2xx_HAL_Driver/Src/stm32f2xx_hal_pwr.c ****   * @retval None
ARM GAS  /tmp/ccXl4scm.s 			page 3


  90:Drivers/STM32F2xx_HAL_Driver/Src/stm32f2xx_hal_pwr.c ****   */
  91:Drivers/STM32F2xx_HAL_Driver/Src/stm32f2xx_hal_pwr.c **** void HAL_PWR_DeInit(void)
  92:Drivers/STM32F2xx_HAL_Driver/Src/stm32f2xx_hal_pwr.c **** {
  27              		.loc 1 92 1 view -0
  28              		.cfi_startproc
  29              		@ args = 0, pretend = 0, frame = 0
  30              		@ frame_needed = 0, uses_anonymous_args = 0
  31              		@ link register save eliminated.
  93:Drivers/STM32F2xx_HAL_Driver/Src/stm32f2xx_hal_pwr.c ****   __HAL_RCC_PWR_FORCE_RESET();
  32              		.loc 1 93 3 view .LVU1
  33 0000 044B     		ldr	r3, .L2
  34 0002 1A6A     		ldr	r2, [r3, #32]
  35 0004 42F08052 		orr	r2, r2, #268435456
  36 0008 1A62     		str	r2, [r3, #32]
  94:Drivers/STM32F2xx_HAL_Driver/Src/stm32f2xx_hal_pwr.c ****   __HAL_RCC_PWR_RELEASE_RESET();
  37              		.loc 1 94 3 view .LVU2
  38 000a 1A6A     		ldr	r2, [r3, #32]
  39 000c 22F08052 		bic	r2, r2, #268435456
  40 0010 1A62     		str	r2, [r3, #32]
  95:Drivers/STM32F2xx_HAL_Driver/Src/stm32f2xx_hal_pwr.c **** }
  41              		.loc 1 95 1 is_stmt 0 view .LVU3
  42 0012 7047     		bx	lr
  43              	.L3:
  44              		.align	2
  45              	.L2:
  46 0014 00380240 		.word	1073887232
  47              		.cfi_endproc
  48              	.LFE72:
  50              		.section	.text.HAL_PWR_EnableBkUpAccess,"ax",%progbits
  51              		.align	1
  52              		.global	HAL_PWR_EnableBkUpAccess
  53              		.syntax unified
  54              		.thumb
  55              		.thumb_func
  57              	HAL_PWR_EnableBkUpAccess:
  58              	.LFB73:
  96:Drivers/STM32F2xx_HAL_Driver/Src/stm32f2xx_hal_pwr.c **** 
  97:Drivers/STM32F2xx_HAL_Driver/Src/stm32f2xx_hal_pwr.c **** /**
  98:Drivers/STM32F2xx_HAL_Driver/Src/stm32f2xx_hal_pwr.c ****   * @brief Enables access to the backup domain (RTC registers, RTC 
  99:Drivers/STM32F2xx_HAL_Driver/Src/stm32f2xx_hal_pwr.c ****   *         backup data registers and backup SRAM).
 100:Drivers/STM32F2xx_HAL_Driver/Src/stm32f2xx_hal_pwr.c ****   * @note If the HSE divided by 2, 3, ..31 is used as the RTC clock, the 
 101:Drivers/STM32F2xx_HAL_Driver/Src/stm32f2xx_hal_pwr.c ****   *         Backup Domain Access should be kept enabled.
 102:Drivers/STM32F2xx_HAL_Driver/Src/stm32f2xx_hal_pwr.c ****   * @retval None
 103:Drivers/STM32F2xx_HAL_Driver/Src/stm32f2xx_hal_pwr.c ****   */
 104:Drivers/STM32F2xx_HAL_Driver/Src/stm32f2xx_hal_pwr.c **** void HAL_PWR_EnableBkUpAccess(void)
 105:Drivers/STM32F2xx_HAL_Driver/Src/stm32f2xx_hal_pwr.c **** {
  59              		.loc 1 105 1 is_stmt 1 view -0
  60              		.cfi_startproc
  61              		@ args = 0, pretend = 0, frame = 0
  62              		@ frame_needed = 0, uses_anonymous_args = 0
  63              		@ link register save eliminated.
 106:Drivers/STM32F2xx_HAL_Driver/Src/stm32f2xx_hal_pwr.c ****   *(__IO uint32_t *) CR_DBP_BB = (uint32_t)ENABLE;
  64              		.loc 1 106 3 view .LVU5
  65              	.LVL0:
  66              	.LBB10:
  67              	.LBI10:
  68              		.file 2 "Drivers/CMSIS/Include/cmsis_gcc.h"
ARM GAS  /tmp/ccXl4scm.s 			page 4


   1:Drivers/CMSIS/Include/cmsis_gcc.h **** /**************************************************************************//**
   2:Drivers/CMSIS/Include/cmsis_gcc.h ****  * @file     cmsis_gcc.h
   3:Drivers/CMSIS/Include/cmsis_gcc.h ****  * @brief    CMSIS compiler GCC header file
   4:Drivers/CMSIS/Include/cmsis_gcc.h ****  * @version  V5.0.4
   5:Drivers/CMSIS/Include/cmsis_gcc.h ****  * @date     09. April 2018
   6:Drivers/CMSIS/Include/cmsis_gcc.h ****  ******************************************************************************/
   7:Drivers/CMSIS/Include/cmsis_gcc.h **** /*
   8:Drivers/CMSIS/Include/cmsis_gcc.h ****  * Copyright (c) 2009-2018 Arm Limited. All rights reserved.
   9:Drivers/CMSIS/Include/cmsis_gcc.h ****  *
  10:Drivers/CMSIS/Include/cmsis_gcc.h ****  * SPDX-License-Identifier: Apache-2.0
  11:Drivers/CMSIS/Include/cmsis_gcc.h ****  *
  12:Drivers/CMSIS/Include/cmsis_gcc.h ****  * Licensed under the Apache License, Version 2.0 (the License); you may
  13:Drivers/CMSIS/Include/cmsis_gcc.h ****  * not use this file except in compliance with the License.
  14:Drivers/CMSIS/Include/cmsis_gcc.h ****  * You may obtain a copy of the License at
  15:Drivers/CMSIS/Include/cmsis_gcc.h ****  *
  16:Drivers/CMSIS/Include/cmsis_gcc.h ****  * www.apache.org/licenses/LICENSE-2.0
  17:Drivers/CMSIS/Include/cmsis_gcc.h ****  *
  18:Drivers/CMSIS/Include/cmsis_gcc.h ****  * Unless required by applicable law or agreed to in writing, software
  19:Drivers/CMSIS/Include/cmsis_gcc.h ****  * distributed under the License is distributed on an AS IS BASIS, WITHOUT
  20:Drivers/CMSIS/Include/cmsis_gcc.h ****  * WARRANTIES OR CONDITIONS OF ANY KIND, either express or implied.
  21:Drivers/CMSIS/Include/cmsis_gcc.h ****  * See the License for the specific language governing permissions and
  22:Drivers/CMSIS/Include/cmsis_gcc.h ****  * limitations under the License.
  23:Drivers/CMSIS/Include/cmsis_gcc.h ****  */
  24:Drivers/CMSIS/Include/cmsis_gcc.h **** 
  25:Drivers/CMSIS/Include/cmsis_gcc.h **** #ifndef __CMSIS_GCC_H
  26:Drivers/CMSIS/Include/cmsis_gcc.h **** #define __CMSIS_GCC_H
  27:Drivers/CMSIS/Include/cmsis_gcc.h **** 
  28:Drivers/CMSIS/Include/cmsis_gcc.h **** /* ignore some GCC warnings */
  29:Drivers/CMSIS/Include/cmsis_gcc.h **** #pragma GCC diagnostic push
  30:Drivers/CMSIS/Include/cmsis_gcc.h **** #pragma GCC diagnostic ignored "-Wsign-conversion"
  31:Drivers/CMSIS/Include/cmsis_gcc.h **** #pragma GCC diagnostic ignored "-Wconversion"
  32:Drivers/CMSIS/Include/cmsis_gcc.h **** #pragma GCC diagnostic ignored "-Wunused-parameter"
  33:Drivers/CMSIS/Include/cmsis_gcc.h **** 
  34:Drivers/CMSIS/Include/cmsis_gcc.h **** /* Fallback for __has_builtin */
  35:Drivers/CMSIS/Include/cmsis_gcc.h **** #ifndef __has_builtin
  36:Drivers/CMSIS/Include/cmsis_gcc.h ****   #define __has_builtin(x) (0)
  37:Drivers/CMSIS/Include/cmsis_gcc.h **** #endif
  38:Drivers/CMSIS/Include/cmsis_gcc.h **** 
  39:Drivers/CMSIS/Include/cmsis_gcc.h **** /* CMSIS compiler specific defines */
  40:Drivers/CMSIS/Include/cmsis_gcc.h **** #ifndef   __ASM
  41:Drivers/CMSIS/Include/cmsis_gcc.h ****   #define __ASM                                  __asm
  42:Drivers/CMSIS/Include/cmsis_gcc.h **** #endif
  43:Drivers/CMSIS/Include/cmsis_gcc.h **** #ifndef   __INLINE
  44:Drivers/CMSIS/Include/cmsis_gcc.h ****   #define __INLINE                               inline
  45:Drivers/CMSIS/Include/cmsis_gcc.h **** #endif
  46:Drivers/CMSIS/Include/cmsis_gcc.h **** #ifndef   __STATIC_INLINE
  47:Drivers/CMSIS/Include/cmsis_gcc.h ****   #define __STATIC_INLINE                        static inline
  48:Drivers/CMSIS/Include/cmsis_gcc.h **** #endif
  49:Drivers/CMSIS/Include/cmsis_gcc.h **** #ifndef   __STATIC_FORCEINLINE                 
  50:Drivers/CMSIS/Include/cmsis_gcc.h ****   #define __STATIC_FORCEINLINE                   __attribute__((always_inline)) static inline
  51:Drivers/CMSIS/Include/cmsis_gcc.h **** #endif                                           
  52:Drivers/CMSIS/Include/cmsis_gcc.h **** #ifndef   __NO_RETURN
  53:Drivers/CMSIS/Include/cmsis_gcc.h ****   #define __NO_RETURN                            __attribute__((__noreturn__))
  54:Drivers/CMSIS/Include/cmsis_gcc.h **** #endif
  55:Drivers/CMSIS/Include/cmsis_gcc.h **** #ifndef   __USED
  56:Drivers/CMSIS/Include/cmsis_gcc.h ****   #define __USED                                 __attribute__((used))
  57:Drivers/CMSIS/Include/cmsis_gcc.h **** #endif
ARM GAS  /tmp/ccXl4scm.s 			page 5


  58:Drivers/CMSIS/Include/cmsis_gcc.h **** #ifndef   __WEAK
  59:Drivers/CMSIS/Include/cmsis_gcc.h ****   #define __WEAK                                 __attribute__((weak))
  60:Drivers/CMSIS/Include/cmsis_gcc.h **** #endif
  61:Drivers/CMSIS/Include/cmsis_gcc.h **** #ifndef   __PACKED
  62:Drivers/CMSIS/Include/cmsis_gcc.h ****   #define __PACKED                               __attribute__((packed, aligned(1)))
  63:Drivers/CMSIS/Include/cmsis_gcc.h **** #endif
  64:Drivers/CMSIS/Include/cmsis_gcc.h **** #ifndef   __PACKED_STRUCT
  65:Drivers/CMSIS/Include/cmsis_gcc.h ****   #define __PACKED_STRUCT                        struct __attribute__((packed, aligned(1)))
  66:Drivers/CMSIS/Include/cmsis_gcc.h **** #endif
  67:Drivers/CMSIS/Include/cmsis_gcc.h **** #ifndef   __PACKED_UNION
  68:Drivers/CMSIS/Include/cmsis_gcc.h ****   #define __PACKED_UNION                         union __attribute__((packed, aligned(1)))
  69:Drivers/CMSIS/Include/cmsis_gcc.h **** #endif
  70:Drivers/CMSIS/Include/cmsis_gcc.h **** #ifndef   __UNALIGNED_UINT32        /* deprecated */
  71:Drivers/CMSIS/Include/cmsis_gcc.h ****   #pragma GCC diagnostic push
  72:Drivers/CMSIS/Include/cmsis_gcc.h ****   #pragma GCC diagnostic ignored "-Wpacked"
  73:Drivers/CMSIS/Include/cmsis_gcc.h ****   #pragma GCC diagnostic ignored "-Wattributes"
  74:Drivers/CMSIS/Include/cmsis_gcc.h ****   struct __attribute__((packed)) T_UINT32 { uint32_t v; };
  75:Drivers/CMSIS/Include/cmsis_gcc.h ****   #pragma GCC diagnostic pop
  76:Drivers/CMSIS/Include/cmsis_gcc.h ****   #define __UNALIGNED_UINT32(x)                  (((struct T_UINT32 *)(x))->v)
  77:Drivers/CMSIS/Include/cmsis_gcc.h **** #endif
  78:Drivers/CMSIS/Include/cmsis_gcc.h **** #ifndef   __UNALIGNED_UINT16_WRITE
  79:Drivers/CMSIS/Include/cmsis_gcc.h ****   #pragma GCC diagnostic push
  80:Drivers/CMSIS/Include/cmsis_gcc.h ****   #pragma GCC diagnostic ignored "-Wpacked"
  81:Drivers/CMSIS/Include/cmsis_gcc.h ****   #pragma GCC diagnostic ignored "-Wattributes"
  82:Drivers/CMSIS/Include/cmsis_gcc.h ****   __PACKED_STRUCT T_UINT16_WRITE { uint16_t v; };
  83:Drivers/CMSIS/Include/cmsis_gcc.h ****   #pragma GCC diagnostic pop
  84:Drivers/CMSIS/Include/cmsis_gcc.h ****   #define __UNALIGNED_UINT16_WRITE(addr, val)    (void)((((struct T_UINT16_WRITE *)(void *)(addr))-
  85:Drivers/CMSIS/Include/cmsis_gcc.h **** #endif
  86:Drivers/CMSIS/Include/cmsis_gcc.h **** #ifndef   __UNALIGNED_UINT16_READ
  87:Drivers/CMSIS/Include/cmsis_gcc.h ****   #pragma GCC diagnostic push
  88:Drivers/CMSIS/Include/cmsis_gcc.h ****   #pragma GCC diagnostic ignored "-Wpacked"
  89:Drivers/CMSIS/Include/cmsis_gcc.h ****   #pragma GCC diagnostic ignored "-Wattributes"
  90:Drivers/CMSIS/Include/cmsis_gcc.h ****   __PACKED_STRUCT T_UINT16_READ { uint16_t v; };
  91:Drivers/CMSIS/Include/cmsis_gcc.h ****   #pragma GCC diagnostic pop
  92:Drivers/CMSIS/Include/cmsis_gcc.h ****   #define __UNALIGNED_UINT16_READ(addr)          (((const struct T_UINT16_READ *)(const void *)(add
  93:Drivers/CMSIS/Include/cmsis_gcc.h **** #endif
  94:Drivers/CMSIS/Include/cmsis_gcc.h **** #ifndef   __UNALIGNED_UINT32_WRITE
  95:Drivers/CMSIS/Include/cmsis_gcc.h ****   #pragma GCC diagnostic push
  96:Drivers/CMSIS/Include/cmsis_gcc.h ****   #pragma GCC diagnostic ignored "-Wpacked"
  97:Drivers/CMSIS/Include/cmsis_gcc.h ****   #pragma GCC diagnostic ignored "-Wattributes"
  98:Drivers/CMSIS/Include/cmsis_gcc.h ****   __PACKED_STRUCT T_UINT32_WRITE { uint32_t v; };
  99:Drivers/CMSIS/Include/cmsis_gcc.h ****   #pragma GCC diagnostic pop
 100:Drivers/CMSIS/Include/cmsis_gcc.h ****   #define __UNALIGNED_UINT32_WRITE(addr, val)    (void)((((struct T_UINT32_WRITE *)(void *)(addr))-
 101:Drivers/CMSIS/Include/cmsis_gcc.h **** #endif
 102:Drivers/CMSIS/Include/cmsis_gcc.h **** #ifndef   __UNALIGNED_UINT32_READ
 103:Drivers/CMSIS/Include/cmsis_gcc.h ****   #pragma GCC diagnostic push
 104:Drivers/CMSIS/Include/cmsis_gcc.h ****   #pragma GCC diagnostic ignored "-Wpacked"
 105:Drivers/CMSIS/Include/cmsis_gcc.h ****   #pragma GCC diagnostic ignored "-Wattributes"
 106:Drivers/CMSIS/Include/cmsis_gcc.h ****   __PACKED_STRUCT T_UINT32_READ { uint32_t v; };
 107:Drivers/CMSIS/Include/cmsis_gcc.h ****   #pragma GCC diagnostic pop
 108:Drivers/CMSIS/Include/cmsis_gcc.h ****   #define __UNALIGNED_UINT32_READ(addr)          (((const struct T_UINT32_READ *)(const void *)(add
 109:Drivers/CMSIS/Include/cmsis_gcc.h **** #endif
 110:Drivers/CMSIS/Include/cmsis_gcc.h **** #ifndef   __ALIGNED
 111:Drivers/CMSIS/Include/cmsis_gcc.h ****   #define __ALIGNED(x)                           __attribute__((aligned(x)))
 112:Drivers/CMSIS/Include/cmsis_gcc.h **** #endif
 113:Drivers/CMSIS/Include/cmsis_gcc.h **** #ifndef   __RESTRICT
 114:Drivers/CMSIS/Include/cmsis_gcc.h ****   #define __RESTRICT                             __restrict
ARM GAS  /tmp/ccXl4scm.s 			page 6


 115:Drivers/CMSIS/Include/cmsis_gcc.h **** #endif
 116:Drivers/CMSIS/Include/cmsis_gcc.h **** 
 117:Drivers/CMSIS/Include/cmsis_gcc.h **** 
 118:Drivers/CMSIS/Include/cmsis_gcc.h **** /* ###########################  Core Function Access  ########################### */
 119:Drivers/CMSIS/Include/cmsis_gcc.h **** /** \ingroup  CMSIS_Core_FunctionInterface
 120:Drivers/CMSIS/Include/cmsis_gcc.h ****     \defgroup CMSIS_Core_RegAccFunctions CMSIS Core Register Access Functions
 121:Drivers/CMSIS/Include/cmsis_gcc.h ****   @{
 122:Drivers/CMSIS/Include/cmsis_gcc.h ****  */
 123:Drivers/CMSIS/Include/cmsis_gcc.h **** 
 124:Drivers/CMSIS/Include/cmsis_gcc.h **** /**
 125:Drivers/CMSIS/Include/cmsis_gcc.h ****   \brief   Enable IRQ Interrupts
 126:Drivers/CMSIS/Include/cmsis_gcc.h ****   \details Enables IRQ interrupts by clearing the I-bit in the CPSR.
 127:Drivers/CMSIS/Include/cmsis_gcc.h ****            Can only be executed in Privileged modes.
 128:Drivers/CMSIS/Include/cmsis_gcc.h ****  */
 129:Drivers/CMSIS/Include/cmsis_gcc.h **** __STATIC_FORCEINLINE void __enable_irq(void)
 130:Drivers/CMSIS/Include/cmsis_gcc.h **** {
 131:Drivers/CMSIS/Include/cmsis_gcc.h ****   __ASM volatile ("cpsie i" : : : "memory");
 132:Drivers/CMSIS/Include/cmsis_gcc.h **** }
 133:Drivers/CMSIS/Include/cmsis_gcc.h **** 
 134:Drivers/CMSIS/Include/cmsis_gcc.h **** 
 135:Drivers/CMSIS/Include/cmsis_gcc.h **** /**
 136:Drivers/CMSIS/Include/cmsis_gcc.h ****   \brief   Disable IRQ Interrupts
 137:Drivers/CMSIS/Include/cmsis_gcc.h ****   \details Disables IRQ interrupts by setting the I-bit in the CPSR.
 138:Drivers/CMSIS/Include/cmsis_gcc.h ****            Can only be executed in Privileged modes.
 139:Drivers/CMSIS/Include/cmsis_gcc.h ****  */
 140:Drivers/CMSIS/Include/cmsis_gcc.h **** __STATIC_FORCEINLINE void __disable_irq(void)
 141:Drivers/CMSIS/Include/cmsis_gcc.h **** {
 142:Drivers/CMSIS/Include/cmsis_gcc.h ****   __ASM volatile ("cpsid i" : : : "memory");
 143:Drivers/CMSIS/Include/cmsis_gcc.h **** }
 144:Drivers/CMSIS/Include/cmsis_gcc.h **** 
 145:Drivers/CMSIS/Include/cmsis_gcc.h **** 
 146:Drivers/CMSIS/Include/cmsis_gcc.h **** /**
 147:Drivers/CMSIS/Include/cmsis_gcc.h ****   \brief   Get Control Register
 148:Drivers/CMSIS/Include/cmsis_gcc.h ****   \details Returns the content of the Control Register.
 149:Drivers/CMSIS/Include/cmsis_gcc.h ****   \return               Control Register value
 150:Drivers/CMSIS/Include/cmsis_gcc.h ****  */
 151:Drivers/CMSIS/Include/cmsis_gcc.h **** __STATIC_FORCEINLINE uint32_t __get_CONTROL(void)
 152:Drivers/CMSIS/Include/cmsis_gcc.h **** {
 153:Drivers/CMSIS/Include/cmsis_gcc.h ****   uint32_t result;
 154:Drivers/CMSIS/Include/cmsis_gcc.h **** 
 155:Drivers/CMSIS/Include/cmsis_gcc.h ****   __ASM volatile ("MRS %0, control" : "=r" (result) );
 156:Drivers/CMSIS/Include/cmsis_gcc.h ****   return(result);
 157:Drivers/CMSIS/Include/cmsis_gcc.h **** }
 158:Drivers/CMSIS/Include/cmsis_gcc.h **** 
 159:Drivers/CMSIS/Include/cmsis_gcc.h **** 
 160:Drivers/CMSIS/Include/cmsis_gcc.h **** #if (defined (__ARM_FEATURE_CMSE ) && (__ARM_FEATURE_CMSE == 3))
 161:Drivers/CMSIS/Include/cmsis_gcc.h **** /**
 162:Drivers/CMSIS/Include/cmsis_gcc.h ****   \brief   Get Control Register (non-secure)
 163:Drivers/CMSIS/Include/cmsis_gcc.h ****   \details Returns the content of the non-secure Control Register when in secure mode.
 164:Drivers/CMSIS/Include/cmsis_gcc.h ****   \return               non-secure Control Register value
 165:Drivers/CMSIS/Include/cmsis_gcc.h ****  */
 166:Drivers/CMSIS/Include/cmsis_gcc.h **** __STATIC_FORCEINLINE uint32_t __TZ_get_CONTROL_NS(void)
 167:Drivers/CMSIS/Include/cmsis_gcc.h **** {
 168:Drivers/CMSIS/Include/cmsis_gcc.h ****   uint32_t result;
 169:Drivers/CMSIS/Include/cmsis_gcc.h **** 
 170:Drivers/CMSIS/Include/cmsis_gcc.h ****   __ASM volatile ("MRS %0, control_ns" : "=r" (result) );
 171:Drivers/CMSIS/Include/cmsis_gcc.h ****   return(result);
ARM GAS  /tmp/ccXl4scm.s 			page 7


 172:Drivers/CMSIS/Include/cmsis_gcc.h **** }
 173:Drivers/CMSIS/Include/cmsis_gcc.h **** #endif
 174:Drivers/CMSIS/Include/cmsis_gcc.h **** 
 175:Drivers/CMSIS/Include/cmsis_gcc.h **** 
 176:Drivers/CMSIS/Include/cmsis_gcc.h **** /**
 177:Drivers/CMSIS/Include/cmsis_gcc.h ****   \brief   Set Control Register
 178:Drivers/CMSIS/Include/cmsis_gcc.h ****   \details Writes the given value to the Control Register.
 179:Drivers/CMSIS/Include/cmsis_gcc.h ****   \param [in]    control  Control Register value to set
 180:Drivers/CMSIS/Include/cmsis_gcc.h ****  */
 181:Drivers/CMSIS/Include/cmsis_gcc.h **** __STATIC_FORCEINLINE void __set_CONTROL(uint32_t control)
 182:Drivers/CMSIS/Include/cmsis_gcc.h **** {
 183:Drivers/CMSIS/Include/cmsis_gcc.h ****   __ASM volatile ("MSR control, %0" : : "r" (control) : "memory");
 184:Drivers/CMSIS/Include/cmsis_gcc.h **** }
 185:Drivers/CMSIS/Include/cmsis_gcc.h **** 
 186:Drivers/CMSIS/Include/cmsis_gcc.h **** 
 187:Drivers/CMSIS/Include/cmsis_gcc.h **** #if (defined (__ARM_FEATURE_CMSE ) && (__ARM_FEATURE_CMSE == 3))
 188:Drivers/CMSIS/Include/cmsis_gcc.h **** /**
 189:Drivers/CMSIS/Include/cmsis_gcc.h ****   \brief   Set Control Register (non-secure)
 190:Drivers/CMSIS/Include/cmsis_gcc.h ****   \details Writes the given value to the non-secure Control Register when in secure state.
 191:Drivers/CMSIS/Include/cmsis_gcc.h ****   \param [in]    control  Control Register value to set
 192:Drivers/CMSIS/Include/cmsis_gcc.h ****  */
 193:Drivers/CMSIS/Include/cmsis_gcc.h **** __STATIC_FORCEINLINE void __TZ_set_CONTROL_NS(uint32_t control)
 194:Drivers/CMSIS/Include/cmsis_gcc.h **** {
 195:Drivers/CMSIS/Include/cmsis_gcc.h ****   __ASM volatile ("MSR control_ns, %0" : : "r" (control) : "memory");
 196:Drivers/CMSIS/Include/cmsis_gcc.h **** }
 197:Drivers/CMSIS/Include/cmsis_gcc.h **** #endif
 198:Drivers/CMSIS/Include/cmsis_gcc.h **** 
 199:Drivers/CMSIS/Include/cmsis_gcc.h **** 
 200:Drivers/CMSIS/Include/cmsis_gcc.h **** /**
 201:Drivers/CMSIS/Include/cmsis_gcc.h ****   \brief   Get IPSR Register
 202:Drivers/CMSIS/Include/cmsis_gcc.h ****   \details Returns the content of the IPSR Register.
 203:Drivers/CMSIS/Include/cmsis_gcc.h ****   \return               IPSR Register value
 204:Drivers/CMSIS/Include/cmsis_gcc.h ****  */
 205:Drivers/CMSIS/Include/cmsis_gcc.h **** __STATIC_FORCEINLINE uint32_t __get_IPSR(void)
 206:Drivers/CMSIS/Include/cmsis_gcc.h **** {
 207:Drivers/CMSIS/Include/cmsis_gcc.h ****   uint32_t result;
 208:Drivers/CMSIS/Include/cmsis_gcc.h **** 
 209:Drivers/CMSIS/Include/cmsis_gcc.h ****   __ASM volatile ("MRS %0, ipsr" : "=r" (result) );
 210:Drivers/CMSIS/Include/cmsis_gcc.h ****   return(result);
 211:Drivers/CMSIS/Include/cmsis_gcc.h **** }
 212:Drivers/CMSIS/Include/cmsis_gcc.h **** 
 213:Drivers/CMSIS/Include/cmsis_gcc.h **** 
 214:Drivers/CMSIS/Include/cmsis_gcc.h **** /**
 215:Drivers/CMSIS/Include/cmsis_gcc.h ****   \brief   Get APSR Register
 216:Drivers/CMSIS/Include/cmsis_gcc.h ****   \details Returns the content of the APSR Register.
 217:Drivers/CMSIS/Include/cmsis_gcc.h ****   \return               APSR Register value
 218:Drivers/CMSIS/Include/cmsis_gcc.h ****  */
 219:Drivers/CMSIS/Include/cmsis_gcc.h **** __STATIC_FORCEINLINE uint32_t __get_APSR(void)
 220:Drivers/CMSIS/Include/cmsis_gcc.h **** {
 221:Drivers/CMSIS/Include/cmsis_gcc.h ****   uint32_t result;
 222:Drivers/CMSIS/Include/cmsis_gcc.h **** 
 223:Drivers/CMSIS/Include/cmsis_gcc.h ****   __ASM volatile ("MRS %0, apsr" : "=r" (result) );
 224:Drivers/CMSIS/Include/cmsis_gcc.h ****   return(result);
 225:Drivers/CMSIS/Include/cmsis_gcc.h **** }
 226:Drivers/CMSIS/Include/cmsis_gcc.h **** 
 227:Drivers/CMSIS/Include/cmsis_gcc.h **** 
 228:Drivers/CMSIS/Include/cmsis_gcc.h **** /**
ARM GAS  /tmp/ccXl4scm.s 			page 8


 229:Drivers/CMSIS/Include/cmsis_gcc.h ****   \brief   Get xPSR Register
 230:Drivers/CMSIS/Include/cmsis_gcc.h ****   \details Returns the content of the xPSR Register.
 231:Drivers/CMSIS/Include/cmsis_gcc.h ****   \return               xPSR Register value
 232:Drivers/CMSIS/Include/cmsis_gcc.h ****  */
 233:Drivers/CMSIS/Include/cmsis_gcc.h **** __STATIC_FORCEINLINE uint32_t __get_xPSR(void)
 234:Drivers/CMSIS/Include/cmsis_gcc.h **** {
 235:Drivers/CMSIS/Include/cmsis_gcc.h ****   uint32_t result;
 236:Drivers/CMSIS/Include/cmsis_gcc.h **** 
 237:Drivers/CMSIS/Include/cmsis_gcc.h ****   __ASM volatile ("MRS %0, xpsr" : "=r" (result) );
 238:Drivers/CMSIS/Include/cmsis_gcc.h ****   return(result);
 239:Drivers/CMSIS/Include/cmsis_gcc.h **** }
 240:Drivers/CMSIS/Include/cmsis_gcc.h **** 
 241:Drivers/CMSIS/Include/cmsis_gcc.h **** 
 242:Drivers/CMSIS/Include/cmsis_gcc.h **** /**
 243:Drivers/CMSIS/Include/cmsis_gcc.h ****   \brief   Get Process Stack Pointer
 244:Drivers/CMSIS/Include/cmsis_gcc.h ****   \details Returns the current value of the Process Stack Pointer (PSP).
 245:Drivers/CMSIS/Include/cmsis_gcc.h ****   \return               PSP Register value
 246:Drivers/CMSIS/Include/cmsis_gcc.h ****  */
 247:Drivers/CMSIS/Include/cmsis_gcc.h **** __STATIC_FORCEINLINE uint32_t __get_PSP(void)
 248:Drivers/CMSIS/Include/cmsis_gcc.h **** {
 249:Drivers/CMSIS/Include/cmsis_gcc.h ****   uint32_t result;
 250:Drivers/CMSIS/Include/cmsis_gcc.h **** 
 251:Drivers/CMSIS/Include/cmsis_gcc.h ****   __ASM volatile ("MRS %0, psp"  : "=r" (result) );
 252:Drivers/CMSIS/Include/cmsis_gcc.h ****   return(result);
 253:Drivers/CMSIS/Include/cmsis_gcc.h **** }
 254:Drivers/CMSIS/Include/cmsis_gcc.h **** 
 255:Drivers/CMSIS/Include/cmsis_gcc.h **** 
 256:Drivers/CMSIS/Include/cmsis_gcc.h **** #if (defined (__ARM_FEATURE_CMSE ) && (__ARM_FEATURE_CMSE == 3))
 257:Drivers/CMSIS/Include/cmsis_gcc.h **** /**
 258:Drivers/CMSIS/Include/cmsis_gcc.h ****   \brief   Get Process Stack Pointer (non-secure)
 259:Drivers/CMSIS/Include/cmsis_gcc.h ****   \details Returns the current value of the non-secure Process Stack Pointer (PSP) when in secure s
 260:Drivers/CMSIS/Include/cmsis_gcc.h ****   \return               PSP Register value
 261:Drivers/CMSIS/Include/cmsis_gcc.h ****  */
 262:Drivers/CMSIS/Include/cmsis_gcc.h **** __STATIC_FORCEINLINE uint32_t __TZ_get_PSP_NS(void)
 263:Drivers/CMSIS/Include/cmsis_gcc.h **** {
 264:Drivers/CMSIS/Include/cmsis_gcc.h ****   uint32_t result;
 265:Drivers/CMSIS/Include/cmsis_gcc.h **** 
 266:Drivers/CMSIS/Include/cmsis_gcc.h ****   __ASM volatile ("MRS %0, psp_ns"  : "=r" (result) );
 267:Drivers/CMSIS/Include/cmsis_gcc.h ****   return(result);
 268:Drivers/CMSIS/Include/cmsis_gcc.h **** }
 269:Drivers/CMSIS/Include/cmsis_gcc.h **** #endif
 270:Drivers/CMSIS/Include/cmsis_gcc.h **** 
 271:Drivers/CMSIS/Include/cmsis_gcc.h **** 
 272:Drivers/CMSIS/Include/cmsis_gcc.h **** /**
 273:Drivers/CMSIS/Include/cmsis_gcc.h ****   \brief   Set Process Stack Pointer
 274:Drivers/CMSIS/Include/cmsis_gcc.h ****   \details Assigns the given value to the Process Stack Pointer (PSP).
 275:Drivers/CMSIS/Include/cmsis_gcc.h ****   \param [in]    topOfProcStack  Process Stack Pointer value to set
 276:Drivers/CMSIS/Include/cmsis_gcc.h ****  */
 277:Drivers/CMSIS/Include/cmsis_gcc.h **** __STATIC_FORCEINLINE void __set_PSP(uint32_t topOfProcStack)
 278:Drivers/CMSIS/Include/cmsis_gcc.h **** {
 279:Drivers/CMSIS/Include/cmsis_gcc.h ****   __ASM volatile ("MSR psp, %0" : : "r" (topOfProcStack) : );
 280:Drivers/CMSIS/Include/cmsis_gcc.h **** }
 281:Drivers/CMSIS/Include/cmsis_gcc.h **** 
 282:Drivers/CMSIS/Include/cmsis_gcc.h **** 
 283:Drivers/CMSIS/Include/cmsis_gcc.h **** #if (defined (__ARM_FEATURE_CMSE ) && (__ARM_FEATURE_CMSE == 3))
 284:Drivers/CMSIS/Include/cmsis_gcc.h **** /**
 285:Drivers/CMSIS/Include/cmsis_gcc.h ****   \brief   Set Process Stack Pointer (non-secure)
ARM GAS  /tmp/ccXl4scm.s 			page 9


 286:Drivers/CMSIS/Include/cmsis_gcc.h ****   \details Assigns the given value to the non-secure Process Stack Pointer (PSP) when in secure sta
 287:Drivers/CMSIS/Include/cmsis_gcc.h ****   \param [in]    topOfProcStack  Process Stack Pointer value to set
 288:Drivers/CMSIS/Include/cmsis_gcc.h ****  */
 289:Drivers/CMSIS/Include/cmsis_gcc.h **** __STATIC_FORCEINLINE void __TZ_set_PSP_NS(uint32_t topOfProcStack)
 290:Drivers/CMSIS/Include/cmsis_gcc.h **** {
 291:Drivers/CMSIS/Include/cmsis_gcc.h ****   __ASM volatile ("MSR psp_ns, %0" : : "r" (topOfProcStack) : );
 292:Drivers/CMSIS/Include/cmsis_gcc.h **** }
 293:Drivers/CMSIS/Include/cmsis_gcc.h **** #endif
 294:Drivers/CMSIS/Include/cmsis_gcc.h **** 
 295:Drivers/CMSIS/Include/cmsis_gcc.h **** 
 296:Drivers/CMSIS/Include/cmsis_gcc.h **** /**
 297:Drivers/CMSIS/Include/cmsis_gcc.h ****   \brief   Get Main Stack Pointer
 298:Drivers/CMSIS/Include/cmsis_gcc.h ****   \details Returns the current value of the Main Stack Pointer (MSP).
 299:Drivers/CMSIS/Include/cmsis_gcc.h ****   \return               MSP Register value
 300:Drivers/CMSIS/Include/cmsis_gcc.h ****  */
 301:Drivers/CMSIS/Include/cmsis_gcc.h **** __STATIC_FORCEINLINE uint32_t __get_MSP(void)
 302:Drivers/CMSIS/Include/cmsis_gcc.h **** {
 303:Drivers/CMSIS/Include/cmsis_gcc.h ****   uint32_t result;
 304:Drivers/CMSIS/Include/cmsis_gcc.h **** 
 305:Drivers/CMSIS/Include/cmsis_gcc.h ****   __ASM volatile ("MRS %0, msp" : "=r" (result) );
 306:Drivers/CMSIS/Include/cmsis_gcc.h ****   return(result);
 307:Drivers/CMSIS/Include/cmsis_gcc.h **** }
 308:Drivers/CMSIS/Include/cmsis_gcc.h **** 
 309:Drivers/CMSIS/Include/cmsis_gcc.h **** 
 310:Drivers/CMSIS/Include/cmsis_gcc.h **** #if (defined (__ARM_FEATURE_CMSE ) && (__ARM_FEATURE_CMSE == 3))
 311:Drivers/CMSIS/Include/cmsis_gcc.h **** /**
 312:Drivers/CMSIS/Include/cmsis_gcc.h ****   \brief   Get Main Stack Pointer (non-secure)
 313:Drivers/CMSIS/Include/cmsis_gcc.h ****   \details Returns the current value of the non-secure Main Stack Pointer (MSP) when in secure stat
 314:Drivers/CMSIS/Include/cmsis_gcc.h ****   \return               MSP Register value
 315:Drivers/CMSIS/Include/cmsis_gcc.h ****  */
 316:Drivers/CMSIS/Include/cmsis_gcc.h **** __STATIC_FORCEINLINE uint32_t __TZ_get_MSP_NS(void)
 317:Drivers/CMSIS/Include/cmsis_gcc.h **** {
 318:Drivers/CMSIS/Include/cmsis_gcc.h ****   uint32_t result;
 319:Drivers/CMSIS/Include/cmsis_gcc.h **** 
 320:Drivers/CMSIS/Include/cmsis_gcc.h ****   __ASM volatile ("MRS %0, msp_ns" : "=r" (result) );
 321:Drivers/CMSIS/Include/cmsis_gcc.h ****   return(result);
 322:Drivers/CMSIS/Include/cmsis_gcc.h **** }
 323:Drivers/CMSIS/Include/cmsis_gcc.h **** #endif
 324:Drivers/CMSIS/Include/cmsis_gcc.h **** 
 325:Drivers/CMSIS/Include/cmsis_gcc.h **** 
 326:Drivers/CMSIS/Include/cmsis_gcc.h **** /**
 327:Drivers/CMSIS/Include/cmsis_gcc.h ****   \brief   Set Main Stack Pointer
 328:Drivers/CMSIS/Include/cmsis_gcc.h ****   \details Assigns the given value to the Main Stack Pointer (MSP).
 329:Drivers/CMSIS/Include/cmsis_gcc.h ****   \param [in]    topOfMainStack  Main Stack Pointer value to set
 330:Drivers/CMSIS/Include/cmsis_gcc.h ****  */
 331:Drivers/CMSIS/Include/cmsis_gcc.h **** __STATIC_FORCEINLINE void __set_MSP(uint32_t topOfMainStack)
 332:Drivers/CMSIS/Include/cmsis_gcc.h **** {
 333:Drivers/CMSIS/Include/cmsis_gcc.h ****   __ASM volatile ("MSR msp, %0" : : "r" (topOfMainStack) : );
 334:Drivers/CMSIS/Include/cmsis_gcc.h **** }
 335:Drivers/CMSIS/Include/cmsis_gcc.h **** 
 336:Drivers/CMSIS/Include/cmsis_gcc.h **** 
 337:Drivers/CMSIS/Include/cmsis_gcc.h **** #if (defined (__ARM_FEATURE_CMSE ) && (__ARM_FEATURE_CMSE == 3))
 338:Drivers/CMSIS/Include/cmsis_gcc.h **** /**
 339:Drivers/CMSIS/Include/cmsis_gcc.h ****   \brief   Set Main Stack Pointer (non-secure)
 340:Drivers/CMSIS/Include/cmsis_gcc.h ****   \details Assigns the given value to the non-secure Main Stack Pointer (MSP) when in secure state.
 341:Drivers/CMSIS/Include/cmsis_gcc.h ****   \param [in]    topOfMainStack  Main Stack Pointer value to set
 342:Drivers/CMSIS/Include/cmsis_gcc.h ****  */
ARM GAS  /tmp/ccXl4scm.s 			page 10


 343:Drivers/CMSIS/Include/cmsis_gcc.h **** __STATIC_FORCEINLINE void __TZ_set_MSP_NS(uint32_t topOfMainStack)
 344:Drivers/CMSIS/Include/cmsis_gcc.h **** {
 345:Drivers/CMSIS/Include/cmsis_gcc.h ****   __ASM volatile ("MSR msp_ns, %0" : : "r" (topOfMainStack) : );
 346:Drivers/CMSIS/Include/cmsis_gcc.h **** }
 347:Drivers/CMSIS/Include/cmsis_gcc.h **** #endif
 348:Drivers/CMSIS/Include/cmsis_gcc.h **** 
 349:Drivers/CMSIS/Include/cmsis_gcc.h **** 
 350:Drivers/CMSIS/Include/cmsis_gcc.h **** #if (defined (__ARM_FEATURE_CMSE ) && (__ARM_FEATURE_CMSE == 3))
 351:Drivers/CMSIS/Include/cmsis_gcc.h **** /**
 352:Drivers/CMSIS/Include/cmsis_gcc.h ****   \brief   Get Stack Pointer (non-secure)
 353:Drivers/CMSIS/Include/cmsis_gcc.h ****   \details Returns the current value of the non-secure Stack Pointer (SP) when in secure state.
 354:Drivers/CMSIS/Include/cmsis_gcc.h ****   \return               SP Register value
 355:Drivers/CMSIS/Include/cmsis_gcc.h ****  */
 356:Drivers/CMSIS/Include/cmsis_gcc.h **** __STATIC_FORCEINLINE uint32_t __TZ_get_SP_NS(void)
 357:Drivers/CMSIS/Include/cmsis_gcc.h **** {
 358:Drivers/CMSIS/Include/cmsis_gcc.h ****   uint32_t result;
 359:Drivers/CMSIS/Include/cmsis_gcc.h **** 
 360:Drivers/CMSIS/Include/cmsis_gcc.h ****   __ASM volatile ("MRS %0, sp_ns" : "=r" (result) );
 361:Drivers/CMSIS/Include/cmsis_gcc.h ****   return(result);
 362:Drivers/CMSIS/Include/cmsis_gcc.h **** }
 363:Drivers/CMSIS/Include/cmsis_gcc.h **** 
 364:Drivers/CMSIS/Include/cmsis_gcc.h **** 
 365:Drivers/CMSIS/Include/cmsis_gcc.h **** /**
 366:Drivers/CMSIS/Include/cmsis_gcc.h ****   \brief   Set Stack Pointer (non-secure)
 367:Drivers/CMSIS/Include/cmsis_gcc.h ****   \details Assigns the given value to the non-secure Stack Pointer (SP) when in secure state.
 368:Drivers/CMSIS/Include/cmsis_gcc.h ****   \param [in]    topOfStack  Stack Pointer value to set
 369:Drivers/CMSIS/Include/cmsis_gcc.h ****  */
 370:Drivers/CMSIS/Include/cmsis_gcc.h **** __STATIC_FORCEINLINE void __TZ_set_SP_NS(uint32_t topOfStack)
 371:Drivers/CMSIS/Include/cmsis_gcc.h **** {
 372:Drivers/CMSIS/Include/cmsis_gcc.h ****   __ASM volatile ("MSR sp_ns, %0" : : "r" (topOfStack) : );
 373:Drivers/CMSIS/Include/cmsis_gcc.h **** }
 374:Drivers/CMSIS/Include/cmsis_gcc.h **** #endif
 375:Drivers/CMSIS/Include/cmsis_gcc.h **** 
 376:Drivers/CMSIS/Include/cmsis_gcc.h **** 
 377:Drivers/CMSIS/Include/cmsis_gcc.h **** /**
 378:Drivers/CMSIS/Include/cmsis_gcc.h ****   \brief   Get Priority Mask
 379:Drivers/CMSIS/Include/cmsis_gcc.h ****   \details Returns the current state of the priority mask bit from the Priority Mask Register.
 380:Drivers/CMSIS/Include/cmsis_gcc.h ****   \return               Priority Mask value
 381:Drivers/CMSIS/Include/cmsis_gcc.h ****  */
 382:Drivers/CMSIS/Include/cmsis_gcc.h **** __STATIC_FORCEINLINE uint32_t __get_PRIMASK(void)
 383:Drivers/CMSIS/Include/cmsis_gcc.h **** {
 384:Drivers/CMSIS/Include/cmsis_gcc.h ****   uint32_t result;
 385:Drivers/CMSIS/Include/cmsis_gcc.h **** 
 386:Drivers/CMSIS/Include/cmsis_gcc.h ****   __ASM volatile ("MRS %0, primask" : "=r" (result) :: "memory");
 387:Drivers/CMSIS/Include/cmsis_gcc.h ****   return(result);
 388:Drivers/CMSIS/Include/cmsis_gcc.h **** }
 389:Drivers/CMSIS/Include/cmsis_gcc.h **** 
 390:Drivers/CMSIS/Include/cmsis_gcc.h **** 
 391:Drivers/CMSIS/Include/cmsis_gcc.h **** #if (defined (__ARM_FEATURE_CMSE ) && (__ARM_FEATURE_CMSE == 3))
 392:Drivers/CMSIS/Include/cmsis_gcc.h **** /**
 393:Drivers/CMSIS/Include/cmsis_gcc.h ****   \brief   Get Priority Mask (non-secure)
 394:Drivers/CMSIS/Include/cmsis_gcc.h ****   \details Returns the current state of the non-secure priority mask bit from the Priority Mask Reg
 395:Drivers/CMSIS/Include/cmsis_gcc.h ****   \return               Priority Mask value
 396:Drivers/CMSIS/Include/cmsis_gcc.h ****  */
 397:Drivers/CMSIS/Include/cmsis_gcc.h **** __STATIC_FORCEINLINE uint32_t __TZ_get_PRIMASK_NS(void)
 398:Drivers/CMSIS/Include/cmsis_gcc.h **** {
 399:Drivers/CMSIS/Include/cmsis_gcc.h ****   uint32_t result;
ARM GAS  /tmp/ccXl4scm.s 			page 11


 400:Drivers/CMSIS/Include/cmsis_gcc.h **** 
 401:Drivers/CMSIS/Include/cmsis_gcc.h ****   __ASM volatile ("MRS %0, primask_ns" : "=r" (result) :: "memory");
 402:Drivers/CMSIS/Include/cmsis_gcc.h ****   return(result);
 403:Drivers/CMSIS/Include/cmsis_gcc.h **** }
 404:Drivers/CMSIS/Include/cmsis_gcc.h **** #endif
 405:Drivers/CMSIS/Include/cmsis_gcc.h **** 
 406:Drivers/CMSIS/Include/cmsis_gcc.h **** 
 407:Drivers/CMSIS/Include/cmsis_gcc.h **** /**
 408:Drivers/CMSIS/Include/cmsis_gcc.h ****   \brief   Set Priority Mask
 409:Drivers/CMSIS/Include/cmsis_gcc.h ****   \details Assigns the given value to the Priority Mask Register.
 410:Drivers/CMSIS/Include/cmsis_gcc.h ****   \param [in]    priMask  Priority Mask
 411:Drivers/CMSIS/Include/cmsis_gcc.h ****  */
 412:Drivers/CMSIS/Include/cmsis_gcc.h **** __STATIC_FORCEINLINE void __set_PRIMASK(uint32_t priMask)
 413:Drivers/CMSIS/Include/cmsis_gcc.h **** {
 414:Drivers/CMSIS/Include/cmsis_gcc.h ****   __ASM volatile ("MSR primask, %0" : : "r" (priMask) : "memory");
 415:Drivers/CMSIS/Include/cmsis_gcc.h **** }
 416:Drivers/CMSIS/Include/cmsis_gcc.h **** 
 417:Drivers/CMSIS/Include/cmsis_gcc.h **** 
 418:Drivers/CMSIS/Include/cmsis_gcc.h **** #if (defined (__ARM_FEATURE_CMSE ) && (__ARM_FEATURE_CMSE == 3))
 419:Drivers/CMSIS/Include/cmsis_gcc.h **** /**
 420:Drivers/CMSIS/Include/cmsis_gcc.h ****   \brief   Set Priority Mask (non-secure)
 421:Drivers/CMSIS/Include/cmsis_gcc.h ****   \details Assigns the given value to the non-secure Priority Mask Register when in secure state.
 422:Drivers/CMSIS/Include/cmsis_gcc.h ****   \param [in]    priMask  Priority Mask
 423:Drivers/CMSIS/Include/cmsis_gcc.h ****  */
 424:Drivers/CMSIS/Include/cmsis_gcc.h **** __STATIC_FORCEINLINE void __TZ_set_PRIMASK_NS(uint32_t priMask)
 425:Drivers/CMSIS/Include/cmsis_gcc.h **** {
 426:Drivers/CMSIS/Include/cmsis_gcc.h ****   __ASM volatile ("MSR primask_ns, %0" : : "r" (priMask) : "memory");
 427:Drivers/CMSIS/Include/cmsis_gcc.h **** }
 428:Drivers/CMSIS/Include/cmsis_gcc.h **** #endif
 429:Drivers/CMSIS/Include/cmsis_gcc.h **** 
 430:Drivers/CMSIS/Include/cmsis_gcc.h **** 
 431:Drivers/CMSIS/Include/cmsis_gcc.h **** #if ((defined (__ARM_ARCH_7M__      ) && (__ARM_ARCH_7M__      == 1)) || \
 432:Drivers/CMSIS/Include/cmsis_gcc.h ****      (defined (__ARM_ARCH_7EM__     ) && (__ARM_ARCH_7EM__     == 1)) || \
 433:Drivers/CMSIS/Include/cmsis_gcc.h ****      (defined (__ARM_ARCH_8M_MAIN__ ) && (__ARM_ARCH_8M_MAIN__ == 1))    )
 434:Drivers/CMSIS/Include/cmsis_gcc.h **** /**
 435:Drivers/CMSIS/Include/cmsis_gcc.h ****   \brief   Enable FIQ
 436:Drivers/CMSIS/Include/cmsis_gcc.h ****   \details Enables FIQ interrupts by clearing the F-bit in the CPSR.
 437:Drivers/CMSIS/Include/cmsis_gcc.h ****            Can only be executed in Privileged modes.
 438:Drivers/CMSIS/Include/cmsis_gcc.h ****  */
 439:Drivers/CMSIS/Include/cmsis_gcc.h **** __STATIC_FORCEINLINE void __enable_fault_irq(void)
 440:Drivers/CMSIS/Include/cmsis_gcc.h **** {
 441:Drivers/CMSIS/Include/cmsis_gcc.h ****   __ASM volatile ("cpsie f" : : : "memory");
 442:Drivers/CMSIS/Include/cmsis_gcc.h **** }
 443:Drivers/CMSIS/Include/cmsis_gcc.h **** 
 444:Drivers/CMSIS/Include/cmsis_gcc.h **** 
 445:Drivers/CMSIS/Include/cmsis_gcc.h **** /**
 446:Drivers/CMSIS/Include/cmsis_gcc.h ****   \brief   Disable FIQ
 447:Drivers/CMSIS/Include/cmsis_gcc.h ****   \details Disables FIQ interrupts by setting the F-bit in the CPSR.
 448:Drivers/CMSIS/Include/cmsis_gcc.h ****            Can only be executed in Privileged modes.
 449:Drivers/CMSIS/Include/cmsis_gcc.h ****  */
 450:Drivers/CMSIS/Include/cmsis_gcc.h **** __STATIC_FORCEINLINE void __disable_fault_irq(void)
 451:Drivers/CMSIS/Include/cmsis_gcc.h **** {
 452:Drivers/CMSIS/Include/cmsis_gcc.h ****   __ASM volatile ("cpsid f" : : : "memory");
 453:Drivers/CMSIS/Include/cmsis_gcc.h **** }
 454:Drivers/CMSIS/Include/cmsis_gcc.h **** 
 455:Drivers/CMSIS/Include/cmsis_gcc.h **** 
 456:Drivers/CMSIS/Include/cmsis_gcc.h **** /**
ARM GAS  /tmp/ccXl4scm.s 			page 12


 457:Drivers/CMSIS/Include/cmsis_gcc.h ****   \brief   Get Base Priority
 458:Drivers/CMSIS/Include/cmsis_gcc.h ****   \details Returns the current value of the Base Priority register.
 459:Drivers/CMSIS/Include/cmsis_gcc.h ****   \return               Base Priority register value
 460:Drivers/CMSIS/Include/cmsis_gcc.h ****  */
 461:Drivers/CMSIS/Include/cmsis_gcc.h **** __STATIC_FORCEINLINE uint32_t __get_BASEPRI(void)
 462:Drivers/CMSIS/Include/cmsis_gcc.h **** {
 463:Drivers/CMSIS/Include/cmsis_gcc.h ****   uint32_t result;
 464:Drivers/CMSIS/Include/cmsis_gcc.h **** 
 465:Drivers/CMSIS/Include/cmsis_gcc.h ****   __ASM volatile ("MRS %0, basepri" : "=r" (result) );
 466:Drivers/CMSIS/Include/cmsis_gcc.h ****   return(result);
 467:Drivers/CMSIS/Include/cmsis_gcc.h **** }
 468:Drivers/CMSIS/Include/cmsis_gcc.h **** 
 469:Drivers/CMSIS/Include/cmsis_gcc.h **** 
 470:Drivers/CMSIS/Include/cmsis_gcc.h **** #if (defined (__ARM_FEATURE_CMSE ) && (__ARM_FEATURE_CMSE == 3))
 471:Drivers/CMSIS/Include/cmsis_gcc.h **** /**
 472:Drivers/CMSIS/Include/cmsis_gcc.h ****   \brief   Get Base Priority (non-secure)
 473:Drivers/CMSIS/Include/cmsis_gcc.h ****   \details Returns the current value of the non-secure Base Priority register when in secure state.
 474:Drivers/CMSIS/Include/cmsis_gcc.h ****   \return               Base Priority register value
 475:Drivers/CMSIS/Include/cmsis_gcc.h ****  */
 476:Drivers/CMSIS/Include/cmsis_gcc.h **** __STATIC_FORCEINLINE uint32_t __TZ_get_BASEPRI_NS(void)
 477:Drivers/CMSIS/Include/cmsis_gcc.h **** {
 478:Drivers/CMSIS/Include/cmsis_gcc.h ****   uint32_t result;
 479:Drivers/CMSIS/Include/cmsis_gcc.h **** 
 480:Drivers/CMSIS/Include/cmsis_gcc.h ****   __ASM volatile ("MRS %0, basepri_ns" : "=r" (result) );
 481:Drivers/CMSIS/Include/cmsis_gcc.h ****   return(result);
 482:Drivers/CMSIS/Include/cmsis_gcc.h **** }
 483:Drivers/CMSIS/Include/cmsis_gcc.h **** #endif
 484:Drivers/CMSIS/Include/cmsis_gcc.h **** 
 485:Drivers/CMSIS/Include/cmsis_gcc.h **** 
 486:Drivers/CMSIS/Include/cmsis_gcc.h **** /**
 487:Drivers/CMSIS/Include/cmsis_gcc.h ****   \brief   Set Base Priority
 488:Drivers/CMSIS/Include/cmsis_gcc.h ****   \details Assigns the given value to the Base Priority register.
 489:Drivers/CMSIS/Include/cmsis_gcc.h ****   \param [in]    basePri  Base Priority value to set
 490:Drivers/CMSIS/Include/cmsis_gcc.h ****  */
 491:Drivers/CMSIS/Include/cmsis_gcc.h **** __STATIC_FORCEINLINE void __set_BASEPRI(uint32_t basePri)
 492:Drivers/CMSIS/Include/cmsis_gcc.h **** {
 493:Drivers/CMSIS/Include/cmsis_gcc.h ****   __ASM volatile ("MSR basepri, %0" : : "r" (basePri) : "memory");
 494:Drivers/CMSIS/Include/cmsis_gcc.h **** }
 495:Drivers/CMSIS/Include/cmsis_gcc.h **** 
 496:Drivers/CMSIS/Include/cmsis_gcc.h **** 
 497:Drivers/CMSIS/Include/cmsis_gcc.h **** #if (defined (__ARM_FEATURE_CMSE ) && (__ARM_FEATURE_CMSE == 3))
 498:Drivers/CMSIS/Include/cmsis_gcc.h **** /**
 499:Drivers/CMSIS/Include/cmsis_gcc.h ****   \brief   Set Base Priority (non-secure)
 500:Drivers/CMSIS/Include/cmsis_gcc.h ****   \details Assigns the given value to the non-secure Base Priority register when in secure state.
 501:Drivers/CMSIS/Include/cmsis_gcc.h ****   \param [in]    basePri  Base Priority value to set
 502:Drivers/CMSIS/Include/cmsis_gcc.h ****  */
 503:Drivers/CMSIS/Include/cmsis_gcc.h **** __STATIC_FORCEINLINE void __TZ_set_BASEPRI_NS(uint32_t basePri)
 504:Drivers/CMSIS/Include/cmsis_gcc.h **** {
 505:Drivers/CMSIS/Include/cmsis_gcc.h ****   __ASM volatile ("MSR basepri_ns, %0" : : "r" (basePri) : "memory");
 506:Drivers/CMSIS/Include/cmsis_gcc.h **** }
 507:Drivers/CMSIS/Include/cmsis_gcc.h **** #endif
 508:Drivers/CMSIS/Include/cmsis_gcc.h **** 
 509:Drivers/CMSIS/Include/cmsis_gcc.h **** 
 510:Drivers/CMSIS/Include/cmsis_gcc.h **** /**
 511:Drivers/CMSIS/Include/cmsis_gcc.h ****   \brief   Set Base Priority with condition
 512:Drivers/CMSIS/Include/cmsis_gcc.h ****   \details Assigns the given value to the Base Priority register only if BASEPRI masking is disable
 513:Drivers/CMSIS/Include/cmsis_gcc.h ****            or the new value increases the BASEPRI priority level.
ARM GAS  /tmp/ccXl4scm.s 			page 13


 514:Drivers/CMSIS/Include/cmsis_gcc.h ****   \param [in]    basePri  Base Priority value to set
 515:Drivers/CMSIS/Include/cmsis_gcc.h ****  */
 516:Drivers/CMSIS/Include/cmsis_gcc.h **** __STATIC_FORCEINLINE void __set_BASEPRI_MAX(uint32_t basePri)
 517:Drivers/CMSIS/Include/cmsis_gcc.h **** {
 518:Drivers/CMSIS/Include/cmsis_gcc.h ****   __ASM volatile ("MSR basepri_max, %0" : : "r" (basePri) : "memory");
 519:Drivers/CMSIS/Include/cmsis_gcc.h **** }
 520:Drivers/CMSIS/Include/cmsis_gcc.h **** 
 521:Drivers/CMSIS/Include/cmsis_gcc.h **** 
 522:Drivers/CMSIS/Include/cmsis_gcc.h **** /**
 523:Drivers/CMSIS/Include/cmsis_gcc.h ****   \brief   Get Fault Mask
 524:Drivers/CMSIS/Include/cmsis_gcc.h ****   \details Returns the current value of the Fault Mask register.
 525:Drivers/CMSIS/Include/cmsis_gcc.h ****   \return               Fault Mask register value
 526:Drivers/CMSIS/Include/cmsis_gcc.h ****  */
 527:Drivers/CMSIS/Include/cmsis_gcc.h **** __STATIC_FORCEINLINE uint32_t __get_FAULTMASK(void)
 528:Drivers/CMSIS/Include/cmsis_gcc.h **** {
 529:Drivers/CMSIS/Include/cmsis_gcc.h ****   uint32_t result;
 530:Drivers/CMSIS/Include/cmsis_gcc.h **** 
 531:Drivers/CMSIS/Include/cmsis_gcc.h ****   __ASM volatile ("MRS %0, faultmask" : "=r" (result) );
 532:Drivers/CMSIS/Include/cmsis_gcc.h ****   return(result);
 533:Drivers/CMSIS/Include/cmsis_gcc.h **** }
 534:Drivers/CMSIS/Include/cmsis_gcc.h **** 
 535:Drivers/CMSIS/Include/cmsis_gcc.h **** 
 536:Drivers/CMSIS/Include/cmsis_gcc.h **** #if (defined (__ARM_FEATURE_CMSE ) && (__ARM_FEATURE_CMSE == 3))
 537:Drivers/CMSIS/Include/cmsis_gcc.h **** /**
 538:Drivers/CMSIS/Include/cmsis_gcc.h ****   \brief   Get Fault Mask (non-secure)
 539:Drivers/CMSIS/Include/cmsis_gcc.h ****   \details Returns the current value of the non-secure Fault Mask register when in secure state.
 540:Drivers/CMSIS/Include/cmsis_gcc.h ****   \return               Fault Mask register value
 541:Drivers/CMSIS/Include/cmsis_gcc.h ****  */
 542:Drivers/CMSIS/Include/cmsis_gcc.h **** __STATIC_FORCEINLINE uint32_t __TZ_get_FAULTMASK_NS(void)
 543:Drivers/CMSIS/Include/cmsis_gcc.h **** {
 544:Drivers/CMSIS/Include/cmsis_gcc.h ****   uint32_t result;
 545:Drivers/CMSIS/Include/cmsis_gcc.h **** 
 546:Drivers/CMSIS/Include/cmsis_gcc.h ****   __ASM volatile ("MRS %0, faultmask_ns" : "=r" (result) );
 547:Drivers/CMSIS/Include/cmsis_gcc.h ****   return(result);
 548:Drivers/CMSIS/Include/cmsis_gcc.h **** }
 549:Drivers/CMSIS/Include/cmsis_gcc.h **** #endif
 550:Drivers/CMSIS/Include/cmsis_gcc.h **** 
 551:Drivers/CMSIS/Include/cmsis_gcc.h **** 
 552:Drivers/CMSIS/Include/cmsis_gcc.h **** /**
 553:Drivers/CMSIS/Include/cmsis_gcc.h ****   \brief   Set Fault Mask
 554:Drivers/CMSIS/Include/cmsis_gcc.h ****   \details Assigns the given value to the Fault Mask register.
 555:Drivers/CMSIS/Include/cmsis_gcc.h ****   \param [in]    faultMask  Fault Mask value to set
 556:Drivers/CMSIS/Include/cmsis_gcc.h ****  */
 557:Drivers/CMSIS/Include/cmsis_gcc.h **** __STATIC_FORCEINLINE void __set_FAULTMASK(uint32_t faultMask)
 558:Drivers/CMSIS/Include/cmsis_gcc.h **** {
 559:Drivers/CMSIS/Include/cmsis_gcc.h ****   __ASM volatile ("MSR faultmask, %0" : : "r" (faultMask) : "memory");
 560:Drivers/CMSIS/Include/cmsis_gcc.h **** }
 561:Drivers/CMSIS/Include/cmsis_gcc.h **** 
 562:Drivers/CMSIS/Include/cmsis_gcc.h **** 
 563:Drivers/CMSIS/Include/cmsis_gcc.h **** #if (defined (__ARM_FEATURE_CMSE ) && (__ARM_FEATURE_CMSE == 3))
 564:Drivers/CMSIS/Include/cmsis_gcc.h **** /**
 565:Drivers/CMSIS/Include/cmsis_gcc.h ****   \brief   Set Fault Mask (non-secure)
 566:Drivers/CMSIS/Include/cmsis_gcc.h ****   \details Assigns the given value to the non-secure Fault Mask register when in secure state.
 567:Drivers/CMSIS/Include/cmsis_gcc.h ****   \param [in]    faultMask  Fault Mask value to set
 568:Drivers/CMSIS/Include/cmsis_gcc.h ****  */
 569:Drivers/CMSIS/Include/cmsis_gcc.h **** __STATIC_FORCEINLINE void __TZ_set_FAULTMASK_NS(uint32_t faultMask)
 570:Drivers/CMSIS/Include/cmsis_gcc.h **** {
ARM GAS  /tmp/ccXl4scm.s 			page 14


 571:Drivers/CMSIS/Include/cmsis_gcc.h ****   __ASM volatile ("MSR faultmask_ns, %0" : : "r" (faultMask) : "memory");
 572:Drivers/CMSIS/Include/cmsis_gcc.h **** }
 573:Drivers/CMSIS/Include/cmsis_gcc.h **** #endif
 574:Drivers/CMSIS/Include/cmsis_gcc.h **** 
 575:Drivers/CMSIS/Include/cmsis_gcc.h **** #endif /* ((defined (__ARM_ARCH_7M__      ) && (__ARM_ARCH_7M__      == 1)) || \
 576:Drivers/CMSIS/Include/cmsis_gcc.h ****            (defined (__ARM_ARCH_7EM__     ) && (__ARM_ARCH_7EM__     == 1)) || \
 577:Drivers/CMSIS/Include/cmsis_gcc.h ****            (defined (__ARM_ARCH_8M_MAIN__ ) && (__ARM_ARCH_8M_MAIN__ == 1))    ) */
 578:Drivers/CMSIS/Include/cmsis_gcc.h **** 
 579:Drivers/CMSIS/Include/cmsis_gcc.h **** 
 580:Drivers/CMSIS/Include/cmsis_gcc.h **** #if ((defined (__ARM_ARCH_8M_MAIN__ ) && (__ARM_ARCH_8M_MAIN__ == 1)) || \
 581:Drivers/CMSIS/Include/cmsis_gcc.h ****      (defined (__ARM_ARCH_8M_BASE__ ) && (__ARM_ARCH_8M_BASE__ == 1))    )
 582:Drivers/CMSIS/Include/cmsis_gcc.h **** 
 583:Drivers/CMSIS/Include/cmsis_gcc.h **** /**
 584:Drivers/CMSIS/Include/cmsis_gcc.h ****   \brief   Get Process Stack Pointer Limit
 585:Drivers/CMSIS/Include/cmsis_gcc.h ****   Devices without ARMv8-M Main Extensions (i.e. Cortex-M23) lack the non-secure
 586:Drivers/CMSIS/Include/cmsis_gcc.h ****   Stack Pointer Limit register hence zero is returned always in non-secure
 587:Drivers/CMSIS/Include/cmsis_gcc.h ****   mode.
 588:Drivers/CMSIS/Include/cmsis_gcc.h ****   
 589:Drivers/CMSIS/Include/cmsis_gcc.h ****   \details Returns the current value of the Process Stack Pointer Limit (PSPLIM).
 590:Drivers/CMSIS/Include/cmsis_gcc.h ****   \return               PSPLIM Register value
 591:Drivers/CMSIS/Include/cmsis_gcc.h ****  */
 592:Drivers/CMSIS/Include/cmsis_gcc.h **** __STATIC_FORCEINLINE uint32_t __get_PSPLIM(void)
 593:Drivers/CMSIS/Include/cmsis_gcc.h **** {
 594:Drivers/CMSIS/Include/cmsis_gcc.h **** #if (!(defined (__ARM_ARCH_8M_MAIN__ ) && (__ARM_ARCH_8M_MAIN__ == 1)) && \
 595:Drivers/CMSIS/Include/cmsis_gcc.h ****     (!defined (__ARM_FEATURE_CMSE) || (__ARM_FEATURE_CMSE < 3)))
 596:Drivers/CMSIS/Include/cmsis_gcc.h ****     // without main extensions, the non-secure PSPLIM is RAZ/WI
 597:Drivers/CMSIS/Include/cmsis_gcc.h ****   return 0U;
 598:Drivers/CMSIS/Include/cmsis_gcc.h **** #else
 599:Drivers/CMSIS/Include/cmsis_gcc.h ****   uint32_t result;
 600:Drivers/CMSIS/Include/cmsis_gcc.h ****   __ASM volatile ("MRS %0, psplim"  : "=r" (result) );
 601:Drivers/CMSIS/Include/cmsis_gcc.h ****   return result;
 602:Drivers/CMSIS/Include/cmsis_gcc.h **** #endif
 603:Drivers/CMSIS/Include/cmsis_gcc.h **** }
 604:Drivers/CMSIS/Include/cmsis_gcc.h **** 
 605:Drivers/CMSIS/Include/cmsis_gcc.h **** #if (defined (__ARM_FEATURE_CMSE) && (__ARM_FEATURE_CMSE == 3))
 606:Drivers/CMSIS/Include/cmsis_gcc.h **** /**
 607:Drivers/CMSIS/Include/cmsis_gcc.h ****   \brief   Get Process Stack Pointer Limit (non-secure)
 608:Drivers/CMSIS/Include/cmsis_gcc.h ****   Devices without ARMv8-M Main Extensions (i.e. Cortex-M23) lack the non-secure
 609:Drivers/CMSIS/Include/cmsis_gcc.h ****   Stack Pointer Limit register hence zero is returned always.
 610:Drivers/CMSIS/Include/cmsis_gcc.h **** 
 611:Drivers/CMSIS/Include/cmsis_gcc.h ****   \details Returns the current value of the non-secure Process Stack Pointer Limit (PSPLIM) when in
 612:Drivers/CMSIS/Include/cmsis_gcc.h ****   \return               PSPLIM Register value
 613:Drivers/CMSIS/Include/cmsis_gcc.h ****  */
 614:Drivers/CMSIS/Include/cmsis_gcc.h **** __STATIC_FORCEINLINE uint32_t __TZ_get_PSPLIM_NS(void)
 615:Drivers/CMSIS/Include/cmsis_gcc.h **** {
 616:Drivers/CMSIS/Include/cmsis_gcc.h **** #if (!(defined (__ARM_ARCH_8M_MAIN__ ) && (__ARM_ARCH_8M_MAIN__ == 1)))
 617:Drivers/CMSIS/Include/cmsis_gcc.h ****   // without main extensions, the non-secure PSPLIM is RAZ/WI
 618:Drivers/CMSIS/Include/cmsis_gcc.h ****   return 0U;
 619:Drivers/CMSIS/Include/cmsis_gcc.h **** #else
 620:Drivers/CMSIS/Include/cmsis_gcc.h ****   uint32_t result;
 621:Drivers/CMSIS/Include/cmsis_gcc.h ****   __ASM volatile ("MRS %0, psplim_ns"  : "=r" (result) );
 622:Drivers/CMSIS/Include/cmsis_gcc.h ****   return result;
 623:Drivers/CMSIS/Include/cmsis_gcc.h **** #endif
 624:Drivers/CMSIS/Include/cmsis_gcc.h **** }
 625:Drivers/CMSIS/Include/cmsis_gcc.h **** #endif
 626:Drivers/CMSIS/Include/cmsis_gcc.h **** 
 627:Drivers/CMSIS/Include/cmsis_gcc.h **** 
ARM GAS  /tmp/ccXl4scm.s 			page 15


 628:Drivers/CMSIS/Include/cmsis_gcc.h **** /**
 629:Drivers/CMSIS/Include/cmsis_gcc.h ****   \brief   Set Process Stack Pointer Limit
 630:Drivers/CMSIS/Include/cmsis_gcc.h ****   Devices without ARMv8-M Main Extensions (i.e. Cortex-M23) lack the non-secure
 631:Drivers/CMSIS/Include/cmsis_gcc.h ****   Stack Pointer Limit register hence the write is silently ignored in non-secure
 632:Drivers/CMSIS/Include/cmsis_gcc.h ****   mode.
 633:Drivers/CMSIS/Include/cmsis_gcc.h ****   
 634:Drivers/CMSIS/Include/cmsis_gcc.h ****   \details Assigns the given value to the Process Stack Pointer Limit (PSPLIM).
 635:Drivers/CMSIS/Include/cmsis_gcc.h ****   \param [in]    ProcStackPtrLimit  Process Stack Pointer Limit value to set
 636:Drivers/CMSIS/Include/cmsis_gcc.h ****  */
 637:Drivers/CMSIS/Include/cmsis_gcc.h **** __STATIC_FORCEINLINE void __set_PSPLIM(uint32_t ProcStackPtrLimit)
 638:Drivers/CMSIS/Include/cmsis_gcc.h **** {
 639:Drivers/CMSIS/Include/cmsis_gcc.h **** #if (!(defined (__ARM_ARCH_8M_MAIN__ ) && (__ARM_ARCH_8M_MAIN__ == 1)) && \
 640:Drivers/CMSIS/Include/cmsis_gcc.h ****     (!defined (__ARM_FEATURE_CMSE) || (__ARM_FEATURE_CMSE < 3)))
 641:Drivers/CMSIS/Include/cmsis_gcc.h ****   // without main extensions, the non-secure PSPLIM is RAZ/WI
 642:Drivers/CMSIS/Include/cmsis_gcc.h ****   (void)ProcStackPtrLimit;
 643:Drivers/CMSIS/Include/cmsis_gcc.h **** #else
 644:Drivers/CMSIS/Include/cmsis_gcc.h ****   __ASM volatile ("MSR psplim, %0" : : "r" (ProcStackPtrLimit));
 645:Drivers/CMSIS/Include/cmsis_gcc.h **** #endif
 646:Drivers/CMSIS/Include/cmsis_gcc.h **** }
 647:Drivers/CMSIS/Include/cmsis_gcc.h **** 
 648:Drivers/CMSIS/Include/cmsis_gcc.h **** 
 649:Drivers/CMSIS/Include/cmsis_gcc.h **** #if (defined (__ARM_FEATURE_CMSE  ) && (__ARM_FEATURE_CMSE   == 3))
 650:Drivers/CMSIS/Include/cmsis_gcc.h **** /**
 651:Drivers/CMSIS/Include/cmsis_gcc.h ****   \brief   Set Process Stack Pointer (non-secure)
 652:Drivers/CMSIS/Include/cmsis_gcc.h ****   Devices without ARMv8-M Main Extensions (i.e. Cortex-M23) lack the non-secure
 653:Drivers/CMSIS/Include/cmsis_gcc.h ****   Stack Pointer Limit register hence the write is silently ignored.
 654:Drivers/CMSIS/Include/cmsis_gcc.h **** 
 655:Drivers/CMSIS/Include/cmsis_gcc.h ****   \details Assigns the given value to the non-secure Process Stack Pointer Limit (PSPLIM) when in s
 656:Drivers/CMSIS/Include/cmsis_gcc.h ****   \param [in]    ProcStackPtrLimit  Process Stack Pointer Limit value to set
 657:Drivers/CMSIS/Include/cmsis_gcc.h ****  */
 658:Drivers/CMSIS/Include/cmsis_gcc.h **** __STATIC_FORCEINLINE void __TZ_set_PSPLIM_NS(uint32_t ProcStackPtrLimit)
 659:Drivers/CMSIS/Include/cmsis_gcc.h **** {
 660:Drivers/CMSIS/Include/cmsis_gcc.h **** #if (!(defined (__ARM_ARCH_8M_MAIN__ ) && (__ARM_ARCH_8M_MAIN__ == 1)))
 661:Drivers/CMSIS/Include/cmsis_gcc.h ****   // without main extensions, the non-secure PSPLIM is RAZ/WI
 662:Drivers/CMSIS/Include/cmsis_gcc.h ****   (void)ProcStackPtrLimit;
 663:Drivers/CMSIS/Include/cmsis_gcc.h **** #else
 664:Drivers/CMSIS/Include/cmsis_gcc.h ****   __ASM volatile ("MSR psplim_ns, %0\n" : : "r" (ProcStackPtrLimit));
 665:Drivers/CMSIS/Include/cmsis_gcc.h **** #endif
 666:Drivers/CMSIS/Include/cmsis_gcc.h **** }
 667:Drivers/CMSIS/Include/cmsis_gcc.h **** #endif
 668:Drivers/CMSIS/Include/cmsis_gcc.h **** 
 669:Drivers/CMSIS/Include/cmsis_gcc.h **** 
 670:Drivers/CMSIS/Include/cmsis_gcc.h **** /**
 671:Drivers/CMSIS/Include/cmsis_gcc.h ****   \brief   Get Main Stack Pointer Limit
 672:Drivers/CMSIS/Include/cmsis_gcc.h ****   Devices without ARMv8-M Main Extensions (i.e. Cortex-M23) lack the non-secure
 673:Drivers/CMSIS/Include/cmsis_gcc.h ****   Stack Pointer Limit register hence zero is returned always in non-secure
 674:Drivers/CMSIS/Include/cmsis_gcc.h ****   mode.
 675:Drivers/CMSIS/Include/cmsis_gcc.h **** 
 676:Drivers/CMSIS/Include/cmsis_gcc.h ****   \details Returns the current value of the Main Stack Pointer Limit (MSPLIM).
 677:Drivers/CMSIS/Include/cmsis_gcc.h ****   \return               MSPLIM Register value
 678:Drivers/CMSIS/Include/cmsis_gcc.h ****  */
 679:Drivers/CMSIS/Include/cmsis_gcc.h **** __STATIC_FORCEINLINE uint32_t __get_MSPLIM(void)
 680:Drivers/CMSIS/Include/cmsis_gcc.h **** {
 681:Drivers/CMSIS/Include/cmsis_gcc.h **** #if (!(defined (__ARM_ARCH_8M_MAIN__ ) && (__ARM_ARCH_8M_MAIN__ == 1)) && \
 682:Drivers/CMSIS/Include/cmsis_gcc.h ****     (!defined (__ARM_FEATURE_CMSE) || (__ARM_FEATURE_CMSE < 3)))
 683:Drivers/CMSIS/Include/cmsis_gcc.h ****   // without main extensions, the non-secure MSPLIM is RAZ/WI
 684:Drivers/CMSIS/Include/cmsis_gcc.h ****   return 0U;
ARM GAS  /tmp/ccXl4scm.s 			page 16


 685:Drivers/CMSIS/Include/cmsis_gcc.h **** #else
 686:Drivers/CMSIS/Include/cmsis_gcc.h ****   uint32_t result;
 687:Drivers/CMSIS/Include/cmsis_gcc.h ****   __ASM volatile ("MRS %0, msplim" : "=r" (result) );
 688:Drivers/CMSIS/Include/cmsis_gcc.h ****   return result;
 689:Drivers/CMSIS/Include/cmsis_gcc.h **** #endif
 690:Drivers/CMSIS/Include/cmsis_gcc.h **** }
 691:Drivers/CMSIS/Include/cmsis_gcc.h **** 
 692:Drivers/CMSIS/Include/cmsis_gcc.h **** 
 693:Drivers/CMSIS/Include/cmsis_gcc.h **** #if (defined (__ARM_FEATURE_CMSE  ) && (__ARM_FEATURE_CMSE   == 3))
 694:Drivers/CMSIS/Include/cmsis_gcc.h **** /**
 695:Drivers/CMSIS/Include/cmsis_gcc.h ****   \brief   Get Main Stack Pointer Limit (non-secure)
 696:Drivers/CMSIS/Include/cmsis_gcc.h ****   Devices without ARMv8-M Main Extensions (i.e. Cortex-M23) lack the non-secure
 697:Drivers/CMSIS/Include/cmsis_gcc.h ****   Stack Pointer Limit register hence zero is returned always.
 698:Drivers/CMSIS/Include/cmsis_gcc.h **** 
 699:Drivers/CMSIS/Include/cmsis_gcc.h ****   \details Returns the current value of the non-secure Main Stack Pointer Limit(MSPLIM) when in sec
 700:Drivers/CMSIS/Include/cmsis_gcc.h ****   \return               MSPLIM Register value
 701:Drivers/CMSIS/Include/cmsis_gcc.h ****  */
 702:Drivers/CMSIS/Include/cmsis_gcc.h **** __STATIC_FORCEINLINE uint32_t __TZ_get_MSPLIM_NS(void)
 703:Drivers/CMSIS/Include/cmsis_gcc.h **** {
 704:Drivers/CMSIS/Include/cmsis_gcc.h **** #if (!(defined (__ARM_ARCH_8M_MAIN__ ) && (__ARM_ARCH_8M_MAIN__ == 1)))
 705:Drivers/CMSIS/Include/cmsis_gcc.h ****   // without main extensions, the non-secure MSPLIM is RAZ/WI
 706:Drivers/CMSIS/Include/cmsis_gcc.h ****   return 0U;
 707:Drivers/CMSIS/Include/cmsis_gcc.h **** #else
 708:Drivers/CMSIS/Include/cmsis_gcc.h ****   uint32_t result;
 709:Drivers/CMSIS/Include/cmsis_gcc.h ****   __ASM volatile ("MRS %0, msplim_ns" : "=r" (result) );
 710:Drivers/CMSIS/Include/cmsis_gcc.h ****   return result;
 711:Drivers/CMSIS/Include/cmsis_gcc.h **** #endif
 712:Drivers/CMSIS/Include/cmsis_gcc.h **** }
 713:Drivers/CMSIS/Include/cmsis_gcc.h **** #endif
 714:Drivers/CMSIS/Include/cmsis_gcc.h **** 
 715:Drivers/CMSIS/Include/cmsis_gcc.h **** 
 716:Drivers/CMSIS/Include/cmsis_gcc.h **** /**
 717:Drivers/CMSIS/Include/cmsis_gcc.h ****   \brief   Set Main Stack Pointer Limit
 718:Drivers/CMSIS/Include/cmsis_gcc.h ****   Devices without ARMv8-M Main Extensions (i.e. Cortex-M23) lack the non-secure
 719:Drivers/CMSIS/Include/cmsis_gcc.h ****   Stack Pointer Limit register hence the write is silently ignored in non-secure
 720:Drivers/CMSIS/Include/cmsis_gcc.h ****   mode.
 721:Drivers/CMSIS/Include/cmsis_gcc.h **** 
 722:Drivers/CMSIS/Include/cmsis_gcc.h ****   \details Assigns the given value to the Main Stack Pointer Limit (MSPLIM).
 723:Drivers/CMSIS/Include/cmsis_gcc.h ****   \param [in]    MainStackPtrLimit  Main Stack Pointer Limit value to set
 724:Drivers/CMSIS/Include/cmsis_gcc.h ****  */
 725:Drivers/CMSIS/Include/cmsis_gcc.h **** __STATIC_FORCEINLINE void __set_MSPLIM(uint32_t MainStackPtrLimit)
 726:Drivers/CMSIS/Include/cmsis_gcc.h **** {
 727:Drivers/CMSIS/Include/cmsis_gcc.h **** #if (!(defined (__ARM_ARCH_8M_MAIN__ ) && (__ARM_ARCH_8M_MAIN__ == 1)) && \
 728:Drivers/CMSIS/Include/cmsis_gcc.h ****     (!defined (__ARM_FEATURE_CMSE) || (__ARM_FEATURE_CMSE < 3)))
 729:Drivers/CMSIS/Include/cmsis_gcc.h ****   // without main extensions, the non-secure MSPLIM is RAZ/WI
 730:Drivers/CMSIS/Include/cmsis_gcc.h ****   (void)MainStackPtrLimit;
 731:Drivers/CMSIS/Include/cmsis_gcc.h **** #else
 732:Drivers/CMSIS/Include/cmsis_gcc.h ****   __ASM volatile ("MSR msplim, %0" : : "r" (MainStackPtrLimit));
 733:Drivers/CMSIS/Include/cmsis_gcc.h **** #endif
 734:Drivers/CMSIS/Include/cmsis_gcc.h **** }
 735:Drivers/CMSIS/Include/cmsis_gcc.h **** 
 736:Drivers/CMSIS/Include/cmsis_gcc.h **** 
 737:Drivers/CMSIS/Include/cmsis_gcc.h **** #if (defined (__ARM_FEATURE_CMSE  ) && (__ARM_FEATURE_CMSE   == 3))
 738:Drivers/CMSIS/Include/cmsis_gcc.h **** /**
 739:Drivers/CMSIS/Include/cmsis_gcc.h ****   \brief   Set Main Stack Pointer Limit (non-secure)
 740:Drivers/CMSIS/Include/cmsis_gcc.h ****   Devices without ARMv8-M Main Extensions (i.e. Cortex-M23) lack the non-secure
 741:Drivers/CMSIS/Include/cmsis_gcc.h ****   Stack Pointer Limit register hence the write is silently ignored.
ARM GAS  /tmp/ccXl4scm.s 			page 17


 742:Drivers/CMSIS/Include/cmsis_gcc.h **** 
 743:Drivers/CMSIS/Include/cmsis_gcc.h ****   \details Assigns the given value to the non-secure Main Stack Pointer Limit (MSPLIM) when in secu
 744:Drivers/CMSIS/Include/cmsis_gcc.h ****   \param [in]    MainStackPtrLimit  Main Stack Pointer value to set
 745:Drivers/CMSIS/Include/cmsis_gcc.h ****  */
 746:Drivers/CMSIS/Include/cmsis_gcc.h **** __STATIC_FORCEINLINE void __TZ_set_MSPLIM_NS(uint32_t MainStackPtrLimit)
 747:Drivers/CMSIS/Include/cmsis_gcc.h **** {
 748:Drivers/CMSIS/Include/cmsis_gcc.h **** #if (!(defined (__ARM_ARCH_8M_MAIN__ ) && (__ARM_ARCH_8M_MAIN__ == 1)))
 749:Drivers/CMSIS/Include/cmsis_gcc.h ****   // without main extensions, the non-secure MSPLIM is RAZ/WI
 750:Drivers/CMSIS/Include/cmsis_gcc.h ****   (void)MainStackPtrLimit;
 751:Drivers/CMSIS/Include/cmsis_gcc.h **** #else
 752:Drivers/CMSIS/Include/cmsis_gcc.h ****   __ASM volatile ("MSR msplim_ns, %0" : : "r" (MainStackPtrLimit));
 753:Drivers/CMSIS/Include/cmsis_gcc.h **** #endif
 754:Drivers/CMSIS/Include/cmsis_gcc.h **** }
 755:Drivers/CMSIS/Include/cmsis_gcc.h **** #endif
 756:Drivers/CMSIS/Include/cmsis_gcc.h **** 
 757:Drivers/CMSIS/Include/cmsis_gcc.h **** #endif /* ((defined (__ARM_ARCH_8M_MAIN__ ) && (__ARM_ARCH_8M_MAIN__ == 1)) || \
 758:Drivers/CMSIS/Include/cmsis_gcc.h ****            (defined (__ARM_ARCH_8M_BASE__ ) && (__ARM_ARCH_8M_BASE__ == 1))    ) */
 759:Drivers/CMSIS/Include/cmsis_gcc.h **** 
 760:Drivers/CMSIS/Include/cmsis_gcc.h **** 
 761:Drivers/CMSIS/Include/cmsis_gcc.h **** /**
 762:Drivers/CMSIS/Include/cmsis_gcc.h ****   \brief   Get FPSCR
 763:Drivers/CMSIS/Include/cmsis_gcc.h ****   \details Returns the current value of the Floating Point Status/Control register.
 764:Drivers/CMSIS/Include/cmsis_gcc.h ****   \return               Floating Point Status/Control register value
 765:Drivers/CMSIS/Include/cmsis_gcc.h ****  */
 766:Drivers/CMSIS/Include/cmsis_gcc.h **** __STATIC_FORCEINLINE uint32_t __get_FPSCR(void)
 767:Drivers/CMSIS/Include/cmsis_gcc.h **** {
 768:Drivers/CMSIS/Include/cmsis_gcc.h **** #if ((defined (__FPU_PRESENT) && (__FPU_PRESENT == 1U)) && \
 769:Drivers/CMSIS/Include/cmsis_gcc.h ****      (defined (__FPU_USED   ) && (__FPU_USED    == 1U))     )
 770:Drivers/CMSIS/Include/cmsis_gcc.h **** #if __has_builtin(__builtin_arm_get_fpscr) 
 771:Drivers/CMSIS/Include/cmsis_gcc.h **** // Re-enable using built-in when GCC has been fixed
 772:Drivers/CMSIS/Include/cmsis_gcc.h **** // || (__GNUC__ > 7) || (__GNUC__ == 7 && __GNUC_MINOR__ >= 2)
 773:Drivers/CMSIS/Include/cmsis_gcc.h ****   /* see https://gcc.gnu.org/ml/gcc-patches/2017-04/msg00443.html */
 774:Drivers/CMSIS/Include/cmsis_gcc.h ****   return __builtin_arm_get_fpscr();
 775:Drivers/CMSIS/Include/cmsis_gcc.h **** #else
 776:Drivers/CMSIS/Include/cmsis_gcc.h ****   uint32_t result;
 777:Drivers/CMSIS/Include/cmsis_gcc.h **** 
 778:Drivers/CMSIS/Include/cmsis_gcc.h ****   __ASM volatile ("VMRS %0, fpscr" : "=r" (result) );
 779:Drivers/CMSIS/Include/cmsis_gcc.h ****   return(result);
 780:Drivers/CMSIS/Include/cmsis_gcc.h **** #endif
 781:Drivers/CMSIS/Include/cmsis_gcc.h **** #else
 782:Drivers/CMSIS/Include/cmsis_gcc.h ****   return(0U);
 783:Drivers/CMSIS/Include/cmsis_gcc.h **** #endif
 784:Drivers/CMSIS/Include/cmsis_gcc.h **** }
 785:Drivers/CMSIS/Include/cmsis_gcc.h **** 
 786:Drivers/CMSIS/Include/cmsis_gcc.h **** 
 787:Drivers/CMSIS/Include/cmsis_gcc.h **** /**
 788:Drivers/CMSIS/Include/cmsis_gcc.h ****   \brief   Set FPSCR
 789:Drivers/CMSIS/Include/cmsis_gcc.h ****   \details Assigns the given value to the Floating Point Status/Control register.
 790:Drivers/CMSIS/Include/cmsis_gcc.h ****   \param [in]    fpscr  Floating Point Status/Control value to set
 791:Drivers/CMSIS/Include/cmsis_gcc.h ****  */
 792:Drivers/CMSIS/Include/cmsis_gcc.h **** __STATIC_FORCEINLINE void __set_FPSCR(uint32_t fpscr)
 793:Drivers/CMSIS/Include/cmsis_gcc.h **** {
 794:Drivers/CMSIS/Include/cmsis_gcc.h **** #if ((defined (__FPU_PRESENT) && (__FPU_PRESENT == 1U)) && \
 795:Drivers/CMSIS/Include/cmsis_gcc.h ****      (defined (__FPU_USED   ) && (__FPU_USED    == 1U))     )
 796:Drivers/CMSIS/Include/cmsis_gcc.h **** #if __has_builtin(__builtin_arm_set_fpscr)
 797:Drivers/CMSIS/Include/cmsis_gcc.h **** // Re-enable using built-in when GCC has been fixed
 798:Drivers/CMSIS/Include/cmsis_gcc.h **** // || (__GNUC__ > 7) || (__GNUC__ == 7 && __GNUC_MINOR__ >= 2)
ARM GAS  /tmp/ccXl4scm.s 			page 18


 799:Drivers/CMSIS/Include/cmsis_gcc.h ****   /* see https://gcc.gnu.org/ml/gcc-patches/2017-04/msg00443.html */
 800:Drivers/CMSIS/Include/cmsis_gcc.h ****   __builtin_arm_set_fpscr(fpscr);
 801:Drivers/CMSIS/Include/cmsis_gcc.h **** #else
 802:Drivers/CMSIS/Include/cmsis_gcc.h ****   __ASM volatile ("VMSR fpscr, %0" : : "r" (fpscr) : "vfpcc", "memory");
 803:Drivers/CMSIS/Include/cmsis_gcc.h **** #endif
 804:Drivers/CMSIS/Include/cmsis_gcc.h **** #else
 805:Drivers/CMSIS/Include/cmsis_gcc.h ****   (void)fpscr;
 806:Drivers/CMSIS/Include/cmsis_gcc.h **** #endif
 807:Drivers/CMSIS/Include/cmsis_gcc.h **** }
 808:Drivers/CMSIS/Include/cmsis_gcc.h **** 
 809:Drivers/CMSIS/Include/cmsis_gcc.h **** 
 810:Drivers/CMSIS/Include/cmsis_gcc.h **** /*@} end of CMSIS_Core_RegAccFunctions */
 811:Drivers/CMSIS/Include/cmsis_gcc.h **** 
 812:Drivers/CMSIS/Include/cmsis_gcc.h **** 
 813:Drivers/CMSIS/Include/cmsis_gcc.h **** /* ##########################  Core Instruction Access  ######################### */
 814:Drivers/CMSIS/Include/cmsis_gcc.h **** /** \defgroup CMSIS_Core_InstructionInterface CMSIS Core Instruction Interface
 815:Drivers/CMSIS/Include/cmsis_gcc.h ****   Access to dedicated instructions
 816:Drivers/CMSIS/Include/cmsis_gcc.h ****   @{
 817:Drivers/CMSIS/Include/cmsis_gcc.h **** */
 818:Drivers/CMSIS/Include/cmsis_gcc.h **** 
 819:Drivers/CMSIS/Include/cmsis_gcc.h **** /* Define macros for porting to both thumb1 and thumb2.
 820:Drivers/CMSIS/Include/cmsis_gcc.h ****  * For thumb1, use low register (r0-r7), specified by constraint "l"
 821:Drivers/CMSIS/Include/cmsis_gcc.h ****  * Otherwise, use general registers, specified by constraint "r" */
 822:Drivers/CMSIS/Include/cmsis_gcc.h **** #if defined (__thumb__) && !defined (__thumb2__)
 823:Drivers/CMSIS/Include/cmsis_gcc.h **** #define __CMSIS_GCC_OUT_REG(r) "=l" (r)
 824:Drivers/CMSIS/Include/cmsis_gcc.h **** #define __CMSIS_GCC_RW_REG(r) "+l" (r)
 825:Drivers/CMSIS/Include/cmsis_gcc.h **** #define __CMSIS_GCC_USE_REG(r) "l" (r)
 826:Drivers/CMSIS/Include/cmsis_gcc.h **** #else
 827:Drivers/CMSIS/Include/cmsis_gcc.h **** #define __CMSIS_GCC_OUT_REG(r) "=r" (r)
 828:Drivers/CMSIS/Include/cmsis_gcc.h **** #define __CMSIS_GCC_RW_REG(r) "+r" (r)
 829:Drivers/CMSIS/Include/cmsis_gcc.h **** #define __CMSIS_GCC_USE_REG(r) "r" (r)
 830:Drivers/CMSIS/Include/cmsis_gcc.h **** #endif
 831:Drivers/CMSIS/Include/cmsis_gcc.h **** 
 832:Drivers/CMSIS/Include/cmsis_gcc.h **** /**
 833:Drivers/CMSIS/Include/cmsis_gcc.h ****   \brief   No Operation
 834:Drivers/CMSIS/Include/cmsis_gcc.h ****   \details No Operation does nothing. This instruction can be used for code alignment purposes.
 835:Drivers/CMSIS/Include/cmsis_gcc.h ****  */
 836:Drivers/CMSIS/Include/cmsis_gcc.h **** #define __NOP()                             __ASM volatile ("nop")
 837:Drivers/CMSIS/Include/cmsis_gcc.h **** 
 838:Drivers/CMSIS/Include/cmsis_gcc.h **** /**
 839:Drivers/CMSIS/Include/cmsis_gcc.h ****   \brief   Wait For Interrupt
 840:Drivers/CMSIS/Include/cmsis_gcc.h ****   \details Wait For Interrupt is a hint instruction that suspends execution until one of a number o
 841:Drivers/CMSIS/Include/cmsis_gcc.h ****  */
 842:Drivers/CMSIS/Include/cmsis_gcc.h **** #define __WFI()                             __ASM volatile ("wfi")
 843:Drivers/CMSIS/Include/cmsis_gcc.h **** 
 844:Drivers/CMSIS/Include/cmsis_gcc.h **** 
 845:Drivers/CMSIS/Include/cmsis_gcc.h **** /**
 846:Drivers/CMSIS/Include/cmsis_gcc.h ****   \brief   Wait For Event
 847:Drivers/CMSIS/Include/cmsis_gcc.h ****   \details Wait For Event is a hint instruction that permits the processor to enter
 848:Drivers/CMSIS/Include/cmsis_gcc.h ****            a low-power state until one of a number of events occurs.
 849:Drivers/CMSIS/Include/cmsis_gcc.h ****  */
 850:Drivers/CMSIS/Include/cmsis_gcc.h **** #define __WFE()                             __ASM volatile ("wfe")
 851:Drivers/CMSIS/Include/cmsis_gcc.h **** 
 852:Drivers/CMSIS/Include/cmsis_gcc.h **** 
 853:Drivers/CMSIS/Include/cmsis_gcc.h **** /**
 854:Drivers/CMSIS/Include/cmsis_gcc.h ****   \brief   Send Event
 855:Drivers/CMSIS/Include/cmsis_gcc.h ****   \details Send Event is a hint instruction. It causes an event to be signaled to the CPU.
ARM GAS  /tmp/ccXl4scm.s 			page 19


 856:Drivers/CMSIS/Include/cmsis_gcc.h ****  */
 857:Drivers/CMSIS/Include/cmsis_gcc.h **** #define __SEV()                             __ASM volatile ("sev")
 858:Drivers/CMSIS/Include/cmsis_gcc.h **** 
 859:Drivers/CMSIS/Include/cmsis_gcc.h **** 
 860:Drivers/CMSIS/Include/cmsis_gcc.h **** /**
 861:Drivers/CMSIS/Include/cmsis_gcc.h ****   \brief   Instruction Synchronization Barrier
 862:Drivers/CMSIS/Include/cmsis_gcc.h ****   \details Instruction Synchronization Barrier flushes the pipeline in the processor,
 863:Drivers/CMSIS/Include/cmsis_gcc.h ****            so that all instructions following the ISB are fetched from cache or memory,
 864:Drivers/CMSIS/Include/cmsis_gcc.h ****            after the instruction has been completed.
 865:Drivers/CMSIS/Include/cmsis_gcc.h ****  */
 866:Drivers/CMSIS/Include/cmsis_gcc.h **** __STATIC_FORCEINLINE void __ISB(void)
 867:Drivers/CMSIS/Include/cmsis_gcc.h **** {
 868:Drivers/CMSIS/Include/cmsis_gcc.h ****   __ASM volatile ("isb 0xF":::"memory");
 869:Drivers/CMSIS/Include/cmsis_gcc.h **** }
 870:Drivers/CMSIS/Include/cmsis_gcc.h **** 
 871:Drivers/CMSIS/Include/cmsis_gcc.h **** 
 872:Drivers/CMSIS/Include/cmsis_gcc.h **** /**
 873:Drivers/CMSIS/Include/cmsis_gcc.h ****   \brief   Data Synchronization Barrier
 874:Drivers/CMSIS/Include/cmsis_gcc.h ****   \details Acts as a special kind of Data Memory Barrier.
 875:Drivers/CMSIS/Include/cmsis_gcc.h ****            It completes when all explicit memory accesses before this instruction complete.
 876:Drivers/CMSIS/Include/cmsis_gcc.h ****  */
 877:Drivers/CMSIS/Include/cmsis_gcc.h **** __STATIC_FORCEINLINE void __DSB(void)
 878:Drivers/CMSIS/Include/cmsis_gcc.h **** {
 879:Drivers/CMSIS/Include/cmsis_gcc.h ****   __ASM volatile ("dsb 0xF":::"memory");
 880:Drivers/CMSIS/Include/cmsis_gcc.h **** }
 881:Drivers/CMSIS/Include/cmsis_gcc.h **** 
 882:Drivers/CMSIS/Include/cmsis_gcc.h **** 
 883:Drivers/CMSIS/Include/cmsis_gcc.h **** /**
 884:Drivers/CMSIS/Include/cmsis_gcc.h ****   \brief   Data Memory Barrier
 885:Drivers/CMSIS/Include/cmsis_gcc.h ****   \details Ensures the apparent order of the explicit memory operations before
 886:Drivers/CMSIS/Include/cmsis_gcc.h ****            and after the instruction, without ensuring their completion.
 887:Drivers/CMSIS/Include/cmsis_gcc.h ****  */
 888:Drivers/CMSIS/Include/cmsis_gcc.h **** __STATIC_FORCEINLINE void __DMB(void)
 889:Drivers/CMSIS/Include/cmsis_gcc.h **** {
 890:Drivers/CMSIS/Include/cmsis_gcc.h ****   __ASM volatile ("dmb 0xF":::"memory");
 891:Drivers/CMSIS/Include/cmsis_gcc.h **** }
 892:Drivers/CMSIS/Include/cmsis_gcc.h **** 
 893:Drivers/CMSIS/Include/cmsis_gcc.h **** 
 894:Drivers/CMSIS/Include/cmsis_gcc.h **** /**
 895:Drivers/CMSIS/Include/cmsis_gcc.h ****   \brief   Reverse byte order (32 bit)
 896:Drivers/CMSIS/Include/cmsis_gcc.h ****   \details Reverses the byte order in unsigned integer value. For example, 0x12345678 becomes 0x785
 897:Drivers/CMSIS/Include/cmsis_gcc.h ****   \param [in]    value  Value to reverse
 898:Drivers/CMSIS/Include/cmsis_gcc.h ****   \return               Reversed value
 899:Drivers/CMSIS/Include/cmsis_gcc.h ****  */
 900:Drivers/CMSIS/Include/cmsis_gcc.h **** __STATIC_FORCEINLINE uint32_t __REV(uint32_t value)
 901:Drivers/CMSIS/Include/cmsis_gcc.h **** {
 902:Drivers/CMSIS/Include/cmsis_gcc.h **** #if (__GNUC__ > 4) || (__GNUC__ == 4 && __GNUC_MINOR__ >= 5)
 903:Drivers/CMSIS/Include/cmsis_gcc.h ****   return __builtin_bswap32(value);
 904:Drivers/CMSIS/Include/cmsis_gcc.h **** #else
 905:Drivers/CMSIS/Include/cmsis_gcc.h ****   uint32_t result;
 906:Drivers/CMSIS/Include/cmsis_gcc.h **** 
 907:Drivers/CMSIS/Include/cmsis_gcc.h ****   __ASM volatile ("rev %0, %1" : __CMSIS_GCC_OUT_REG (result) : __CMSIS_GCC_USE_REG (value) );
 908:Drivers/CMSIS/Include/cmsis_gcc.h ****   return result;
 909:Drivers/CMSIS/Include/cmsis_gcc.h **** #endif
 910:Drivers/CMSIS/Include/cmsis_gcc.h **** }
 911:Drivers/CMSIS/Include/cmsis_gcc.h **** 
 912:Drivers/CMSIS/Include/cmsis_gcc.h **** 
ARM GAS  /tmp/ccXl4scm.s 			page 20


 913:Drivers/CMSIS/Include/cmsis_gcc.h **** /**
 914:Drivers/CMSIS/Include/cmsis_gcc.h ****   \brief   Reverse byte order (16 bit)
 915:Drivers/CMSIS/Include/cmsis_gcc.h ****   \details Reverses the byte order within each halfword of a word. For example, 0x12345678 becomes 
 916:Drivers/CMSIS/Include/cmsis_gcc.h ****   \param [in]    value  Value to reverse
 917:Drivers/CMSIS/Include/cmsis_gcc.h ****   \return               Reversed value
 918:Drivers/CMSIS/Include/cmsis_gcc.h ****  */
 919:Drivers/CMSIS/Include/cmsis_gcc.h **** __STATIC_FORCEINLINE uint32_t __REV16(uint32_t value)
 920:Drivers/CMSIS/Include/cmsis_gcc.h **** {
 921:Drivers/CMSIS/Include/cmsis_gcc.h ****   uint32_t result;
 922:Drivers/CMSIS/Include/cmsis_gcc.h **** 
 923:Drivers/CMSIS/Include/cmsis_gcc.h ****   __ASM volatile ("rev16 %0, %1" : __CMSIS_GCC_OUT_REG (result) : __CMSIS_GCC_USE_REG (value) );
 924:Drivers/CMSIS/Include/cmsis_gcc.h ****   return result;
 925:Drivers/CMSIS/Include/cmsis_gcc.h **** }
 926:Drivers/CMSIS/Include/cmsis_gcc.h **** 
 927:Drivers/CMSIS/Include/cmsis_gcc.h **** 
 928:Drivers/CMSIS/Include/cmsis_gcc.h **** /**
 929:Drivers/CMSIS/Include/cmsis_gcc.h ****   \brief   Reverse byte order (16 bit)
 930:Drivers/CMSIS/Include/cmsis_gcc.h ****   \details Reverses the byte order in a 16-bit value and returns the signed 16-bit result. For exam
 931:Drivers/CMSIS/Include/cmsis_gcc.h ****   \param [in]    value  Value to reverse
 932:Drivers/CMSIS/Include/cmsis_gcc.h ****   \return               Reversed value
 933:Drivers/CMSIS/Include/cmsis_gcc.h ****  */
 934:Drivers/CMSIS/Include/cmsis_gcc.h **** __STATIC_FORCEINLINE int16_t __REVSH(int16_t value)
 935:Drivers/CMSIS/Include/cmsis_gcc.h **** {
 936:Drivers/CMSIS/Include/cmsis_gcc.h **** #if (__GNUC__ > 4) || (__GNUC__ == 4 && __GNUC_MINOR__ >= 8)
 937:Drivers/CMSIS/Include/cmsis_gcc.h ****   return (int16_t)__builtin_bswap16(value);
 938:Drivers/CMSIS/Include/cmsis_gcc.h **** #else
 939:Drivers/CMSIS/Include/cmsis_gcc.h ****   int16_t result;
 940:Drivers/CMSIS/Include/cmsis_gcc.h **** 
 941:Drivers/CMSIS/Include/cmsis_gcc.h ****   __ASM volatile ("revsh %0, %1" : __CMSIS_GCC_OUT_REG (result) : __CMSIS_GCC_USE_REG (value) );
 942:Drivers/CMSIS/Include/cmsis_gcc.h ****   return result;
 943:Drivers/CMSIS/Include/cmsis_gcc.h **** #endif
 944:Drivers/CMSIS/Include/cmsis_gcc.h **** }
 945:Drivers/CMSIS/Include/cmsis_gcc.h **** 
 946:Drivers/CMSIS/Include/cmsis_gcc.h **** 
 947:Drivers/CMSIS/Include/cmsis_gcc.h **** /**
 948:Drivers/CMSIS/Include/cmsis_gcc.h ****   \brief   Rotate Right in unsigned value (32 bit)
 949:Drivers/CMSIS/Include/cmsis_gcc.h ****   \details Rotate Right (immediate) provides the value of the contents of a register rotated by a v
 950:Drivers/CMSIS/Include/cmsis_gcc.h ****   \param [in]    op1  Value to rotate
 951:Drivers/CMSIS/Include/cmsis_gcc.h ****   \param [in]    op2  Number of Bits to rotate
 952:Drivers/CMSIS/Include/cmsis_gcc.h ****   \return               Rotated value
 953:Drivers/CMSIS/Include/cmsis_gcc.h ****  */
 954:Drivers/CMSIS/Include/cmsis_gcc.h **** __STATIC_FORCEINLINE uint32_t __ROR(uint32_t op1, uint32_t op2)
 955:Drivers/CMSIS/Include/cmsis_gcc.h **** {
 956:Drivers/CMSIS/Include/cmsis_gcc.h ****   op2 %= 32U;
 957:Drivers/CMSIS/Include/cmsis_gcc.h ****   if (op2 == 0U)
 958:Drivers/CMSIS/Include/cmsis_gcc.h ****   {
 959:Drivers/CMSIS/Include/cmsis_gcc.h ****     return op1;
 960:Drivers/CMSIS/Include/cmsis_gcc.h ****   }
 961:Drivers/CMSIS/Include/cmsis_gcc.h ****   return (op1 >> op2) | (op1 << (32U - op2));
 962:Drivers/CMSIS/Include/cmsis_gcc.h **** }
 963:Drivers/CMSIS/Include/cmsis_gcc.h **** 
 964:Drivers/CMSIS/Include/cmsis_gcc.h **** 
 965:Drivers/CMSIS/Include/cmsis_gcc.h **** /**
 966:Drivers/CMSIS/Include/cmsis_gcc.h ****   \brief   Breakpoint
 967:Drivers/CMSIS/Include/cmsis_gcc.h ****   \details Causes the processor to enter Debug state.
 968:Drivers/CMSIS/Include/cmsis_gcc.h ****            Debug tools can use this to investigate system state when the instruction at a particula
 969:Drivers/CMSIS/Include/cmsis_gcc.h ****   \param [in]    value  is ignored by the processor.
ARM GAS  /tmp/ccXl4scm.s 			page 21


 970:Drivers/CMSIS/Include/cmsis_gcc.h ****                  If required, a debugger can use it to store additional information about the break
 971:Drivers/CMSIS/Include/cmsis_gcc.h ****  */
 972:Drivers/CMSIS/Include/cmsis_gcc.h **** #define __BKPT(value)                       __ASM volatile ("bkpt "#value)
 973:Drivers/CMSIS/Include/cmsis_gcc.h **** 
 974:Drivers/CMSIS/Include/cmsis_gcc.h **** 
 975:Drivers/CMSIS/Include/cmsis_gcc.h **** /**
 976:Drivers/CMSIS/Include/cmsis_gcc.h ****   \brief   Reverse bit order of value
 977:Drivers/CMSIS/Include/cmsis_gcc.h ****   \details Reverses the bit order of the given value.
 978:Drivers/CMSIS/Include/cmsis_gcc.h ****   \param [in]    value  Value to reverse
 979:Drivers/CMSIS/Include/cmsis_gcc.h ****   \return               Reversed value
 980:Drivers/CMSIS/Include/cmsis_gcc.h ****  */
 981:Drivers/CMSIS/Include/cmsis_gcc.h **** __STATIC_FORCEINLINE uint32_t __RBIT(uint32_t value)
  69              		.loc 2 981 31 view .LVU6
  70              	.LBB11:
 982:Drivers/CMSIS/Include/cmsis_gcc.h **** {
 983:Drivers/CMSIS/Include/cmsis_gcc.h ****   uint32_t result;
  71              		.loc 2 983 3 view .LVU7
 984:Drivers/CMSIS/Include/cmsis_gcc.h **** 
 985:Drivers/CMSIS/Include/cmsis_gcc.h **** #if ((defined (__ARM_ARCH_7M__      ) && (__ARM_ARCH_7M__      == 1)) || \
 986:Drivers/CMSIS/Include/cmsis_gcc.h ****      (defined (__ARM_ARCH_7EM__     ) && (__ARM_ARCH_7EM__     == 1)) || \
 987:Drivers/CMSIS/Include/cmsis_gcc.h ****      (defined (__ARM_ARCH_8M_MAIN__ ) && (__ARM_ARCH_8M_MAIN__ == 1))    )
 988:Drivers/CMSIS/Include/cmsis_gcc.h ****    __ASM volatile ("rbit %0, %1" : "=r" (result) : "r" (value) );
  72              		.loc 2 988 4 view .LVU8
  73 0000 4FF48073 		mov	r3, #256
  74              		.syntax unified
  75              	@ 988 "Drivers/CMSIS/Include/cmsis_gcc.h" 1
  76 0004 93FAA3F3 		rbit r3, r3
  77              	@ 0 "" 2
  78              	.LVL1:
 989:Drivers/CMSIS/Include/cmsis_gcc.h **** #else
 990:Drivers/CMSIS/Include/cmsis_gcc.h ****   uint32_t s = (4U /*sizeof(v)*/ * 8U) - 1U; /* extra shift needed at end */
 991:Drivers/CMSIS/Include/cmsis_gcc.h **** 
 992:Drivers/CMSIS/Include/cmsis_gcc.h ****   result = value;                      /* r will be reversed bits of v; first get LSB of v */
 993:Drivers/CMSIS/Include/cmsis_gcc.h ****   for (value >>= 1U; value != 0U; value >>= 1U)
 994:Drivers/CMSIS/Include/cmsis_gcc.h ****   {
 995:Drivers/CMSIS/Include/cmsis_gcc.h ****     result <<= 1U;
 996:Drivers/CMSIS/Include/cmsis_gcc.h ****     result |= value & 1U;
 997:Drivers/CMSIS/Include/cmsis_gcc.h ****     s--;
 998:Drivers/CMSIS/Include/cmsis_gcc.h ****   }
 999:Drivers/CMSIS/Include/cmsis_gcc.h ****   result <<= s;                        /* shift when v's highest bits are zero */
1000:Drivers/CMSIS/Include/cmsis_gcc.h **** #endif
1001:Drivers/CMSIS/Include/cmsis_gcc.h ****   return result;
  79              		.loc 2 1001 3 view .LVU9
  80              		.loc 2 1001 3 is_stmt 0 view .LVU10
  81              		.thumb
  82              		.syntax unified
  83              	.LBE11:
  84              	.LBE10:
  85              		.loc 1 106 22 discriminator 2 view .LVU11
  86 0008 B3FA83F3 		clz	r3, r3
  87 000c 03F18453 		add	r3, r3, #276824064
  88 0010 03F56033 		add	r3, r3, #229376
  89 0014 9B00     		lsls	r3, r3, #2
  90              		.loc 1 106 32 discriminator 2 view .LVU12
  91 0016 0122     		movs	r2, #1
  92 0018 1A60     		str	r2, [r3]
 107:Drivers/STM32F2xx_HAL_Driver/Src/stm32f2xx_hal_pwr.c **** }
ARM GAS  /tmp/ccXl4scm.s 			page 22


  93              		.loc 1 107 1 view .LVU13
  94 001a 7047     		bx	lr
  95              		.cfi_endproc
  96              	.LFE73:
  98              		.section	.text.HAL_PWR_DisableBkUpAccess,"ax",%progbits
  99              		.align	1
 100              		.global	HAL_PWR_DisableBkUpAccess
 101              		.syntax unified
 102              		.thumb
 103              		.thumb_func
 105              	HAL_PWR_DisableBkUpAccess:
 106              	.LFB74:
 108:Drivers/STM32F2xx_HAL_Driver/Src/stm32f2xx_hal_pwr.c **** 
 109:Drivers/STM32F2xx_HAL_Driver/Src/stm32f2xx_hal_pwr.c **** /**
 110:Drivers/STM32F2xx_HAL_Driver/Src/stm32f2xx_hal_pwr.c ****   * @brief Disables access to the backup domain (RTC registers, RTC 
 111:Drivers/STM32F2xx_HAL_Driver/Src/stm32f2xx_hal_pwr.c ****   *         backup data registers and backup SRAM).
 112:Drivers/STM32F2xx_HAL_Driver/Src/stm32f2xx_hal_pwr.c ****   * @note If the HSE divided by 2, 3, ..31 is used as the RTC clock, the 
 113:Drivers/STM32F2xx_HAL_Driver/Src/stm32f2xx_hal_pwr.c ****   *         Backup Domain Access should be kept enabled.
 114:Drivers/STM32F2xx_HAL_Driver/Src/stm32f2xx_hal_pwr.c ****   * @retval None
 115:Drivers/STM32F2xx_HAL_Driver/Src/stm32f2xx_hal_pwr.c ****   */
 116:Drivers/STM32F2xx_HAL_Driver/Src/stm32f2xx_hal_pwr.c **** void HAL_PWR_DisableBkUpAccess(void)
 117:Drivers/STM32F2xx_HAL_Driver/Src/stm32f2xx_hal_pwr.c **** {
 107              		.loc 1 117 1 is_stmt 1 view -0
 108              		.cfi_startproc
 109              		@ args = 0, pretend = 0, frame = 0
 110              		@ frame_needed = 0, uses_anonymous_args = 0
 111              		@ link register save eliminated.
 118:Drivers/STM32F2xx_HAL_Driver/Src/stm32f2xx_hal_pwr.c ****   *(__IO uint32_t *) CR_DBP_BB = (uint32_t)DISABLE;
 112              		.loc 1 118 3 view .LVU15
 113              	.LVL2:
 114              	.LBB12:
 115              	.LBI12:
 981:Drivers/CMSIS/Include/cmsis_gcc.h **** {
 116              		.loc 2 981 31 view .LVU16
 117              	.LBB13:
 983:Drivers/CMSIS/Include/cmsis_gcc.h **** 
 118              		.loc 2 983 3 view .LVU17
 988:Drivers/CMSIS/Include/cmsis_gcc.h **** #else
 119              		.loc 2 988 4 view .LVU18
 120 0000 4FF48073 		mov	r3, #256
 121              		.syntax unified
 122              	@ 988 "Drivers/CMSIS/Include/cmsis_gcc.h" 1
 123 0004 93FAA3F3 		rbit r3, r3
 124              	@ 0 "" 2
 125              	.LVL3:
 126              		.loc 2 1001 3 view .LVU19
 127              		.loc 2 1001 3 is_stmt 0 view .LVU20
 128              		.thumb
 129              		.syntax unified
 130              	.LBE13:
 131              	.LBE12:
 132              		.loc 1 118 22 discriminator 2 view .LVU21
 133 0008 B3FA83F3 		clz	r3, r3
 134 000c 03F18453 		add	r3, r3, #276824064
 135 0010 03F56033 		add	r3, r3, #229376
 136 0014 9B00     		lsls	r3, r3, #2
 137              		.loc 1 118 32 discriminator 2 view .LVU22
ARM GAS  /tmp/ccXl4scm.s 			page 23


 138 0016 0022     		movs	r2, #0
 139 0018 1A60     		str	r2, [r3]
 119:Drivers/STM32F2xx_HAL_Driver/Src/stm32f2xx_hal_pwr.c **** }
 140              		.loc 1 119 1 view .LVU23
 141 001a 7047     		bx	lr
 142              		.cfi_endproc
 143              	.LFE74:
 145              		.section	.text.HAL_PWR_ConfigPVD,"ax",%progbits
 146              		.align	1
 147              		.global	HAL_PWR_ConfigPVD
 148              		.syntax unified
 149              		.thumb
 150              		.thumb_func
 152              	HAL_PWR_ConfigPVD:
 153              	.LVL4:
 154              	.LFB75:
 120:Drivers/STM32F2xx_HAL_Driver/Src/stm32f2xx_hal_pwr.c **** 
 121:Drivers/STM32F2xx_HAL_Driver/Src/stm32f2xx_hal_pwr.c **** /**
 122:Drivers/STM32F2xx_HAL_Driver/Src/stm32f2xx_hal_pwr.c ****   * @}
 123:Drivers/STM32F2xx_HAL_Driver/Src/stm32f2xx_hal_pwr.c ****   */
 124:Drivers/STM32F2xx_HAL_Driver/Src/stm32f2xx_hal_pwr.c **** 
 125:Drivers/STM32F2xx_HAL_Driver/Src/stm32f2xx_hal_pwr.c **** /** @defgroup PWR_Exported_Functions_Group2 Peripheral Control functions 
 126:Drivers/STM32F2xx_HAL_Driver/Src/stm32f2xx_hal_pwr.c ****   *  @brief Low Power modes configuration functions 
 127:Drivers/STM32F2xx_HAL_Driver/Src/stm32f2xx_hal_pwr.c ****   *
 128:Drivers/STM32F2xx_HAL_Driver/Src/stm32f2xx_hal_pwr.c **** @verbatim
 129:Drivers/STM32F2xx_HAL_Driver/Src/stm32f2xx_hal_pwr.c **** 
 130:Drivers/STM32F2xx_HAL_Driver/Src/stm32f2xx_hal_pwr.c ****  ===============================================================================
 131:Drivers/STM32F2xx_HAL_Driver/Src/stm32f2xx_hal_pwr.c ****                  ##### Peripheral Control functions #####
 132:Drivers/STM32F2xx_HAL_Driver/Src/stm32f2xx_hal_pwr.c ****  ===============================================================================
 133:Drivers/STM32F2xx_HAL_Driver/Src/stm32f2xx_hal_pwr.c ****      
 134:Drivers/STM32F2xx_HAL_Driver/Src/stm32f2xx_hal_pwr.c ****     *** PVD configuration ***
 135:Drivers/STM32F2xx_HAL_Driver/Src/stm32f2xx_hal_pwr.c ****     =========================
 136:Drivers/STM32F2xx_HAL_Driver/Src/stm32f2xx_hal_pwr.c ****     [..]
 137:Drivers/STM32F2xx_HAL_Driver/Src/stm32f2xx_hal_pwr.c ****       (+) The PVD is used to monitor the VDD power supply by comparing it to a 
 138:Drivers/STM32F2xx_HAL_Driver/Src/stm32f2xx_hal_pwr.c ****           threshold selected by the PVD Level (PLS[2:0] bits in the PWR_CR).
 139:Drivers/STM32F2xx_HAL_Driver/Src/stm32f2xx_hal_pwr.c ****       (+) A PVDO flag is available to indicate if VDD/VDDA is higher or lower 
 140:Drivers/STM32F2xx_HAL_Driver/Src/stm32f2xx_hal_pwr.c ****           than the PVD threshold. This event is internally connected to the EXTI 
 141:Drivers/STM32F2xx_HAL_Driver/Src/stm32f2xx_hal_pwr.c ****           line16 and can generate an interrupt if enabled. This is done through
 142:Drivers/STM32F2xx_HAL_Driver/Src/stm32f2xx_hal_pwr.c ****           __HAL_PWR_PVD_EXTI_ENABLE_IT() macro.
 143:Drivers/STM32F2xx_HAL_Driver/Src/stm32f2xx_hal_pwr.c ****       (+) The PVD is stopped in Standby mode.
 144:Drivers/STM32F2xx_HAL_Driver/Src/stm32f2xx_hal_pwr.c **** 
 145:Drivers/STM32F2xx_HAL_Driver/Src/stm32f2xx_hal_pwr.c ****     *** Wake-up pin configuration ***
 146:Drivers/STM32F2xx_HAL_Driver/Src/stm32f2xx_hal_pwr.c ****     ================================
 147:Drivers/STM32F2xx_HAL_Driver/Src/stm32f2xx_hal_pwr.c ****     [..]
 148:Drivers/STM32F2xx_HAL_Driver/Src/stm32f2xx_hal_pwr.c ****       (+) Wake-up pin is used to wake up the system from Standby mode. This pin is 
 149:Drivers/STM32F2xx_HAL_Driver/Src/stm32f2xx_hal_pwr.c ****           forced in input pull-down configuration and is active on rising edges.
 150:Drivers/STM32F2xx_HAL_Driver/Src/stm32f2xx_hal_pwr.c ****       (+) There is one Wake-up pin: Wake-up Pin 1 on PA.00.
 151:Drivers/STM32F2xx_HAL_Driver/Src/stm32f2xx_hal_pwr.c **** 
 152:Drivers/STM32F2xx_HAL_Driver/Src/stm32f2xx_hal_pwr.c ****     *** Low Power modes configuration ***
 153:Drivers/STM32F2xx_HAL_Driver/Src/stm32f2xx_hal_pwr.c ****     =====================================
 154:Drivers/STM32F2xx_HAL_Driver/Src/stm32f2xx_hal_pwr.c ****     [..]
 155:Drivers/STM32F2xx_HAL_Driver/Src/stm32f2xx_hal_pwr.c ****       The devices feature 3 low-power modes:
 156:Drivers/STM32F2xx_HAL_Driver/Src/stm32f2xx_hal_pwr.c ****       (+) Sleep mode: Cortex-M3 core stopped, peripherals kept running.
 157:Drivers/STM32F2xx_HAL_Driver/Src/stm32f2xx_hal_pwr.c ****       (+) Stop mode: all clocks are stopped, regulator running, regulator 
 158:Drivers/STM32F2xx_HAL_Driver/Src/stm32f2xx_hal_pwr.c ****           in low power mode
 159:Drivers/STM32F2xx_HAL_Driver/Src/stm32f2xx_hal_pwr.c ****       (+) Standby mode: 1.2V domain powered off.
 160:Drivers/STM32F2xx_HAL_Driver/Src/stm32f2xx_hal_pwr.c ****    
ARM GAS  /tmp/ccXl4scm.s 			page 24


 161:Drivers/STM32F2xx_HAL_Driver/Src/stm32f2xx_hal_pwr.c ****    *** Sleep mode ***
 162:Drivers/STM32F2xx_HAL_Driver/Src/stm32f2xx_hal_pwr.c ****    ==================
 163:Drivers/STM32F2xx_HAL_Driver/Src/stm32f2xx_hal_pwr.c ****     [..]
 164:Drivers/STM32F2xx_HAL_Driver/Src/stm32f2xx_hal_pwr.c ****       (+) Entry:
 165:Drivers/STM32F2xx_HAL_Driver/Src/stm32f2xx_hal_pwr.c ****         The Sleep mode is entered by using the HAL_PWR_EnterSLEEPMode(PWR_MAINREGULATOR_ON, PWR_SLE
 166:Drivers/STM32F2xx_HAL_Driver/Src/stm32f2xx_hal_pwr.c ****               functions with
 167:Drivers/STM32F2xx_HAL_Driver/Src/stm32f2xx_hal_pwr.c ****           (++) PWR_SLEEPENTRY_WFI: enter SLEEP mode with WFI instruction
 168:Drivers/STM32F2xx_HAL_Driver/Src/stm32f2xx_hal_pwr.c ****           (++) PWR_SLEEPENTRY_WFE: enter SLEEP mode with WFE instruction
 169:Drivers/STM32F2xx_HAL_Driver/Src/stm32f2xx_hal_pwr.c ****       
 170:Drivers/STM32F2xx_HAL_Driver/Src/stm32f2xx_hal_pwr.c ****       -@@- The Regulator parameter is not used for the STM32F2 family 
 171:Drivers/STM32F2xx_HAL_Driver/Src/stm32f2xx_hal_pwr.c ****               and is kept as parameter just to maintain compatibility with the 
 172:Drivers/STM32F2xx_HAL_Driver/Src/stm32f2xx_hal_pwr.c ****               lower power families (STM32L).
 173:Drivers/STM32F2xx_HAL_Driver/Src/stm32f2xx_hal_pwr.c ****       (+) Exit:
 174:Drivers/STM32F2xx_HAL_Driver/Src/stm32f2xx_hal_pwr.c ****         Any peripheral interrupt acknowledged by the nested vectored interrupt 
 175:Drivers/STM32F2xx_HAL_Driver/Src/stm32f2xx_hal_pwr.c ****               controller (NVIC) can wake up the device from Sleep mode.
 176:Drivers/STM32F2xx_HAL_Driver/Src/stm32f2xx_hal_pwr.c **** 
 177:Drivers/STM32F2xx_HAL_Driver/Src/stm32f2xx_hal_pwr.c ****    *** Stop mode ***
 178:Drivers/STM32F2xx_HAL_Driver/Src/stm32f2xx_hal_pwr.c ****    =================
 179:Drivers/STM32F2xx_HAL_Driver/Src/stm32f2xx_hal_pwr.c ****     [..]
 180:Drivers/STM32F2xx_HAL_Driver/Src/stm32f2xx_hal_pwr.c ****       In Stop mode, all clocks in the 1.2V domain are stopped, the PLL, the HSI,
 181:Drivers/STM32F2xx_HAL_Driver/Src/stm32f2xx_hal_pwr.c ****       and the HSE RC oscillators are disabled. Internal SRAM and register contents 
 182:Drivers/STM32F2xx_HAL_Driver/Src/stm32f2xx_hal_pwr.c ****       are preserved.
 183:Drivers/STM32F2xx_HAL_Driver/Src/stm32f2xx_hal_pwr.c ****       The voltage regulator can be configured either in normal or low-power mode.
 184:Drivers/STM32F2xx_HAL_Driver/Src/stm32f2xx_hal_pwr.c ****       To minimize the consumption In Stop mode, FLASH can be powered off before 
 185:Drivers/STM32F2xx_HAL_Driver/Src/stm32f2xx_hal_pwr.c ****       entering the Stop mode using the HAL_PWREx_EnableFlashPowerDown() function.
 186:Drivers/STM32F2xx_HAL_Driver/Src/stm32f2xx_hal_pwr.c ****       It can be switched on again by software after exiting the Stop mode using
 187:Drivers/STM32F2xx_HAL_Driver/Src/stm32f2xx_hal_pwr.c ****       the HAL_PWREx_DisableFlashPowerDown() function. 
 188:Drivers/STM32F2xx_HAL_Driver/Src/stm32f2xx_hal_pwr.c **** 
 189:Drivers/STM32F2xx_HAL_Driver/Src/stm32f2xx_hal_pwr.c ****       (+) Entry:
 190:Drivers/STM32F2xx_HAL_Driver/Src/stm32f2xx_hal_pwr.c ****          The Stop mode is entered using the HAL_PWR_EnterSTOPMode(PWR_MAINREGULATOR_ON) 
 191:Drivers/STM32F2xx_HAL_Driver/Src/stm32f2xx_hal_pwr.c ****              function with:
 192:Drivers/STM32F2xx_HAL_Driver/Src/stm32f2xx_hal_pwr.c ****           (++) Main regulator ON.
 193:Drivers/STM32F2xx_HAL_Driver/Src/stm32f2xx_hal_pwr.c ****           (++) Low Power regulator ON.
 194:Drivers/STM32F2xx_HAL_Driver/Src/stm32f2xx_hal_pwr.c ****       (+) Exit:
 195:Drivers/STM32F2xx_HAL_Driver/Src/stm32f2xx_hal_pwr.c ****         Any EXTI Line (Internal or External) configured in Interrupt/Event mode.
 196:Drivers/STM32F2xx_HAL_Driver/Src/stm32f2xx_hal_pwr.c **** 
 197:Drivers/STM32F2xx_HAL_Driver/Src/stm32f2xx_hal_pwr.c ****    *** Standby mode ***
 198:Drivers/STM32F2xx_HAL_Driver/Src/stm32f2xx_hal_pwr.c ****    ====================
 199:Drivers/STM32F2xx_HAL_Driver/Src/stm32f2xx_hal_pwr.c ****     [..]
 200:Drivers/STM32F2xx_HAL_Driver/Src/stm32f2xx_hal_pwr.c ****     (+)
 201:Drivers/STM32F2xx_HAL_Driver/Src/stm32f2xx_hal_pwr.c ****       The Standby mode allows to achieve the lowest power consumption. It is based 
 202:Drivers/STM32F2xx_HAL_Driver/Src/stm32f2xx_hal_pwr.c ****       on the Cortex-M3 deep sleep mode, with the voltage regulator disabled. 
 203:Drivers/STM32F2xx_HAL_Driver/Src/stm32f2xx_hal_pwr.c ****       The 1.2V domain is consequently powered off. The PLL, the HSI oscillator and 
 204:Drivers/STM32F2xx_HAL_Driver/Src/stm32f2xx_hal_pwr.c ****       the HSE oscillator are also switched off. SRAM and register contents are lost 
 205:Drivers/STM32F2xx_HAL_Driver/Src/stm32f2xx_hal_pwr.c ****       except for the RTC registers, RTC backup registers, backup SRAM and Standby 
 206:Drivers/STM32F2xx_HAL_Driver/Src/stm32f2xx_hal_pwr.c ****       circuitry.
 207:Drivers/STM32F2xx_HAL_Driver/Src/stm32f2xx_hal_pwr.c ****    
 208:Drivers/STM32F2xx_HAL_Driver/Src/stm32f2xx_hal_pwr.c ****       The voltage regulator is OFF.
 209:Drivers/STM32F2xx_HAL_Driver/Src/stm32f2xx_hal_pwr.c ****       
 210:Drivers/STM32F2xx_HAL_Driver/Src/stm32f2xx_hal_pwr.c ****       (++) Entry:
 211:Drivers/STM32F2xx_HAL_Driver/Src/stm32f2xx_hal_pwr.c ****         (+++) The Standby mode is entered using the HAL_PWR_EnterSTANDBYMode() function.
 212:Drivers/STM32F2xx_HAL_Driver/Src/stm32f2xx_hal_pwr.c ****       (++) Exit:
 213:Drivers/STM32F2xx_HAL_Driver/Src/stm32f2xx_hal_pwr.c ****         (+++) WKUP pin rising edge, RTC alarm (Alarm A and Alarm B), RTC wake-up,
 214:Drivers/STM32F2xx_HAL_Driver/Src/stm32f2xx_hal_pwr.c ****              tamper event, time-stamp event, external reset in NRST pin, IWDG reset.
 215:Drivers/STM32F2xx_HAL_Driver/Src/stm32f2xx_hal_pwr.c **** 
 216:Drivers/STM32F2xx_HAL_Driver/Src/stm32f2xx_hal_pwr.c ****    *** Auto-wake-up (AWU) from low-power mode ***
 217:Drivers/STM32F2xx_HAL_Driver/Src/stm32f2xx_hal_pwr.c ****    =============================================
ARM GAS  /tmp/ccXl4scm.s 			page 25


 218:Drivers/STM32F2xx_HAL_Driver/Src/stm32f2xx_hal_pwr.c ****     [..]
 219:Drivers/STM32F2xx_HAL_Driver/Src/stm32f2xx_hal_pwr.c ****     
 220:Drivers/STM32F2xx_HAL_Driver/Src/stm32f2xx_hal_pwr.c ****      (+) The MCU can be woken up from low-power mode by an RTC Alarm event, an RTC 
 221:Drivers/STM32F2xx_HAL_Driver/Src/stm32f2xx_hal_pwr.c ****       Wake-up event, a tamper event or a time-stamp event, without depending on 
 222:Drivers/STM32F2xx_HAL_Driver/Src/stm32f2xx_hal_pwr.c ****       an external interrupt (Auto-wake-up mode).
 223:Drivers/STM32F2xx_HAL_Driver/Src/stm32f2xx_hal_pwr.c **** 
 224:Drivers/STM32F2xx_HAL_Driver/Src/stm32f2xx_hal_pwr.c ****       (+) RTC auto-wake-up (AWU) from the Stop and Standby modes
 225:Drivers/STM32F2xx_HAL_Driver/Src/stm32f2xx_hal_pwr.c ****        
 226:Drivers/STM32F2xx_HAL_Driver/Src/stm32f2xx_hal_pwr.c ****         (++) To wake up from the Stop mode with an RTC alarm event, it is necessary to 
 227:Drivers/STM32F2xx_HAL_Driver/Src/stm32f2xx_hal_pwr.c ****               configure the RTC to generate the RTC alarm using the HAL_RTC_SetAlarm_IT() function.
 228:Drivers/STM32F2xx_HAL_Driver/Src/stm32f2xx_hal_pwr.c **** 
 229:Drivers/STM32F2xx_HAL_Driver/Src/stm32f2xx_hal_pwr.c ****         (++) To wake up from the Stop mode with an RTC Tamper or time stamp event, it 
 230:Drivers/STM32F2xx_HAL_Driver/Src/stm32f2xx_hal_pwr.c ****              is necessary to configure the RTC to detect the tamper or time stamp event using the
 231:Drivers/STM32F2xx_HAL_Driver/Src/stm32f2xx_hal_pwr.c ****                 HAL_RTCEx_SetTimeStamp_IT() or HAL_RTCEx_SetTamper_IT() functions.
 232:Drivers/STM32F2xx_HAL_Driver/Src/stm32f2xx_hal_pwr.c ****                   
 233:Drivers/STM32F2xx_HAL_Driver/Src/stm32f2xx_hal_pwr.c ****         (++) To wake up from the Stop mode with an RTC Wake-up event, it is necessary to
 234:Drivers/STM32F2xx_HAL_Driver/Src/stm32f2xx_hal_pwr.c ****               configure the RTC to generate the RTC Wake-up event using the HAL_RTCEx_SetWakeUpTime
 235:Drivers/STM32F2xx_HAL_Driver/Src/stm32f2xx_hal_pwr.c **** 
 236:Drivers/STM32F2xx_HAL_Driver/Src/stm32f2xx_hal_pwr.c **** @endverbatim
 237:Drivers/STM32F2xx_HAL_Driver/Src/stm32f2xx_hal_pwr.c ****   * @{
 238:Drivers/STM32F2xx_HAL_Driver/Src/stm32f2xx_hal_pwr.c ****   */
 239:Drivers/STM32F2xx_HAL_Driver/Src/stm32f2xx_hal_pwr.c **** 
 240:Drivers/STM32F2xx_HAL_Driver/Src/stm32f2xx_hal_pwr.c **** /**
 241:Drivers/STM32F2xx_HAL_Driver/Src/stm32f2xx_hal_pwr.c ****   * @brief Configures the voltage threshold detected by the Power Voltage Detector(PVD).
 242:Drivers/STM32F2xx_HAL_Driver/Src/stm32f2xx_hal_pwr.c ****   * @param sConfigPVD pointer to an PWR_PVDTypeDef structure that contains the configuration
 243:Drivers/STM32F2xx_HAL_Driver/Src/stm32f2xx_hal_pwr.c ****   *        information for the PVD.
 244:Drivers/STM32F2xx_HAL_Driver/Src/stm32f2xx_hal_pwr.c ****   * @note Refer to the electrical characteristics of your device datasheet for
 245:Drivers/STM32F2xx_HAL_Driver/Src/stm32f2xx_hal_pwr.c ****   *         more details about the voltage threshold corresponding to each 
 246:Drivers/STM32F2xx_HAL_Driver/Src/stm32f2xx_hal_pwr.c ****   *         detection level.
 247:Drivers/STM32F2xx_HAL_Driver/Src/stm32f2xx_hal_pwr.c ****   * @retval None
 248:Drivers/STM32F2xx_HAL_Driver/Src/stm32f2xx_hal_pwr.c ****   */
 249:Drivers/STM32F2xx_HAL_Driver/Src/stm32f2xx_hal_pwr.c **** void HAL_PWR_ConfigPVD(PWR_PVDTypeDef *sConfigPVD)
 250:Drivers/STM32F2xx_HAL_Driver/Src/stm32f2xx_hal_pwr.c **** {
 155              		.loc 1 250 1 is_stmt 1 view -0
 156              		.cfi_startproc
 157              		@ args = 0, pretend = 0, frame = 0
 158              		@ frame_needed = 0, uses_anonymous_args = 0
 159              		@ link register save eliminated.
 251:Drivers/STM32F2xx_HAL_Driver/Src/stm32f2xx_hal_pwr.c ****   /* Check the parameters */
 252:Drivers/STM32F2xx_HAL_Driver/Src/stm32f2xx_hal_pwr.c ****   assert_param(IS_PWR_PVD_LEVEL(sConfigPVD->PVDLevel));
 160              		.loc 1 252 3 view .LVU25
 253:Drivers/STM32F2xx_HAL_Driver/Src/stm32f2xx_hal_pwr.c ****   assert_param(IS_PWR_PVD_MODE(sConfigPVD->Mode));
 161              		.loc 1 253 3 view .LVU26
 254:Drivers/STM32F2xx_HAL_Driver/Src/stm32f2xx_hal_pwr.c ****   
 255:Drivers/STM32F2xx_HAL_Driver/Src/stm32f2xx_hal_pwr.c ****   /* Set PLS[7:5] bits according to PVDLevel value */
 256:Drivers/STM32F2xx_HAL_Driver/Src/stm32f2xx_hal_pwr.c ****   MODIFY_REG(PWR->CR, PWR_CR_PLS, sConfigPVD->PVDLevel);
 162              		.loc 1 256 3 view .LVU27
 163 0000 1E4A     		ldr	r2, .L11
 164 0002 1368     		ldr	r3, [r2]
 165 0004 23F0E003 		bic	r3, r3, #224
 166 0008 0168     		ldr	r1, [r0]
 167 000a 0B43     		orrs	r3, r3, r1
 168 000c 1360     		str	r3, [r2]
 257:Drivers/STM32F2xx_HAL_Driver/Src/stm32f2xx_hal_pwr.c ****   
 258:Drivers/STM32F2xx_HAL_Driver/Src/stm32f2xx_hal_pwr.c ****   /* Clear any previous config. Keep it clear if no event or IT mode is selected */
 259:Drivers/STM32F2xx_HAL_Driver/Src/stm32f2xx_hal_pwr.c ****   __HAL_PWR_PVD_EXTI_DISABLE_EVENT();
 169              		.loc 1 259 3 view .LVU28
ARM GAS  /tmp/ccXl4scm.s 			page 26


 170 000e 1C4B     		ldr	r3, .L11+4
 171 0010 5A68     		ldr	r2, [r3, #4]
 172 0012 22F48032 		bic	r2, r2, #65536
 173 0016 5A60     		str	r2, [r3, #4]
 260:Drivers/STM32F2xx_HAL_Driver/Src/stm32f2xx_hal_pwr.c ****   __HAL_PWR_PVD_EXTI_DISABLE_IT();
 174              		.loc 1 260 3 view .LVU29
 175 0018 1A68     		ldr	r2, [r3]
 176 001a 22F48032 		bic	r2, r2, #65536
 177 001e 1A60     		str	r2, [r3]
 261:Drivers/STM32F2xx_HAL_Driver/Src/stm32f2xx_hal_pwr.c ****   __HAL_PWR_PVD_EXTI_DISABLE_RISING_EDGE();
 178              		.loc 1 261 3 view .LVU30
 179 0020 9A68     		ldr	r2, [r3, #8]
 180 0022 22F48032 		bic	r2, r2, #65536
 181 0026 9A60     		str	r2, [r3, #8]
 262:Drivers/STM32F2xx_HAL_Driver/Src/stm32f2xx_hal_pwr.c ****   __HAL_PWR_PVD_EXTI_DISABLE_FALLING_EDGE(); 
 182              		.loc 1 262 3 view .LVU31
 183 0028 DA68     		ldr	r2, [r3, #12]
 184 002a 22F48032 		bic	r2, r2, #65536
 185 002e DA60     		str	r2, [r3, #12]
 263:Drivers/STM32F2xx_HAL_Driver/Src/stm32f2xx_hal_pwr.c **** 
 264:Drivers/STM32F2xx_HAL_Driver/Src/stm32f2xx_hal_pwr.c ****   /* Configure interrupt mode */
 265:Drivers/STM32F2xx_HAL_Driver/Src/stm32f2xx_hal_pwr.c ****   if((sConfigPVD->Mode & PVD_MODE_IT) == PVD_MODE_IT)
 186              		.loc 1 265 3 view .LVU32
 187              		.loc 1 265 17 is_stmt 0 view .LVU33
 188 0030 4368     		ldr	r3, [r0, #4]
 189              		.loc 1 265 5 view .LVU34
 190 0032 13F4803F 		tst	r3, #65536
 191 0036 04D0     		beq	.L7
 266:Drivers/STM32F2xx_HAL_Driver/Src/stm32f2xx_hal_pwr.c ****   {
 267:Drivers/STM32F2xx_HAL_Driver/Src/stm32f2xx_hal_pwr.c ****     __HAL_PWR_PVD_EXTI_ENABLE_IT();
 192              		.loc 1 267 5 is_stmt 1 view .LVU35
 193 0038 114A     		ldr	r2, .L11+4
 194 003a 1368     		ldr	r3, [r2]
 195 003c 43F48033 		orr	r3, r3, #65536
 196 0040 1360     		str	r3, [r2]
 197              	.L7:
 268:Drivers/STM32F2xx_HAL_Driver/Src/stm32f2xx_hal_pwr.c ****   }
 269:Drivers/STM32F2xx_HAL_Driver/Src/stm32f2xx_hal_pwr.c ****   
 270:Drivers/STM32F2xx_HAL_Driver/Src/stm32f2xx_hal_pwr.c ****   /* Configure event mode */
 271:Drivers/STM32F2xx_HAL_Driver/Src/stm32f2xx_hal_pwr.c ****   if((sConfigPVD->Mode & PVD_MODE_EVT) == PVD_MODE_EVT)
 198              		.loc 1 271 3 view .LVU36
 199              		.loc 1 271 17 is_stmt 0 view .LVU37
 200 0042 4368     		ldr	r3, [r0, #4]
 201              		.loc 1 271 5 view .LVU38
 202 0044 13F4003F 		tst	r3, #131072
 203 0048 04D0     		beq	.L8
 272:Drivers/STM32F2xx_HAL_Driver/Src/stm32f2xx_hal_pwr.c ****   {
 273:Drivers/STM32F2xx_HAL_Driver/Src/stm32f2xx_hal_pwr.c ****     __HAL_PWR_PVD_EXTI_ENABLE_EVENT();
 204              		.loc 1 273 5 is_stmt 1 view .LVU39
 205 004a 0D4A     		ldr	r2, .L11+4
 206 004c 5368     		ldr	r3, [r2, #4]
 207 004e 43F48033 		orr	r3, r3, #65536
 208 0052 5360     		str	r3, [r2, #4]
 209              	.L8:
 274:Drivers/STM32F2xx_HAL_Driver/Src/stm32f2xx_hal_pwr.c ****   }
 275:Drivers/STM32F2xx_HAL_Driver/Src/stm32f2xx_hal_pwr.c ****   
 276:Drivers/STM32F2xx_HAL_Driver/Src/stm32f2xx_hal_pwr.c ****   /* Configure the edge */
ARM GAS  /tmp/ccXl4scm.s 			page 27


 277:Drivers/STM32F2xx_HAL_Driver/Src/stm32f2xx_hal_pwr.c ****   if((sConfigPVD->Mode & PVD_RISING_EDGE) == PVD_RISING_EDGE)
 210              		.loc 1 277 3 view .LVU40
 211              		.loc 1 277 17 is_stmt 0 view .LVU41
 212 0054 4368     		ldr	r3, [r0, #4]
 213              		.loc 1 277 5 view .LVU42
 214 0056 13F0010F 		tst	r3, #1
 215 005a 04D0     		beq	.L9
 278:Drivers/STM32F2xx_HAL_Driver/Src/stm32f2xx_hal_pwr.c ****   {
 279:Drivers/STM32F2xx_HAL_Driver/Src/stm32f2xx_hal_pwr.c ****     __HAL_PWR_PVD_EXTI_ENABLE_RISING_EDGE();
 216              		.loc 1 279 5 is_stmt 1 view .LVU43
 217 005c 084A     		ldr	r2, .L11+4
 218 005e 9368     		ldr	r3, [r2, #8]
 219 0060 43F48033 		orr	r3, r3, #65536
 220 0064 9360     		str	r3, [r2, #8]
 221              	.L9:
 280:Drivers/STM32F2xx_HAL_Driver/Src/stm32f2xx_hal_pwr.c ****   }
 281:Drivers/STM32F2xx_HAL_Driver/Src/stm32f2xx_hal_pwr.c ****   
 282:Drivers/STM32F2xx_HAL_Driver/Src/stm32f2xx_hal_pwr.c ****   if((sConfigPVD->Mode & PVD_FALLING_EDGE) == PVD_FALLING_EDGE)
 222              		.loc 1 282 3 view .LVU44
 223              		.loc 1 282 17 is_stmt 0 view .LVU45
 224 0066 4368     		ldr	r3, [r0, #4]
 225              		.loc 1 282 5 view .LVU46
 226 0068 13F0020F 		tst	r3, #2
 227 006c 04D0     		beq	.L6
 283:Drivers/STM32F2xx_HAL_Driver/Src/stm32f2xx_hal_pwr.c ****   {
 284:Drivers/STM32F2xx_HAL_Driver/Src/stm32f2xx_hal_pwr.c ****     __HAL_PWR_PVD_EXTI_ENABLE_FALLING_EDGE();
 228              		.loc 1 284 5 is_stmt 1 view .LVU47
 229 006e 044A     		ldr	r2, .L11+4
 230 0070 D368     		ldr	r3, [r2, #12]
 231 0072 43F48033 		orr	r3, r3, #65536
 232 0076 D360     		str	r3, [r2, #12]
 233              	.L6:
 285:Drivers/STM32F2xx_HAL_Driver/Src/stm32f2xx_hal_pwr.c ****   }
 286:Drivers/STM32F2xx_HAL_Driver/Src/stm32f2xx_hal_pwr.c **** }
 234              		.loc 1 286 1 is_stmt 0 view .LVU48
 235 0078 7047     		bx	lr
 236              	.L12:
 237 007a 00BF     		.align	2
 238              	.L11:
 239 007c 00700040 		.word	1073770496
 240 0080 003C0140 		.word	1073822720
 241              		.cfi_endproc
 242              	.LFE75:
 244              		.section	.text.HAL_PWR_EnablePVD,"ax",%progbits
 245              		.align	1
 246              		.global	HAL_PWR_EnablePVD
 247              		.syntax unified
 248              		.thumb
 249              		.thumb_func
 251              	HAL_PWR_EnablePVD:
 252              	.LFB76:
 287:Drivers/STM32F2xx_HAL_Driver/Src/stm32f2xx_hal_pwr.c **** 
 288:Drivers/STM32F2xx_HAL_Driver/Src/stm32f2xx_hal_pwr.c **** /**
 289:Drivers/STM32F2xx_HAL_Driver/Src/stm32f2xx_hal_pwr.c ****   * @brief Enables the Power Voltage Detector(PVD).
 290:Drivers/STM32F2xx_HAL_Driver/Src/stm32f2xx_hal_pwr.c ****   * @retval None
 291:Drivers/STM32F2xx_HAL_Driver/Src/stm32f2xx_hal_pwr.c ****   */
 292:Drivers/STM32F2xx_HAL_Driver/Src/stm32f2xx_hal_pwr.c **** void HAL_PWR_EnablePVD(void)
ARM GAS  /tmp/ccXl4scm.s 			page 28


 293:Drivers/STM32F2xx_HAL_Driver/Src/stm32f2xx_hal_pwr.c **** {
 253              		.loc 1 293 1 is_stmt 1 view -0
 254              		.cfi_startproc
 255              		@ args = 0, pretend = 0, frame = 0
 256              		@ frame_needed = 0, uses_anonymous_args = 0
 257              		@ link register save eliminated.
 294:Drivers/STM32F2xx_HAL_Driver/Src/stm32f2xx_hal_pwr.c ****   *(__IO uint32_t *) CR_PVDE_BB = (uint32_t)ENABLE;
 258              		.loc 1 294 3 view .LVU50
 259              	.LVL5:
 260              	.LBB14:
 261              	.LBI14:
 981:Drivers/CMSIS/Include/cmsis_gcc.h **** {
 262              		.loc 2 981 31 view .LVU51
 263              	.LBB15:
 983:Drivers/CMSIS/Include/cmsis_gcc.h **** 
 264              		.loc 2 983 3 view .LVU52
 988:Drivers/CMSIS/Include/cmsis_gcc.h **** #else
 265              		.loc 2 988 4 view .LVU53
 266 0000 1023     		movs	r3, #16
 267              		.syntax unified
 268              	@ 988 "Drivers/CMSIS/Include/cmsis_gcc.h" 1
 269 0002 93FAA3F3 		rbit r3, r3
 270              	@ 0 "" 2
 271              	.LVL6:
 272              		.loc 2 1001 3 view .LVU54
 273              		.loc 2 1001 3 is_stmt 0 view .LVU55
 274              		.thumb
 275              		.syntax unified
 276              	.LBE15:
 277              	.LBE14:
 278              		.loc 1 294 22 discriminator 2 view .LVU56
 279 0006 B3FA83F3 		clz	r3, r3
 280 000a 03F18453 		add	r3, r3, #276824064
 281 000e 03F56033 		add	r3, r3, #229376
 282 0012 9B00     		lsls	r3, r3, #2
 283              		.loc 1 294 33 discriminator 2 view .LVU57
 284 0014 0122     		movs	r2, #1
 285 0016 1A60     		str	r2, [r3]
 295:Drivers/STM32F2xx_HAL_Driver/Src/stm32f2xx_hal_pwr.c **** }
 286              		.loc 1 295 1 view .LVU58
 287 0018 7047     		bx	lr
 288              		.cfi_endproc
 289              	.LFE76:
 291              		.section	.text.HAL_PWR_DisablePVD,"ax",%progbits
 292              		.align	1
 293              		.global	HAL_PWR_DisablePVD
 294              		.syntax unified
 295              		.thumb
 296              		.thumb_func
 298              	HAL_PWR_DisablePVD:
 299              	.LFB77:
 296:Drivers/STM32F2xx_HAL_Driver/Src/stm32f2xx_hal_pwr.c **** 
 297:Drivers/STM32F2xx_HAL_Driver/Src/stm32f2xx_hal_pwr.c **** /**
 298:Drivers/STM32F2xx_HAL_Driver/Src/stm32f2xx_hal_pwr.c ****   * @brief Disables the Power Voltage Detector(PVD).
 299:Drivers/STM32F2xx_HAL_Driver/Src/stm32f2xx_hal_pwr.c ****   * @retval None
 300:Drivers/STM32F2xx_HAL_Driver/Src/stm32f2xx_hal_pwr.c ****   */
 301:Drivers/STM32F2xx_HAL_Driver/Src/stm32f2xx_hal_pwr.c **** void HAL_PWR_DisablePVD(void)
ARM GAS  /tmp/ccXl4scm.s 			page 29


 302:Drivers/STM32F2xx_HAL_Driver/Src/stm32f2xx_hal_pwr.c **** {
 300              		.loc 1 302 1 is_stmt 1 view -0
 301              		.cfi_startproc
 302              		@ args = 0, pretend = 0, frame = 0
 303              		@ frame_needed = 0, uses_anonymous_args = 0
 304              		@ link register save eliminated.
 303:Drivers/STM32F2xx_HAL_Driver/Src/stm32f2xx_hal_pwr.c ****   *(__IO uint32_t *) CR_PVDE_BB = (uint32_t)DISABLE;
 305              		.loc 1 303 3 view .LVU60
 306              	.LVL7:
 307              	.LBB16:
 308              	.LBI16:
 981:Drivers/CMSIS/Include/cmsis_gcc.h **** {
 309              		.loc 2 981 31 view .LVU61
 310              	.LBB17:
 983:Drivers/CMSIS/Include/cmsis_gcc.h **** 
 311              		.loc 2 983 3 view .LVU62
 988:Drivers/CMSIS/Include/cmsis_gcc.h **** #else
 312              		.loc 2 988 4 view .LVU63
 313 0000 1023     		movs	r3, #16
 314              		.syntax unified
 315              	@ 988 "Drivers/CMSIS/Include/cmsis_gcc.h" 1
 316 0002 93FAA3F3 		rbit r3, r3
 317              	@ 0 "" 2
 318              	.LVL8:
 319              		.loc 2 1001 3 view .LVU64
 320              		.loc 2 1001 3 is_stmt 0 view .LVU65
 321              		.thumb
 322              		.syntax unified
 323              	.LBE17:
 324              	.LBE16:
 325              		.loc 1 303 22 discriminator 2 view .LVU66
 326 0006 B3FA83F3 		clz	r3, r3
 327 000a 03F18453 		add	r3, r3, #276824064
 328 000e 03F56033 		add	r3, r3, #229376
 329 0012 9B00     		lsls	r3, r3, #2
 330              		.loc 1 303 33 discriminator 2 view .LVU67
 331 0014 0022     		movs	r2, #0
 332 0016 1A60     		str	r2, [r3]
 304:Drivers/STM32F2xx_HAL_Driver/Src/stm32f2xx_hal_pwr.c **** }
 333              		.loc 1 304 1 view .LVU68
 334 0018 7047     		bx	lr
 335              		.cfi_endproc
 336              	.LFE77:
 338              		.section	.text.HAL_PWR_EnableWakeUpPin,"ax",%progbits
 339              		.align	1
 340              		.global	HAL_PWR_EnableWakeUpPin
 341              		.syntax unified
 342              		.thumb
 343              		.thumb_func
 345              	HAL_PWR_EnableWakeUpPin:
 346              	.LVL9:
 347              	.LFB78:
 305:Drivers/STM32F2xx_HAL_Driver/Src/stm32f2xx_hal_pwr.c **** 
 306:Drivers/STM32F2xx_HAL_Driver/Src/stm32f2xx_hal_pwr.c **** /**
 307:Drivers/STM32F2xx_HAL_Driver/Src/stm32f2xx_hal_pwr.c ****   * @brief Enables the Wake-up PINx functionality.
 308:Drivers/STM32F2xx_HAL_Driver/Src/stm32f2xx_hal_pwr.c ****   * @param WakeUpPinx Specifies the Power Wake-Up pin to enable.
 309:Drivers/STM32F2xx_HAL_Driver/Src/stm32f2xx_hal_pwr.c ****   *         This parameter can be one of the following values:
ARM GAS  /tmp/ccXl4scm.s 			page 30


 310:Drivers/STM32F2xx_HAL_Driver/Src/stm32f2xx_hal_pwr.c ****   *           @arg PWR_WAKEUP_PIN1
 311:Drivers/STM32F2xx_HAL_Driver/Src/stm32f2xx_hal_pwr.c ****   * @retval None
 312:Drivers/STM32F2xx_HAL_Driver/Src/stm32f2xx_hal_pwr.c ****   */
 313:Drivers/STM32F2xx_HAL_Driver/Src/stm32f2xx_hal_pwr.c **** void HAL_PWR_EnableWakeUpPin(uint32_t WakeUpPinx)
 314:Drivers/STM32F2xx_HAL_Driver/Src/stm32f2xx_hal_pwr.c **** {
 348              		.loc 1 314 1 is_stmt 1 view -0
 349              		.cfi_startproc
 350              		@ args = 0, pretend = 0, frame = 0
 351              		@ frame_needed = 0, uses_anonymous_args = 0
 352              		@ link register save eliminated.
 315:Drivers/STM32F2xx_HAL_Driver/Src/stm32f2xx_hal_pwr.c ****   /* Check the parameter */
 316:Drivers/STM32F2xx_HAL_Driver/Src/stm32f2xx_hal_pwr.c ****   assert_param(IS_PWR_WAKEUP_PIN(WakeUpPinx));
 353              		.loc 1 316 3 view .LVU70
 317:Drivers/STM32F2xx_HAL_Driver/Src/stm32f2xx_hal_pwr.c **** 
 318:Drivers/STM32F2xx_HAL_Driver/Src/stm32f2xx_hal_pwr.c ****   /* Enable the wake up pin */
 319:Drivers/STM32F2xx_HAL_Driver/Src/stm32f2xx_hal_pwr.c ****   SET_BIT(PWR->CSR, WakeUpPinx);
 354              		.loc 1 319 3 view .LVU71
 355 0000 024A     		ldr	r2, .L16
 356 0002 5368     		ldr	r3, [r2, #4]
 357 0004 0343     		orrs	r3, r3, r0
 358 0006 5360     		str	r3, [r2, #4]
 320:Drivers/STM32F2xx_HAL_Driver/Src/stm32f2xx_hal_pwr.c **** }
 359              		.loc 1 320 1 is_stmt 0 view .LVU72
 360 0008 7047     		bx	lr
 361              	.L17:
 362 000a 00BF     		.align	2
 363              	.L16:
 364 000c 00700040 		.word	1073770496
 365              		.cfi_endproc
 366              	.LFE78:
 368              		.section	.text.HAL_PWR_DisableWakeUpPin,"ax",%progbits
 369              		.align	1
 370              		.global	HAL_PWR_DisableWakeUpPin
 371              		.syntax unified
 372              		.thumb
 373              		.thumb_func
 375              	HAL_PWR_DisableWakeUpPin:
 376              	.LVL10:
 377              	.LFB79:
 321:Drivers/STM32F2xx_HAL_Driver/Src/stm32f2xx_hal_pwr.c **** 
 322:Drivers/STM32F2xx_HAL_Driver/Src/stm32f2xx_hal_pwr.c **** /**
 323:Drivers/STM32F2xx_HAL_Driver/Src/stm32f2xx_hal_pwr.c ****   * @brief Disables the Wake-up PINx functionality.
 324:Drivers/STM32F2xx_HAL_Driver/Src/stm32f2xx_hal_pwr.c ****   * @param WakeUpPinx Specifies the Power Wake-Up pin to disable.
 325:Drivers/STM32F2xx_HAL_Driver/Src/stm32f2xx_hal_pwr.c ****   *         This parameter can be one of the following values:
 326:Drivers/STM32F2xx_HAL_Driver/Src/stm32f2xx_hal_pwr.c ****   *           @arg PWR_WAKEUP_PIN1
 327:Drivers/STM32F2xx_HAL_Driver/Src/stm32f2xx_hal_pwr.c ****   * @retval None
 328:Drivers/STM32F2xx_HAL_Driver/Src/stm32f2xx_hal_pwr.c ****   */
 329:Drivers/STM32F2xx_HAL_Driver/Src/stm32f2xx_hal_pwr.c **** void HAL_PWR_DisableWakeUpPin(uint32_t WakeUpPinx)
 330:Drivers/STM32F2xx_HAL_Driver/Src/stm32f2xx_hal_pwr.c **** {
 378              		.loc 1 330 1 is_stmt 1 view -0
 379              		.cfi_startproc
 380              		@ args = 0, pretend = 0, frame = 0
 381              		@ frame_needed = 0, uses_anonymous_args = 0
 382              		@ link register save eliminated.
 331:Drivers/STM32F2xx_HAL_Driver/Src/stm32f2xx_hal_pwr.c ****   /* Check the parameter */
 332:Drivers/STM32F2xx_HAL_Driver/Src/stm32f2xx_hal_pwr.c ****   assert_param(IS_PWR_WAKEUP_PIN(WakeUpPinx));  
 383              		.loc 1 332 3 view .LVU74
ARM GAS  /tmp/ccXl4scm.s 			page 31


 333:Drivers/STM32F2xx_HAL_Driver/Src/stm32f2xx_hal_pwr.c **** 
 334:Drivers/STM32F2xx_HAL_Driver/Src/stm32f2xx_hal_pwr.c ****   /* Disable the wake up pin */
 335:Drivers/STM32F2xx_HAL_Driver/Src/stm32f2xx_hal_pwr.c ****   CLEAR_BIT(PWR->CSR, WakeUpPinx);
 384              		.loc 1 335 3 view .LVU75
 385 0000 024A     		ldr	r2, .L19
 386 0002 5368     		ldr	r3, [r2, #4]
 387 0004 23EA0003 		bic	r3, r3, r0
 388 0008 5360     		str	r3, [r2, #4]
 336:Drivers/STM32F2xx_HAL_Driver/Src/stm32f2xx_hal_pwr.c **** }
 389              		.loc 1 336 1 is_stmt 0 view .LVU76
 390 000a 7047     		bx	lr
 391              	.L20:
 392              		.align	2
 393              	.L19:
 394 000c 00700040 		.word	1073770496
 395              		.cfi_endproc
 396              	.LFE79:
 398              		.section	.text.HAL_PWR_EnterSLEEPMode,"ax",%progbits
 399              		.align	1
 400              		.global	HAL_PWR_EnterSLEEPMode
 401              		.syntax unified
 402              		.thumb
 403              		.thumb_func
 405              	HAL_PWR_EnterSLEEPMode:
 406              	.LVL11:
 407              	.LFB80:
 337:Drivers/STM32F2xx_HAL_Driver/Src/stm32f2xx_hal_pwr.c ****   
 338:Drivers/STM32F2xx_HAL_Driver/Src/stm32f2xx_hal_pwr.c **** /**
 339:Drivers/STM32F2xx_HAL_Driver/Src/stm32f2xx_hal_pwr.c ****   * @brief Enters Sleep mode.
 340:Drivers/STM32F2xx_HAL_Driver/Src/stm32f2xx_hal_pwr.c ****   *   
 341:Drivers/STM32F2xx_HAL_Driver/Src/stm32f2xx_hal_pwr.c ****   * @note In Sleep mode, all I/O pins keep the same state as in Run mode.
 342:Drivers/STM32F2xx_HAL_Driver/Src/stm32f2xx_hal_pwr.c ****   * 
 343:Drivers/STM32F2xx_HAL_Driver/Src/stm32f2xx_hal_pwr.c ****   * @note In Sleep mode, the systick is stopped to avoid exit from this mode with
 344:Drivers/STM32F2xx_HAL_Driver/Src/stm32f2xx_hal_pwr.c ****   *       systick interrupt when used as time base for Timeout 
 345:Drivers/STM32F2xx_HAL_Driver/Src/stm32f2xx_hal_pwr.c ****   *                
 346:Drivers/STM32F2xx_HAL_Driver/Src/stm32f2xx_hal_pwr.c ****   * @param Regulator Specifies the regulator state in SLEEP mode.
 347:Drivers/STM32F2xx_HAL_Driver/Src/stm32f2xx_hal_pwr.c ****   *            This parameter can be one of the following values:
 348:Drivers/STM32F2xx_HAL_Driver/Src/stm32f2xx_hal_pwr.c ****   *            @arg PWR_MAINREGULATOR_ON: SLEEP mode with regulator ON
 349:Drivers/STM32F2xx_HAL_Driver/Src/stm32f2xx_hal_pwr.c ****   *            @arg PWR_LOWPOWERREGULATOR_ON: SLEEP mode with low power regulator ON
 350:Drivers/STM32F2xx_HAL_Driver/Src/stm32f2xx_hal_pwr.c ****   * @note This parameter is not used for the STM32F2 family and is kept as parameter
 351:Drivers/STM32F2xx_HAL_Driver/Src/stm32f2xx_hal_pwr.c ****   *       just to maintain compatibility with the lower power families.
 352:Drivers/STM32F2xx_HAL_Driver/Src/stm32f2xx_hal_pwr.c ****   * @param  SLEEPEntry Specifies if SLEEP mode in entered with WFI or WFE instruction.
 353:Drivers/STM32F2xx_HAL_Driver/Src/stm32f2xx_hal_pwr.c ****   *          This parameter can be one of the following values:
 354:Drivers/STM32F2xx_HAL_Driver/Src/stm32f2xx_hal_pwr.c ****   *            @arg PWR_SLEEPENTRY_WFI: enter SLEEP mode with WFI instruction
 355:Drivers/STM32F2xx_HAL_Driver/Src/stm32f2xx_hal_pwr.c ****   *            @arg PWR_SLEEPENTRY_WFE: enter SLEEP mode with WFE instruction
 356:Drivers/STM32F2xx_HAL_Driver/Src/stm32f2xx_hal_pwr.c ****   * @retval None
 357:Drivers/STM32F2xx_HAL_Driver/Src/stm32f2xx_hal_pwr.c ****   */
 358:Drivers/STM32F2xx_HAL_Driver/Src/stm32f2xx_hal_pwr.c **** void HAL_PWR_EnterSLEEPMode(uint32_t Regulator, uint8_t SLEEPEntry)
 359:Drivers/STM32F2xx_HAL_Driver/Src/stm32f2xx_hal_pwr.c **** {
 408              		.loc 1 359 1 is_stmt 1 view -0
 409              		.cfi_startproc
 410              		@ args = 0, pretend = 0, frame = 0
 411              		@ frame_needed = 0, uses_anonymous_args = 0
 412              		@ link register save eliminated.
 360:Drivers/STM32F2xx_HAL_Driver/Src/stm32f2xx_hal_pwr.c ****   /* Prevent unused argument(s) compilation warning */
 361:Drivers/STM32F2xx_HAL_Driver/Src/stm32f2xx_hal_pwr.c ****   UNUSED(Regulator);
 413              		.loc 1 361 3 view .LVU78
ARM GAS  /tmp/ccXl4scm.s 			page 32


 362:Drivers/STM32F2xx_HAL_Driver/Src/stm32f2xx_hal_pwr.c **** 
 363:Drivers/STM32F2xx_HAL_Driver/Src/stm32f2xx_hal_pwr.c ****   /* Check the parameters */
 364:Drivers/STM32F2xx_HAL_Driver/Src/stm32f2xx_hal_pwr.c ****   assert_param(IS_PWR_REGULATOR(Regulator));
 414              		.loc 1 364 3 view .LVU79
 365:Drivers/STM32F2xx_HAL_Driver/Src/stm32f2xx_hal_pwr.c ****   assert_param(IS_PWR_SLEEP_ENTRY(SLEEPEntry));
 415              		.loc 1 365 3 view .LVU80
 366:Drivers/STM32F2xx_HAL_Driver/Src/stm32f2xx_hal_pwr.c **** 
 367:Drivers/STM32F2xx_HAL_Driver/Src/stm32f2xx_hal_pwr.c ****   /* Clear SLEEPDEEP bit of Cortex System Control Register */
 368:Drivers/STM32F2xx_HAL_Driver/Src/stm32f2xx_hal_pwr.c ****   CLEAR_BIT(SCB->SCR, ((uint32_t)SCB_SCR_SLEEPDEEP_Msk));
 416              		.loc 1 368 3 view .LVU81
 417 0000 064A     		ldr	r2, .L25
 418 0002 1369     		ldr	r3, [r2, #16]
 419 0004 23F00403 		bic	r3, r3, #4
 420 0008 1361     		str	r3, [r2, #16]
 369:Drivers/STM32F2xx_HAL_Driver/Src/stm32f2xx_hal_pwr.c **** 
 370:Drivers/STM32F2xx_HAL_Driver/Src/stm32f2xx_hal_pwr.c ****   /* Select SLEEP mode entry -------------------------------------------------*/
 371:Drivers/STM32F2xx_HAL_Driver/Src/stm32f2xx_hal_pwr.c ****   if(SLEEPEntry == PWR_SLEEPENTRY_WFI)
 421              		.loc 1 371 3 view .LVU82
 422              		.loc 1 371 5 is_stmt 0 view .LVU83
 423 000a 0129     		cmp	r1, #1
 424 000c 03D0     		beq	.L24
 372:Drivers/STM32F2xx_HAL_Driver/Src/stm32f2xx_hal_pwr.c ****   {   
 373:Drivers/STM32F2xx_HAL_Driver/Src/stm32f2xx_hal_pwr.c ****     /* Request Wait For Interrupt */
 374:Drivers/STM32F2xx_HAL_Driver/Src/stm32f2xx_hal_pwr.c ****     __WFI();
 375:Drivers/STM32F2xx_HAL_Driver/Src/stm32f2xx_hal_pwr.c ****   }
 376:Drivers/STM32F2xx_HAL_Driver/Src/stm32f2xx_hal_pwr.c ****   else
 377:Drivers/STM32F2xx_HAL_Driver/Src/stm32f2xx_hal_pwr.c ****   {
 378:Drivers/STM32F2xx_HAL_Driver/Src/stm32f2xx_hal_pwr.c ****     /* Request Wait For Event */
 379:Drivers/STM32F2xx_HAL_Driver/Src/stm32f2xx_hal_pwr.c ****     __SEV();
 425              		.loc 1 379 5 is_stmt 1 view .LVU84
 426              		.syntax unified
 427              	@ 379 "Drivers/STM32F2xx_HAL_Driver/Src/stm32f2xx_hal_pwr.c" 1
 428 000e 40BF     		sev
 429              	@ 0 "" 2
 380:Drivers/STM32F2xx_HAL_Driver/Src/stm32f2xx_hal_pwr.c ****     __WFE();
 430              		.loc 1 380 5 view .LVU85
 431              	@ 380 "Drivers/STM32F2xx_HAL_Driver/Src/stm32f2xx_hal_pwr.c" 1
 432 0010 20BF     		wfe
 433              	@ 0 "" 2
 381:Drivers/STM32F2xx_HAL_Driver/Src/stm32f2xx_hal_pwr.c ****     __WFE();
 434              		.loc 1 381 5 view .LVU86
 435              	@ 381 "Drivers/STM32F2xx_HAL_Driver/Src/stm32f2xx_hal_pwr.c" 1
 436 0012 20BF     		wfe
 437              	@ 0 "" 2
 382:Drivers/STM32F2xx_HAL_Driver/Src/stm32f2xx_hal_pwr.c ****   }
 383:Drivers/STM32F2xx_HAL_Driver/Src/stm32f2xx_hal_pwr.c **** }
 438              		.loc 1 383 1 is_stmt 0 view .LVU87
 439              		.thumb
 440              		.syntax unified
 441 0014 7047     		bx	lr
 442              	.L24:
 374:Drivers/STM32F2xx_HAL_Driver/Src/stm32f2xx_hal_pwr.c ****   }
 443              		.loc 1 374 5 is_stmt 1 view .LVU88
 444              		.syntax unified
 445              	@ 374 "Drivers/STM32F2xx_HAL_Driver/Src/stm32f2xx_hal_pwr.c" 1
 446 0016 30BF     		wfi
 447              	@ 0 "" 2
ARM GAS  /tmp/ccXl4scm.s 			page 33


 448              		.thumb
 449              		.syntax unified
 450 0018 7047     		bx	lr
 451              	.L26:
 452 001a 00BF     		.align	2
 453              	.L25:
 454 001c 00ED00E0 		.word	-536810240
 455              		.cfi_endproc
 456              	.LFE80:
 458              		.section	.text.HAL_PWR_EnterSTOPMode,"ax",%progbits
 459              		.align	1
 460              		.global	HAL_PWR_EnterSTOPMode
 461              		.syntax unified
 462              		.thumb
 463              		.thumb_func
 465              	HAL_PWR_EnterSTOPMode:
 466              	.LVL12:
 467              	.LFB81:
 384:Drivers/STM32F2xx_HAL_Driver/Src/stm32f2xx_hal_pwr.c **** 
 385:Drivers/STM32F2xx_HAL_Driver/Src/stm32f2xx_hal_pwr.c **** /**
 386:Drivers/STM32F2xx_HAL_Driver/Src/stm32f2xx_hal_pwr.c ****   * @brief Enters Stop mode. 
 387:Drivers/STM32F2xx_HAL_Driver/Src/stm32f2xx_hal_pwr.c ****   * @note In Stop mode, all I/O pins keep the same state as in Run mode.
 388:Drivers/STM32F2xx_HAL_Driver/Src/stm32f2xx_hal_pwr.c ****   * @note When exiting Stop mode by issuing an interrupt or a wake-up event, 
 389:Drivers/STM32F2xx_HAL_Driver/Src/stm32f2xx_hal_pwr.c ****   *         the HSI RC oscillator is selected as system clock.
 390:Drivers/STM32F2xx_HAL_Driver/Src/stm32f2xx_hal_pwr.c ****   * @note When the voltage regulator operates in low power mode, an additional 
 391:Drivers/STM32F2xx_HAL_Driver/Src/stm32f2xx_hal_pwr.c ****   *         startup delay is incurred when waking up from Stop mode. 
 392:Drivers/STM32F2xx_HAL_Driver/Src/stm32f2xx_hal_pwr.c ****   *         By keeping the internal regulator ON during Stop mode, the consumption 
 393:Drivers/STM32F2xx_HAL_Driver/Src/stm32f2xx_hal_pwr.c ****   *         is higher although the startup time is reduced.    
 394:Drivers/STM32F2xx_HAL_Driver/Src/stm32f2xx_hal_pwr.c ****   * @param  Regulator Specifies the regulator state in Stop mode.
 395:Drivers/STM32F2xx_HAL_Driver/Src/stm32f2xx_hal_pwr.c ****   *          This parameter can be one of the following values:
 396:Drivers/STM32F2xx_HAL_Driver/Src/stm32f2xx_hal_pwr.c ****   *            @arg PWR_MAINREGULATOR_ON: Stop mode with regulator ON
 397:Drivers/STM32F2xx_HAL_Driver/Src/stm32f2xx_hal_pwr.c ****   *            @arg PWR_LOWPOWERREGULATOR_ON: Stop mode with low power regulator ON
 398:Drivers/STM32F2xx_HAL_Driver/Src/stm32f2xx_hal_pwr.c ****   * @param  STOPEntry Specifies if Stop mode in entered with WFI or WFE instruction.
 399:Drivers/STM32F2xx_HAL_Driver/Src/stm32f2xx_hal_pwr.c ****   *          This parameter can be one of the following values:
 400:Drivers/STM32F2xx_HAL_Driver/Src/stm32f2xx_hal_pwr.c ****   *            @arg PWR_STOPENTRY_WFI: Enter Stop mode with WFI instruction
 401:Drivers/STM32F2xx_HAL_Driver/Src/stm32f2xx_hal_pwr.c ****   *            @arg PWR_STOPENTRY_WFE: Enter Stop mode with WFE instruction
 402:Drivers/STM32F2xx_HAL_Driver/Src/stm32f2xx_hal_pwr.c ****   * @retval None
 403:Drivers/STM32F2xx_HAL_Driver/Src/stm32f2xx_hal_pwr.c ****   */
 404:Drivers/STM32F2xx_HAL_Driver/Src/stm32f2xx_hal_pwr.c **** void HAL_PWR_EnterSTOPMode(uint32_t Regulator, uint8_t STOPEntry)
 405:Drivers/STM32F2xx_HAL_Driver/Src/stm32f2xx_hal_pwr.c **** {
 468              		.loc 1 405 1 view -0
 469              		.cfi_startproc
 470              		@ args = 0, pretend = 0, frame = 0
 471              		@ frame_needed = 0, uses_anonymous_args = 0
 472              		@ link register save eliminated.
 406:Drivers/STM32F2xx_HAL_Driver/Src/stm32f2xx_hal_pwr.c ****   /* Check the parameters */
 407:Drivers/STM32F2xx_HAL_Driver/Src/stm32f2xx_hal_pwr.c ****   assert_param(IS_PWR_REGULATOR(Regulator));
 473              		.loc 1 407 3 view .LVU90
 408:Drivers/STM32F2xx_HAL_Driver/Src/stm32f2xx_hal_pwr.c ****   assert_param(IS_PWR_STOP_ENTRY(STOPEntry));
 474              		.loc 1 408 3 view .LVU91
 409:Drivers/STM32F2xx_HAL_Driver/Src/stm32f2xx_hal_pwr.c ****   
 410:Drivers/STM32F2xx_HAL_Driver/Src/stm32f2xx_hal_pwr.c ****   /* Select the regulator state in Stop mode: Set PDDS and LPDS bits according to PWR_Regulator val
 411:Drivers/STM32F2xx_HAL_Driver/Src/stm32f2xx_hal_pwr.c ****   MODIFY_REG(PWR->CR, (PWR_CR_PDDS | PWR_CR_LPDS), Regulator);
 475              		.loc 1 411 3 view .LVU92
 476 0000 0B4A     		ldr	r2, .L31
 477 0002 1368     		ldr	r3, [r2]
 478 0004 23F00303 		bic	r3, r3, #3
ARM GAS  /tmp/ccXl4scm.s 			page 34


 479 0008 0343     		orrs	r3, r3, r0
 480 000a 1360     		str	r3, [r2]
 412:Drivers/STM32F2xx_HAL_Driver/Src/stm32f2xx_hal_pwr.c ****   
 413:Drivers/STM32F2xx_HAL_Driver/Src/stm32f2xx_hal_pwr.c ****   /* Set SLEEPDEEP bit of Cortex System Control Register */
 414:Drivers/STM32F2xx_HAL_Driver/Src/stm32f2xx_hal_pwr.c ****   SET_BIT(SCB->SCR, ((uint32_t)SCB_SCR_SLEEPDEEP_Msk));
 481              		.loc 1 414 3 view .LVU93
 482 000c 094A     		ldr	r2, .L31+4
 483 000e 1369     		ldr	r3, [r2, #16]
 484 0010 43F00403 		orr	r3, r3, #4
 485 0014 1361     		str	r3, [r2, #16]
 415:Drivers/STM32F2xx_HAL_Driver/Src/stm32f2xx_hal_pwr.c ****   
 416:Drivers/STM32F2xx_HAL_Driver/Src/stm32f2xx_hal_pwr.c ****   /* Select Stop mode entry --------------------------------------------------*/
 417:Drivers/STM32F2xx_HAL_Driver/Src/stm32f2xx_hal_pwr.c ****   if(STOPEntry == PWR_STOPENTRY_WFI)
 486              		.loc 1 417 3 view .LVU94
 487              		.loc 1 417 5 is_stmt 0 view .LVU95
 488 0016 0129     		cmp	r1, #1
 489 0018 08D0     		beq	.L30
 418:Drivers/STM32F2xx_HAL_Driver/Src/stm32f2xx_hal_pwr.c ****   {   
 419:Drivers/STM32F2xx_HAL_Driver/Src/stm32f2xx_hal_pwr.c ****     /* Request Wait For Interrupt */
 420:Drivers/STM32F2xx_HAL_Driver/Src/stm32f2xx_hal_pwr.c ****     __WFI();
 421:Drivers/STM32F2xx_HAL_Driver/Src/stm32f2xx_hal_pwr.c ****   }
 422:Drivers/STM32F2xx_HAL_Driver/Src/stm32f2xx_hal_pwr.c ****   else
 423:Drivers/STM32F2xx_HAL_Driver/Src/stm32f2xx_hal_pwr.c ****   {
 424:Drivers/STM32F2xx_HAL_Driver/Src/stm32f2xx_hal_pwr.c ****     /* Request Wait For Event */
 425:Drivers/STM32F2xx_HAL_Driver/Src/stm32f2xx_hal_pwr.c ****     __SEV();
 490              		.loc 1 425 5 is_stmt 1 view .LVU96
 491              		.syntax unified
 492              	@ 425 "Drivers/STM32F2xx_HAL_Driver/Src/stm32f2xx_hal_pwr.c" 1
 493 001a 40BF     		sev
 494              	@ 0 "" 2
 426:Drivers/STM32F2xx_HAL_Driver/Src/stm32f2xx_hal_pwr.c ****     __WFE();
 495              		.loc 1 426 5 view .LVU97
 496              	@ 426 "Drivers/STM32F2xx_HAL_Driver/Src/stm32f2xx_hal_pwr.c" 1
 497 001c 20BF     		wfe
 498              	@ 0 "" 2
 427:Drivers/STM32F2xx_HAL_Driver/Src/stm32f2xx_hal_pwr.c ****     __WFE();
 499              		.loc 1 427 5 view .LVU98
 500              	@ 427 "Drivers/STM32F2xx_HAL_Driver/Src/stm32f2xx_hal_pwr.c" 1
 501 001e 20BF     		wfe
 502              	@ 0 "" 2
 503              		.thumb
 504              		.syntax unified
 505              	.L29:
 428:Drivers/STM32F2xx_HAL_Driver/Src/stm32f2xx_hal_pwr.c ****   }
 429:Drivers/STM32F2xx_HAL_Driver/Src/stm32f2xx_hal_pwr.c ****   /* Reset SLEEPDEEP bit of Cortex System Control Register */
 430:Drivers/STM32F2xx_HAL_Driver/Src/stm32f2xx_hal_pwr.c ****   CLEAR_BIT(SCB->SCR, ((uint32_t)SCB_SCR_SLEEPDEEP_Msk));  
 506              		.loc 1 430 3 view .LVU99
 507 0020 044A     		ldr	r2, .L31+4
 508 0022 1369     		ldr	r3, [r2, #16]
 509 0024 23F00403 		bic	r3, r3, #4
 510 0028 1361     		str	r3, [r2, #16]
 431:Drivers/STM32F2xx_HAL_Driver/Src/stm32f2xx_hal_pwr.c **** }
 511              		.loc 1 431 1 is_stmt 0 view .LVU100
 512 002a 7047     		bx	lr
 513              	.L30:
 420:Drivers/STM32F2xx_HAL_Driver/Src/stm32f2xx_hal_pwr.c ****   }
 514              		.loc 1 420 5 is_stmt 1 view .LVU101
ARM GAS  /tmp/ccXl4scm.s 			page 35


 515              		.syntax unified
 516              	@ 420 "Drivers/STM32F2xx_HAL_Driver/Src/stm32f2xx_hal_pwr.c" 1
 517 002c 30BF     		wfi
 518              	@ 0 "" 2
 519              		.thumb
 520              		.syntax unified
 521 002e F7E7     		b	.L29
 522              	.L32:
 523              		.align	2
 524              	.L31:
 525 0030 00700040 		.word	1073770496
 526 0034 00ED00E0 		.word	-536810240
 527              		.cfi_endproc
 528              	.LFE81:
 530              		.section	.text.HAL_PWR_EnterSTANDBYMode,"ax",%progbits
 531              		.align	1
 532              		.global	HAL_PWR_EnterSTANDBYMode
 533              		.syntax unified
 534              		.thumb
 535              		.thumb_func
 537              	HAL_PWR_EnterSTANDBYMode:
 538              	.LFB82:
 432:Drivers/STM32F2xx_HAL_Driver/Src/stm32f2xx_hal_pwr.c **** 
 433:Drivers/STM32F2xx_HAL_Driver/Src/stm32f2xx_hal_pwr.c **** /**
 434:Drivers/STM32F2xx_HAL_Driver/Src/stm32f2xx_hal_pwr.c ****   * @brief Enters Standby mode.
 435:Drivers/STM32F2xx_HAL_Driver/Src/stm32f2xx_hal_pwr.c ****   * @note In Standby mode, all I/O pins are high impedance except for:
 436:Drivers/STM32F2xx_HAL_Driver/Src/stm32f2xx_hal_pwr.c ****   *          - Reset pad (still available) 
 437:Drivers/STM32F2xx_HAL_Driver/Src/stm32f2xx_hal_pwr.c ****   *          - RTC_AF1 pin (PC13) if configured for tamper, time-stamp, RTC 
 438:Drivers/STM32F2xx_HAL_Driver/Src/stm32f2xx_hal_pwr.c ****   *            Alarm out, or RTC clock calibration out.
 439:Drivers/STM32F2xx_HAL_Driver/Src/stm32f2xx_hal_pwr.c ****   *          - RTC_AF2 pin (PI8) if configured for tamper or time-stamp.  
 440:Drivers/STM32F2xx_HAL_Driver/Src/stm32f2xx_hal_pwr.c ****   *          - WKUP pin 1 (PA0) if enabled.       
 441:Drivers/STM32F2xx_HAL_Driver/Src/stm32f2xx_hal_pwr.c ****   * @retval None
 442:Drivers/STM32F2xx_HAL_Driver/Src/stm32f2xx_hal_pwr.c ****   */
 443:Drivers/STM32F2xx_HAL_Driver/Src/stm32f2xx_hal_pwr.c **** void HAL_PWR_EnterSTANDBYMode(void)
 444:Drivers/STM32F2xx_HAL_Driver/Src/stm32f2xx_hal_pwr.c **** {
 539              		.loc 1 444 1 view -0
 540              		.cfi_startproc
 541              		@ args = 0, pretend = 0, frame = 0
 542              		@ frame_needed = 0, uses_anonymous_args = 0
 543              		@ link register save eliminated.
 445:Drivers/STM32F2xx_HAL_Driver/Src/stm32f2xx_hal_pwr.c ****   /* Select Standby mode */
 446:Drivers/STM32F2xx_HAL_Driver/Src/stm32f2xx_hal_pwr.c ****   SET_BIT(PWR->CR, PWR_CR_PDDS);
 544              		.loc 1 446 3 view .LVU103
 545 0000 054A     		ldr	r2, .L34
 546 0002 1368     		ldr	r3, [r2]
 547 0004 43F00203 		orr	r3, r3, #2
 548 0008 1360     		str	r3, [r2]
 447:Drivers/STM32F2xx_HAL_Driver/Src/stm32f2xx_hal_pwr.c **** 
 448:Drivers/STM32F2xx_HAL_Driver/Src/stm32f2xx_hal_pwr.c ****   /* Set SLEEPDEEP bit of Cortex System Control Register */
 449:Drivers/STM32F2xx_HAL_Driver/Src/stm32f2xx_hal_pwr.c ****   SET_BIT(SCB->SCR, ((uint32_t)SCB_SCR_SLEEPDEEP_Msk));
 549              		.loc 1 449 3 view .LVU104
 550 000a 044A     		ldr	r2, .L34+4
 551 000c 1369     		ldr	r3, [r2, #16]
 552 000e 43F00403 		orr	r3, r3, #4
 553 0012 1361     		str	r3, [r2, #16]
 450:Drivers/STM32F2xx_HAL_Driver/Src/stm32f2xx_hal_pwr.c ****   
 451:Drivers/STM32F2xx_HAL_Driver/Src/stm32f2xx_hal_pwr.c ****   /* This option is used to ensure that store operations are completed */
ARM GAS  /tmp/ccXl4scm.s 			page 36


 452:Drivers/STM32F2xx_HAL_Driver/Src/stm32f2xx_hal_pwr.c **** #if defined ( __CC_ARM)
 453:Drivers/STM32F2xx_HAL_Driver/Src/stm32f2xx_hal_pwr.c ****   __force_stores();
 454:Drivers/STM32F2xx_HAL_Driver/Src/stm32f2xx_hal_pwr.c **** #endif
 455:Drivers/STM32F2xx_HAL_Driver/Src/stm32f2xx_hal_pwr.c ****   /* Request Wait For Interrupt */
 456:Drivers/STM32F2xx_HAL_Driver/Src/stm32f2xx_hal_pwr.c ****   __WFI();
 554              		.loc 1 456 3 view .LVU105
 555              		.syntax unified
 556              	@ 456 "Drivers/STM32F2xx_HAL_Driver/Src/stm32f2xx_hal_pwr.c" 1
 557 0014 30BF     		wfi
 558              	@ 0 "" 2
 457:Drivers/STM32F2xx_HAL_Driver/Src/stm32f2xx_hal_pwr.c **** }
 559              		.loc 1 457 1 is_stmt 0 view .LVU106
 560              		.thumb
 561              		.syntax unified
 562 0016 7047     		bx	lr
 563              	.L35:
 564              		.align	2
 565              	.L34:
 566 0018 00700040 		.word	1073770496
 567 001c 00ED00E0 		.word	-536810240
 568              		.cfi_endproc
 569              	.LFE82:
 571              		.section	.text.HAL_PWR_PVDCallback,"ax",%progbits
 572              		.align	1
 573              		.weak	HAL_PWR_PVDCallback
 574              		.syntax unified
 575              		.thumb
 576              		.thumb_func
 578              	HAL_PWR_PVDCallback:
 579              	.LFB84:
 458:Drivers/STM32F2xx_HAL_Driver/Src/stm32f2xx_hal_pwr.c **** 
 459:Drivers/STM32F2xx_HAL_Driver/Src/stm32f2xx_hal_pwr.c **** /**
 460:Drivers/STM32F2xx_HAL_Driver/Src/stm32f2xx_hal_pwr.c ****   * @brief This function handles the PWR PVD interrupt request.
 461:Drivers/STM32F2xx_HAL_Driver/Src/stm32f2xx_hal_pwr.c ****   * @note This API should be called under the PVD_IRQHandler().
 462:Drivers/STM32F2xx_HAL_Driver/Src/stm32f2xx_hal_pwr.c ****   * @retval None
 463:Drivers/STM32F2xx_HAL_Driver/Src/stm32f2xx_hal_pwr.c ****   */
 464:Drivers/STM32F2xx_HAL_Driver/Src/stm32f2xx_hal_pwr.c **** void HAL_PWR_PVD_IRQHandler(void)
 465:Drivers/STM32F2xx_HAL_Driver/Src/stm32f2xx_hal_pwr.c **** {
 466:Drivers/STM32F2xx_HAL_Driver/Src/stm32f2xx_hal_pwr.c ****   /* Check PWR Exti flag */
 467:Drivers/STM32F2xx_HAL_Driver/Src/stm32f2xx_hal_pwr.c ****   if(__HAL_PWR_PVD_EXTI_GET_FLAG() != RESET)
 468:Drivers/STM32F2xx_HAL_Driver/Src/stm32f2xx_hal_pwr.c ****   {
 469:Drivers/STM32F2xx_HAL_Driver/Src/stm32f2xx_hal_pwr.c ****     /* PWR PVD interrupt user callback */
 470:Drivers/STM32F2xx_HAL_Driver/Src/stm32f2xx_hal_pwr.c ****     HAL_PWR_PVDCallback();
 471:Drivers/STM32F2xx_HAL_Driver/Src/stm32f2xx_hal_pwr.c ****     
 472:Drivers/STM32F2xx_HAL_Driver/Src/stm32f2xx_hal_pwr.c ****     /* Clear PWR Exti pending bit */
 473:Drivers/STM32F2xx_HAL_Driver/Src/stm32f2xx_hal_pwr.c ****     __HAL_PWR_PVD_EXTI_CLEAR_FLAG();
 474:Drivers/STM32F2xx_HAL_Driver/Src/stm32f2xx_hal_pwr.c ****   }
 475:Drivers/STM32F2xx_HAL_Driver/Src/stm32f2xx_hal_pwr.c **** }
 476:Drivers/STM32F2xx_HAL_Driver/Src/stm32f2xx_hal_pwr.c **** 
 477:Drivers/STM32F2xx_HAL_Driver/Src/stm32f2xx_hal_pwr.c **** /**
 478:Drivers/STM32F2xx_HAL_Driver/Src/stm32f2xx_hal_pwr.c ****   * @brief  PWR PVD interrupt callback
 479:Drivers/STM32F2xx_HAL_Driver/Src/stm32f2xx_hal_pwr.c ****   * @retval None
 480:Drivers/STM32F2xx_HAL_Driver/Src/stm32f2xx_hal_pwr.c ****   */
 481:Drivers/STM32F2xx_HAL_Driver/Src/stm32f2xx_hal_pwr.c **** __weak void HAL_PWR_PVDCallback(void)
 482:Drivers/STM32F2xx_HAL_Driver/Src/stm32f2xx_hal_pwr.c **** {
 580              		.loc 1 482 1 is_stmt 1 view -0
 581              		.cfi_startproc
ARM GAS  /tmp/ccXl4scm.s 			page 37


 582              		@ args = 0, pretend = 0, frame = 0
 583              		@ frame_needed = 0, uses_anonymous_args = 0
 584              		@ link register save eliminated.
 483:Drivers/STM32F2xx_HAL_Driver/Src/stm32f2xx_hal_pwr.c ****   /* NOTE : This function Should not be modified, when the callback is needed,
 484:Drivers/STM32F2xx_HAL_Driver/Src/stm32f2xx_hal_pwr.c ****             the HAL_PWR_PVDCallback could be implemented in the user file
 485:Drivers/STM32F2xx_HAL_Driver/Src/stm32f2xx_hal_pwr.c ****    */ 
 486:Drivers/STM32F2xx_HAL_Driver/Src/stm32f2xx_hal_pwr.c **** }
 585              		.loc 1 486 1 view .LVU108
 586 0000 7047     		bx	lr
 587              		.cfi_endproc
 588              	.LFE84:
 590              		.section	.text.HAL_PWR_PVD_IRQHandler,"ax",%progbits
 591              		.align	1
 592              		.global	HAL_PWR_PVD_IRQHandler
 593              		.syntax unified
 594              		.thumb
 595              		.thumb_func
 597              	HAL_PWR_PVD_IRQHandler:
 598              	.LFB83:
 465:Drivers/STM32F2xx_HAL_Driver/Src/stm32f2xx_hal_pwr.c ****   /* Check PWR Exti flag */
 599              		.loc 1 465 1 view -0
 600              		.cfi_startproc
 601              		@ args = 0, pretend = 0, frame = 0
 602              		@ frame_needed = 0, uses_anonymous_args = 0
 603 0000 08B5     		push	{r3, lr}
 604              	.LCFI0:
 605              		.cfi_def_cfa_offset 8
 606              		.cfi_offset 3, -8
 607              		.cfi_offset 14, -4
 467:Drivers/STM32F2xx_HAL_Driver/Src/stm32f2xx_hal_pwr.c ****   {
 608              		.loc 1 467 3 view .LVU110
 467:Drivers/STM32F2xx_HAL_Driver/Src/stm32f2xx_hal_pwr.c ****   {
 609              		.loc 1 467 6 is_stmt 0 view .LVU111
 610 0002 064B     		ldr	r3, .L41
 611 0004 5B69     		ldr	r3, [r3, #20]
 467:Drivers/STM32F2xx_HAL_Driver/Src/stm32f2xx_hal_pwr.c ****   {
 612              		.loc 1 467 5 view .LVU112
 613 0006 13F4803F 		tst	r3, #65536
 614 000a 00D1     		bne	.L40
 615              	.L37:
 475:Drivers/STM32F2xx_HAL_Driver/Src/stm32f2xx_hal_pwr.c **** 
 616              		.loc 1 475 1 view .LVU113
 617 000c 08BD     		pop	{r3, pc}
 618              	.L40:
 470:Drivers/STM32F2xx_HAL_Driver/Src/stm32f2xx_hal_pwr.c ****     
 619              		.loc 1 470 5 is_stmt 1 view .LVU114
 620 000e FFF7FEFF 		bl	HAL_PWR_PVDCallback
 621              	.LVL13:
 473:Drivers/STM32F2xx_HAL_Driver/Src/stm32f2xx_hal_pwr.c ****   }
 622              		.loc 1 473 5 view .LVU115
 623 0012 024B     		ldr	r3, .L41
 624 0014 4FF48032 		mov	r2, #65536
 625 0018 5A61     		str	r2, [r3, #20]
 475:Drivers/STM32F2xx_HAL_Driver/Src/stm32f2xx_hal_pwr.c **** 
 626              		.loc 1 475 1 is_stmt 0 view .LVU116
 627 001a F7E7     		b	.L37
 628              	.L42:
ARM GAS  /tmp/ccXl4scm.s 			page 38


 629              		.align	2
 630              	.L41:
 631 001c 003C0140 		.word	1073822720
 632              		.cfi_endproc
 633              	.LFE83:
 635              		.section	.text.HAL_PWR_EnableSleepOnExit,"ax",%progbits
 636              		.align	1
 637              		.global	HAL_PWR_EnableSleepOnExit
 638              		.syntax unified
 639              		.thumb
 640              		.thumb_func
 642              	HAL_PWR_EnableSleepOnExit:
 643              	.LFB85:
 487:Drivers/STM32F2xx_HAL_Driver/Src/stm32f2xx_hal_pwr.c **** 
 488:Drivers/STM32F2xx_HAL_Driver/Src/stm32f2xx_hal_pwr.c **** /**
 489:Drivers/STM32F2xx_HAL_Driver/Src/stm32f2xx_hal_pwr.c ****   * @brief Indicates Sleep-On-Exit when returning from Handler mode to Thread mode. 
 490:Drivers/STM32F2xx_HAL_Driver/Src/stm32f2xx_hal_pwr.c ****   * @note Set SLEEPONEXIT bit of SCR register. When this bit is set, the processor 
 491:Drivers/STM32F2xx_HAL_Driver/Src/stm32f2xx_hal_pwr.c ****   *       re-enters SLEEP mode when an interruption handling is over.
 492:Drivers/STM32F2xx_HAL_Driver/Src/stm32f2xx_hal_pwr.c ****   *       Setting this bit is useful when the processor is expected to run only on
 493:Drivers/STM32F2xx_HAL_Driver/Src/stm32f2xx_hal_pwr.c ****   *       interruptions handling.         
 494:Drivers/STM32F2xx_HAL_Driver/Src/stm32f2xx_hal_pwr.c ****   * @retval None
 495:Drivers/STM32F2xx_HAL_Driver/Src/stm32f2xx_hal_pwr.c ****   */
 496:Drivers/STM32F2xx_HAL_Driver/Src/stm32f2xx_hal_pwr.c **** void HAL_PWR_EnableSleepOnExit(void)
 497:Drivers/STM32F2xx_HAL_Driver/Src/stm32f2xx_hal_pwr.c **** {
 644              		.loc 1 497 1 is_stmt 1 view -0
 645              		.cfi_startproc
 646              		@ args = 0, pretend = 0, frame = 0
 647              		@ frame_needed = 0, uses_anonymous_args = 0
 648              		@ link register save eliminated.
 498:Drivers/STM32F2xx_HAL_Driver/Src/stm32f2xx_hal_pwr.c ****   /* Set SLEEPONEXIT bit of Cortex System Control Register */
 499:Drivers/STM32F2xx_HAL_Driver/Src/stm32f2xx_hal_pwr.c ****   SET_BIT(SCB->SCR, ((uint32_t)SCB_SCR_SLEEPONEXIT_Msk));
 649              		.loc 1 499 3 view .LVU118
 650 0000 024A     		ldr	r2, .L44
 651 0002 1369     		ldr	r3, [r2, #16]
 652 0004 43F00203 		orr	r3, r3, #2
 653 0008 1361     		str	r3, [r2, #16]
 500:Drivers/STM32F2xx_HAL_Driver/Src/stm32f2xx_hal_pwr.c **** }
 654              		.loc 1 500 1 is_stmt 0 view .LVU119
 655 000a 7047     		bx	lr
 656              	.L45:
 657              		.align	2
 658              	.L44:
 659 000c 00ED00E0 		.word	-536810240
 660              		.cfi_endproc
 661              	.LFE85:
 663              		.section	.text.HAL_PWR_DisableSleepOnExit,"ax",%progbits
 664              		.align	1
 665              		.global	HAL_PWR_DisableSleepOnExit
 666              		.syntax unified
 667              		.thumb
 668              		.thumb_func
 670              	HAL_PWR_DisableSleepOnExit:
 671              	.LFB86:
 501:Drivers/STM32F2xx_HAL_Driver/Src/stm32f2xx_hal_pwr.c **** 
 502:Drivers/STM32F2xx_HAL_Driver/Src/stm32f2xx_hal_pwr.c **** /**
 503:Drivers/STM32F2xx_HAL_Driver/Src/stm32f2xx_hal_pwr.c ****   * @brief Disables Sleep-On-Exit feature when returning from Handler mode to Thread mode. 
 504:Drivers/STM32F2xx_HAL_Driver/Src/stm32f2xx_hal_pwr.c ****   * @note Clears SLEEPONEXIT bit of SCR register. When this bit is set, the processor 
ARM GAS  /tmp/ccXl4scm.s 			page 39


 505:Drivers/STM32F2xx_HAL_Driver/Src/stm32f2xx_hal_pwr.c ****   *       re-enters SLEEP mode when an interruption handling is over.          
 506:Drivers/STM32F2xx_HAL_Driver/Src/stm32f2xx_hal_pwr.c ****   * @retval None
 507:Drivers/STM32F2xx_HAL_Driver/Src/stm32f2xx_hal_pwr.c ****   */
 508:Drivers/STM32F2xx_HAL_Driver/Src/stm32f2xx_hal_pwr.c **** void HAL_PWR_DisableSleepOnExit(void)
 509:Drivers/STM32F2xx_HAL_Driver/Src/stm32f2xx_hal_pwr.c **** {
 672              		.loc 1 509 1 is_stmt 1 view -0
 673              		.cfi_startproc
 674              		@ args = 0, pretend = 0, frame = 0
 675              		@ frame_needed = 0, uses_anonymous_args = 0
 676              		@ link register save eliminated.
 510:Drivers/STM32F2xx_HAL_Driver/Src/stm32f2xx_hal_pwr.c ****   /* Clear SLEEPONEXIT bit of Cortex System Control Register */
 511:Drivers/STM32F2xx_HAL_Driver/Src/stm32f2xx_hal_pwr.c ****   CLEAR_BIT(SCB->SCR, ((uint32_t)SCB_SCR_SLEEPONEXIT_Msk));
 677              		.loc 1 511 3 view .LVU121
 678 0000 024A     		ldr	r2, .L47
 679 0002 1369     		ldr	r3, [r2, #16]
 680 0004 23F00203 		bic	r3, r3, #2
 681 0008 1361     		str	r3, [r2, #16]
 512:Drivers/STM32F2xx_HAL_Driver/Src/stm32f2xx_hal_pwr.c **** }
 682              		.loc 1 512 1 is_stmt 0 view .LVU122
 683 000a 7047     		bx	lr
 684              	.L48:
 685              		.align	2
 686              	.L47:
 687 000c 00ED00E0 		.word	-536810240
 688              		.cfi_endproc
 689              	.LFE86:
 691              		.section	.text.HAL_PWR_EnableSEVOnPend,"ax",%progbits
 692              		.align	1
 693              		.global	HAL_PWR_EnableSEVOnPend
 694              		.syntax unified
 695              		.thumb
 696              		.thumb_func
 698              	HAL_PWR_EnableSEVOnPend:
 699              	.LFB87:
 513:Drivers/STM32F2xx_HAL_Driver/Src/stm32f2xx_hal_pwr.c **** 
 514:Drivers/STM32F2xx_HAL_Driver/Src/stm32f2xx_hal_pwr.c **** /**
 515:Drivers/STM32F2xx_HAL_Driver/Src/stm32f2xx_hal_pwr.c ****   * @brief Enables CORTEX M3 SEVONPEND bit. 
 516:Drivers/STM32F2xx_HAL_Driver/Src/stm32f2xx_hal_pwr.c ****   * @note Sets SEVONPEND bit of SCR register. When this bit is set, this causes 
 517:Drivers/STM32F2xx_HAL_Driver/Src/stm32f2xx_hal_pwr.c ****   *       WFE to wake up when an interrupt moves from inactive to pended.
 518:Drivers/STM32F2xx_HAL_Driver/Src/stm32f2xx_hal_pwr.c ****   * @retval None
 519:Drivers/STM32F2xx_HAL_Driver/Src/stm32f2xx_hal_pwr.c ****   */
 520:Drivers/STM32F2xx_HAL_Driver/Src/stm32f2xx_hal_pwr.c **** void HAL_PWR_EnableSEVOnPend(void)
 521:Drivers/STM32F2xx_HAL_Driver/Src/stm32f2xx_hal_pwr.c **** {
 700              		.loc 1 521 1 is_stmt 1 view -0
 701              		.cfi_startproc
 702              		@ args = 0, pretend = 0, frame = 0
 703              		@ frame_needed = 0, uses_anonymous_args = 0
 704              		@ link register save eliminated.
 522:Drivers/STM32F2xx_HAL_Driver/Src/stm32f2xx_hal_pwr.c ****   /* Set SEVONPEND bit of Cortex System Control Register */
 523:Drivers/STM32F2xx_HAL_Driver/Src/stm32f2xx_hal_pwr.c ****   SET_BIT(SCB->SCR, ((uint32_t)SCB_SCR_SEVONPEND_Msk));
 705              		.loc 1 523 3 view .LVU124
 706 0000 024A     		ldr	r2, .L50
 707 0002 1369     		ldr	r3, [r2, #16]
 708 0004 43F01003 		orr	r3, r3, #16
 709 0008 1361     		str	r3, [r2, #16]
 524:Drivers/STM32F2xx_HAL_Driver/Src/stm32f2xx_hal_pwr.c **** }
 710              		.loc 1 524 1 is_stmt 0 view .LVU125
ARM GAS  /tmp/ccXl4scm.s 			page 40


 711 000a 7047     		bx	lr
 712              	.L51:
 713              		.align	2
 714              	.L50:
 715 000c 00ED00E0 		.word	-536810240
 716              		.cfi_endproc
 717              	.LFE87:
 719              		.section	.text.HAL_PWR_DisableSEVOnPend,"ax",%progbits
 720              		.align	1
 721              		.global	HAL_PWR_DisableSEVOnPend
 722              		.syntax unified
 723              		.thumb
 724              		.thumb_func
 726              	HAL_PWR_DisableSEVOnPend:
 727              	.LFB88:
 525:Drivers/STM32F2xx_HAL_Driver/Src/stm32f2xx_hal_pwr.c **** 
 526:Drivers/STM32F2xx_HAL_Driver/Src/stm32f2xx_hal_pwr.c **** /**
 527:Drivers/STM32F2xx_HAL_Driver/Src/stm32f2xx_hal_pwr.c ****   * @brief Disables CORTEX M3 SEVONPEND bit. 
 528:Drivers/STM32F2xx_HAL_Driver/Src/stm32f2xx_hal_pwr.c ****   * @note Clears SEVONPEND bit of SCR register. When this bit is set, this causes 
 529:Drivers/STM32F2xx_HAL_Driver/Src/stm32f2xx_hal_pwr.c ****   *       WFE to wake up when an interrupt moves from inactive to pended.         
 530:Drivers/STM32F2xx_HAL_Driver/Src/stm32f2xx_hal_pwr.c ****   * @retval None
 531:Drivers/STM32F2xx_HAL_Driver/Src/stm32f2xx_hal_pwr.c ****   */
 532:Drivers/STM32F2xx_HAL_Driver/Src/stm32f2xx_hal_pwr.c **** void HAL_PWR_DisableSEVOnPend(void)
 533:Drivers/STM32F2xx_HAL_Driver/Src/stm32f2xx_hal_pwr.c **** {
 728              		.loc 1 533 1 is_stmt 1 view -0
 729              		.cfi_startproc
 730              		@ args = 0, pretend = 0, frame = 0
 731              		@ frame_needed = 0, uses_anonymous_args = 0
 732              		@ link register save eliminated.
 534:Drivers/STM32F2xx_HAL_Driver/Src/stm32f2xx_hal_pwr.c ****   /* Clear SEVONPEND bit of Cortex System Control Register */
 535:Drivers/STM32F2xx_HAL_Driver/Src/stm32f2xx_hal_pwr.c ****   CLEAR_BIT(SCB->SCR, ((uint32_t)SCB_SCR_SEVONPEND_Msk));
 733              		.loc 1 535 3 view .LVU127
 734 0000 024A     		ldr	r2, .L53
 735 0002 1369     		ldr	r3, [r2, #16]
 736 0004 23F01003 		bic	r3, r3, #16
 737 0008 1361     		str	r3, [r2, #16]
 536:Drivers/STM32F2xx_HAL_Driver/Src/stm32f2xx_hal_pwr.c **** }
 738              		.loc 1 536 1 is_stmt 0 view .LVU128
 739 000a 7047     		bx	lr
 740              	.L54:
 741              		.align	2
 742              	.L53:
 743 000c 00ED00E0 		.word	-536810240
 744              		.cfi_endproc
 745              	.LFE88:
 747              		.text
 748              	.Letext0:
 749              		.file 3 "/home/sru/.local/xPacks/arm-none-eabi-gcc/xpack-arm-none-eabi-gcc-14.2.1-1.1/arm-none-eab
 750              		.file 4 "/home/sru/.local/xPacks/arm-none-eabi-gcc/xpack-arm-none-eabi-gcc-14.2.1-1.1/arm-none-eab
 751              		.file 5 "Drivers/CMSIS/Include/core_cm3.h"
 752              		.file 6 "Drivers/CMSIS/Device/ST/STM32F2xx/Include/stm32f207xx.h"
 753              		.file 7 "Drivers/CMSIS/Device/ST/STM32F2xx/Include/stm32f2xx.h"
 754              		.file 8 "Drivers/STM32F2xx_HAL_Driver/Inc/stm32f2xx_hal_pwr.h"
ARM GAS  /tmp/ccXl4scm.s 			page 41


DEFINED SYMBOLS
                            *ABS*:00000000 stm32f2xx_hal_pwr.c
     /tmp/ccXl4scm.s:19     .text.HAL_PWR_DeInit:00000000 $t
     /tmp/ccXl4scm.s:25     .text.HAL_PWR_DeInit:00000000 HAL_PWR_DeInit
     /tmp/ccXl4scm.s:46     .text.HAL_PWR_DeInit:00000014 $d
     /tmp/ccXl4scm.s:51     .text.HAL_PWR_EnableBkUpAccess:00000000 $t
     /tmp/ccXl4scm.s:57     .text.HAL_PWR_EnableBkUpAccess:00000000 HAL_PWR_EnableBkUpAccess
     /tmp/ccXl4scm.s:99     .text.HAL_PWR_DisableBkUpAccess:00000000 $t
     /tmp/ccXl4scm.s:105    .text.HAL_PWR_DisableBkUpAccess:00000000 HAL_PWR_DisableBkUpAccess
     /tmp/ccXl4scm.s:146    .text.HAL_PWR_ConfigPVD:00000000 $t
     /tmp/ccXl4scm.s:152    .text.HAL_PWR_ConfigPVD:00000000 HAL_PWR_ConfigPVD
     /tmp/ccXl4scm.s:239    .text.HAL_PWR_ConfigPVD:0000007c $d
     /tmp/ccXl4scm.s:245    .text.HAL_PWR_EnablePVD:00000000 $t
     /tmp/ccXl4scm.s:251    .text.HAL_PWR_EnablePVD:00000000 HAL_PWR_EnablePVD
     /tmp/ccXl4scm.s:292    .text.HAL_PWR_DisablePVD:00000000 $t
     /tmp/ccXl4scm.s:298    .text.HAL_PWR_DisablePVD:00000000 HAL_PWR_DisablePVD
     /tmp/ccXl4scm.s:339    .text.HAL_PWR_EnableWakeUpPin:00000000 $t
     /tmp/ccXl4scm.s:345    .text.HAL_PWR_EnableWakeUpPin:00000000 HAL_PWR_EnableWakeUpPin
     /tmp/ccXl4scm.s:364    .text.HAL_PWR_EnableWakeUpPin:0000000c $d
     /tmp/ccXl4scm.s:369    .text.HAL_PWR_DisableWakeUpPin:00000000 $t
     /tmp/ccXl4scm.s:375    .text.HAL_PWR_DisableWakeUpPin:00000000 HAL_PWR_DisableWakeUpPin
     /tmp/ccXl4scm.s:394    .text.HAL_PWR_DisableWakeUpPin:0000000c $d
     /tmp/ccXl4scm.s:399    .text.HAL_PWR_EnterSLEEPMode:00000000 $t
     /tmp/ccXl4scm.s:405    .text.HAL_PWR_EnterSLEEPMode:00000000 HAL_PWR_EnterSLEEPMode
     /tmp/ccXl4scm.s:454    .text.HAL_PWR_EnterSLEEPMode:0000001c $d
     /tmp/ccXl4scm.s:459    .text.HAL_PWR_EnterSTOPMode:00000000 $t
     /tmp/ccXl4scm.s:465    .text.HAL_PWR_EnterSTOPMode:00000000 HAL_PWR_EnterSTOPMode
     /tmp/ccXl4scm.s:525    .text.HAL_PWR_EnterSTOPMode:00000030 $d
     /tmp/ccXl4scm.s:531    .text.HAL_PWR_EnterSTANDBYMode:00000000 $t
     /tmp/ccXl4scm.s:537    .text.HAL_PWR_EnterSTANDBYMode:00000000 HAL_PWR_EnterSTANDBYMode
     /tmp/ccXl4scm.s:566    .text.HAL_PWR_EnterSTANDBYMode:00000018 $d
     /tmp/ccXl4scm.s:572    .text.HAL_PWR_PVDCallback:00000000 $t
     /tmp/ccXl4scm.s:578    .text.HAL_PWR_PVDCallback:00000000 HAL_PWR_PVDCallback
     /tmp/ccXl4scm.s:591    .text.HAL_PWR_PVD_IRQHandler:00000000 $t
     /tmp/ccXl4scm.s:597    .text.HAL_PWR_PVD_IRQHandler:00000000 HAL_PWR_PVD_IRQHandler
     /tmp/ccXl4scm.s:631    .text.HAL_PWR_PVD_IRQHandler:0000001c $d
     /tmp/ccXl4scm.s:636    .text.HAL_PWR_EnableSleepOnExit:00000000 $t
     /tmp/ccXl4scm.s:642    .text.HAL_PWR_EnableSleepOnExit:00000000 HAL_PWR_EnableSleepOnExit
     /tmp/ccXl4scm.s:659    .text.HAL_PWR_EnableSleepOnExit:0000000c $d
     /tmp/ccXl4scm.s:664    .text.HAL_PWR_DisableSleepOnExit:00000000 $t
     /tmp/ccXl4scm.s:670    .text.HAL_PWR_DisableSleepOnExit:00000000 HAL_PWR_DisableSleepOnExit
     /tmp/ccXl4scm.s:687    .text.HAL_PWR_DisableSleepOnExit:0000000c $d
     /tmp/ccXl4scm.s:692    .text.HAL_PWR_EnableSEVOnPend:00000000 $t
     /tmp/ccXl4scm.s:698    .text.HAL_PWR_EnableSEVOnPend:00000000 HAL_PWR_EnableSEVOnPend
     /tmp/ccXl4scm.s:715    .text.HAL_PWR_EnableSEVOnPend:0000000c $d
     /tmp/ccXl4scm.s:720    .text.HAL_PWR_DisableSEVOnPend:00000000 $t
     /tmp/ccXl4scm.s:726    .text.HAL_PWR_DisableSEVOnPend:00000000 HAL_PWR_DisableSEVOnPend
     /tmp/ccXl4scm.s:743    .text.HAL_PWR_DisableSEVOnPend:0000000c $d

NO UNDEFINED SYMBOLS
