ARM GAS  /tmp/ccYz7cvi.s 			page 1


   1              		.cpu cortex-m3
   2              		.arch armv7-m
   3              		.fpu softvfp
   4              		.eabi_attribute 20, 1
   5              		.eabi_attribute 21, 1
   6              		.eabi_attribute 23, 3
   7              		.eabi_attribute 24, 1
   8              		.eabi_attribute 25, 1
   9              		.eabi_attribute 26, 1
  10              		.eabi_attribute 30, 1
  11              		.eabi_attribute 34, 1
  12              		.eabi_attribute 18, 4
  13              		.file	"stm32f2xx_hal_dma_ex.c"
  14              		.text
  15              	.Ltext0:
  16              		.cfi_sections	.debug_frame
  17              		.file 1 "Drivers/STM32F2xx_HAL_Driver/Src/stm32f2xx_hal_dma_ex.c"
  18              		.section	.text.DMA_MultiBufferSetConfig,"ax",%progbits
  19              		.align	1
  20              		.syntax unified
  21              		.thumb
  22              		.thumb_func
  24              	DMA_MultiBufferSetConfig:
  25              	.LVL0:
  26              	.LFB75:
   1:Drivers/STM32F2xx_HAL_Driver/Src/stm32f2xx_hal_dma_ex.c **** /**
   2:Drivers/STM32F2xx_HAL_Driver/Src/stm32f2xx_hal_dma_ex.c ****   ******************************************************************************
   3:Drivers/STM32F2xx_HAL_Driver/Src/stm32f2xx_hal_dma_ex.c ****   * @file    stm32f2xx_hal_dma_ex.c
   4:Drivers/STM32F2xx_HAL_Driver/Src/stm32f2xx_hal_dma_ex.c ****   * @author  MCD Application Team
   5:Drivers/STM32F2xx_HAL_Driver/Src/stm32f2xx_hal_dma_ex.c ****   * @brief   DMA Extension HAL module driver
   6:Drivers/STM32F2xx_HAL_Driver/Src/stm32f2xx_hal_dma_ex.c ****   *         This file provides firmware functions to manage the following 
   7:Drivers/STM32F2xx_HAL_Driver/Src/stm32f2xx_hal_dma_ex.c ****   *         functionalities of the DMA Extension peripheral:
   8:Drivers/STM32F2xx_HAL_Driver/Src/stm32f2xx_hal_dma_ex.c ****   *           + Extended features functions
   9:Drivers/STM32F2xx_HAL_Driver/Src/stm32f2xx_hal_dma_ex.c ****   *
  10:Drivers/STM32F2xx_HAL_Driver/Src/stm32f2xx_hal_dma_ex.c ****   ******************************************************************************
  11:Drivers/STM32F2xx_HAL_Driver/Src/stm32f2xx_hal_dma_ex.c ****   * @attention
  12:Drivers/STM32F2xx_HAL_Driver/Src/stm32f2xx_hal_dma_ex.c ****   *
  13:Drivers/STM32F2xx_HAL_Driver/Src/stm32f2xx_hal_dma_ex.c ****   * Copyright (c) 2016 STMicroelectronics.
  14:Drivers/STM32F2xx_HAL_Driver/Src/stm32f2xx_hal_dma_ex.c ****   * All rights reserved.
  15:Drivers/STM32F2xx_HAL_Driver/Src/stm32f2xx_hal_dma_ex.c ****   *
  16:Drivers/STM32F2xx_HAL_Driver/Src/stm32f2xx_hal_dma_ex.c ****   * This software is licensed under terms that can be found in the LICENSE file in
  17:Drivers/STM32F2xx_HAL_Driver/Src/stm32f2xx_hal_dma_ex.c ****   * the root directory of this software component.
  18:Drivers/STM32F2xx_HAL_Driver/Src/stm32f2xx_hal_dma_ex.c ****   * If no LICENSE file comes with this software, it is provided AS-IS.
  19:Drivers/STM32F2xx_HAL_Driver/Src/stm32f2xx_hal_dma_ex.c ****   *
  20:Drivers/STM32F2xx_HAL_Driver/Src/stm32f2xx_hal_dma_ex.c ****   ******************************************************************************
  21:Drivers/STM32F2xx_HAL_Driver/Src/stm32f2xx_hal_dma_ex.c ****   @verbatim
  22:Drivers/STM32F2xx_HAL_Driver/Src/stm32f2xx_hal_dma_ex.c ****   ==============================================================================
  23:Drivers/STM32F2xx_HAL_Driver/Src/stm32f2xx_hal_dma_ex.c ****                         ##### How to use this driver #####
  24:Drivers/STM32F2xx_HAL_Driver/Src/stm32f2xx_hal_dma_ex.c ****   ==============================================================================
  25:Drivers/STM32F2xx_HAL_Driver/Src/stm32f2xx_hal_dma_ex.c ****   [..]
  26:Drivers/STM32F2xx_HAL_Driver/Src/stm32f2xx_hal_dma_ex.c ****   The DMA Extension HAL driver can be used as follows:
  27:Drivers/STM32F2xx_HAL_Driver/Src/stm32f2xx_hal_dma_ex.c ****    (#) Start a multi buffer transfer using the HAL_DMA_MultiBufferStart() function
  28:Drivers/STM32F2xx_HAL_Driver/Src/stm32f2xx_hal_dma_ex.c ****        for polling mode or HAL_DMA_MultiBufferStart_IT() for interrupt mode.
  29:Drivers/STM32F2xx_HAL_Driver/Src/stm32f2xx_hal_dma_ex.c ****                    
  30:Drivers/STM32F2xx_HAL_Driver/Src/stm32f2xx_hal_dma_ex.c ****      -@-  In Memory-to-Memory transfer mode, Multi (Double) Buffer mode is not allowed.
  31:Drivers/STM32F2xx_HAL_Driver/Src/stm32f2xx_hal_dma_ex.c ****      -@-  When Multi (Double) Buffer mode is enabled the, transfer is circular by default.
  32:Drivers/STM32F2xx_HAL_Driver/Src/stm32f2xx_hal_dma_ex.c ****      -@-  In Multi (Double) buffer mode, it is possible to update the base address for 
ARM GAS  /tmp/ccYz7cvi.s 			page 2


  33:Drivers/STM32F2xx_HAL_Driver/Src/stm32f2xx_hal_dma_ex.c ****           the AHB memory port on the fly (DMA_SxM0AR or DMA_SxM1AR) when the stream is enabled. 
  34:Drivers/STM32F2xx_HAL_Driver/Src/stm32f2xx_hal_dma_ex.c ****   
  35:Drivers/STM32F2xx_HAL_Driver/Src/stm32f2xx_hal_dma_ex.c ****   @endverbatim
  36:Drivers/STM32F2xx_HAL_Driver/Src/stm32f2xx_hal_dma_ex.c ****   ******************************************************************************
  37:Drivers/STM32F2xx_HAL_Driver/Src/stm32f2xx_hal_dma_ex.c ****   */
  38:Drivers/STM32F2xx_HAL_Driver/Src/stm32f2xx_hal_dma_ex.c **** 
  39:Drivers/STM32F2xx_HAL_Driver/Src/stm32f2xx_hal_dma_ex.c **** /* Includes ------------------------------------------------------------------*/
  40:Drivers/STM32F2xx_HAL_Driver/Src/stm32f2xx_hal_dma_ex.c **** #include "stm32f2xx_hal.h"
  41:Drivers/STM32F2xx_HAL_Driver/Src/stm32f2xx_hal_dma_ex.c **** 
  42:Drivers/STM32F2xx_HAL_Driver/Src/stm32f2xx_hal_dma_ex.c **** /** @addtogroup STM32F2xx_HAL_Driver
  43:Drivers/STM32F2xx_HAL_Driver/Src/stm32f2xx_hal_dma_ex.c ****   * @{
  44:Drivers/STM32F2xx_HAL_Driver/Src/stm32f2xx_hal_dma_ex.c ****   */
  45:Drivers/STM32F2xx_HAL_Driver/Src/stm32f2xx_hal_dma_ex.c **** 
  46:Drivers/STM32F2xx_HAL_Driver/Src/stm32f2xx_hal_dma_ex.c **** /** @defgroup DMAEx DMAEx
  47:Drivers/STM32F2xx_HAL_Driver/Src/stm32f2xx_hal_dma_ex.c ****   * @brief DMA Extended HAL module driver
  48:Drivers/STM32F2xx_HAL_Driver/Src/stm32f2xx_hal_dma_ex.c ****   * @{
  49:Drivers/STM32F2xx_HAL_Driver/Src/stm32f2xx_hal_dma_ex.c ****   */
  50:Drivers/STM32F2xx_HAL_Driver/Src/stm32f2xx_hal_dma_ex.c **** 
  51:Drivers/STM32F2xx_HAL_Driver/Src/stm32f2xx_hal_dma_ex.c **** #ifdef HAL_DMA_MODULE_ENABLED
  52:Drivers/STM32F2xx_HAL_Driver/Src/stm32f2xx_hal_dma_ex.c **** 
  53:Drivers/STM32F2xx_HAL_Driver/Src/stm32f2xx_hal_dma_ex.c **** /* Private types -------------------------------------------------------------*/
  54:Drivers/STM32F2xx_HAL_Driver/Src/stm32f2xx_hal_dma_ex.c **** /* Private variables ---------------------------------------------------------*/
  55:Drivers/STM32F2xx_HAL_Driver/Src/stm32f2xx_hal_dma_ex.c **** /* Private Constants ---------------------------------------------------------*/
  56:Drivers/STM32F2xx_HAL_Driver/Src/stm32f2xx_hal_dma_ex.c **** /* Private macros ------------------------------------------------------------*/
  57:Drivers/STM32F2xx_HAL_Driver/Src/stm32f2xx_hal_dma_ex.c **** /* Private functions ---------------------------------------------------------*/
  58:Drivers/STM32F2xx_HAL_Driver/Src/stm32f2xx_hal_dma_ex.c **** /** @addtogroup DMAEx_Private_Functions
  59:Drivers/STM32F2xx_HAL_Driver/Src/stm32f2xx_hal_dma_ex.c ****   * @{
  60:Drivers/STM32F2xx_HAL_Driver/Src/stm32f2xx_hal_dma_ex.c ****   */
  61:Drivers/STM32F2xx_HAL_Driver/Src/stm32f2xx_hal_dma_ex.c **** static void DMA_MultiBufferSetConfig(DMA_HandleTypeDef *hdma, uint32_t SrcAddress, uint32_t DstAddr
  62:Drivers/STM32F2xx_HAL_Driver/Src/stm32f2xx_hal_dma_ex.c **** /**
  63:Drivers/STM32F2xx_HAL_Driver/Src/stm32f2xx_hal_dma_ex.c ****   * @}
  64:Drivers/STM32F2xx_HAL_Driver/Src/stm32f2xx_hal_dma_ex.c ****   */
  65:Drivers/STM32F2xx_HAL_Driver/Src/stm32f2xx_hal_dma_ex.c **** 
  66:Drivers/STM32F2xx_HAL_Driver/Src/stm32f2xx_hal_dma_ex.c **** /* Exported functions ---------------------------------------------------------*/
  67:Drivers/STM32F2xx_HAL_Driver/Src/stm32f2xx_hal_dma_ex.c **** 
  68:Drivers/STM32F2xx_HAL_Driver/Src/stm32f2xx_hal_dma_ex.c **** /** @addtogroup DMAEx_Exported_Functions
  69:Drivers/STM32F2xx_HAL_Driver/Src/stm32f2xx_hal_dma_ex.c ****   * @{
  70:Drivers/STM32F2xx_HAL_Driver/Src/stm32f2xx_hal_dma_ex.c ****   */
  71:Drivers/STM32F2xx_HAL_Driver/Src/stm32f2xx_hal_dma_ex.c **** 
  72:Drivers/STM32F2xx_HAL_Driver/Src/stm32f2xx_hal_dma_ex.c **** 
  73:Drivers/STM32F2xx_HAL_Driver/Src/stm32f2xx_hal_dma_ex.c **** /** @addtogroup DMAEx_Exported_Functions_Group1
  74:Drivers/STM32F2xx_HAL_Driver/Src/stm32f2xx_hal_dma_ex.c ****   *
  75:Drivers/STM32F2xx_HAL_Driver/Src/stm32f2xx_hal_dma_ex.c **** @verbatim   
  76:Drivers/STM32F2xx_HAL_Driver/Src/stm32f2xx_hal_dma_ex.c ****  ===============================================================================
  77:Drivers/STM32F2xx_HAL_Driver/Src/stm32f2xx_hal_dma_ex.c ****                 #####  Extended features functions  #####
  78:Drivers/STM32F2xx_HAL_Driver/Src/stm32f2xx_hal_dma_ex.c ****  ===============================================================================  
  79:Drivers/STM32F2xx_HAL_Driver/Src/stm32f2xx_hal_dma_ex.c ****     [..]  This section provides functions allowing to:
  80:Drivers/STM32F2xx_HAL_Driver/Src/stm32f2xx_hal_dma_ex.c ****       (+) Configure the source, destination address and data length and 
  81:Drivers/STM32F2xx_HAL_Driver/Src/stm32f2xx_hal_dma_ex.c ****           Start MultiBuffer DMA transfer
  82:Drivers/STM32F2xx_HAL_Driver/Src/stm32f2xx_hal_dma_ex.c ****       (+) Configure the source, destination address and data length and 
  83:Drivers/STM32F2xx_HAL_Driver/Src/stm32f2xx_hal_dma_ex.c ****           Start MultiBuffer DMA transfer with interrupt
  84:Drivers/STM32F2xx_HAL_Driver/Src/stm32f2xx_hal_dma_ex.c ****       (+) Change on the fly the memory0 or memory1 address.
  85:Drivers/STM32F2xx_HAL_Driver/Src/stm32f2xx_hal_dma_ex.c ****       
  86:Drivers/STM32F2xx_HAL_Driver/Src/stm32f2xx_hal_dma_ex.c **** @endverbatim
  87:Drivers/STM32F2xx_HAL_Driver/Src/stm32f2xx_hal_dma_ex.c ****   * @{
  88:Drivers/STM32F2xx_HAL_Driver/Src/stm32f2xx_hal_dma_ex.c ****   */
  89:Drivers/STM32F2xx_HAL_Driver/Src/stm32f2xx_hal_dma_ex.c **** 
ARM GAS  /tmp/ccYz7cvi.s 			page 3


  90:Drivers/STM32F2xx_HAL_Driver/Src/stm32f2xx_hal_dma_ex.c **** 
  91:Drivers/STM32F2xx_HAL_Driver/Src/stm32f2xx_hal_dma_ex.c **** /**
  92:Drivers/STM32F2xx_HAL_Driver/Src/stm32f2xx_hal_dma_ex.c ****   * @brief  Starts the multi_buffer DMA Transfer.
  93:Drivers/STM32F2xx_HAL_Driver/Src/stm32f2xx_hal_dma_ex.c ****   * @param  hdma pointer to a DMA_HandleTypeDef structure that contains
  94:Drivers/STM32F2xx_HAL_Driver/Src/stm32f2xx_hal_dma_ex.c ****   *              the configuration information for the specified DMA Stream.  
  95:Drivers/STM32F2xx_HAL_Driver/Src/stm32f2xx_hal_dma_ex.c ****   * @param  SrcAddress The source memory Buffer address
  96:Drivers/STM32F2xx_HAL_Driver/Src/stm32f2xx_hal_dma_ex.c ****   * @param  DstAddress The destination memory Buffer address
  97:Drivers/STM32F2xx_HAL_Driver/Src/stm32f2xx_hal_dma_ex.c ****   * @param  SecondMemAddress The second memory Buffer address in case of multi buffer Transfer  
  98:Drivers/STM32F2xx_HAL_Driver/Src/stm32f2xx_hal_dma_ex.c ****   * @param  DataLength The length of data to be transferred from source to destination
  99:Drivers/STM32F2xx_HAL_Driver/Src/stm32f2xx_hal_dma_ex.c ****   * @retval HAL status
 100:Drivers/STM32F2xx_HAL_Driver/Src/stm32f2xx_hal_dma_ex.c ****   */
 101:Drivers/STM32F2xx_HAL_Driver/Src/stm32f2xx_hal_dma_ex.c **** HAL_StatusTypeDef HAL_DMAEx_MultiBufferStart(DMA_HandleTypeDef *hdma, uint32_t SrcAddress, uint32_t
 102:Drivers/STM32F2xx_HAL_Driver/Src/stm32f2xx_hal_dma_ex.c **** {
 103:Drivers/STM32F2xx_HAL_Driver/Src/stm32f2xx_hal_dma_ex.c ****   HAL_StatusTypeDef status = HAL_OK;
 104:Drivers/STM32F2xx_HAL_Driver/Src/stm32f2xx_hal_dma_ex.c ****   
 105:Drivers/STM32F2xx_HAL_Driver/Src/stm32f2xx_hal_dma_ex.c ****   /* Check the parameters */
 106:Drivers/STM32F2xx_HAL_Driver/Src/stm32f2xx_hal_dma_ex.c ****   assert_param(IS_DMA_BUFFER_SIZE(DataLength));
 107:Drivers/STM32F2xx_HAL_Driver/Src/stm32f2xx_hal_dma_ex.c ****   
 108:Drivers/STM32F2xx_HAL_Driver/Src/stm32f2xx_hal_dma_ex.c ****   /* Memory-to-memory transfer not supported in double buffering mode */
 109:Drivers/STM32F2xx_HAL_Driver/Src/stm32f2xx_hal_dma_ex.c ****   if (hdma->Init.Direction == DMA_MEMORY_TO_MEMORY)
 110:Drivers/STM32F2xx_HAL_Driver/Src/stm32f2xx_hal_dma_ex.c ****   {
 111:Drivers/STM32F2xx_HAL_Driver/Src/stm32f2xx_hal_dma_ex.c ****     hdma->ErrorCode = HAL_DMA_ERROR_NOT_SUPPORTED;
 112:Drivers/STM32F2xx_HAL_Driver/Src/stm32f2xx_hal_dma_ex.c ****     status = HAL_ERROR;
 113:Drivers/STM32F2xx_HAL_Driver/Src/stm32f2xx_hal_dma_ex.c ****   }
 114:Drivers/STM32F2xx_HAL_Driver/Src/stm32f2xx_hal_dma_ex.c ****   else
 115:Drivers/STM32F2xx_HAL_Driver/Src/stm32f2xx_hal_dma_ex.c ****   {
 116:Drivers/STM32F2xx_HAL_Driver/Src/stm32f2xx_hal_dma_ex.c ****     /* Process Locked */
 117:Drivers/STM32F2xx_HAL_Driver/Src/stm32f2xx_hal_dma_ex.c ****     __HAL_LOCK(hdma);
 118:Drivers/STM32F2xx_HAL_Driver/Src/stm32f2xx_hal_dma_ex.c ****     
 119:Drivers/STM32F2xx_HAL_Driver/Src/stm32f2xx_hal_dma_ex.c ****     if(HAL_DMA_STATE_READY == hdma->State)
 120:Drivers/STM32F2xx_HAL_Driver/Src/stm32f2xx_hal_dma_ex.c ****     {
 121:Drivers/STM32F2xx_HAL_Driver/Src/stm32f2xx_hal_dma_ex.c ****       /* Change DMA peripheral state */
 122:Drivers/STM32F2xx_HAL_Driver/Src/stm32f2xx_hal_dma_ex.c ****       hdma->State = HAL_DMA_STATE_BUSY; 
 123:Drivers/STM32F2xx_HAL_Driver/Src/stm32f2xx_hal_dma_ex.c ****       
 124:Drivers/STM32F2xx_HAL_Driver/Src/stm32f2xx_hal_dma_ex.c ****       /* Enable the double buffer mode */
 125:Drivers/STM32F2xx_HAL_Driver/Src/stm32f2xx_hal_dma_ex.c ****       hdma->Instance->CR |= (uint32_t)DMA_SxCR_DBM;
 126:Drivers/STM32F2xx_HAL_Driver/Src/stm32f2xx_hal_dma_ex.c ****       
 127:Drivers/STM32F2xx_HAL_Driver/Src/stm32f2xx_hal_dma_ex.c ****       /* Configure DMA Stream destination address */
 128:Drivers/STM32F2xx_HAL_Driver/Src/stm32f2xx_hal_dma_ex.c ****       hdma->Instance->M1AR = SecondMemAddress;
 129:Drivers/STM32F2xx_HAL_Driver/Src/stm32f2xx_hal_dma_ex.c ****       
 130:Drivers/STM32F2xx_HAL_Driver/Src/stm32f2xx_hal_dma_ex.c ****       /* Configure the source, destination address and the data length */
 131:Drivers/STM32F2xx_HAL_Driver/Src/stm32f2xx_hal_dma_ex.c ****       DMA_MultiBufferSetConfig(hdma, SrcAddress, DstAddress, DataLength);
 132:Drivers/STM32F2xx_HAL_Driver/Src/stm32f2xx_hal_dma_ex.c ****       
 133:Drivers/STM32F2xx_HAL_Driver/Src/stm32f2xx_hal_dma_ex.c ****       /* Enable the peripheral */
 134:Drivers/STM32F2xx_HAL_Driver/Src/stm32f2xx_hal_dma_ex.c ****       __HAL_DMA_ENABLE(hdma);
 135:Drivers/STM32F2xx_HAL_Driver/Src/stm32f2xx_hal_dma_ex.c ****     }
 136:Drivers/STM32F2xx_HAL_Driver/Src/stm32f2xx_hal_dma_ex.c ****     else
 137:Drivers/STM32F2xx_HAL_Driver/Src/stm32f2xx_hal_dma_ex.c ****     {
 138:Drivers/STM32F2xx_HAL_Driver/Src/stm32f2xx_hal_dma_ex.c ****       /* Return error status */
 139:Drivers/STM32F2xx_HAL_Driver/Src/stm32f2xx_hal_dma_ex.c ****       status = HAL_BUSY;
 140:Drivers/STM32F2xx_HAL_Driver/Src/stm32f2xx_hal_dma_ex.c ****     }
 141:Drivers/STM32F2xx_HAL_Driver/Src/stm32f2xx_hal_dma_ex.c ****   }
 142:Drivers/STM32F2xx_HAL_Driver/Src/stm32f2xx_hal_dma_ex.c ****   return status;
 143:Drivers/STM32F2xx_HAL_Driver/Src/stm32f2xx_hal_dma_ex.c **** }
 144:Drivers/STM32F2xx_HAL_Driver/Src/stm32f2xx_hal_dma_ex.c **** 
 145:Drivers/STM32F2xx_HAL_Driver/Src/stm32f2xx_hal_dma_ex.c **** /**
 146:Drivers/STM32F2xx_HAL_Driver/Src/stm32f2xx_hal_dma_ex.c ****   * @brief  Starts the multi_buffer DMA Transfer with interrupt enabled.
ARM GAS  /tmp/ccYz7cvi.s 			page 4


 147:Drivers/STM32F2xx_HAL_Driver/Src/stm32f2xx_hal_dma_ex.c ****   * @param  hdma       pointer to a DMA_HandleTypeDef structure that contains
 148:Drivers/STM32F2xx_HAL_Driver/Src/stm32f2xx_hal_dma_ex.c ****   *                     the configuration information for the specified DMA Stream.  
 149:Drivers/STM32F2xx_HAL_Driver/Src/stm32f2xx_hal_dma_ex.c ****   * @param  SrcAddress The source memory Buffer address
 150:Drivers/STM32F2xx_HAL_Driver/Src/stm32f2xx_hal_dma_ex.c ****   * @param  DstAddress The destination memory Buffer address
 151:Drivers/STM32F2xx_HAL_Driver/Src/stm32f2xx_hal_dma_ex.c ****   * @param  SecondMemAddress The second memory Buffer address in case of multi buffer Transfer  
 152:Drivers/STM32F2xx_HAL_Driver/Src/stm32f2xx_hal_dma_ex.c ****   * @param  DataLength The length of data to be transferred from source to destination
 153:Drivers/STM32F2xx_HAL_Driver/Src/stm32f2xx_hal_dma_ex.c ****   * @retval HAL status
 154:Drivers/STM32F2xx_HAL_Driver/Src/stm32f2xx_hal_dma_ex.c ****   */
 155:Drivers/STM32F2xx_HAL_Driver/Src/stm32f2xx_hal_dma_ex.c **** HAL_StatusTypeDef HAL_DMAEx_MultiBufferStart_IT(DMA_HandleTypeDef *hdma, uint32_t SrcAddress, uint3
 156:Drivers/STM32F2xx_HAL_Driver/Src/stm32f2xx_hal_dma_ex.c **** {
 157:Drivers/STM32F2xx_HAL_Driver/Src/stm32f2xx_hal_dma_ex.c ****   HAL_StatusTypeDef status = HAL_OK;
 158:Drivers/STM32F2xx_HAL_Driver/Src/stm32f2xx_hal_dma_ex.c ****   
 159:Drivers/STM32F2xx_HAL_Driver/Src/stm32f2xx_hal_dma_ex.c ****   /* Check the parameters */
 160:Drivers/STM32F2xx_HAL_Driver/Src/stm32f2xx_hal_dma_ex.c ****   assert_param(IS_DMA_BUFFER_SIZE(DataLength));
 161:Drivers/STM32F2xx_HAL_Driver/Src/stm32f2xx_hal_dma_ex.c ****   
 162:Drivers/STM32F2xx_HAL_Driver/Src/stm32f2xx_hal_dma_ex.c ****   /* Memory-to-memory transfer not supported in double buffering mode */
 163:Drivers/STM32F2xx_HAL_Driver/Src/stm32f2xx_hal_dma_ex.c ****   if (hdma->Init.Direction == DMA_MEMORY_TO_MEMORY)
 164:Drivers/STM32F2xx_HAL_Driver/Src/stm32f2xx_hal_dma_ex.c ****   {
 165:Drivers/STM32F2xx_HAL_Driver/Src/stm32f2xx_hal_dma_ex.c ****     hdma->ErrorCode = HAL_DMA_ERROR_NOT_SUPPORTED;
 166:Drivers/STM32F2xx_HAL_Driver/Src/stm32f2xx_hal_dma_ex.c ****     return HAL_ERROR;
 167:Drivers/STM32F2xx_HAL_Driver/Src/stm32f2xx_hal_dma_ex.c ****   }
 168:Drivers/STM32F2xx_HAL_Driver/Src/stm32f2xx_hal_dma_ex.c ****   
 169:Drivers/STM32F2xx_HAL_Driver/Src/stm32f2xx_hal_dma_ex.c ****   /* Check callback functions */
 170:Drivers/STM32F2xx_HAL_Driver/Src/stm32f2xx_hal_dma_ex.c ****   if ((NULL == hdma->XferCpltCallback) || (NULL == hdma->XferM1CpltCallback) || (NULL == hdma->Xfer
 171:Drivers/STM32F2xx_HAL_Driver/Src/stm32f2xx_hal_dma_ex.c ****   {
 172:Drivers/STM32F2xx_HAL_Driver/Src/stm32f2xx_hal_dma_ex.c ****     hdma->ErrorCode = HAL_DMA_ERROR_PARAM;
 173:Drivers/STM32F2xx_HAL_Driver/Src/stm32f2xx_hal_dma_ex.c ****     return HAL_ERROR;
 174:Drivers/STM32F2xx_HAL_Driver/Src/stm32f2xx_hal_dma_ex.c ****   }
 175:Drivers/STM32F2xx_HAL_Driver/Src/stm32f2xx_hal_dma_ex.c ****   
 176:Drivers/STM32F2xx_HAL_Driver/Src/stm32f2xx_hal_dma_ex.c ****   /* Process locked */
 177:Drivers/STM32F2xx_HAL_Driver/Src/stm32f2xx_hal_dma_ex.c ****   __HAL_LOCK(hdma);
 178:Drivers/STM32F2xx_HAL_Driver/Src/stm32f2xx_hal_dma_ex.c ****   
 179:Drivers/STM32F2xx_HAL_Driver/Src/stm32f2xx_hal_dma_ex.c ****   if(HAL_DMA_STATE_READY == hdma->State)
 180:Drivers/STM32F2xx_HAL_Driver/Src/stm32f2xx_hal_dma_ex.c ****   {
 181:Drivers/STM32F2xx_HAL_Driver/Src/stm32f2xx_hal_dma_ex.c ****     /* Change DMA peripheral state */
 182:Drivers/STM32F2xx_HAL_Driver/Src/stm32f2xx_hal_dma_ex.c ****     hdma->State = HAL_DMA_STATE_BUSY;
 183:Drivers/STM32F2xx_HAL_Driver/Src/stm32f2xx_hal_dma_ex.c ****     
 184:Drivers/STM32F2xx_HAL_Driver/Src/stm32f2xx_hal_dma_ex.c ****     /* Initialize the error code */
 185:Drivers/STM32F2xx_HAL_Driver/Src/stm32f2xx_hal_dma_ex.c ****     hdma->ErrorCode = HAL_DMA_ERROR_NONE;
 186:Drivers/STM32F2xx_HAL_Driver/Src/stm32f2xx_hal_dma_ex.c ****     
 187:Drivers/STM32F2xx_HAL_Driver/Src/stm32f2xx_hal_dma_ex.c ****     /* Enable the Double buffer mode */
 188:Drivers/STM32F2xx_HAL_Driver/Src/stm32f2xx_hal_dma_ex.c ****     hdma->Instance->CR |= (uint32_t)DMA_SxCR_DBM;
 189:Drivers/STM32F2xx_HAL_Driver/Src/stm32f2xx_hal_dma_ex.c ****     
 190:Drivers/STM32F2xx_HAL_Driver/Src/stm32f2xx_hal_dma_ex.c ****     /* Configure DMA Stream destination address */
 191:Drivers/STM32F2xx_HAL_Driver/Src/stm32f2xx_hal_dma_ex.c ****     hdma->Instance->M1AR = SecondMemAddress;
 192:Drivers/STM32F2xx_HAL_Driver/Src/stm32f2xx_hal_dma_ex.c ****     
 193:Drivers/STM32F2xx_HAL_Driver/Src/stm32f2xx_hal_dma_ex.c ****     /* Configure the source, destination address and the data length */
 194:Drivers/STM32F2xx_HAL_Driver/Src/stm32f2xx_hal_dma_ex.c ****     DMA_MultiBufferSetConfig(hdma, SrcAddress, DstAddress, DataLength); 
 195:Drivers/STM32F2xx_HAL_Driver/Src/stm32f2xx_hal_dma_ex.c ****     
 196:Drivers/STM32F2xx_HAL_Driver/Src/stm32f2xx_hal_dma_ex.c ****     /* Clear all flags */
 197:Drivers/STM32F2xx_HAL_Driver/Src/stm32f2xx_hal_dma_ex.c ****     __HAL_DMA_CLEAR_FLAG (hdma, __HAL_DMA_GET_TC_FLAG_INDEX(hdma));
 198:Drivers/STM32F2xx_HAL_Driver/Src/stm32f2xx_hal_dma_ex.c ****     __HAL_DMA_CLEAR_FLAG (hdma, __HAL_DMA_GET_HT_FLAG_INDEX(hdma));
 199:Drivers/STM32F2xx_HAL_Driver/Src/stm32f2xx_hal_dma_ex.c ****     __HAL_DMA_CLEAR_FLAG (hdma, __HAL_DMA_GET_TE_FLAG_INDEX(hdma));
 200:Drivers/STM32F2xx_HAL_Driver/Src/stm32f2xx_hal_dma_ex.c ****     __HAL_DMA_CLEAR_FLAG (hdma, __HAL_DMA_GET_DME_FLAG_INDEX(hdma));
 201:Drivers/STM32F2xx_HAL_Driver/Src/stm32f2xx_hal_dma_ex.c ****     __HAL_DMA_CLEAR_FLAG (hdma, __HAL_DMA_GET_FE_FLAG_INDEX(hdma));
 202:Drivers/STM32F2xx_HAL_Driver/Src/stm32f2xx_hal_dma_ex.c **** 
 203:Drivers/STM32F2xx_HAL_Driver/Src/stm32f2xx_hal_dma_ex.c ****     /* Enable Common interrupts*/
ARM GAS  /tmp/ccYz7cvi.s 			page 5


 204:Drivers/STM32F2xx_HAL_Driver/Src/stm32f2xx_hal_dma_ex.c ****     hdma->Instance->CR  |= DMA_IT_TC | DMA_IT_TE | DMA_IT_DME;
 205:Drivers/STM32F2xx_HAL_Driver/Src/stm32f2xx_hal_dma_ex.c ****     hdma->Instance->FCR |= DMA_IT_FE;
 206:Drivers/STM32F2xx_HAL_Driver/Src/stm32f2xx_hal_dma_ex.c ****     
 207:Drivers/STM32F2xx_HAL_Driver/Src/stm32f2xx_hal_dma_ex.c ****     if((hdma->XferHalfCpltCallback != NULL) || (hdma->XferM1HalfCpltCallback != NULL))
 208:Drivers/STM32F2xx_HAL_Driver/Src/stm32f2xx_hal_dma_ex.c ****     {
 209:Drivers/STM32F2xx_HAL_Driver/Src/stm32f2xx_hal_dma_ex.c ****       hdma->Instance->CR  |= DMA_IT_HT;
 210:Drivers/STM32F2xx_HAL_Driver/Src/stm32f2xx_hal_dma_ex.c ****     }
 211:Drivers/STM32F2xx_HAL_Driver/Src/stm32f2xx_hal_dma_ex.c ****     
 212:Drivers/STM32F2xx_HAL_Driver/Src/stm32f2xx_hal_dma_ex.c ****     /* Enable the peripheral */
 213:Drivers/STM32F2xx_HAL_Driver/Src/stm32f2xx_hal_dma_ex.c ****     __HAL_DMA_ENABLE(hdma); 
 214:Drivers/STM32F2xx_HAL_Driver/Src/stm32f2xx_hal_dma_ex.c ****   }
 215:Drivers/STM32F2xx_HAL_Driver/Src/stm32f2xx_hal_dma_ex.c ****   else
 216:Drivers/STM32F2xx_HAL_Driver/Src/stm32f2xx_hal_dma_ex.c ****   {     
 217:Drivers/STM32F2xx_HAL_Driver/Src/stm32f2xx_hal_dma_ex.c ****     /* Process unlocked */
 218:Drivers/STM32F2xx_HAL_Driver/Src/stm32f2xx_hal_dma_ex.c ****     __HAL_UNLOCK(hdma);	  
 219:Drivers/STM32F2xx_HAL_Driver/Src/stm32f2xx_hal_dma_ex.c ****     
 220:Drivers/STM32F2xx_HAL_Driver/Src/stm32f2xx_hal_dma_ex.c ****     /* Return error status */
 221:Drivers/STM32F2xx_HAL_Driver/Src/stm32f2xx_hal_dma_ex.c ****     status = HAL_BUSY;
 222:Drivers/STM32F2xx_HAL_Driver/Src/stm32f2xx_hal_dma_ex.c ****   }  
 223:Drivers/STM32F2xx_HAL_Driver/Src/stm32f2xx_hal_dma_ex.c ****   return status; 
 224:Drivers/STM32F2xx_HAL_Driver/Src/stm32f2xx_hal_dma_ex.c **** }
 225:Drivers/STM32F2xx_HAL_Driver/Src/stm32f2xx_hal_dma_ex.c **** 
 226:Drivers/STM32F2xx_HAL_Driver/Src/stm32f2xx_hal_dma_ex.c **** /**
 227:Drivers/STM32F2xx_HAL_Driver/Src/stm32f2xx_hal_dma_ex.c ****   * @brief  Change the memory0 or memory1 address on the fly.
 228:Drivers/STM32F2xx_HAL_Driver/Src/stm32f2xx_hal_dma_ex.c ****   * @param  hdma       pointer to a DMA_HandleTypeDef structure that contains
 229:Drivers/STM32F2xx_HAL_Driver/Src/stm32f2xx_hal_dma_ex.c ****   *                     the configuration information for the specified DMA Stream.  
 230:Drivers/STM32F2xx_HAL_Driver/Src/stm32f2xx_hal_dma_ex.c ****   * @param  Address    The new address
 231:Drivers/STM32F2xx_HAL_Driver/Src/stm32f2xx_hal_dma_ex.c ****   * @param  memory     the memory to be changed, This parameter can be one of 
 232:Drivers/STM32F2xx_HAL_Driver/Src/stm32f2xx_hal_dma_ex.c ****   *                     the following values:
 233:Drivers/STM32F2xx_HAL_Driver/Src/stm32f2xx_hal_dma_ex.c ****   *                      MEMORY0 /
 234:Drivers/STM32F2xx_HAL_Driver/Src/stm32f2xx_hal_dma_ex.c ****   *                      MEMORY1
 235:Drivers/STM32F2xx_HAL_Driver/Src/stm32f2xx_hal_dma_ex.c ****   * @note   The MEMORY0 address can be changed only when the current transfer use
 236:Drivers/STM32F2xx_HAL_Driver/Src/stm32f2xx_hal_dma_ex.c ****   *         MEMORY1 and the MEMORY1 address can be changed only when the current 
 237:Drivers/STM32F2xx_HAL_Driver/Src/stm32f2xx_hal_dma_ex.c ****   *         transfer use MEMORY0.
 238:Drivers/STM32F2xx_HAL_Driver/Src/stm32f2xx_hal_dma_ex.c ****   * @retval HAL status
 239:Drivers/STM32F2xx_HAL_Driver/Src/stm32f2xx_hal_dma_ex.c ****   */
 240:Drivers/STM32F2xx_HAL_Driver/Src/stm32f2xx_hal_dma_ex.c **** HAL_StatusTypeDef HAL_DMAEx_ChangeMemory(DMA_HandleTypeDef *hdma, uint32_t Address, HAL_DMA_MemoryT
 241:Drivers/STM32F2xx_HAL_Driver/Src/stm32f2xx_hal_dma_ex.c **** {
 242:Drivers/STM32F2xx_HAL_Driver/Src/stm32f2xx_hal_dma_ex.c ****   if(memory == MEMORY0)
 243:Drivers/STM32F2xx_HAL_Driver/Src/stm32f2xx_hal_dma_ex.c ****   {
 244:Drivers/STM32F2xx_HAL_Driver/Src/stm32f2xx_hal_dma_ex.c ****     /* change the memory0 address */
 245:Drivers/STM32F2xx_HAL_Driver/Src/stm32f2xx_hal_dma_ex.c ****     hdma->Instance->M0AR = Address;
 246:Drivers/STM32F2xx_HAL_Driver/Src/stm32f2xx_hal_dma_ex.c ****   }
 247:Drivers/STM32F2xx_HAL_Driver/Src/stm32f2xx_hal_dma_ex.c ****   else
 248:Drivers/STM32F2xx_HAL_Driver/Src/stm32f2xx_hal_dma_ex.c ****   {
 249:Drivers/STM32F2xx_HAL_Driver/Src/stm32f2xx_hal_dma_ex.c ****     /* change the memory1 address */
 250:Drivers/STM32F2xx_HAL_Driver/Src/stm32f2xx_hal_dma_ex.c ****     hdma->Instance->M1AR = Address;
 251:Drivers/STM32F2xx_HAL_Driver/Src/stm32f2xx_hal_dma_ex.c ****   }
 252:Drivers/STM32F2xx_HAL_Driver/Src/stm32f2xx_hal_dma_ex.c **** 
 253:Drivers/STM32F2xx_HAL_Driver/Src/stm32f2xx_hal_dma_ex.c ****   return HAL_OK;
 254:Drivers/STM32F2xx_HAL_Driver/Src/stm32f2xx_hal_dma_ex.c **** }
 255:Drivers/STM32F2xx_HAL_Driver/Src/stm32f2xx_hal_dma_ex.c **** 
 256:Drivers/STM32F2xx_HAL_Driver/Src/stm32f2xx_hal_dma_ex.c **** /**
 257:Drivers/STM32F2xx_HAL_Driver/Src/stm32f2xx_hal_dma_ex.c ****   * @}
 258:Drivers/STM32F2xx_HAL_Driver/Src/stm32f2xx_hal_dma_ex.c ****   */
 259:Drivers/STM32F2xx_HAL_Driver/Src/stm32f2xx_hal_dma_ex.c **** 
 260:Drivers/STM32F2xx_HAL_Driver/Src/stm32f2xx_hal_dma_ex.c **** /**
ARM GAS  /tmp/ccYz7cvi.s 			page 6


 261:Drivers/STM32F2xx_HAL_Driver/Src/stm32f2xx_hal_dma_ex.c ****   * @}
 262:Drivers/STM32F2xx_HAL_Driver/Src/stm32f2xx_hal_dma_ex.c ****   */
 263:Drivers/STM32F2xx_HAL_Driver/Src/stm32f2xx_hal_dma_ex.c **** 
 264:Drivers/STM32F2xx_HAL_Driver/Src/stm32f2xx_hal_dma_ex.c **** /** @addtogroup DMAEx_Private_Functions
 265:Drivers/STM32F2xx_HAL_Driver/Src/stm32f2xx_hal_dma_ex.c ****   * @{
 266:Drivers/STM32F2xx_HAL_Driver/Src/stm32f2xx_hal_dma_ex.c ****   */
 267:Drivers/STM32F2xx_HAL_Driver/Src/stm32f2xx_hal_dma_ex.c **** 
 268:Drivers/STM32F2xx_HAL_Driver/Src/stm32f2xx_hal_dma_ex.c **** /**
 269:Drivers/STM32F2xx_HAL_Driver/Src/stm32f2xx_hal_dma_ex.c ****   * @brief  Set the DMA Transfer parameter.
 270:Drivers/STM32F2xx_HAL_Driver/Src/stm32f2xx_hal_dma_ex.c ****   * @param  hdma       pointer to a DMA_HandleTypeDef structure that contains
 271:Drivers/STM32F2xx_HAL_Driver/Src/stm32f2xx_hal_dma_ex.c ****   *                     the configuration information for the specified DMA Stream.  
 272:Drivers/STM32F2xx_HAL_Driver/Src/stm32f2xx_hal_dma_ex.c ****   * @param  SrcAddress The source memory Buffer address
 273:Drivers/STM32F2xx_HAL_Driver/Src/stm32f2xx_hal_dma_ex.c ****   * @param  DstAddress The destination memory Buffer address
 274:Drivers/STM32F2xx_HAL_Driver/Src/stm32f2xx_hal_dma_ex.c ****   * @param  DataLength The length of data to be transferred from source to destination
 275:Drivers/STM32F2xx_HAL_Driver/Src/stm32f2xx_hal_dma_ex.c ****   * @retval HAL status
 276:Drivers/STM32F2xx_HAL_Driver/Src/stm32f2xx_hal_dma_ex.c ****   */
 277:Drivers/STM32F2xx_HAL_Driver/Src/stm32f2xx_hal_dma_ex.c **** static void DMA_MultiBufferSetConfig(DMA_HandleTypeDef *hdma, uint32_t SrcAddress, uint32_t DstAddr
 278:Drivers/STM32F2xx_HAL_Driver/Src/stm32f2xx_hal_dma_ex.c **** {  
  27              		.loc 1 278 1 view -0
  28              		.cfi_startproc
  29              		@ args = 0, pretend = 0, frame = 0
  30              		@ frame_needed = 0, uses_anonymous_args = 0
  31              		@ link register save eliminated.
 279:Drivers/STM32F2xx_HAL_Driver/Src/stm32f2xx_hal_dma_ex.c ****   /* Configure DMA Stream data length */
 280:Drivers/STM32F2xx_HAL_Driver/Src/stm32f2xx_hal_dma_ex.c ****   hdma->Instance->NDTR = DataLength;
  32              		.loc 1 280 3 view .LVU1
  33              		.loc 1 280 24 is_stmt 0 view .LVU2
  34 0000 D0F800C0 		ldr	ip, [r0]
  35 0004 CCF80430 		str	r3, [ip, #4]
 281:Drivers/STM32F2xx_HAL_Driver/Src/stm32f2xx_hal_dma_ex.c ****   
 282:Drivers/STM32F2xx_HAL_Driver/Src/stm32f2xx_hal_dma_ex.c ****   /* Peripheral to Memory */
 283:Drivers/STM32F2xx_HAL_Driver/Src/stm32f2xx_hal_dma_ex.c ****   if((hdma->Init.Direction) == DMA_MEMORY_TO_PERIPH)
  36              		.loc 1 283 3 is_stmt 1 view .LVU3
  37              		.loc 1 283 17 is_stmt 0 view .LVU4
  38 0008 8368     		ldr	r3, [r0, #8]
  39              	.LVL1:
  40              		.loc 1 283 5 view .LVU5
  41 000a 402B     		cmp	r3, #64
  42 000c 04D0     		beq	.L4
 284:Drivers/STM32F2xx_HAL_Driver/Src/stm32f2xx_hal_dma_ex.c ****   {   
 285:Drivers/STM32F2xx_HAL_Driver/Src/stm32f2xx_hal_dma_ex.c ****     /* Configure DMA Stream destination address */
 286:Drivers/STM32F2xx_HAL_Driver/Src/stm32f2xx_hal_dma_ex.c ****     hdma->Instance->PAR = DstAddress;
 287:Drivers/STM32F2xx_HAL_Driver/Src/stm32f2xx_hal_dma_ex.c ****     
 288:Drivers/STM32F2xx_HAL_Driver/Src/stm32f2xx_hal_dma_ex.c ****     /* Configure DMA Stream source address */
 289:Drivers/STM32F2xx_HAL_Driver/Src/stm32f2xx_hal_dma_ex.c ****     hdma->Instance->M0AR = SrcAddress;
 290:Drivers/STM32F2xx_HAL_Driver/Src/stm32f2xx_hal_dma_ex.c ****   }
 291:Drivers/STM32F2xx_HAL_Driver/Src/stm32f2xx_hal_dma_ex.c ****   /* Memory to Peripheral */
 292:Drivers/STM32F2xx_HAL_Driver/Src/stm32f2xx_hal_dma_ex.c ****   else
 293:Drivers/STM32F2xx_HAL_Driver/Src/stm32f2xx_hal_dma_ex.c ****   {
 294:Drivers/STM32F2xx_HAL_Driver/Src/stm32f2xx_hal_dma_ex.c ****     /* Configure DMA Stream source address */
 295:Drivers/STM32F2xx_HAL_Driver/Src/stm32f2xx_hal_dma_ex.c ****     hdma->Instance->PAR = SrcAddress;
  43              		.loc 1 295 5 is_stmt 1 view .LVU6
  44              		.loc 1 295 9 is_stmt 0 view .LVU7
  45 000e 0368     		ldr	r3, [r0]
  46              		.loc 1 295 25 view .LVU8
  47 0010 9960     		str	r1, [r3, #8]
  48              	.LVL2:
ARM GAS  /tmp/ccYz7cvi.s 			page 7


 296:Drivers/STM32F2xx_HAL_Driver/Src/stm32f2xx_hal_dma_ex.c ****     
 297:Drivers/STM32F2xx_HAL_Driver/Src/stm32f2xx_hal_dma_ex.c ****     /* Configure DMA Stream destination address */
 298:Drivers/STM32F2xx_HAL_Driver/Src/stm32f2xx_hal_dma_ex.c ****     hdma->Instance->M0AR = DstAddress;
  49              		.loc 1 298 5 is_stmt 1 view .LVU9
  50              		.loc 1 298 9 is_stmt 0 view .LVU10
  51 0012 0368     		ldr	r3, [r0]
  52              		.loc 1 298 26 view .LVU11
  53 0014 DA60     		str	r2, [r3, #12]
 299:Drivers/STM32F2xx_HAL_Driver/Src/stm32f2xx_hal_dma_ex.c ****   }
 300:Drivers/STM32F2xx_HAL_Driver/Src/stm32f2xx_hal_dma_ex.c **** }
  54              		.loc 1 300 1 view .LVU12
  55 0016 7047     		bx	lr
  56              	.LVL3:
  57              	.L4:
 286:Drivers/STM32F2xx_HAL_Driver/Src/stm32f2xx_hal_dma_ex.c ****     
  58              		.loc 1 286 5 is_stmt 1 view .LVU13
 286:Drivers/STM32F2xx_HAL_Driver/Src/stm32f2xx_hal_dma_ex.c ****     
  59              		.loc 1 286 9 is_stmt 0 view .LVU14
  60 0018 0368     		ldr	r3, [r0]
 286:Drivers/STM32F2xx_HAL_Driver/Src/stm32f2xx_hal_dma_ex.c ****     
  61              		.loc 1 286 25 view .LVU15
  62 001a 9A60     		str	r2, [r3, #8]
  63              	.LVL4:
 289:Drivers/STM32F2xx_HAL_Driver/Src/stm32f2xx_hal_dma_ex.c ****   }
  64              		.loc 1 289 5 is_stmt 1 view .LVU16
 289:Drivers/STM32F2xx_HAL_Driver/Src/stm32f2xx_hal_dma_ex.c ****   }
  65              		.loc 1 289 9 is_stmt 0 view .LVU17
  66 001c 0368     		ldr	r3, [r0]
 289:Drivers/STM32F2xx_HAL_Driver/Src/stm32f2xx_hal_dma_ex.c ****   }
  67              		.loc 1 289 26 view .LVU18
  68 001e D960     		str	r1, [r3, #12]
  69 0020 7047     		bx	lr
  70              		.cfi_endproc
  71              	.LFE75:
  73              		.section	.text.HAL_DMAEx_MultiBufferStart,"ax",%progbits
  74              		.align	1
  75              		.global	HAL_DMAEx_MultiBufferStart
  76              		.syntax unified
  77              		.thumb
  78              		.thumb_func
  80              	HAL_DMAEx_MultiBufferStart:
  81              	.LVL5:
  82              	.LFB72:
 102:Drivers/STM32F2xx_HAL_Driver/Src/stm32f2xx_hal_dma_ex.c ****   HAL_StatusTypeDef status = HAL_OK;
  83              		.loc 1 102 1 is_stmt 1 view -0
  84              		.cfi_startproc
  85              		@ args = 4, pretend = 0, frame = 0
  86              		@ frame_needed = 0, uses_anonymous_args = 0
 102:Drivers/STM32F2xx_HAL_Driver/Src/stm32f2xx_hal_dma_ex.c ****   HAL_StatusTypeDef status = HAL_OK;
  87              		.loc 1 102 1 is_stmt 0 view .LVU20
  88 0000 38B5     		push	{r3, r4, r5, lr}
  89              	.LCFI0:
  90              		.cfi_def_cfa_offset 16
  91              		.cfi_offset 3, -16
  92              		.cfi_offset 4, -12
  93              		.cfi_offset 5, -8
  94              		.cfi_offset 14, -4
ARM GAS  /tmp/ccYz7cvi.s 			page 8


  95 0002 0446     		mov	r4, r0
 103:Drivers/STM32F2xx_HAL_Driver/Src/stm32f2xx_hal_dma_ex.c ****   
  96              		.loc 1 103 3 is_stmt 1 view .LVU21
  97              	.LVL6:
 106:Drivers/STM32F2xx_HAL_Driver/Src/stm32f2xx_hal_dma_ex.c ****   
  98              		.loc 1 106 3 view .LVU22
 109:Drivers/STM32F2xx_HAL_Driver/Src/stm32f2xx_hal_dma_ex.c ****   {
  99              		.loc 1 109 3 view .LVU23
 109:Drivers/STM32F2xx_HAL_Driver/Src/stm32f2xx_hal_dma_ex.c ****   {
 100              		.loc 1 109 17 is_stmt 0 view .LVU24
 101 0004 8068     		ldr	r0, [r0, #8]
 102              	.LVL7:
 109:Drivers/STM32F2xx_HAL_Driver/Src/stm32f2xx_hal_dma_ex.c ****   {
 103              		.loc 1 109 6 view .LVU25
 104 0006 8028     		cmp	r0, #128
 105 0008 0CD0     		beq	.L11
 117:Drivers/STM32F2xx_HAL_Driver/Src/stm32f2xx_hal_dma_ex.c ****     
 106              		.loc 1 117 5 is_stmt 1 view .LVU26
 117:Drivers/STM32F2xx_HAL_Driver/Src/stm32f2xx_hal_dma_ex.c ****     
 107              		.loc 1 117 5 view .LVU27
 108 000a 94F83400 		ldrb	r0, [r4, #52]	@ zero_extendqisi2
 109 000e 0128     		cmp	r0, #1
 110 0010 22D0     		beq	.L8
 117:Drivers/STM32F2xx_HAL_Driver/Src/stm32f2xx_hal_dma_ex.c ****     
 111              		.loc 1 117 5 discriminator 2 view .LVU28
 112 0012 0120     		movs	r0, #1
 113 0014 84F83400 		strb	r0, [r4, #52]
 117:Drivers/STM32F2xx_HAL_Driver/Src/stm32f2xx_hal_dma_ex.c ****     
 114              		.loc 1 117 5 view .LVU29
 119:Drivers/STM32F2xx_HAL_Driver/Src/stm32f2xx_hal_dma_ex.c ****     {
 115              		.loc 1 119 5 view .LVU30
 119:Drivers/STM32F2xx_HAL_Driver/Src/stm32f2xx_hal_dma_ex.c ****     {
 116              		.loc 1 119 35 is_stmt 0 view .LVU31
 117 0018 94F83500 		ldrb	r0, [r4, #53]	@ zero_extendqisi2
 119:Drivers/STM32F2xx_HAL_Driver/Src/stm32f2xx_hal_dma_ex.c ****     {
 118              		.loc 1 119 7 view .LVU32
 119 001c 0128     		cmp	r0, #1
 120 001e 06D0     		beq	.L12
 139:Drivers/STM32F2xx_HAL_Driver/Src/stm32f2xx_hal_dma_ex.c ****     }
 121              		.loc 1 139 14 view .LVU33
 122 0020 0220     		movs	r0, #2
 123              	.LVL8:
 124              	.L7:
 143:Drivers/STM32F2xx_HAL_Driver/Src/stm32f2xx_hal_dma_ex.c **** 
 125              		.loc 1 143 1 view .LVU34
 126 0022 38BD     		pop	{r3, r4, r5, pc}
 127              	.LVL9:
 128              	.L11:
 111:Drivers/STM32F2xx_HAL_Driver/Src/stm32f2xx_hal_dma_ex.c ****     status = HAL_ERROR;
 129              		.loc 1 111 5 is_stmt 1 view .LVU35
 111:Drivers/STM32F2xx_HAL_Driver/Src/stm32f2xx_hal_dma_ex.c ****     status = HAL_ERROR;
 130              		.loc 1 111 21 is_stmt 0 view .LVU36
 131 0024 4FF48073 		mov	r3, #256
 132              	.LVL10:
 111:Drivers/STM32F2xx_HAL_Driver/Src/stm32f2xx_hal_dma_ex.c ****     status = HAL_ERROR;
 133              		.loc 1 111 21 view .LVU37
 134 0028 6365     		str	r3, [r4, #84]
ARM GAS  /tmp/ccYz7cvi.s 			page 9


 112:Drivers/STM32F2xx_HAL_Driver/Src/stm32f2xx_hal_dma_ex.c ****   }
 135              		.loc 1 112 5 is_stmt 1 view .LVU38
 136              	.LVL11:
 112:Drivers/STM32F2xx_HAL_Driver/Src/stm32f2xx_hal_dma_ex.c ****   }
 137              		.loc 1 112 12 is_stmt 0 view .LVU39
 138 002a 0120     		movs	r0, #1
 139 002c F9E7     		b	.L7
 140              	.LVL12:
 141              	.L12:
 122:Drivers/STM32F2xx_HAL_Driver/Src/stm32f2xx_hal_dma_ex.c ****       
 142              		.loc 1 122 7 is_stmt 1 view .LVU40
 122:Drivers/STM32F2xx_HAL_Driver/Src/stm32f2xx_hal_dma_ex.c ****       
 143              		.loc 1 122 19 is_stmt 0 view .LVU41
 144 002e 0220     		movs	r0, #2
 145 0030 84F83500 		strb	r0, [r4, #53]
 125:Drivers/STM32F2xx_HAL_Driver/Src/stm32f2xx_hal_dma_ex.c ****       
 146              		.loc 1 125 7 is_stmt 1 view .LVU42
 125:Drivers/STM32F2xx_HAL_Driver/Src/stm32f2xx_hal_dma_ex.c ****       
 147              		.loc 1 125 11 is_stmt 0 view .LVU43
 148 0034 2568     		ldr	r5, [r4]
 125:Drivers/STM32F2xx_HAL_Driver/Src/stm32f2xx_hal_dma_ex.c ****       
 149              		.loc 1 125 21 view .LVU44
 150 0036 2868     		ldr	r0, [r5]
 125:Drivers/STM32F2xx_HAL_Driver/Src/stm32f2xx_hal_dma_ex.c ****       
 151              		.loc 1 125 26 view .LVU45
 152 0038 40F48020 		orr	r0, r0, #262144
 153 003c 2860     		str	r0, [r5]
 128:Drivers/STM32F2xx_HAL_Driver/Src/stm32f2xx_hal_dma_ex.c ****       
 154              		.loc 1 128 7 is_stmt 1 view .LVU46
 128:Drivers/STM32F2xx_HAL_Driver/Src/stm32f2xx_hal_dma_ex.c ****       
 155              		.loc 1 128 11 is_stmt 0 view .LVU47
 156 003e 2068     		ldr	r0, [r4]
 128:Drivers/STM32F2xx_HAL_Driver/Src/stm32f2xx_hal_dma_ex.c ****       
 157              		.loc 1 128 28 view .LVU48
 158 0040 0361     		str	r3, [r0, #16]
 131:Drivers/STM32F2xx_HAL_Driver/Src/stm32f2xx_hal_dma_ex.c ****       
 159              		.loc 1 131 7 is_stmt 1 view .LVU49
 160 0042 049B     		ldr	r3, [sp, #16]
 161              	.LVL13:
 131:Drivers/STM32F2xx_HAL_Driver/Src/stm32f2xx_hal_dma_ex.c ****       
 162              		.loc 1 131 7 is_stmt 0 view .LVU50
 163 0044 2046     		mov	r0, r4
 164              	.LVL14:
 131:Drivers/STM32F2xx_HAL_Driver/Src/stm32f2xx_hal_dma_ex.c ****       
 165              		.loc 1 131 7 view .LVU51
 166 0046 FFF7FEFF 		bl	DMA_MultiBufferSetConfig
 167              	.LVL15:
 134:Drivers/STM32F2xx_HAL_Driver/Src/stm32f2xx_hal_dma_ex.c ****     }
 168              		.loc 1 134 7 is_stmt 1 view .LVU52
 169 004a 2268     		ldr	r2, [r4]
 170 004c 1368     		ldr	r3, [r2]
 171 004e 43F00103 		orr	r3, r3, #1
 172 0052 1360     		str	r3, [r2]
 103:Drivers/STM32F2xx_HAL_Driver/Src/stm32f2xx_hal_dma_ex.c ****   
 173              		.loc 1 103 21 is_stmt 0 view .LVU53
 174 0054 0020     		movs	r0, #0
 175 0056 E4E7     		b	.L7
ARM GAS  /tmp/ccYz7cvi.s 			page 10


 176              	.LVL16:
 177              	.L8:
 117:Drivers/STM32F2xx_HAL_Driver/Src/stm32f2xx_hal_dma_ex.c ****     
 178              		.loc 1 117 5 discriminator 1 view .LVU54
 179 0058 0220     		movs	r0, #2
 180 005a E2E7     		b	.L7
 181              		.cfi_endproc
 182              	.LFE72:
 184              		.section	.text.HAL_DMAEx_MultiBufferStart_IT,"ax",%progbits
 185              		.align	1
 186              		.global	HAL_DMAEx_MultiBufferStart_IT
 187              		.syntax unified
 188              		.thumb
 189              		.thumb_func
 191              	HAL_DMAEx_MultiBufferStart_IT:
 192              	.LVL17:
 193              	.LFB73:
 156:Drivers/STM32F2xx_HAL_Driver/Src/stm32f2xx_hal_dma_ex.c ****   HAL_StatusTypeDef status = HAL_OK;
 194              		.loc 1 156 1 is_stmt 1 view -0
 195              		.cfi_startproc
 196              		@ args = 4, pretend = 0, frame = 0
 197              		@ frame_needed = 0, uses_anonymous_args = 0
 156:Drivers/STM32F2xx_HAL_Driver/Src/stm32f2xx_hal_dma_ex.c ****   HAL_StatusTypeDef status = HAL_OK;
 198              		.loc 1 156 1 is_stmt 0 view .LVU56
 199 0000 38B5     		push	{r3, r4, r5, lr}
 200              	.LCFI1:
 201              		.cfi_def_cfa_offset 16
 202              		.cfi_offset 3, -16
 203              		.cfi_offset 4, -12
 204              		.cfi_offset 5, -8
 205              		.cfi_offset 14, -4
 206 0002 0446     		mov	r4, r0
 157:Drivers/STM32F2xx_HAL_Driver/Src/stm32f2xx_hal_dma_ex.c ****   
 207              		.loc 1 157 3 is_stmt 1 view .LVU57
 208              	.LVL18:
 160:Drivers/STM32F2xx_HAL_Driver/Src/stm32f2xx_hal_dma_ex.c ****   
 209              		.loc 1 160 3 view .LVU58
 163:Drivers/STM32F2xx_HAL_Driver/Src/stm32f2xx_hal_dma_ex.c ****   {
 210              		.loc 1 163 3 view .LVU59
 163:Drivers/STM32F2xx_HAL_Driver/Src/stm32f2xx_hal_dma_ex.c ****   {
 211              		.loc 1 163 17 is_stmt 0 view .LVU60
 212 0004 8068     		ldr	r0, [r0, #8]
 213              	.LVL19:
 163:Drivers/STM32F2xx_HAL_Driver/Src/stm32f2xx_hal_dma_ex.c ****   {
 214              		.loc 1 163 6 view .LVU61
 215 0006 8028     		cmp	r0, #128
 216 0008 16D0     		beq	.L303
 170:Drivers/STM32F2xx_HAL_Driver/Src/stm32f2xx_hal_dma_ex.c ****   {
 217              		.loc 1 170 3 is_stmt 1 view .LVU62
 170:Drivers/STM32F2xx_HAL_Driver/Src/stm32f2xx_hal_dma_ex.c ****   {
 218              		.loc 1 170 20 is_stmt 0 view .LVU63
 219 000a E06B     		ldr	r0, [r4, #60]
 170:Drivers/STM32F2xx_HAL_Driver/Src/stm32f2xx_hal_dma_ex.c ****   {
 220              		.loc 1 170 6 view .LVU64
 221 000c C8B1     		cbz	r0, .L16
 170:Drivers/STM32F2xx_HAL_Driver/Src/stm32f2xx_hal_dma_ex.c ****   {
 222              		.loc 1 170 56 discriminator 1 view .LVU65
ARM GAS  /tmp/ccYz7cvi.s 			page 11


 223 000e 606C     		ldr	r0, [r4, #68]
 170:Drivers/STM32F2xx_HAL_Driver/Src/stm32f2xx_hal_dma_ex.c ****   {
 224              		.loc 1 170 40 discriminator 1 view .LVU66
 225 0010 B8B1     		cbz	r0, .L16
 170:Drivers/STM32F2xx_HAL_Driver/Src/stm32f2xx_hal_dma_ex.c ****   {
 226              		.loc 1 170 94 discriminator 2 view .LVU67
 227 0012 E06C     		ldr	r0, [r4, #76]
 170:Drivers/STM32F2xx_HAL_Driver/Src/stm32f2xx_hal_dma_ex.c ****   {
 228              		.loc 1 170 78 discriminator 2 view .LVU68
 229 0014 A8B1     		cbz	r0, .L16
 177:Drivers/STM32F2xx_HAL_Driver/Src/stm32f2xx_hal_dma_ex.c ****   
 230              		.loc 1 177 3 is_stmt 1 view .LVU69
 177:Drivers/STM32F2xx_HAL_Driver/Src/stm32f2xx_hal_dma_ex.c ****   
 231              		.loc 1 177 3 view .LVU70
 232 0016 94F83400 		ldrb	r0, [r4, #52]	@ zero_extendqisi2
 233 001a 0128     		cmp	r0, #1
 234 001c 00F06787 		beq	.L61
 177:Drivers/STM32F2xx_HAL_Driver/Src/stm32f2xx_hal_dma_ex.c ****   
 235              		.loc 1 177 3 discriminator 2 view .LVU71
 236 0020 0120     		movs	r0, #1
 237 0022 84F83400 		strb	r0, [r4, #52]
 177:Drivers/STM32F2xx_HAL_Driver/Src/stm32f2xx_hal_dma_ex.c ****   
 238              		.loc 1 177 3 view .LVU72
 179:Drivers/STM32F2xx_HAL_Driver/Src/stm32f2xx_hal_dma_ex.c ****   {
 239              		.loc 1 179 3 view .LVU73
 179:Drivers/STM32F2xx_HAL_Driver/Src/stm32f2xx_hal_dma_ex.c ****   {
 240              		.loc 1 179 33 is_stmt 0 view .LVU74
 241 0026 94F83500 		ldrb	r0, [r4, #53]	@ zero_extendqisi2
 179:Drivers/STM32F2xx_HAL_Driver/Src/stm32f2xx_hal_dma_ex.c ****   {
 242              		.loc 1 179 5 view .LVU75
 243 002a 0128     		cmp	r0, #1
 244 002c 0DD0     		beq	.L304
 218:Drivers/STM32F2xx_HAL_Driver/Src/stm32f2xx_hal_dma_ex.c ****     
 245              		.loc 1 218 5 is_stmt 1 view .LVU76
 218:Drivers/STM32F2xx_HAL_Driver/Src/stm32f2xx_hal_dma_ex.c ****     
 246              		.loc 1 218 5 view .LVU77
 247 002e 0023     		movs	r3, #0
 248              	.LVL20:
 218:Drivers/STM32F2xx_HAL_Driver/Src/stm32f2xx_hal_dma_ex.c ****     
 249              		.loc 1 218 5 is_stmt 0 view .LVU78
 250 0030 84F83430 		strb	r3, [r4, #52]
 218:Drivers/STM32F2xx_HAL_Driver/Src/stm32f2xx_hal_dma_ex.c ****     
 251              		.loc 1 218 5 is_stmt 1 view .LVU79
 221:Drivers/STM32F2xx_HAL_Driver/Src/stm32f2xx_hal_dma_ex.c ****   }  
 252              		.loc 1 221 5 view .LVU80
 253              	.LVL21:
 221:Drivers/STM32F2xx_HAL_Driver/Src/stm32f2xx_hal_dma_ex.c ****   }  
 254              		.loc 1 221 12 is_stmt 0 view .LVU81
 255 0034 0220     		movs	r0, #2
 256 0036 07E0     		b	.L15
 257              	.LVL22:
 258              	.L303:
 165:Drivers/STM32F2xx_HAL_Driver/Src/stm32f2xx_hal_dma_ex.c ****     return HAL_ERROR;
 259              		.loc 1 165 5 is_stmt 1 view .LVU82
 165:Drivers/STM32F2xx_HAL_Driver/Src/stm32f2xx_hal_dma_ex.c ****     return HAL_ERROR;
 260              		.loc 1 165 21 is_stmt 0 view .LVU83
 261 0038 4FF48073 		mov	r3, #256
ARM GAS  /tmp/ccYz7cvi.s 			page 12


 262              	.LVL23:
 165:Drivers/STM32F2xx_HAL_Driver/Src/stm32f2xx_hal_dma_ex.c ****     return HAL_ERROR;
 263              		.loc 1 165 21 view .LVU84
 264 003c 6365     		str	r3, [r4, #84]
 166:Drivers/STM32F2xx_HAL_Driver/Src/stm32f2xx_hal_dma_ex.c ****   }
 265              		.loc 1 166 5 is_stmt 1 view .LVU85
 166:Drivers/STM32F2xx_HAL_Driver/Src/stm32f2xx_hal_dma_ex.c ****   }
 266              		.loc 1 166 12 is_stmt 0 view .LVU86
 267 003e 0120     		movs	r0, #1
 268 0040 02E0     		b	.L15
 269              	.LVL24:
 270              	.L16:
 172:Drivers/STM32F2xx_HAL_Driver/Src/stm32f2xx_hal_dma_ex.c ****     return HAL_ERROR;
 271              		.loc 1 172 5 is_stmt 1 view .LVU87
 172:Drivers/STM32F2xx_HAL_Driver/Src/stm32f2xx_hal_dma_ex.c ****     return HAL_ERROR;
 272              		.loc 1 172 21 is_stmt 0 view .LVU88
 273 0042 4023     		movs	r3, #64
 274              	.LVL25:
 172:Drivers/STM32F2xx_HAL_Driver/Src/stm32f2xx_hal_dma_ex.c ****     return HAL_ERROR;
 275              		.loc 1 172 21 view .LVU89
 276 0044 6365     		str	r3, [r4, #84]
 173:Drivers/STM32F2xx_HAL_Driver/Src/stm32f2xx_hal_dma_ex.c ****   }
 277              		.loc 1 173 5 is_stmt 1 view .LVU90
 173:Drivers/STM32F2xx_HAL_Driver/Src/stm32f2xx_hal_dma_ex.c ****   }
 278              		.loc 1 173 12 is_stmt 0 view .LVU91
 279 0046 0120     		movs	r0, #1
 280              	.LVL26:
 281              	.L15:
 224:Drivers/STM32F2xx_HAL_Driver/Src/stm32f2xx_hal_dma_ex.c **** 
 282              		.loc 1 224 1 view .LVU92
 283 0048 38BD     		pop	{r3, r4, r5, pc}
 284              	.LVL27:
 285              	.L304:
 182:Drivers/STM32F2xx_HAL_Driver/Src/stm32f2xx_hal_dma_ex.c ****     
 286              		.loc 1 182 5 is_stmt 1 view .LVU93
 182:Drivers/STM32F2xx_HAL_Driver/Src/stm32f2xx_hal_dma_ex.c ****     
 287              		.loc 1 182 17 is_stmt 0 view .LVU94
 288 004a 0220     		movs	r0, #2
 289 004c 84F83500 		strb	r0, [r4, #53]
 185:Drivers/STM32F2xx_HAL_Driver/Src/stm32f2xx_hal_dma_ex.c ****     
 290              		.loc 1 185 5 is_stmt 1 view .LVU95
 185:Drivers/STM32F2xx_HAL_Driver/Src/stm32f2xx_hal_dma_ex.c ****     
 291              		.loc 1 185 21 is_stmt 0 view .LVU96
 292 0050 0020     		movs	r0, #0
 293 0052 6065     		str	r0, [r4, #84]
 188:Drivers/STM32F2xx_HAL_Driver/Src/stm32f2xx_hal_dma_ex.c ****     
 294              		.loc 1 188 5 is_stmt 1 view .LVU97
 188:Drivers/STM32F2xx_HAL_Driver/Src/stm32f2xx_hal_dma_ex.c ****     
 295              		.loc 1 188 9 is_stmt 0 view .LVU98
 296 0054 2568     		ldr	r5, [r4]
 188:Drivers/STM32F2xx_HAL_Driver/Src/stm32f2xx_hal_dma_ex.c ****     
 297              		.loc 1 188 19 view .LVU99
 298 0056 2868     		ldr	r0, [r5]
 188:Drivers/STM32F2xx_HAL_Driver/Src/stm32f2xx_hal_dma_ex.c ****     
 299              		.loc 1 188 24 view .LVU100
 300 0058 40F48020 		orr	r0, r0, #262144
 301 005c 2860     		str	r0, [r5]
ARM GAS  /tmp/ccYz7cvi.s 			page 13


 191:Drivers/STM32F2xx_HAL_Driver/Src/stm32f2xx_hal_dma_ex.c ****     
 302              		.loc 1 191 5 is_stmt 1 view .LVU101
 191:Drivers/STM32F2xx_HAL_Driver/Src/stm32f2xx_hal_dma_ex.c ****     
 303              		.loc 1 191 9 is_stmt 0 view .LVU102
 304 005e 2068     		ldr	r0, [r4]
 191:Drivers/STM32F2xx_HAL_Driver/Src/stm32f2xx_hal_dma_ex.c ****     
 305              		.loc 1 191 26 view .LVU103
 306 0060 0361     		str	r3, [r0, #16]
 194:Drivers/STM32F2xx_HAL_Driver/Src/stm32f2xx_hal_dma_ex.c ****     
 307              		.loc 1 194 5 is_stmt 1 view .LVU104
 308 0062 049B     		ldr	r3, [sp, #16]
 309              	.LVL28:
 194:Drivers/STM32F2xx_HAL_Driver/Src/stm32f2xx_hal_dma_ex.c ****     
 310              		.loc 1 194 5 is_stmt 0 view .LVU105
 311 0064 2046     		mov	r0, r4
 312              	.LVL29:
 194:Drivers/STM32F2xx_HAL_Driver/Src/stm32f2xx_hal_dma_ex.c ****     
 313              		.loc 1 194 5 view .LVU106
 314 0066 FFF7FEFF 		bl	DMA_MultiBufferSetConfig
 315              	.LVL30:
 197:Drivers/STM32F2xx_HAL_Driver/Src/stm32f2xx_hal_dma_ex.c ****     __HAL_DMA_CLEAR_FLAG (hdma, __HAL_DMA_GET_HT_FLAG_INDEX(hdma));
 316              		.loc 1 197 5 is_stmt 1 view .LVU107
 317 006a 2368     		ldr	r3, [r4]
 318 006c A44A     		ldr	r2, .L326
 319 006e 9342     		cmp	r3, r2
 320 0070 40F29880 		bls	.L19
 197:Drivers/STM32F2xx_HAL_Driver/Src/stm32f2xx_hal_dma_ex.c ****     __HAL_DMA_CLEAR_FLAG (hdma, __HAL_DMA_GET_HT_FLAG_INDEX(hdma));
 321              		.loc 1 197 5 is_stmt 0 discriminator 1 view .LVU108
 322 0074 A2F58962 		sub	r2, r2, #1096
 323 0078 9342     		cmp	r3, r2
 324 007a 31D0     		beq	.L62
 197:Drivers/STM32F2xx_HAL_Driver/Src/stm32f2xx_hal_dma_ex.c ****     __HAL_DMA_CLEAR_FLAG (hdma, __HAL_DMA_GET_HT_FLAG_INDEX(hdma));
 325              		.loc 1 197 5 discriminator 3 view .LVU109
 326 007c 02F58062 		add	r2, r2, #1024
 327 0080 9342     		cmp	r3, r2
 328 0082 74D0     		beq	.L63
 197:Drivers/STM32F2xx_HAL_Driver/Src/stm32f2xx_hal_dma_ex.c ****     __HAL_DMA_CLEAR_FLAG (hdma, __HAL_DMA_GET_HT_FLAG_INDEX(hdma));
 329              		.loc 1 197 5 discriminator 5 view .LVU110
 330 0084 A2F56872 		sub	r2, r2, #928
 331 0088 9342     		cmp	r3, r2
 332 008a 72D0     		beq	.L64
 197:Drivers/STM32F2xx_HAL_Driver/Src/stm32f2xx_hal_dma_ex.c ****     __HAL_DMA_CLEAR_FLAG (hdma, __HAL_DMA_GET_HT_FLAG_INDEX(hdma));
 333              		.loc 1 197 5 discriminator 7 view .LVU111
 334 008c 02F58062 		add	r2, r2, #1024
 335 0090 9342     		cmp	r3, r2
 336 0092 70D0     		beq	.L65
 197:Drivers/STM32F2xx_HAL_Driver/Src/stm32f2xx_hal_dma_ex.c ****     __HAL_DMA_CLEAR_FLAG (hdma, __HAL_DMA_GET_HT_FLAG_INDEX(hdma));
 337              		.loc 1 197 5 discriminator 9 view .LVU112
 338 0094 A2F58962 		sub	r2, r2, #1096
 339 0098 9342     		cmp	r3, r2
 340 009a 6ED0     		beq	.L66
 197:Drivers/STM32F2xx_HAL_Driver/Src/stm32f2xx_hal_dma_ex.c ****     __HAL_DMA_CLEAR_FLAG (hdma, __HAL_DMA_GET_HT_FLAG_INDEX(hdma));
 341              		.loc 1 197 5 discriminator 11 view .LVU113
 342 009c 02F58062 		add	r2, r2, #1024
 343 00a0 9342     		cmp	r3, r2
 344 00a2 6DD0     		beq	.L67
 197:Drivers/STM32F2xx_HAL_Driver/Src/stm32f2xx_hal_dma_ex.c ****     __HAL_DMA_CLEAR_FLAG (hdma, __HAL_DMA_GET_HT_FLAG_INDEX(hdma));
ARM GAS  /tmp/ccYz7cvi.s 			page 14


 345              		.loc 1 197 5 discriminator 13 view .LVU114
 346 00a4 A2F56872 		sub	r2, r2, #928
 347 00a8 9342     		cmp	r3, r2
 348 00aa 6CD0     		beq	.L68
 197:Drivers/STM32F2xx_HAL_Driver/Src/stm32f2xx_hal_dma_ex.c ****     __HAL_DMA_CLEAR_FLAG (hdma, __HAL_DMA_GET_HT_FLAG_INDEX(hdma));
 349              		.loc 1 197 5 discriminator 15 view .LVU115
 350 00ac 02F58062 		add	r2, r2, #1024
 351 00b0 9342     		cmp	r3, r2
 352 00b2 6BD0     		beq	.L69
 197:Drivers/STM32F2xx_HAL_Driver/Src/stm32f2xx_hal_dma_ex.c ****     __HAL_DMA_CLEAR_FLAG (hdma, __HAL_DMA_GET_HT_FLAG_INDEX(hdma));
 353              		.loc 1 197 5 discriminator 17 view .LVU116
 354 00b4 A2F58962 		sub	r2, r2, #1096
 355 00b8 9342     		cmp	r3, r2
 356 00ba 6AD0     		beq	.L70
 197:Drivers/STM32F2xx_HAL_Driver/Src/stm32f2xx_hal_dma_ex.c ****     __HAL_DMA_CLEAR_FLAG (hdma, __HAL_DMA_GET_HT_FLAG_INDEX(hdma));
 357              		.loc 1 197 5 discriminator 19 view .LVU117
 358 00bc 02F58062 		add	r2, r2, #1024
 359 00c0 9342     		cmp	r3, r2
 360 00c2 69D0     		beq	.L71
 197:Drivers/STM32F2xx_HAL_Driver/Src/stm32f2xx_hal_dma_ex.c ****     __HAL_DMA_CLEAR_FLAG (hdma, __HAL_DMA_GET_HT_FLAG_INDEX(hdma));
 361              		.loc 1 197 5 discriminator 21 view .LVU118
 362 00c4 A2F56872 		sub	r2, r2, #928
 363 00c8 9342     		cmp	r3, r2
 364 00ca 68D0     		beq	.L72
 197:Drivers/STM32F2xx_HAL_Driver/Src/stm32f2xx_hal_dma_ex.c ****     __HAL_DMA_CLEAR_FLAG (hdma, __HAL_DMA_GET_HT_FLAG_INDEX(hdma));
 365              		.loc 1 197 5 discriminator 23 view .LVU119
 366 00cc 02F58062 		add	r2, r2, #1024
 367 00d0 9342     		cmp	r3, r2
 368 00d2 02D0     		beq	.L305
 197:Drivers/STM32F2xx_HAL_Driver/Src/stm32f2xx_hal_dma_ex.c ****     __HAL_DMA_CLEAR_FLAG (hdma, __HAL_DMA_GET_HT_FLAG_INDEX(hdma));
 369              		.loc 1 197 5 discriminator 26 view .LVU120
 370 00d4 4FF00062 		mov	r2, #134217728
 371 00d8 03E0     		b	.L20
 372              	.L305:
 197:Drivers/STM32F2xx_HAL_Driver/Src/stm32f2xx_hal_dma_ex.c ****     __HAL_DMA_CLEAR_FLAG (hdma, __HAL_DMA_GET_HT_FLAG_INDEX(hdma));
 373              		.loc 1 197 5 discriminator 25 view .LVU121
 374 00da 4FF40012 		mov	r2, #2097152
 375 00de 00E0     		b	.L20
 376              	.L62:
 197:Drivers/STM32F2xx_HAL_Driver/Src/stm32f2xx_hal_dma_ex.c ****     __HAL_DMA_CLEAR_FLAG (hdma, __HAL_DMA_GET_HT_FLAG_INDEX(hdma));
 377              		.loc 1 197 5 discriminator 4 view .LVU122
 378 00e0 2022     		movs	r2, #32
 379              	.L20:
 197:Drivers/STM32F2xx_HAL_Driver/Src/stm32f2xx_hal_dma_ex.c ****     __HAL_DMA_CLEAR_FLAG (hdma, __HAL_DMA_GET_HT_FLAG_INDEX(hdma));
 380              		.loc 1 197 5 discriminator 50 view .LVU123
 381 00e2 884B     		ldr	r3, .L326+4
 382 00e4 DA60     		str	r2, [r3, #12]
 383              	.LVL31:
 384              	.L21:
 198:Drivers/STM32F2xx_HAL_Driver/Src/stm32f2xx_hal_dma_ex.c ****     __HAL_DMA_CLEAR_FLAG (hdma, __HAL_DMA_GET_TE_FLAG_INDEX(hdma));
 385              		.loc 1 198 5 is_stmt 1 view .LVU124
 386 00e6 2368     		ldr	r3, [r4]
 387 00e8 854A     		ldr	r2, .L326
 388 00ea 9342     		cmp	r3, r2
 389 00ec 40F2CB81 		bls	.L27
 198:Drivers/STM32F2xx_HAL_Driver/Src/stm32f2xx_hal_dma_ex.c ****     __HAL_DMA_CLEAR_FLAG (hdma, __HAL_DMA_GET_TE_FLAG_INDEX(hdma));
 390              		.loc 1 198 5 is_stmt 0 discriminator 1 view .LVU125
ARM GAS  /tmp/ccYz7cvi.s 			page 15


 391 00f0 A2F58962 		sub	r2, r2, #1096
 392 00f4 9342     		cmp	r3, r2
 393 00f6 00F06481 		beq	.L110
 198:Drivers/STM32F2xx_HAL_Driver/Src/stm32f2xx_hal_dma_ex.c ****     __HAL_DMA_CLEAR_FLAG (hdma, __HAL_DMA_GET_TE_FLAG_INDEX(hdma));
 394              		.loc 1 198 5 discriminator 3 view .LVU126
 395 00fa 02F58062 		add	r2, r2, #1024
 396 00fe 9342     		cmp	r3, r2
 397 0100 00F0A681 		beq	.L111
 198:Drivers/STM32F2xx_HAL_Driver/Src/stm32f2xx_hal_dma_ex.c ****     __HAL_DMA_CLEAR_FLAG (hdma, __HAL_DMA_GET_TE_FLAG_INDEX(hdma));
 398              		.loc 1 198 5 discriminator 5 view .LVU127
 399 0104 A2F56872 		sub	r2, r2, #928
 400 0108 9342     		cmp	r3, r2
 401 010a 00F0A381 		beq	.L112
 198:Drivers/STM32F2xx_HAL_Driver/Src/stm32f2xx_hal_dma_ex.c ****     __HAL_DMA_CLEAR_FLAG (hdma, __HAL_DMA_GET_TE_FLAG_INDEX(hdma));
 402              		.loc 1 198 5 discriminator 7 view .LVU128
 403 010e 02F58062 		add	r2, r2, #1024
 404 0112 9342     		cmp	r3, r2
 405 0114 00F0A081 		beq	.L113
 198:Drivers/STM32F2xx_HAL_Driver/Src/stm32f2xx_hal_dma_ex.c ****     __HAL_DMA_CLEAR_FLAG (hdma, __HAL_DMA_GET_TE_FLAG_INDEX(hdma));
 406              		.loc 1 198 5 discriminator 9 view .LVU129
 407 0118 A2F58962 		sub	r2, r2, #1096
 408 011c 9342     		cmp	r3, r2
 409 011e 00F09D81 		beq	.L114
 198:Drivers/STM32F2xx_HAL_Driver/Src/stm32f2xx_hal_dma_ex.c ****     __HAL_DMA_CLEAR_FLAG (hdma, __HAL_DMA_GET_TE_FLAG_INDEX(hdma));
 410              		.loc 1 198 5 discriminator 11 view .LVU130
 411 0122 02F58062 		add	r2, r2, #1024
 412 0126 9342     		cmp	r3, r2
 413 0128 00F09B81 		beq	.L115
 198:Drivers/STM32F2xx_HAL_Driver/Src/stm32f2xx_hal_dma_ex.c ****     __HAL_DMA_CLEAR_FLAG (hdma, __HAL_DMA_GET_TE_FLAG_INDEX(hdma));
 414              		.loc 1 198 5 discriminator 13 view .LVU131
 415 012c A2F56872 		sub	r2, r2, #928
 416 0130 9342     		cmp	r3, r2
 417 0132 00F09981 		beq	.L116
 198:Drivers/STM32F2xx_HAL_Driver/Src/stm32f2xx_hal_dma_ex.c ****     __HAL_DMA_CLEAR_FLAG (hdma, __HAL_DMA_GET_TE_FLAG_INDEX(hdma));
 418              		.loc 1 198 5 discriminator 15 view .LVU132
 419 0136 02F58062 		add	r2, r2, #1024
 420 013a 9342     		cmp	r3, r2
 421 013c 00F09781 		beq	.L117
 198:Drivers/STM32F2xx_HAL_Driver/Src/stm32f2xx_hal_dma_ex.c ****     __HAL_DMA_CLEAR_FLAG (hdma, __HAL_DMA_GET_TE_FLAG_INDEX(hdma));
 422              		.loc 1 198 5 discriminator 17 view .LVU133
 423 0140 A2F58962 		sub	r2, r2, #1096
 424 0144 9342     		cmp	r3, r2
 425 0146 00F09581 		beq	.L118
 198:Drivers/STM32F2xx_HAL_Driver/Src/stm32f2xx_hal_dma_ex.c ****     __HAL_DMA_CLEAR_FLAG (hdma, __HAL_DMA_GET_TE_FLAG_INDEX(hdma));
 426              		.loc 1 198 5 discriminator 19 view .LVU134
 427 014a 02F58062 		add	r2, r2, #1024
 428 014e 9342     		cmp	r3, r2
 429 0150 00F09381 		beq	.L119
 198:Drivers/STM32F2xx_HAL_Driver/Src/stm32f2xx_hal_dma_ex.c ****     __HAL_DMA_CLEAR_FLAG (hdma, __HAL_DMA_GET_TE_FLAG_INDEX(hdma));
 430              		.loc 1 198 5 discriminator 21 view .LVU135
 431 0154 A2F56872 		sub	r2, r2, #928
 432 0158 9342     		cmp	r3, r2
 433 015a 00F09181 		beq	.L120
 198:Drivers/STM32F2xx_HAL_Driver/Src/stm32f2xx_hal_dma_ex.c ****     __HAL_DMA_CLEAR_FLAG (hdma, __HAL_DMA_GET_TE_FLAG_INDEX(hdma));
 434              		.loc 1 198 5 discriminator 23 view .LVU136
 435 015e 02F58062 		add	r2, r2, #1024
 436 0162 9342     		cmp	r3, r2
ARM GAS  /tmp/ccYz7cvi.s 			page 16


 437 0164 00F02A81 		beq	.L306
 198:Drivers/STM32F2xx_HAL_Driver/Src/stm32f2xx_hal_dma_ex.c ****     __HAL_DMA_CLEAR_FLAG (hdma, __HAL_DMA_GET_TE_FLAG_INDEX(hdma));
 438              		.loc 1 198 5 discriminator 26 view .LVU137
 439 0168 4FF08062 		mov	r2, #67108864
 440 016c 2AE1     		b	.L28
 441              	.LVL32:
 442              	.L63:
 197:Drivers/STM32F2xx_HAL_Driver/Src/stm32f2xx_hal_dma_ex.c ****     __HAL_DMA_CLEAR_FLAG (hdma, __HAL_DMA_GET_HT_FLAG_INDEX(hdma));
 443              		.loc 1 197 5 discriminator 6 view .LVU138
 444 016e 2022     		movs	r2, #32
 445 0170 B7E7     		b	.L20
 446              	.L64:
 197:Drivers/STM32F2xx_HAL_Driver/Src/stm32f2xx_hal_dma_ex.c ****     __HAL_DMA_CLEAR_FLAG (hdma, __HAL_DMA_GET_HT_FLAG_INDEX(hdma));
 447              		.loc 1 197 5 discriminator 8 view .LVU139
 448 0172 2022     		movs	r2, #32
 449 0174 B5E7     		b	.L20
 450              	.L65:
 197:Drivers/STM32F2xx_HAL_Driver/Src/stm32f2xx_hal_dma_ex.c ****     __HAL_DMA_CLEAR_FLAG (hdma, __HAL_DMA_GET_HT_FLAG_INDEX(hdma));
 451              		.loc 1 197 5 discriminator 10 view .LVU140
 452 0176 2022     		movs	r2, #32
 453 0178 B3E7     		b	.L20
 454              	.L66:
 197:Drivers/STM32F2xx_HAL_Driver/Src/stm32f2xx_hal_dma_ex.c ****     __HAL_DMA_CLEAR_FLAG (hdma, __HAL_DMA_GET_HT_FLAG_INDEX(hdma));
 455              		.loc 1 197 5 discriminator 12 view .LVU141
 456 017a 4FF40062 		mov	r2, #2048
 457 017e B0E7     		b	.L20
 458              	.L67:
 197:Drivers/STM32F2xx_HAL_Driver/Src/stm32f2xx_hal_dma_ex.c ****     __HAL_DMA_CLEAR_FLAG (hdma, __HAL_DMA_GET_HT_FLAG_INDEX(hdma));
 459              		.loc 1 197 5 discriminator 14 view .LVU142
 460 0180 4FF40062 		mov	r2, #2048
 461 0184 ADE7     		b	.L20
 462              	.L68:
 197:Drivers/STM32F2xx_HAL_Driver/Src/stm32f2xx_hal_dma_ex.c ****     __HAL_DMA_CLEAR_FLAG (hdma, __HAL_DMA_GET_HT_FLAG_INDEX(hdma));
 463              		.loc 1 197 5 discriminator 16 view .LVU143
 464 0186 4FF40062 		mov	r2, #2048
 465 018a AAE7     		b	.L20
 466              	.L69:
 197:Drivers/STM32F2xx_HAL_Driver/Src/stm32f2xx_hal_dma_ex.c ****     __HAL_DMA_CLEAR_FLAG (hdma, __HAL_DMA_GET_HT_FLAG_INDEX(hdma));
 467              		.loc 1 197 5 discriminator 18 view .LVU144
 468 018c 4FF40062 		mov	r2, #2048
 469 0190 A7E7     		b	.L20
 470              	.L70:
 197:Drivers/STM32F2xx_HAL_Driver/Src/stm32f2xx_hal_dma_ex.c ****     __HAL_DMA_CLEAR_FLAG (hdma, __HAL_DMA_GET_HT_FLAG_INDEX(hdma));
 471              		.loc 1 197 5 discriminator 20 view .LVU145
 472 0192 4FF40012 		mov	r2, #2097152
 473 0196 A4E7     		b	.L20
 474              	.L71:
 197:Drivers/STM32F2xx_HAL_Driver/Src/stm32f2xx_hal_dma_ex.c ****     __HAL_DMA_CLEAR_FLAG (hdma, __HAL_DMA_GET_HT_FLAG_INDEX(hdma));
 475              		.loc 1 197 5 discriminator 22 view .LVU146
 476 0198 4FF40012 		mov	r2, #2097152
 477 019c A1E7     		b	.L20
 478              	.L72:
 197:Drivers/STM32F2xx_HAL_Driver/Src/stm32f2xx_hal_dma_ex.c ****     __HAL_DMA_CLEAR_FLAG (hdma, __HAL_DMA_GET_HT_FLAG_INDEX(hdma));
 479              		.loc 1 197 5 discriminator 24 view .LVU147
 480 019e 4FF40012 		mov	r2, #2097152
 481 01a2 9EE7     		b	.L20
 482              	.L19:
ARM GAS  /tmp/ccYz7cvi.s 			page 17


 197:Drivers/STM32F2xx_HAL_Driver/Src/stm32f2xx_hal_dma_ex.c ****     __HAL_DMA_CLEAR_FLAG (hdma, __HAL_DMA_GET_HT_FLAG_INDEX(hdma));
 483              		.loc 1 197 5 discriminator 2 view .LVU148
 484 01a4 584A     		ldr	r2, .L326+8
 485 01a6 9342     		cmp	r3, r2
 486 01a8 53D9     		bls	.L22
 197:Drivers/STM32F2xx_HAL_Driver/Src/stm32f2xx_hal_dma_ex.c ****     __HAL_DMA_CLEAR_FLAG (hdma, __HAL_DMA_GET_HT_FLAG_INDEX(hdma));
 487              		.loc 1 197 5 discriminator 51 view .LVU149
 488 01aa A83A     		subs	r2, r2, #168
 489 01ac 9342     		cmp	r3, r2
 490 01ae 31D0     		beq	.L74
 197:Drivers/STM32F2xx_HAL_Driver/Src/stm32f2xx_hal_dma_ex.c ****     __HAL_DMA_CLEAR_FLAG (hdma, __HAL_DMA_GET_HT_FLAG_INDEX(hdma));
 491              		.loc 1 197 5 discriminator 53 view .LVU150
 492 01b0 02F58062 		add	r2, r2, #1024
 493 01b4 9342     		cmp	r3, r2
 494 01b6 31D0     		beq	.L75
 197:Drivers/STM32F2xx_HAL_Driver/Src/stm32f2xx_hal_dma_ex.c ****     __HAL_DMA_CLEAR_FLAG (hdma, __HAL_DMA_GET_HT_FLAG_INDEX(hdma));
 495              		.loc 1 197 5 discriminator 55 view .LVU151
 496 01b8 A2F56872 		sub	r2, r2, #928
 497 01bc 9342     		cmp	r3, r2
 498 01be 2FD0     		beq	.L76
 197:Drivers/STM32F2xx_HAL_Driver/Src/stm32f2xx_hal_dma_ex.c ****     __HAL_DMA_CLEAR_FLAG (hdma, __HAL_DMA_GET_HT_FLAG_INDEX(hdma));
 499              		.loc 1 197 5 discriminator 57 view .LVU152
 500 01c0 02F58062 		add	r2, r2, #1024
 501 01c4 9342     		cmp	r3, r2
 502 01c6 2DD0     		beq	.L77
 197:Drivers/STM32F2xx_HAL_Driver/Src/stm32f2xx_hal_dma_ex.c ****     __HAL_DMA_CLEAR_FLAG (hdma, __HAL_DMA_GET_HT_FLAG_INDEX(hdma));
 503              		.loc 1 197 5 discriminator 59 view .LVU153
 504 01c8 A2F58962 		sub	r2, r2, #1096
 505 01cc 9342     		cmp	r3, r2
 506 01ce 2BD0     		beq	.L78
 197:Drivers/STM32F2xx_HAL_Driver/Src/stm32f2xx_hal_dma_ex.c ****     __HAL_DMA_CLEAR_FLAG (hdma, __HAL_DMA_GET_HT_FLAG_INDEX(hdma));
 507              		.loc 1 197 5 discriminator 61 view .LVU154
 508 01d0 02F58062 		add	r2, r2, #1024
 509 01d4 9342     		cmp	r3, r2
 510 01d6 2AD0     		beq	.L79
 197:Drivers/STM32F2xx_HAL_Driver/Src/stm32f2xx_hal_dma_ex.c ****     __HAL_DMA_CLEAR_FLAG (hdma, __HAL_DMA_GET_HT_FLAG_INDEX(hdma));
 511              		.loc 1 197 5 discriminator 63 view .LVU155
 512 01d8 A2F56872 		sub	r2, r2, #928
 513 01dc 9342     		cmp	r3, r2
 514 01de 29D0     		beq	.L80
 197:Drivers/STM32F2xx_HAL_Driver/Src/stm32f2xx_hal_dma_ex.c ****     __HAL_DMA_CLEAR_FLAG (hdma, __HAL_DMA_GET_HT_FLAG_INDEX(hdma));
 515              		.loc 1 197 5 discriminator 65 view .LVU156
 516 01e0 02F58062 		add	r2, r2, #1024
 517 01e4 9342     		cmp	r3, r2
 518 01e6 28D0     		beq	.L81
 197:Drivers/STM32F2xx_HAL_Driver/Src/stm32f2xx_hal_dma_ex.c ****     __HAL_DMA_CLEAR_FLAG (hdma, __HAL_DMA_GET_HT_FLAG_INDEX(hdma));
 519              		.loc 1 197 5 discriminator 67 view .LVU157
 520 01e8 A2F58962 		sub	r2, r2, #1096
 521 01ec 9342     		cmp	r3, r2
 522 01ee 27D0     		beq	.L82
 197:Drivers/STM32F2xx_HAL_Driver/Src/stm32f2xx_hal_dma_ex.c ****     __HAL_DMA_CLEAR_FLAG (hdma, __HAL_DMA_GET_HT_FLAG_INDEX(hdma));
 523              		.loc 1 197 5 discriminator 69 view .LVU158
 524 01f0 02F58062 		add	r2, r2, #1024
 525 01f4 9342     		cmp	r3, r2
 526 01f6 26D0     		beq	.L83
 197:Drivers/STM32F2xx_HAL_Driver/Src/stm32f2xx_hal_dma_ex.c ****     __HAL_DMA_CLEAR_FLAG (hdma, __HAL_DMA_GET_HT_FLAG_INDEX(hdma));
 527              		.loc 1 197 5 discriminator 71 view .LVU159
ARM GAS  /tmp/ccYz7cvi.s 			page 18


 528 01f8 A2F56872 		sub	r2, r2, #928
 529 01fc 9342     		cmp	r3, r2
 530 01fe 25D0     		beq	.L84
 197:Drivers/STM32F2xx_HAL_Driver/Src/stm32f2xx_hal_dma_ex.c ****     __HAL_DMA_CLEAR_FLAG (hdma, __HAL_DMA_GET_HT_FLAG_INDEX(hdma));
 531              		.loc 1 197 5 discriminator 73 view .LVU160
 532 0200 02F58062 		add	r2, r2, #1024
 533 0204 9342     		cmp	r3, r2
 534 0206 02D0     		beq	.L307
 197:Drivers/STM32F2xx_HAL_Driver/Src/stm32f2xx_hal_dma_ex.c ****     __HAL_DMA_CLEAR_FLAG (hdma, __HAL_DMA_GET_HT_FLAG_INDEX(hdma));
 535              		.loc 1 197 5 discriminator 76 view .LVU161
 536 0208 4FF00063 		mov	r3, #134217728
 537 020c 03E0     		b	.L23
 538              	.L307:
 197:Drivers/STM32F2xx_HAL_Driver/Src/stm32f2xx_hal_dma_ex.c ****     __HAL_DMA_CLEAR_FLAG (hdma, __HAL_DMA_GET_HT_FLAG_INDEX(hdma));
 539              		.loc 1 197 5 discriminator 75 view .LVU162
 540 020e 4FF40013 		mov	r3, #2097152
 541 0212 00E0     		b	.L23
 542              	.L74:
 197:Drivers/STM32F2xx_HAL_Driver/Src/stm32f2xx_hal_dma_ex.c ****     __HAL_DMA_CLEAR_FLAG (hdma, __HAL_DMA_GET_HT_FLAG_INDEX(hdma));
 543              		.loc 1 197 5 discriminator 54 view .LVU163
 544 0214 2023     		movs	r3, #32
 545              	.L23:
 197:Drivers/STM32F2xx_HAL_Driver/Src/stm32f2xx_hal_dma_ex.c ****     __HAL_DMA_CLEAR_FLAG (hdma, __HAL_DMA_GET_HT_FLAG_INDEX(hdma));
 546              		.loc 1 197 5 discriminator 100 view .LVU164
 547 0216 3B4A     		ldr	r2, .L326+4
 548 0218 9360     		str	r3, [r2, #8]
 549              	.LVL33:
 197:Drivers/STM32F2xx_HAL_Driver/Src/stm32f2xx_hal_dma_ex.c ****     __HAL_DMA_CLEAR_FLAG (hdma, __HAL_DMA_GET_HT_FLAG_INDEX(hdma));
 550              		.loc 1 197 5 discriminator 100 view .LVU165
 551 021a 64E7     		b	.L21
 552              	.LVL34:
 553              	.L75:
 197:Drivers/STM32F2xx_HAL_Driver/Src/stm32f2xx_hal_dma_ex.c ****     __HAL_DMA_CLEAR_FLAG (hdma, __HAL_DMA_GET_HT_FLAG_INDEX(hdma));
 554              		.loc 1 197 5 discriminator 56 view .LVU166
 555 021c 2023     		movs	r3, #32
 556 021e FAE7     		b	.L23
 557              	.L76:
 197:Drivers/STM32F2xx_HAL_Driver/Src/stm32f2xx_hal_dma_ex.c ****     __HAL_DMA_CLEAR_FLAG (hdma, __HAL_DMA_GET_HT_FLAG_INDEX(hdma));
 558              		.loc 1 197 5 discriminator 58 view .LVU167
 559 0220 2023     		movs	r3, #32
 560 0222 F8E7     		b	.L23
 561              	.L77:
 197:Drivers/STM32F2xx_HAL_Driver/Src/stm32f2xx_hal_dma_ex.c ****     __HAL_DMA_CLEAR_FLAG (hdma, __HAL_DMA_GET_HT_FLAG_INDEX(hdma));
 562              		.loc 1 197 5 discriminator 60 view .LVU168
 563 0224 2023     		movs	r3, #32
 564 0226 F6E7     		b	.L23
 565              	.L78:
 197:Drivers/STM32F2xx_HAL_Driver/Src/stm32f2xx_hal_dma_ex.c ****     __HAL_DMA_CLEAR_FLAG (hdma, __HAL_DMA_GET_HT_FLAG_INDEX(hdma));
 566              		.loc 1 197 5 discriminator 62 view .LVU169
 567 0228 4FF40063 		mov	r3, #2048
 568 022c F3E7     		b	.L23
 569              	.L79:
 197:Drivers/STM32F2xx_HAL_Driver/Src/stm32f2xx_hal_dma_ex.c ****     __HAL_DMA_CLEAR_FLAG (hdma, __HAL_DMA_GET_HT_FLAG_INDEX(hdma));
 570              		.loc 1 197 5 discriminator 64 view .LVU170
 571 022e 4FF40063 		mov	r3, #2048
 572 0232 F0E7     		b	.L23
 573              	.L80:
ARM GAS  /tmp/ccYz7cvi.s 			page 19


 197:Drivers/STM32F2xx_HAL_Driver/Src/stm32f2xx_hal_dma_ex.c ****     __HAL_DMA_CLEAR_FLAG (hdma, __HAL_DMA_GET_HT_FLAG_INDEX(hdma));
 574              		.loc 1 197 5 discriminator 66 view .LVU171
 575 0234 4FF40063 		mov	r3, #2048
 576 0238 EDE7     		b	.L23
 577              	.L81:
 197:Drivers/STM32F2xx_HAL_Driver/Src/stm32f2xx_hal_dma_ex.c ****     __HAL_DMA_CLEAR_FLAG (hdma, __HAL_DMA_GET_HT_FLAG_INDEX(hdma));
 578              		.loc 1 197 5 discriminator 68 view .LVU172
 579 023a 4FF40063 		mov	r3, #2048
 580 023e EAE7     		b	.L23
 581              	.L82:
 197:Drivers/STM32F2xx_HAL_Driver/Src/stm32f2xx_hal_dma_ex.c ****     __HAL_DMA_CLEAR_FLAG (hdma, __HAL_DMA_GET_HT_FLAG_INDEX(hdma));
 582              		.loc 1 197 5 discriminator 70 view .LVU173
 583 0240 4FF40013 		mov	r3, #2097152
 584 0244 E7E7     		b	.L23
 585              	.L83:
 197:Drivers/STM32F2xx_HAL_Driver/Src/stm32f2xx_hal_dma_ex.c ****     __HAL_DMA_CLEAR_FLAG (hdma, __HAL_DMA_GET_HT_FLAG_INDEX(hdma));
 586              		.loc 1 197 5 discriminator 72 view .LVU174
 587 0246 4FF40013 		mov	r3, #2097152
 588 024a E4E7     		b	.L23
 589              	.L84:
 197:Drivers/STM32F2xx_HAL_Driver/Src/stm32f2xx_hal_dma_ex.c ****     __HAL_DMA_CLEAR_FLAG (hdma, __HAL_DMA_GET_HT_FLAG_INDEX(hdma));
 590              		.loc 1 197 5 discriminator 74 view .LVU175
 591 024c 4FF40013 		mov	r3, #2097152
 592 0250 E1E7     		b	.L23
 593              	.L22:
 197:Drivers/STM32F2xx_HAL_Driver/Src/stm32f2xx_hal_dma_ex.c ****     __HAL_DMA_CLEAR_FLAG (hdma, __HAL_DMA_GET_HT_FLAG_INDEX(hdma));
 594              		.loc 1 197 5 discriminator 52 view .LVU176
 595 0252 2E4A     		ldr	r2, .L326+12
 596 0254 9342     		cmp	r3, r2
 597 0256 5DD9     		bls	.L24
 197:Drivers/STM32F2xx_HAL_Driver/Src/stm32f2xx_hal_dma_ex.c ****     __HAL_DMA_CLEAR_FLAG (hdma, __HAL_DMA_GET_HT_FLAG_INDEX(hdma));
 598              		.loc 1 197 5 discriminator 102 view .LVU177
 599 0258 483A     		subs	r2, r2, #72
 600 025a 9342     		cmp	r3, r2
 601 025c 31D0     		beq	.L86
 197:Drivers/STM32F2xx_HAL_Driver/Src/stm32f2xx_hal_dma_ex.c ****     __HAL_DMA_CLEAR_FLAG (hdma, __HAL_DMA_GET_HT_FLAG_INDEX(hdma));
 602              		.loc 1 197 5 discriminator 104 view .LVU178
 603 025e 02F58062 		add	r2, r2, #1024
 604 0262 9342     		cmp	r3, r2
 605 0264 31D0     		beq	.L87
 197:Drivers/STM32F2xx_HAL_Driver/Src/stm32f2xx_hal_dma_ex.c ****     __HAL_DMA_CLEAR_FLAG (hdma, __HAL_DMA_GET_HT_FLAG_INDEX(hdma));
 606              		.loc 1 197 5 discriminator 106 view .LVU179
 607 0266 A2F56872 		sub	r2, r2, #928
 608 026a 9342     		cmp	r3, r2
 609 026c 2FD0     		beq	.L88
 197:Drivers/STM32F2xx_HAL_Driver/Src/stm32f2xx_hal_dma_ex.c ****     __HAL_DMA_CLEAR_FLAG (hdma, __HAL_DMA_GET_HT_FLAG_INDEX(hdma));
 610              		.loc 1 197 5 discriminator 108 view .LVU180
 611 026e 02F58062 		add	r2, r2, #1024
 612 0272 9342     		cmp	r3, r2
 613 0274 2DD0     		beq	.L89
 197:Drivers/STM32F2xx_HAL_Driver/Src/stm32f2xx_hal_dma_ex.c ****     __HAL_DMA_CLEAR_FLAG (hdma, __HAL_DMA_GET_HT_FLAG_INDEX(hdma));
 614              		.loc 1 197 5 discriminator 110 view .LVU181
 615 0276 A2F58962 		sub	r2, r2, #1096
 616 027a 9342     		cmp	r3, r2
 617 027c 2BD0     		beq	.L90
 197:Drivers/STM32F2xx_HAL_Driver/Src/stm32f2xx_hal_dma_ex.c ****     __HAL_DMA_CLEAR_FLAG (hdma, __HAL_DMA_GET_HT_FLAG_INDEX(hdma));
 618              		.loc 1 197 5 discriminator 112 view .LVU182
ARM GAS  /tmp/ccYz7cvi.s 			page 20


 619 027e 02F58062 		add	r2, r2, #1024
 620 0282 9342     		cmp	r3, r2
 621 0284 2AD0     		beq	.L91
 197:Drivers/STM32F2xx_HAL_Driver/Src/stm32f2xx_hal_dma_ex.c ****     __HAL_DMA_CLEAR_FLAG (hdma, __HAL_DMA_GET_HT_FLAG_INDEX(hdma));
 622              		.loc 1 197 5 discriminator 114 view .LVU183
 623 0286 A2F56872 		sub	r2, r2, #928
 624 028a 9342     		cmp	r3, r2
 625 028c 29D0     		beq	.L92
 197:Drivers/STM32F2xx_HAL_Driver/Src/stm32f2xx_hal_dma_ex.c ****     __HAL_DMA_CLEAR_FLAG (hdma, __HAL_DMA_GET_HT_FLAG_INDEX(hdma));
 626              		.loc 1 197 5 discriminator 116 view .LVU184
 627 028e 02F58062 		add	r2, r2, #1024
 628 0292 9342     		cmp	r3, r2
 629 0294 28D0     		beq	.L93
 197:Drivers/STM32F2xx_HAL_Driver/Src/stm32f2xx_hal_dma_ex.c ****     __HAL_DMA_CLEAR_FLAG (hdma, __HAL_DMA_GET_HT_FLAG_INDEX(hdma));
 630              		.loc 1 197 5 discriminator 118 view .LVU185
 631 0296 A2F58962 		sub	r2, r2, #1096
 632 029a 9342     		cmp	r3, r2
 633 029c 27D0     		beq	.L94
 197:Drivers/STM32F2xx_HAL_Driver/Src/stm32f2xx_hal_dma_ex.c ****     __HAL_DMA_CLEAR_FLAG (hdma, __HAL_DMA_GET_HT_FLAG_INDEX(hdma));
 634              		.loc 1 197 5 discriminator 120 view .LVU186
 635 029e 02F58062 		add	r2, r2, #1024
 636 02a2 9342     		cmp	r3, r2
 637 02a4 26D0     		beq	.L95
 197:Drivers/STM32F2xx_HAL_Driver/Src/stm32f2xx_hal_dma_ex.c ****     __HAL_DMA_CLEAR_FLAG (hdma, __HAL_DMA_GET_HT_FLAG_INDEX(hdma));
 638              		.loc 1 197 5 discriminator 122 view .LVU187
 639 02a6 A2F56872 		sub	r2, r2, #928
 640 02aa 9342     		cmp	r3, r2
 641 02ac 25D0     		beq	.L96
 197:Drivers/STM32F2xx_HAL_Driver/Src/stm32f2xx_hal_dma_ex.c ****     __HAL_DMA_CLEAR_FLAG (hdma, __HAL_DMA_GET_HT_FLAG_INDEX(hdma));
 642              		.loc 1 197 5 discriminator 124 view .LVU188
 643 02ae 02F58062 		add	r2, r2, #1024
 644 02b2 9342     		cmp	r3, r2
 645 02b4 02D0     		beq	.L308
 197:Drivers/STM32F2xx_HAL_Driver/Src/stm32f2xx_hal_dma_ex.c ****     __HAL_DMA_CLEAR_FLAG (hdma, __HAL_DMA_GET_HT_FLAG_INDEX(hdma));
 646              		.loc 1 197 5 discriminator 127 view .LVU189
 647 02b6 4FF00063 		mov	r3, #134217728
 648 02ba 03E0     		b	.L25
 649              	.L308:
 197:Drivers/STM32F2xx_HAL_Driver/Src/stm32f2xx_hal_dma_ex.c ****     __HAL_DMA_CLEAR_FLAG (hdma, __HAL_DMA_GET_HT_FLAG_INDEX(hdma));
 650              		.loc 1 197 5 discriminator 126 view .LVU190
 651 02bc 4FF40013 		mov	r3, #2097152
 652 02c0 00E0     		b	.L25
 653              	.L86:
 197:Drivers/STM32F2xx_HAL_Driver/Src/stm32f2xx_hal_dma_ex.c ****     __HAL_DMA_CLEAR_FLAG (hdma, __HAL_DMA_GET_HT_FLAG_INDEX(hdma));
 654              		.loc 1 197 5 discriminator 105 view .LVU191
 655 02c2 2023     		movs	r3, #32
 656              	.L25:
 197:Drivers/STM32F2xx_HAL_Driver/Src/stm32f2xx_hal_dma_ex.c ****     __HAL_DMA_CLEAR_FLAG (hdma, __HAL_DMA_GET_HT_FLAG_INDEX(hdma));
 657              		.loc 1 197 5 discriminator 151 view .LVU192
 658 02c4 124A     		ldr	r2, .L326+16
 659 02c6 D360     		str	r3, [r2, #12]
 660              	.LVL35:
 197:Drivers/STM32F2xx_HAL_Driver/Src/stm32f2xx_hal_dma_ex.c ****     __HAL_DMA_CLEAR_FLAG (hdma, __HAL_DMA_GET_HT_FLAG_INDEX(hdma));
 661              		.loc 1 197 5 discriminator 151 view .LVU193
 662 02c8 0DE7     		b	.L21
 663              	.LVL36:
 664              	.L87:
ARM GAS  /tmp/ccYz7cvi.s 			page 21


 197:Drivers/STM32F2xx_HAL_Driver/Src/stm32f2xx_hal_dma_ex.c ****     __HAL_DMA_CLEAR_FLAG (hdma, __HAL_DMA_GET_HT_FLAG_INDEX(hdma));
 665              		.loc 1 197 5 discriminator 107 view .LVU194
 666 02ca 2023     		movs	r3, #32
 667 02cc FAE7     		b	.L25
 668              	.L88:
 197:Drivers/STM32F2xx_HAL_Driver/Src/stm32f2xx_hal_dma_ex.c ****     __HAL_DMA_CLEAR_FLAG (hdma, __HAL_DMA_GET_HT_FLAG_INDEX(hdma));
 669              		.loc 1 197 5 discriminator 109 view .LVU195
 670 02ce 2023     		movs	r3, #32
 671 02d0 F8E7     		b	.L25
 672              	.L89:
 197:Drivers/STM32F2xx_HAL_Driver/Src/stm32f2xx_hal_dma_ex.c ****     __HAL_DMA_CLEAR_FLAG (hdma, __HAL_DMA_GET_HT_FLAG_INDEX(hdma));
 673              		.loc 1 197 5 discriminator 111 view .LVU196
 674 02d2 2023     		movs	r3, #32
 675 02d4 F6E7     		b	.L25
 676              	.L90:
 197:Drivers/STM32F2xx_HAL_Driver/Src/stm32f2xx_hal_dma_ex.c ****     __HAL_DMA_CLEAR_FLAG (hdma, __HAL_DMA_GET_HT_FLAG_INDEX(hdma));
 677              		.loc 1 197 5 discriminator 113 view .LVU197
 678 02d6 4FF40063 		mov	r3, #2048
 679 02da F3E7     		b	.L25
 680              	.L91:
 197:Drivers/STM32F2xx_HAL_Driver/Src/stm32f2xx_hal_dma_ex.c ****     __HAL_DMA_CLEAR_FLAG (hdma, __HAL_DMA_GET_HT_FLAG_INDEX(hdma));
 681              		.loc 1 197 5 discriminator 115 view .LVU198
 682 02dc 4FF40063 		mov	r3, #2048
 683 02e0 F0E7     		b	.L25
 684              	.L92:
 197:Drivers/STM32F2xx_HAL_Driver/Src/stm32f2xx_hal_dma_ex.c ****     __HAL_DMA_CLEAR_FLAG (hdma, __HAL_DMA_GET_HT_FLAG_INDEX(hdma));
 685              		.loc 1 197 5 discriminator 117 view .LVU199
 686 02e2 4FF40063 		mov	r3, #2048
 687 02e6 EDE7     		b	.L25
 688              	.L93:
 197:Drivers/STM32F2xx_HAL_Driver/Src/stm32f2xx_hal_dma_ex.c ****     __HAL_DMA_CLEAR_FLAG (hdma, __HAL_DMA_GET_HT_FLAG_INDEX(hdma));
 689              		.loc 1 197 5 discriminator 119 view .LVU200
 690 02e8 4FF40063 		mov	r3, #2048
 691 02ec EAE7     		b	.L25
 692              	.L94:
 197:Drivers/STM32F2xx_HAL_Driver/Src/stm32f2xx_hal_dma_ex.c ****     __HAL_DMA_CLEAR_FLAG (hdma, __HAL_DMA_GET_HT_FLAG_INDEX(hdma));
 693              		.loc 1 197 5 discriminator 121 view .LVU201
 694 02ee 4FF40013 		mov	r3, #2097152
 695 02f2 E7E7     		b	.L25
 696              	.L95:
 197:Drivers/STM32F2xx_HAL_Driver/Src/stm32f2xx_hal_dma_ex.c ****     __HAL_DMA_CLEAR_FLAG (hdma, __HAL_DMA_GET_HT_FLAG_INDEX(hdma));
 697              		.loc 1 197 5 discriminator 123 view .LVU202
 698 02f4 4FF40013 		mov	r3, #2097152
 699 02f8 E4E7     		b	.L25
 700              	.L96:
 197:Drivers/STM32F2xx_HAL_Driver/Src/stm32f2xx_hal_dma_ex.c ****     __HAL_DMA_CLEAR_FLAG (hdma, __HAL_DMA_GET_HT_FLAG_INDEX(hdma));
 701              		.loc 1 197 5 discriminator 125 view .LVU203
 702 02fa 4FF40013 		mov	r3, #2097152
 703 02fe E1E7     		b	.L25
 704              	.L327:
 705              		.align	2
 706              	.L326:
 707 0300 58640240 		.word	1073898584
 708 0304 00640240 		.word	1073898496
 709 0308 B8600240 		.word	1073897656
 710 030c 58600240 		.word	1073897560
 711 0310 00600240 		.word	1073897472
ARM GAS  /tmp/ccYz7cvi.s 			page 22


 712              	.L24:
 197:Drivers/STM32F2xx_HAL_Driver/Src/stm32f2xx_hal_dma_ex.c ****     __HAL_DMA_CLEAR_FLAG (hdma, __HAL_DMA_GET_HT_FLAG_INDEX(hdma));
 713              		.loc 1 197 5 discriminator 103 view .LVU204
 714 0314 B14A     		ldr	r2, .L328
 715 0316 9342     		cmp	r3, r2
 716 0318 31D0     		beq	.L98
 197:Drivers/STM32F2xx_HAL_Driver/Src/stm32f2xx_hal_dma_ex.c ****     __HAL_DMA_CLEAR_FLAG (hdma, __HAL_DMA_GET_HT_FLAG_INDEX(hdma));
 717              		.loc 1 197 5 discriminator 153 view .LVU205
 718 031a 02F58062 		add	r2, r2, #1024
 719 031e 9342     		cmp	r3, r2
 720 0320 31D0     		beq	.L99
 197:Drivers/STM32F2xx_HAL_Driver/Src/stm32f2xx_hal_dma_ex.c ****     __HAL_DMA_CLEAR_FLAG (hdma, __HAL_DMA_GET_HT_FLAG_INDEX(hdma));
 721              		.loc 1 197 5 discriminator 155 view .LVU206
 722 0322 A2F56872 		sub	r2, r2, #928
 723 0326 9342     		cmp	r3, r2
 724 0328 2FD0     		beq	.L100
 197:Drivers/STM32F2xx_HAL_Driver/Src/stm32f2xx_hal_dma_ex.c ****     __HAL_DMA_CLEAR_FLAG (hdma, __HAL_DMA_GET_HT_FLAG_INDEX(hdma));
 725              		.loc 1 197 5 discriminator 157 view .LVU207
 726 032a 02F58062 		add	r2, r2, #1024
 727 032e 9342     		cmp	r3, r2
 728 0330 2DD0     		beq	.L101
 197:Drivers/STM32F2xx_HAL_Driver/Src/stm32f2xx_hal_dma_ex.c ****     __HAL_DMA_CLEAR_FLAG (hdma, __HAL_DMA_GET_HT_FLAG_INDEX(hdma));
 729              		.loc 1 197 5 discriminator 159 view .LVU208
 730 0332 A2F58962 		sub	r2, r2, #1096
 731 0336 9342     		cmp	r3, r2
 732 0338 2BD0     		beq	.L102
 197:Drivers/STM32F2xx_HAL_Driver/Src/stm32f2xx_hal_dma_ex.c ****     __HAL_DMA_CLEAR_FLAG (hdma, __HAL_DMA_GET_HT_FLAG_INDEX(hdma));
 733              		.loc 1 197 5 discriminator 161 view .LVU209
 734 033a 02F58062 		add	r2, r2, #1024
 735 033e 9342     		cmp	r3, r2
 736 0340 2AD0     		beq	.L103
 197:Drivers/STM32F2xx_HAL_Driver/Src/stm32f2xx_hal_dma_ex.c ****     __HAL_DMA_CLEAR_FLAG (hdma, __HAL_DMA_GET_HT_FLAG_INDEX(hdma));
 737              		.loc 1 197 5 discriminator 163 view .LVU210
 738 0342 A2F56872 		sub	r2, r2, #928
 739 0346 9342     		cmp	r3, r2
 740 0348 29D0     		beq	.L104
 197:Drivers/STM32F2xx_HAL_Driver/Src/stm32f2xx_hal_dma_ex.c ****     __HAL_DMA_CLEAR_FLAG (hdma, __HAL_DMA_GET_HT_FLAG_INDEX(hdma));
 741              		.loc 1 197 5 discriminator 165 view .LVU211
 742 034a 02F58062 		add	r2, r2, #1024
 743 034e 9342     		cmp	r3, r2
 744 0350 28D0     		beq	.L105
 197:Drivers/STM32F2xx_HAL_Driver/Src/stm32f2xx_hal_dma_ex.c ****     __HAL_DMA_CLEAR_FLAG (hdma, __HAL_DMA_GET_HT_FLAG_INDEX(hdma));
 745              		.loc 1 197 5 discriminator 167 view .LVU212
 746 0352 A2F58962 		sub	r2, r2, #1096
 747 0356 9342     		cmp	r3, r2
 748 0358 27D0     		beq	.L106
 197:Drivers/STM32F2xx_HAL_Driver/Src/stm32f2xx_hal_dma_ex.c ****     __HAL_DMA_CLEAR_FLAG (hdma, __HAL_DMA_GET_HT_FLAG_INDEX(hdma));
 749              		.loc 1 197 5 discriminator 169 view .LVU213
 750 035a 02F58062 		add	r2, r2, #1024
 751 035e 9342     		cmp	r3, r2
 752 0360 26D0     		beq	.L107
 197:Drivers/STM32F2xx_HAL_Driver/Src/stm32f2xx_hal_dma_ex.c ****     __HAL_DMA_CLEAR_FLAG (hdma, __HAL_DMA_GET_HT_FLAG_INDEX(hdma));
 753              		.loc 1 197 5 discriminator 171 view .LVU214
 754 0362 A2F56872 		sub	r2, r2, #928
 755 0366 9342     		cmp	r3, r2
 756 0368 25D0     		beq	.L108
 197:Drivers/STM32F2xx_HAL_Driver/Src/stm32f2xx_hal_dma_ex.c ****     __HAL_DMA_CLEAR_FLAG (hdma, __HAL_DMA_GET_HT_FLAG_INDEX(hdma));
ARM GAS  /tmp/ccYz7cvi.s 			page 23


 757              		.loc 1 197 5 discriminator 173 view .LVU215
 758 036a 02F58062 		add	r2, r2, #1024
 759 036e 9342     		cmp	r3, r2
 760 0370 02D0     		beq	.L309
 197:Drivers/STM32F2xx_HAL_Driver/Src/stm32f2xx_hal_dma_ex.c ****     __HAL_DMA_CLEAR_FLAG (hdma, __HAL_DMA_GET_HT_FLAG_INDEX(hdma));
 761              		.loc 1 197 5 discriminator 176 view .LVU216
 762 0372 4FF00063 		mov	r3, #134217728
 763 0376 03E0     		b	.L26
 764              	.L309:
 197:Drivers/STM32F2xx_HAL_Driver/Src/stm32f2xx_hal_dma_ex.c ****     __HAL_DMA_CLEAR_FLAG (hdma, __HAL_DMA_GET_HT_FLAG_INDEX(hdma));
 765              		.loc 1 197 5 discriminator 175 view .LVU217
 766 0378 4FF40013 		mov	r3, #2097152
 767 037c 00E0     		b	.L26
 768              	.L98:
 197:Drivers/STM32F2xx_HAL_Driver/Src/stm32f2xx_hal_dma_ex.c ****     __HAL_DMA_CLEAR_FLAG (hdma, __HAL_DMA_GET_HT_FLAG_INDEX(hdma));
 769              		.loc 1 197 5 discriminator 154 view .LVU218
 770 037e 2023     		movs	r3, #32
 771              	.L26:
 197:Drivers/STM32F2xx_HAL_Driver/Src/stm32f2xx_hal_dma_ex.c ****     __HAL_DMA_CLEAR_FLAG (hdma, __HAL_DMA_GET_HT_FLAG_INDEX(hdma));
 772              		.loc 1 197 5 discriminator 200 view .LVU219
 773 0380 974A     		ldr	r2, .L328+4
 774 0382 9360     		str	r3, [r2, #8]
 775              	.LVL37:
 197:Drivers/STM32F2xx_HAL_Driver/Src/stm32f2xx_hal_dma_ex.c ****     __HAL_DMA_CLEAR_FLAG (hdma, __HAL_DMA_GET_HT_FLAG_INDEX(hdma));
 776              		.loc 1 197 5 discriminator 200 view .LVU220
 777 0384 AFE6     		b	.L21
 778              	.LVL38:
 779              	.L99:
 197:Drivers/STM32F2xx_HAL_Driver/Src/stm32f2xx_hal_dma_ex.c ****     __HAL_DMA_CLEAR_FLAG (hdma, __HAL_DMA_GET_HT_FLAG_INDEX(hdma));
 780              		.loc 1 197 5 discriminator 156 view .LVU221
 781 0386 2023     		movs	r3, #32
 782 0388 FAE7     		b	.L26
 783              	.L100:
 197:Drivers/STM32F2xx_HAL_Driver/Src/stm32f2xx_hal_dma_ex.c ****     __HAL_DMA_CLEAR_FLAG (hdma, __HAL_DMA_GET_HT_FLAG_INDEX(hdma));
 784              		.loc 1 197 5 discriminator 158 view .LVU222
 785 038a 2023     		movs	r3, #32
 786 038c F8E7     		b	.L26
 787              	.L101:
 197:Drivers/STM32F2xx_HAL_Driver/Src/stm32f2xx_hal_dma_ex.c ****     __HAL_DMA_CLEAR_FLAG (hdma, __HAL_DMA_GET_HT_FLAG_INDEX(hdma));
 788              		.loc 1 197 5 discriminator 160 view .LVU223
 789 038e 2023     		movs	r3, #32
 790 0390 F6E7     		b	.L26
 791              	.L102:
 197:Drivers/STM32F2xx_HAL_Driver/Src/stm32f2xx_hal_dma_ex.c ****     __HAL_DMA_CLEAR_FLAG (hdma, __HAL_DMA_GET_HT_FLAG_INDEX(hdma));
 792              		.loc 1 197 5 discriminator 162 view .LVU224
 793 0392 4FF40063 		mov	r3, #2048
 794 0396 F3E7     		b	.L26
 795              	.L103:
 197:Drivers/STM32F2xx_HAL_Driver/Src/stm32f2xx_hal_dma_ex.c ****     __HAL_DMA_CLEAR_FLAG (hdma, __HAL_DMA_GET_HT_FLAG_INDEX(hdma));
 796              		.loc 1 197 5 discriminator 164 view .LVU225
 797 0398 4FF40063 		mov	r3, #2048
 798 039c F0E7     		b	.L26
 799              	.L104:
 197:Drivers/STM32F2xx_HAL_Driver/Src/stm32f2xx_hal_dma_ex.c ****     __HAL_DMA_CLEAR_FLAG (hdma, __HAL_DMA_GET_HT_FLAG_INDEX(hdma));
 800              		.loc 1 197 5 discriminator 166 view .LVU226
 801 039e 4FF40063 		mov	r3, #2048
 802 03a2 EDE7     		b	.L26
ARM GAS  /tmp/ccYz7cvi.s 			page 24


 803              	.L105:
 197:Drivers/STM32F2xx_HAL_Driver/Src/stm32f2xx_hal_dma_ex.c ****     __HAL_DMA_CLEAR_FLAG (hdma, __HAL_DMA_GET_HT_FLAG_INDEX(hdma));
 804              		.loc 1 197 5 discriminator 168 view .LVU227
 805 03a4 4FF40063 		mov	r3, #2048
 806 03a8 EAE7     		b	.L26
 807              	.L106:
 197:Drivers/STM32F2xx_HAL_Driver/Src/stm32f2xx_hal_dma_ex.c ****     __HAL_DMA_CLEAR_FLAG (hdma, __HAL_DMA_GET_HT_FLAG_INDEX(hdma));
 808              		.loc 1 197 5 discriminator 170 view .LVU228
 809 03aa 4FF40013 		mov	r3, #2097152
 810 03ae E7E7     		b	.L26
 811              	.L107:
 197:Drivers/STM32F2xx_HAL_Driver/Src/stm32f2xx_hal_dma_ex.c ****     __HAL_DMA_CLEAR_FLAG (hdma, __HAL_DMA_GET_HT_FLAG_INDEX(hdma));
 812              		.loc 1 197 5 discriminator 172 view .LVU229
 813 03b0 4FF40013 		mov	r3, #2097152
 814 03b4 E4E7     		b	.L26
 815              	.L108:
 197:Drivers/STM32F2xx_HAL_Driver/Src/stm32f2xx_hal_dma_ex.c ****     __HAL_DMA_CLEAR_FLAG (hdma, __HAL_DMA_GET_HT_FLAG_INDEX(hdma));
 816              		.loc 1 197 5 discriminator 174 view .LVU230
 817 03b6 4FF40013 		mov	r3, #2097152
 818 03ba E1E7     		b	.L26
 819              	.LVL39:
 820              	.L306:
 198:Drivers/STM32F2xx_HAL_Driver/Src/stm32f2xx_hal_dma_ex.c ****     __HAL_DMA_CLEAR_FLAG (hdma, __HAL_DMA_GET_TE_FLAG_INDEX(hdma));
 821              		.loc 1 198 5 discriminator 25 view .LVU231
 822 03bc 4FF48012 		mov	r2, #1048576
 823 03c0 00E0     		b	.L28
 824              	.L110:
 198:Drivers/STM32F2xx_HAL_Driver/Src/stm32f2xx_hal_dma_ex.c ****     __HAL_DMA_CLEAR_FLAG (hdma, __HAL_DMA_GET_TE_FLAG_INDEX(hdma));
 825              		.loc 1 198 5 discriminator 4 view .LVU232
 826 03c2 1022     		movs	r2, #16
 827              	.L28:
 198:Drivers/STM32F2xx_HAL_Driver/Src/stm32f2xx_hal_dma_ex.c ****     __HAL_DMA_CLEAR_FLAG (hdma, __HAL_DMA_GET_TE_FLAG_INDEX(hdma));
 828              		.loc 1 198 5 discriminator 50 view .LVU233
 829 03c4 874B     		ldr	r3, .L328+8
 830 03c6 DA60     		str	r2, [r3, #12]
 831              	.L29:
 199:Drivers/STM32F2xx_HAL_Driver/Src/stm32f2xx_hal_dma_ex.c ****     __HAL_DMA_CLEAR_FLAG (hdma, __HAL_DMA_GET_DME_FLAG_INDEX(hdma));
 832              		.loc 1 199 5 is_stmt 1 view .LVU234
 833 03c8 2368     		ldr	r3, [r4]
 834 03ca 874A     		ldr	r2, .L328+12
 835 03cc 9342     		cmp	r3, r2
 836 03ce 40F2CD81 		bls	.L35
 199:Drivers/STM32F2xx_HAL_Driver/Src/stm32f2xx_hal_dma_ex.c ****     __HAL_DMA_CLEAR_FLAG (hdma, __HAL_DMA_GET_DME_FLAG_INDEX(hdma));
 837              		.loc 1 199 5 is_stmt 0 discriminator 1 view .LVU235
 838 03d2 A2F58962 		sub	r2, r2, #1096
 839 03d6 9342     		cmp	r3, r2
 840 03d8 00F06681 		beq	.L158
 199:Drivers/STM32F2xx_HAL_Driver/Src/stm32f2xx_hal_dma_ex.c ****     __HAL_DMA_CLEAR_FLAG (hdma, __HAL_DMA_GET_DME_FLAG_INDEX(hdma));
 841              		.loc 1 199 5 discriminator 3 view .LVU236
 842 03dc 02F58062 		add	r2, r2, #1024
 843 03e0 9342     		cmp	r3, r2
 844 03e2 00F0A881 		beq	.L159
 199:Drivers/STM32F2xx_HAL_Driver/Src/stm32f2xx_hal_dma_ex.c ****     __HAL_DMA_CLEAR_FLAG (hdma, __HAL_DMA_GET_DME_FLAG_INDEX(hdma));
 845              		.loc 1 199 5 discriminator 5 view .LVU237
 846 03e6 A2F56872 		sub	r2, r2, #928
 847 03ea 9342     		cmp	r3, r2
 848 03ec 00F0A581 		beq	.L160
ARM GAS  /tmp/ccYz7cvi.s 			page 25


 199:Drivers/STM32F2xx_HAL_Driver/Src/stm32f2xx_hal_dma_ex.c ****     __HAL_DMA_CLEAR_FLAG (hdma, __HAL_DMA_GET_DME_FLAG_INDEX(hdma));
 849              		.loc 1 199 5 discriminator 7 view .LVU238
 850 03f0 02F58062 		add	r2, r2, #1024
 851 03f4 9342     		cmp	r3, r2
 852 03f6 00F0A281 		beq	.L161
 199:Drivers/STM32F2xx_HAL_Driver/Src/stm32f2xx_hal_dma_ex.c ****     __HAL_DMA_CLEAR_FLAG (hdma, __HAL_DMA_GET_DME_FLAG_INDEX(hdma));
 853              		.loc 1 199 5 discriminator 9 view .LVU239
 854 03fa A2F58962 		sub	r2, r2, #1096
 855 03fe 9342     		cmp	r3, r2
 856 0400 00F09F81 		beq	.L162
 199:Drivers/STM32F2xx_HAL_Driver/Src/stm32f2xx_hal_dma_ex.c ****     __HAL_DMA_CLEAR_FLAG (hdma, __HAL_DMA_GET_DME_FLAG_INDEX(hdma));
 857              		.loc 1 199 5 discriminator 11 view .LVU240
 858 0404 02F58062 		add	r2, r2, #1024
 859 0408 9342     		cmp	r3, r2
 860 040a 00F09D81 		beq	.L163
 199:Drivers/STM32F2xx_HAL_Driver/Src/stm32f2xx_hal_dma_ex.c ****     __HAL_DMA_CLEAR_FLAG (hdma, __HAL_DMA_GET_DME_FLAG_INDEX(hdma));
 861              		.loc 1 199 5 discriminator 13 view .LVU241
 862 040e A2F56872 		sub	r2, r2, #928
 863 0412 9342     		cmp	r3, r2
 864 0414 00F09B81 		beq	.L164
 199:Drivers/STM32F2xx_HAL_Driver/Src/stm32f2xx_hal_dma_ex.c ****     __HAL_DMA_CLEAR_FLAG (hdma, __HAL_DMA_GET_DME_FLAG_INDEX(hdma));
 865              		.loc 1 199 5 discriminator 15 view .LVU242
 866 0418 02F58062 		add	r2, r2, #1024
 867 041c 9342     		cmp	r3, r2
 868 041e 00F09981 		beq	.L165
 199:Drivers/STM32F2xx_HAL_Driver/Src/stm32f2xx_hal_dma_ex.c ****     __HAL_DMA_CLEAR_FLAG (hdma, __HAL_DMA_GET_DME_FLAG_INDEX(hdma));
 869              		.loc 1 199 5 discriminator 17 view .LVU243
 870 0422 A2F58962 		sub	r2, r2, #1096
 871 0426 9342     		cmp	r3, r2
 872 0428 00F09781 		beq	.L166
 199:Drivers/STM32F2xx_HAL_Driver/Src/stm32f2xx_hal_dma_ex.c ****     __HAL_DMA_CLEAR_FLAG (hdma, __HAL_DMA_GET_DME_FLAG_INDEX(hdma));
 873              		.loc 1 199 5 discriminator 19 view .LVU244
 874 042c 02F58062 		add	r2, r2, #1024
 875 0430 9342     		cmp	r3, r2
 876 0432 00F09581 		beq	.L167
 199:Drivers/STM32F2xx_HAL_Driver/Src/stm32f2xx_hal_dma_ex.c ****     __HAL_DMA_CLEAR_FLAG (hdma, __HAL_DMA_GET_DME_FLAG_INDEX(hdma));
 877              		.loc 1 199 5 discriminator 21 view .LVU245
 878 0436 A2F56872 		sub	r2, r2, #928
 879 043a 9342     		cmp	r3, r2
 880 043c 00F09381 		beq	.L168
 199:Drivers/STM32F2xx_HAL_Driver/Src/stm32f2xx_hal_dma_ex.c ****     __HAL_DMA_CLEAR_FLAG (hdma, __HAL_DMA_GET_DME_FLAG_INDEX(hdma));
 881              		.loc 1 199 5 discriminator 23 view .LVU246
 882 0440 02F58062 		add	r2, r2, #1024
 883 0444 9342     		cmp	r3, r2
 884 0446 00F02C81 		beq	.L310
 199:Drivers/STM32F2xx_HAL_Driver/Src/stm32f2xx_hal_dma_ex.c ****     __HAL_DMA_CLEAR_FLAG (hdma, __HAL_DMA_GET_DME_FLAG_INDEX(hdma));
 885              		.loc 1 199 5 discriminator 26 view .LVU247
 886 044a 4FF00072 		mov	r2, #33554432
 887 044e 2CE1     		b	.L36
 888              	.L111:
 198:Drivers/STM32F2xx_HAL_Driver/Src/stm32f2xx_hal_dma_ex.c ****     __HAL_DMA_CLEAR_FLAG (hdma, __HAL_DMA_GET_TE_FLAG_INDEX(hdma));
 889              		.loc 1 198 5 discriminator 6 view .LVU248
 890 0450 1022     		movs	r2, #16
 891 0452 B7E7     		b	.L28
 892              	.L112:
 198:Drivers/STM32F2xx_HAL_Driver/Src/stm32f2xx_hal_dma_ex.c ****     __HAL_DMA_CLEAR_FLAG (hdma, __HAL_DMA_GET_TE_FLAG_INDEX(hdma));
 893              		.loc 1 198 5 discriminator 8 view .LVU249
ARM GAS  /tmp/ccYz7cvi.s 			page 26


 894 0454 1022     		movs	r2, #16
 895 0456 B5E7     		b	.L28
 896              	.L113:
 198:Drivers/STM32F2xx_HAL_Driver/Src/stm32f2xx_hal_dma_ex.c ****     __HAL_DMA_CLEAR_FLAG (hdma, __HAL_DMA_GET_TE_FLAG_INDEX(hdma));
 897              		.loc 1 198 5 discriminator 10 view .LVU250
 898 0458 1022     		movs	r2, #16
 899 045a B3E7     		b	.L28
 900              	.L114:
 198:Drivers/STM32F2xx_HAL_Driver/Src/stm32f2xx_hal_dma_ex.c ****     __HAL_DMA_CLEAR_FLAG (hdma, __HAL_DMA_GET_TE_FLAG_INDEX(hdma));
 901              		.loc 1 198 5 discriminator 12 view .LVU251
 902 045c 4FF48062 		mov	r2, #1024
 903 0460 B0E7     		b	.L28
 904              	.L115:
 198:Drivers/STM32F2xx_HAL_Driver/Src/stm32f2xx_hal_dma_ex.c ****     __HAL_DMA_CLEAR_FLAG (hdma, __HAL_DMA_GET_TE_FLAG_INDEX(hdma));
 905              		.loc 1 198 5 discriminator 14 view .LVU252
 906 0462 4FF48062 		mov	r2, #1024
 907 0466 ADE7     		b	.L28
 908              	.L116:
 198:Drivers/STM32F2xx_HAL_Driver/Src/stm32f2xx_hal_dma_ex.c ****     __HAL_DMA_CLEAR_FLAG (hdma, __HAL_DMA_GET_TE_FLAG_INDEX(hdma));
 909              		.loc 1 198 5 discriminator 16 view .LVU253
 910 0468 4FF48062 		mov	r2, #1024
 911 046c AAE7     		b	.L28
 912              	.L117:
 198:Drivers/STM32F2xx_HAL_Driver/Src/stm32f2xx_hal_dma_ex.c ****     __HAL_DMA_CLEAR_FLAG (hdma, __HAL_DMA_GET_TE_FLAG_INDEX(hdma));
 913              		.loc 1 198 5 discriminator 18 view .LVU254
 914 046e 4FF48062 		mov	r2, #1024
 915 0472 A7E7     		b	.L28
 916              	.L118:
 198:Drivers/STM32F2xx_HAL_Driver/Src/stm32f2xx_hal_dma_ex.c ****     __HAL_DMA_CLEAR_FLAG (hdma, __HAL_DMA_GET_TE_FLAG_INDEX(hdma));
 917              		.loc 1 198 5 discriminator 20 view .LVU255
 918 0474 4FF48012 		mov	r2, #1048576
 919 0478 A4E7     		b	.L28
 920              	.L119:
 198:Drivers/STM32F2xx_HAL_Driver/Src/stm32f2xx_hal_dma_ex.c ****     __HAL_DMA_CLEAR_FLAG (hdma, __HAL_DMA_GET_TE_FLAG_INDEX(hdma));
 921              		.loc 1 198 5 discriminator 22 view .LVU256
 922 047a 4FF48012 		mov	r2, #1048576
 923 047e A1E7     		b	.L28
 924              	.L120:
 198:Drivers/STM32F2xx_HAL_Driver/Src/stm32f2xx_hal_dma_ex.c ****     __HAL_DMA_CLEAR_FLAG (hdma, __HAL_DMA_GET_TE_FLAG_INDEX(hdma));
 925              		.loc 1 198 5 discriminator 24 view .LVU257
 926 0480 4FF48012 		mov	r2, #1048576
 927 0484 9EE7     		b	.L28
 928              	.L27:
 198:Drivers/STM32F2xx_HAL_Driver/Src/stm32f2xx_hal_dma_ex.c ****     __HAL_DMA_CLEAR_FLAG (hdma, __HAL_DMA_GET_TE_FLAG_INDEX(hdma));
 929              		.loc 1 198 5 discriminator 2 view .LVU258
 930 0486 594A     		ldr	r2, .L328+16
 931 0488 9342     		cmp	r3, r2
 932 048a 53D9     		bls	.L30
 198:Drivers/STM32F2xx_HAL_Driver/Src/stm32f2xx_hal_dma_ex.c ****     __HAL_DMA_CLEAR_FLAG (hdma, __HAL_DMA_GET_TE_FLAG_INDEX(hdma));
 933              		.loc 1 198 5 discriminator 51 view .LVU259
 934 048c A83A     		subs	r2, r2, #168
 935 048e 9342     		cmp	r3, r2
 936 0490 31D0     		beq	.L122
 198:Drivers/STM32F2xx_HAL_Driver/Src/stm32f2xx_hal_dma_ex.c ****     __HAL_DMA_CLEAR_FLAG (hdma, __HAL_DMA_GET_TE_FLAG_INDEX(hdma));
 937              		.loc 1 198 5 discriminator 53 view .LVU260
 938 0492 02F58062 		add	r2, r2, #1024
 939 0496 9342     		cmp	r3, r2
ARM GAS  /tmp/ccYz7cvi.s 			page 27


 940 0498 31D0     		beq	.L123
 198:Drivers/STM32F2xx_HAL_Driver/Src/stm32f2xx_hal_dma_ex.c ****     __HAL_DMA_CLEAR_FLAG (hdma, __HAL_DMA_GET_TE_FLAG_INDEX(hdma));
 941              		.loc 1 198 5 discriminator 55 view .LVU261
 942 049a A2F56872 		sub	r2, r2, #928
 943 049e 9342     		cmp	r3, r2
 944 04a0 2FD0     		beq	.L124
 198:Drivers/STM32F2xx_HAL_Driver/Src/stm32f2xx_hal_dma_ex.c ****     __HAL_DMA_CLEAR_FLAG (hdma, __HAL_DMA_GET_TE_FLAG_INDEX(hdma));
 945              		.loc 1 198 5 discriminator 57 view .LVU262
 946 04a2 02F58062 		add	r2, r2, #1024
 947 04a6 9342     		cmp	r3, r2
 948 04a8 2DD0     		beq	.L125
 198:Drivers/STM32F2xx_HAL_Driver/Src/stm32f2xx_hal_dma_ex.c ****     __HAL_DMA_CLEAR_FLAG (hdma, __HAL_DMA_GET_TE_FLAG_INDEX(hdma));
 949              		.loc 1 198 5 discriminator 59 view .LVU263
 950 04aa A2F58962 		sub	r2, r2, #1096
 951 04ae 9342     		cmp	r3, r2
 952 04b0 2BD0     		beq	.L126
 198:Drivers/STM32F2xx_HAL_Driver/Src/stm32f2xx_hal_dma_ex.c ****     __HAL_DMA_CLEAR_FLAG (hdma, __HAL_DMA_GET_TE_FLAG_INDEX(hdma));
 953              		.loc 1 198 5 discriminator 61 view .LVU264
 954 04b2 02F58062 		add	r2, r2, #1024
 955 04b6 9342     		cmp	r3, r2
 956 04b8 2AD0     		beq	.L127
 198:Drivers/STM32F2xx_HAL_Driver/Src/stm32f2xx_hal_dma_ex.c ****     __HAL_DMA_CLEAR_FLAG (hdma, __HAL_DMA_GET_TE_FLAG_INDEX(hdma));
 957              		.loc 1 198 5 discriminator 63 view .LVU265
 958 04ba A2F56872 		sub	r2, r2, #928
 959 04be 9342     		cmp	r3, r2
 960 04c0 29D0     		beq	.L128
 198:Drivers/STM32F2xx_HAL_Driver/Src/stm32f2xx_hal_dma_ex.c ****     __HAL_DMA_CLEAR_FLAG (hdma, __HAL_DMA_GET_TE_FLAG_INDEX(hdma));
 961              		.loc 1 198 5 discriminator 65 view .LVU266
 962 04c2 02F58062 		add	r2, r2, #1024
 963 04c6 9342     		cmp	r3, r2
 964 04c8 28D0     		beq	.L129
 198:Drivers/STM32F2xx_HAL_Driver/Src/stm32f2xx_hal_dma_ex.c ****     __HAL_DMA_CLEAR_FLAG (hdma, __HAL_DMA_GET_TE_FLAG_INDEX(hdma));
 965              		.loc 1 198 5 discriminator 67 view .LVU267
 966 04ca A2F58962 		sub	r2, r2, #1096
 967 04ce 9342     		cmp	r3, r2
 968 04d0 27D0     		beq	.L130
 198:Drivers/STM32F2xx_HAL_Driver/Src/stm32f2xx_hal_dma_ex.c ****     __HAL_DMA_CLEAR_FLAG (hdma, __HAL_DMA_GET_TE_FLAG_INDEX(hdma));
 969              		.loc 1 198 5 discriminator 69 view .LVU268
 970 04d2 02F58062 		add	r2, r2, #1024
 971 04d6 9342     		cmp	r3, r2
 972 04d8 26D0     		beq	.L131
 198:Drivers/STM32F2xx_HAL_Driver/Src/stm32f2xx_hal_dma_ex.c ****     __HAL_DMA_CLEAR_FLAG (hdma, __HAL_DMA_GET_TE_FLAG_INDEX(hdma));
 973              		.loc 1 198 5 discriminator 71 view .LVU269
 974 04da A2F56872 		sub	r2, r2, #928
 975 04de 9342     		cmp	r3, r2
 976 04e0 25D0     		beq	.L132
 198:Drivers/STM32F2xx_HAL_Driver/Src/stm32f2xx_hal_dma_ex.c ****     __HAL_DMA_CLEAR_FLAG (hdma, __HAL_DMA_GET_TE_FLAG_INDEX(hdma));
 977              		.loc 1 198 5 discriminator 73 view .LVU270
 978 04e2 02F58062 		add	r2, r2, #1024
 979 04e6 9342     		cmp	r3, r2
 980 04e8 02D0     		beq	.L311
 198:Drivers/STM32F2xx_HAL_Driver/Src/stm32f2xx_hal_dma_ex.c ****     __HAL_DMA_CLEAR_FLAG (hdma, __HAL_DMA_GET_TE_FLAG_INDEX(hdma));
 981              		.loc 1 198 5 discriminator 76 view .LVU271
 982 04ea 4FF08063 		mov	r3, #67108864
 983 04ee 03E0     		b	.L31
 984              	.L311:
 198:Drivers/STM32F2xx_HAL_Driver/Src/stm32f2xx_hal_dma_ex.c ****     __HAL_DMA_CLEAR_FLAG (hdma, __HAL_DMA_GET_TE_FLAG_INDEX(hdma));
ARM GAS  /tmp/ccYz7cvi.s 			page 28


 985              		.loc 1 198 5 discriminator 75 view .LVU272
 986 04f0 4FF48013 		mov	r3, #1048576
 987 04f4 00E0     		b	.L31
 988              	.L122:
 198:Drivers/STM32F2xx_HAL_Driver/Src/stm32f2xx_hal_dma_ex.c ****     __HAL_DMA_CLEAR_FLAG (hdma, __HAL_DMA_GET_TE_FLAG_INDEX(hdma));
 989              		.loc 1 198 5 discriminator 54 view .LVU273
 990 04f6 1023     		movs	r3, #16
 991              	.L31:
 198:Drivers/STM32F2xx_HAL_Driver/Src/stm32f2xx_hal_dma_ex.c ****     __HAL_DMA_CLEAR_FLAG (hdma, __HAL_DMA_GET_TE_FLAG_INDEX(hdma));
 992              		.loc 1 198 5 discriminator 100 view .LVU274
 993 04f8 3A4A     		ldr	r2, .L328+8
 994 04fa 9360     		str	r3, [r2, #8]
 995 04fc 64E7     		b	.L29
 996              	.L123:
 198:Drivers/STM32F2xx_HAL_Driver/Src/stm32f2xx_hal_dma_ex.c ****     __HAL_DMA_CLEAR_FLAG (hdma, __HAL_DMA_GET_TE_FLAG_INDEX(hdma));
 997              		.loc 1 198 5 discriminator 56 view .LVU275
 998 04fe 1023     		movs	r3, #16
 999 0500 FAE7     		b	.L31
 1000              	.L124:
 198:Drivers/STM32F2xx_HAL_Driver/Src/stm32f2xx_hal_dma_ex.c ****     __HAL_DMA_CLEAR_FLAG (hdma, __HAL_DMA_GET_TE_FLAG_INDEX(hdma));
 1001              		.loc 1 198 5 discriminator 58 view .LVU276
 1002 0502 1023     		movs	r3, #16
 1003 0504 F8E7     		b	.L31
 1004              	.L125:
 198:Drivers/STM32F2xx_HAL_Driver/Src/stm32f2xx_hal_dma_ex.c ****     __HAL_DMA_CLEAR_FLAG (hdma, __HAL_DMA_GET_TE_FLAG_INDEX(hdma));
 1005              		.loc 1 198 5 discriminator 60 view .LVU277
 1006 0506 1023     		movs	r3, #16
 1007 0508 F6E7     		b	.L31
 1008              	.L126:
 198:Drivers/STM32F2xx_HAL_Driver/Src/stm32f2xx_hal_dma_ex.c ****     __HAL_DMA_CLEAR_FLAG (hdma, __HAL_DMA_GET_TE_FLAG_INDEX(hdma));
 1009              		.loc 1 198 5 discriminator 62 view .LVU278
 1010 050a 4FF48063 		mov	r3, #1024
 1011 050e F3E7     		b	.L31
 1012              	.L127:
 198:Drivers/STM32F2xx_HAL_Driver/Src/stm32f2xx_hal_dma_ex.c ****     __HAL_DMA_CLEAR_FLAG (hdma, __HAL_DMA_GET_TE_FLAG_INDEX(hdma));
 1013              		.loc 1 198 5 discriminator 64 view .LVU279
 1014 0510 4FF48063 		mov	r3, #1024
 1015 0514 F0E7     		b	.L31
 1016              	.L128:
 198:Drivers/STM32F2xx_HAL_Driver/Src/stm32f2xx_hal_dma_ex.c ****     __HAL_DMA_CLEAR_FLAG (hdma, __HAL_DMA_GET_TE_FLAG_INDEX(hdma));
 1017              		.loc 1 198 5 discriminator 66 view .LVU280
 1018 0516 4FF48063 		mov	r3, #1024
 1019 051a EDE7     		b	.L31
 1020              	.L129:
 198:Drivers/STM32F2xx_HAL_Driver/Src/stm32f2xx_hal_dma_ex.c ****     __HAL_DMA_CLEAR_FLAG (hdma, __HAL_DMA_GET_TE_FLAG_INDEX(hdma));
 1021              		.loc 1 198 5 discriminator 68 view .LVU281
 1022 051c 4FF48063 		mov	r3, #1024
 1023 0520 EAE7     		b	.L31
 1024              	.L130:
 198:Drivers/STM32F2xx_HAL_Driver/Src/stm32f2xx_hal_dma_ex.c ****     __HAL_DMA_CLEAR_FLAG (hdma, __HAL_DMA_GET_TE_FLAG_INDEX(hdma));
 1025              		.loc 1 198 5 discriminator 70 view .LVU282
 1026 0522 4FF48013 		mov	r3, #1048576
 1027 0526 E7E7     		b	.L31
 1028              	.L131:
 198:Drivers/STM32F2xx_HAL_Driver/Src/stm32f2xx_hal_dma_ex.c ****     __HAL_DMA_CLEAR_FLAG (hdma, __HAL_DMA_GET_TE_FLAG_INDEX(hdma));
 1029              		.loc 1 198 5 discriminator 72 view .LVU283
 1030 0528 4FF48013 		mov	r3, #1048576
ARM GAS  /tmp/ccYz7cvi.s 			page 29


 1031 052c E4E7     		b	.L31
 1032              	.L132:
 198:Drivers/STM32F2xx_HAL_Driver/Src/stm32f2xx_hal_dma_ex.c ****     __HAL_DMA_CLEAR_FLAG (hdma, __HAL_DMA_GET_TE_FLAG_INDEX(hdma));
 1033              		.loc 1 198 5 discriminator 74 view .LVU284
 1034 052e 4FF48013 		mov	r3, #1048576
 1035 0532 E1E7     		b	.L31
 1036              	.L30:
 198:Drivers/STM32F2xx_HAL_Driver/Src/stm32f2xx_hal_dma_ex.c ****     __HAL_DMA_CLEAR_FLAG (hdma, __HAL_DMA_GET_TE_FLAG_INDEX(hdma));
 1037              		.loc 1 198 5 discriminator 52 view .LVU285
 1038 0534 2E4A     		ldr	r2, .L328+20
 1039 0536 9342     		cmp	r3, r2
 1040 0538 5FD9     		bls	.L32
 198:Drivers/STM32F2xx_HAL_Driver/Src/stm32f2xx_hal_dma_ex.c ****     __HAL_DMA_CLEAR_FLAG (hdma, __HAL_DMA_GET_TE_FLAG_INDEX(hdma));
 1041              		.loc 1 198 5 discriminator 102 view .LVU286
 1042 053a 483A     		subs	r2, r2, #72
 1043 053c 9342     		cmp	r3, r2
 1044 053e 31D0     		beq	.L134
 198:Drivers/STM32F2xx_HAL_Driver/Src/stm32f2xx_hal_dma_ex.c ****     __HAL_DMA_CLEAR_FLAG (hdma, __HAL_DMA_GET_TE_FLAG_INDEX(hdma));
 1045              		.loc 1 198 5 discriminator 104 view .LVU287
 1046 0540 02F58062 		add	r2, r2, #1024
 1047 0544 9342     		cmp	r3, r2
 1048 0546 31D0     		beq	.L135
 198:Drivers/STM32F2xx_HAL_Driver/Src/stm32f2xx_hal_dma_ex.c ****     __HAL_DMA_CLEAR_FLAG (hdma, __HAL_DMA_GET_TE_FLAG_INDEX(hdma));
 1049              		.loc 1 198 5 discriminator 106 view .LVU288
 1050 0548 A2F56872 		sub	r2, r2, #928
 1051 054c 9342     		cmp	r3, r2
 1052 054e 2FD0     		beq	.L136
 198:Drivers/STM32F2xx_HAL_Driver/Src/stm32f2xx_hal_dma_ex.c ****     __HAL_DMA_CLEAR_FLAG (hdma, __HAL_DMA_GET_TE_FLAG_INDEX(hdma));
 1053              		.loc 1 198 5 discriminator 108 view .LVU289
 1054 0550 02F58062 		add	r2, r2, #1024
 1055 0554 9342     		cmp	r3, r2
 1056 0556 2DD0     		beq	.L137
 198:Drivers/STM32F2xx_HAL_Driver/Src/stm32f2xx_hal_dma_ex.c ****     __HAL_DMA_CLEAR_FLAG (hdma, __HAL_DMA_GET_TE_FLAG_INDEX(hdma));
 1057              		.loc 1 198 5 discriminator 110 view .LVU290
 1058 0558 A2F58962 		sub	r2, r2, #1096
 1059 055c 9342     		cmp	r3, r2
 1060 055e 2BD0     		beq	.L138
 198:Drivers/STM32F2xx_HAL_Driver/Src/stm32f2xx_hal_dma_ex.c ****     __HAL_DMA_CLEAR_FLAG (hdma, __HAL_DMA_GET_TE_FLAG_INDEX(hdma));
 1061              		.loc 1 198 5 discriminator 112 view .LVU291
 1062 0560 02F58062 		add	r2, r2, #1024
 1063 0564 9342     		cmp	r3, r2
 1064 0566 2AD0     		beq	.L139
 198:Drivers/STM32F2xx_HAL_Driver/Src/stm32f2xx_hal_dma_ex.c ****     __HAL_DMA_CLEAR_FLAG (hdma, __HAL_DMA_GET_TE_FLAG_INDEX(hdma));
 1065              		.loc 1 198 5 discriminator 114 view .LVU292
 1066 0568 A2F56872 		sub	r2, r2, #928
 1067 056c 9342     		cmp	r3, r2
 1068 056e 29D0     		beq	.L140
 198:Drivers/STM32F2xx_HAL_Driver/Src/stm32f2xx_hal_dma_ex.c ****     __HAL_DMA_CLEAR_FLAG (hdma, __HAL_DMA_GET_TE_FLAG_INDEX(hdma));
 1069              		.loc 1 198 5 discriminator 116 view .LVU293
 1070 0570 02F58062 		add	r2, r2, #1024
 1071 0574 9342     		cmp	r3, r2
 1072 0576 28D0     		beq	.L141
 198:Drivers/STM32F2xx_HAL_Driver/Src/stm32f2xx_hal_dma_ex.c ****     __HAL_DMA_CLEAR_FLAG (hdma, __HAL_DMA_GET_TE_FLAG_INDEX(hdma));
 1073              		.loc 1 198 5 discriminator 118 view .LVU294
 1074 0578 A2F58962 		sub	r2, r2, #1096
 1075 057c 9342     		cmp	r3, r2
 1076 057e 27D0     		beq	.L142
ARM GAS  /tmp/ccYz7cvi.s 			page 30


 198:Drivers/STM32F2xx_HAL_Driver/Src/stm32f2xx_hal_dma_ex.c ****     __HAL_DMA_CLEAR_FLAG (hdma, __HAL_DMA_GET_TE_FLAG_INDEX(hdma));
 1077              		.loc 1 198 5 discriminator 120 view .LVU295
 1078 0580 02F58062 		add	r2, r2, #1024
 1079 0584 9342     		cmp	r3, r2
 1080 0586 26D0     		beq	.L143
 198:Drivers/STM32F2xx_HAL_Driver/Src/stm32f2xx_hal_dma_ex.c ****     __HAL_DMA_CLEAR_FLAG (hdma, __HAL_DMA_GET_TE_FLAG_INDEX(hdma));
 1081              		.loc 1 198 5 discriminator 122 view .LVU296
 1082 0588 A2F56872 		sub	r2, r2, #928
 1083 058c 9342     		cmp	r3, r2
 1084 058e 31D0     		beq	.L144
 198:Drivers/STM32F2xx_HAL_Driver/Src/stm32f2xx_hal_dma_ex.c ****     __HAL_DMA_CLEAR_FLAG (hdma, __HAL_DMA_GET_TE_FLAG_INDEX(hdma));
 1085              		.loc 1 198 5 discriminator 124 view .LVU297
 1086 0590 02F58062 		add	r2, r2, #1024
 1087 0594 9342     		cmp	r3, r2
 1088 0596 02D0     		beq	.L312
 198:Drivers/STM32F2xx_HAL_Driver/Src/stm32f2xx_hal_dma_ex.c ****     __HAL_DMA_CLEAR_FLAG (hdma, __HAL_DMA_GET_TE_FLAG_INDEX(hdma));
 1089              		.loc 1 198 5 discriminator 127 view .LVU298
 1090 0598 4FF08063 		mov	r3, #67108864
 1091 059c 03E0     		b	.L33
 1092              	.L312:
 198:Drivers/STM32F2xx_HAL_Driver/Src/stm32f2xx_hal_dma_ex.c ****     __HAL_DMA_CLEAR_FLAG (hdma, __HAL_DMA_GET_TE_FLAG_INDEX(hdma));
 1093              		.loc 1 198 5 discriminator 126 view .LVU299
 1094 059e 4FF48013 		mov	r3, #1048576
 1095 05a2 00E0     		b	.L33
 1096              	.L134:
 198:Drivers/STM32F2xx_HAL_Driver/Src/stm32f2xx_hal_dma_ex.c ****     __HAL_DMA_CLEAR_FLAG (hdma, __HAL_DMA_GET_TE_FLAG_INDEX(hdma));
 1097              		.loc 1 198 5 discriminator 105 view .LVU300
 1098 05a4 1023     		movs	r3, #16
 1099              	.L33:
 198:Drivers/STM32F2xx_HAL_Driver/Src/stm32f2xx_hal_dma_ex.c ****     __HAL_DMA_CLEAR_FLAG (hdma, __HAL_DMA_GET_TE_FLAG_INDEX(hdma));
 1100              		.loc 1 198 5 discriminator 151 view .LVU301
 1101 05a6 0E4A     		ldr	r2, .L328+4
 1102 05a8 D360     		str	r3, [r2, #12]
 1103 05aa 0DE7     		b	.L29
 1104              	.L135:
 198:Drivers/STM32F2xx_HAL_Driver/Src/stm32f2xx_hal_dma_ex.c ****     __HAL_DMA_CLEAR_FLAG (hdma, __HAL_DMA_GET_TE_FLAG_INDEX(hdma));
 1105              		.loc 1 198 5 discriminator 107 view .LVU302
 1106 05ac 1023     		movs	r3, #16
 1107 05ae FAE7     		b	.L33
 1108              	.L136:
 198:Drivers/STM32F2xx_HAL_Driver/Src/stm32f2xx_hal_dma_ex.c ****     __HAL_DMA_CLEAR_FLAG (hdma, __HAL_DMA_GET_TE_FLAG_INDEX(hdma));
 1109              		.loc 1 198 5 discriminator 109 view .LVU303
 1110 05b0 1023     		movs	r3, #16
 1111 05b2 F8E7     		b	.L33
 1112              	.L137:
 198:Drivers/STM32F2xx_HAL_Driver/Src/stm32f2xx_hal_dma_ex.c ****     __HAL_DMA_CLEAR_FLAG (hdma, __HAL_DMA_GET_TE_FLAG_INDEX(hdma));
 1113              		.loc 1 198 5 discriminator 111 view .LVU304
 1114 05b4 1023     		movs	r3, #16
 1115 05b6 F6E7     		b	.L33
 1116              	.L138:
 198:Drivers/STM32F2xx_HAL_Driver/Src/stm32f2xx_hal_dma_ex.c ****     __HAL_DMA_CLEAR_FLAG (hdma, __HAL_DMA_GET_TE_FLAG_INDEX(hdma));
 1117              		.loc 1 198 5 discriminator 113 view .LVU305
 1118 05b8 4FF48063 		mov	r3, #1024
 1119 05bc F3E7     		b	.L33
 1120              	.L139:
 198:Drivers/STM32F2xx_HAL_Driver/Src/stm32f2xx_hal_dma_ex.c ****     __HAL_DMA_CLEAR_FLAG (hdma, __HAL_DMA_GET_TE_FLAG_INDEX(hdma));
 1121              		.loc 1 198 5 discriminator 115 view .LVU306
ARM GAS  /tmp/ccYz7cvi.s 			page 31


 1122 05be 4FF48063 		mov	r3, #1024
 1123 05c2 F0E7     		b	.L33
 1124              	.L140:
 198:Drivers/STM32F2xx_HAL_Driver/Src/stm32f2xx_hal_dma_ex.c ****     __HAL_DMA_CLEAR_FLAG (hdma, __HAL_DMA_GET_TE_FLAG_INDEX(hdma));
 1125              		.loc 1 198 5 discriminator 117 view .LVU307
 1126 05c4 4FF48063 		mov	r3, #1024
 1127 05c8 EDE7     		b	.L33
 1128              	.L141:
 198:Drivers/STM32F2xx_HAL_Driver/Src/stm32f2xx_hal_dma_ex.c ****     __HAL_DMA_CLEAR_FLAG (hdma, __HAL_DMA_GET_TE_FLAG_INDEX(hdma));
 1129              		.loc 1 198 5 discriminator 119 view .LVU308
 1130 05ca 4FF48063 		mov	r3, #1024
 1131 05ce EAE7     		b	.L33
 1132              	.L142:
 198:Drivers/STM32F2xx_HAL_Driver/Src/stm32f2xx_hal_dma_ex.c ****     __HAL_DMA_CLEAR_FLAG (hdma, __HAL_DMA_GET_TE_FLAG_INDEX(hdma));
 1133              		.loc 1 198 5 discriminator 121 view .LVU309
 1134 05d0 4FF48013 		mov	r3, #1048576
 1135 05d4 E7E7     		b	.L33
 1136              	.L143:
 198:Drivers/STM32F2xx_HAL_Driver/Src/stm32f2xx_hal_dma_ex.c ****     __HAL_DMA_CLEAR_FLAG (hdma, __HAL_DMA_GET_TE_FLAG_INDEX(hdma));
 1137              		.loc 1 198 5 discriminator 123 view .LVU310
 1138 05d6 4FF48013 		mov	r3, #1048576
 1139 05da E4E7     		b	.L33
 1140              	.L329:
 1141              		.align	2
 1142              	.L328:
 1143 05dc 10600240 		.word	1073897488
 1144 05e0 00600240 		.word	1073897472
 1145 05e4 00640240 		.word	1073898496
 1146 05e8 58640240 		.word	1073898584
 1147 05ec B8600240 		.word	1073897656
 1148 05f0 58600240 		.word	1073897560
 1149              	.L144:
 198:Drivers/STM32F2xx_HAL_Driver/Src/stm32f2xx_hal_dma_ex.c ****     __HAL_DMA_CLEAR_FLAG (hdma, __HAL_DMA_GET_TE_FLAG_INDEX(hdma));
 1150              		.loc 1 198 5 discriminator 125 view .LVU311
 1151 05f4 4FF48013 		mov	r3, #1048576
 1152 05f8 D5E7     		b	.L33
 1153              	.L32:
 198:Drivers/STM32F2xx_HAL_Driver/Src/stm32f2xx_hal_dma_ex.c ****     __HAL_DMA_CLEAR_FLAG (hdma, __HAL_DMA_GET_TE_FLAG_INDEX(hdma));
 1154              		.loc 1 198 5 discriminator 103 view .LVU312
 1155 05fa B24A     		ldr	r2, .L330
 1156 05fc 9342     		cmp	r3, r2
 1157 05fe 31D0     		beq	.L146
 198:Drivers/STM32F2xx_HAL_Driver/Src/stm32f2xx_hal_dma_ex.c ****     __HAL_DMA_CLEAR_FLAG (hdma, __HAL_DMA_GET_TE_FLAG_INDEX(hdma));
 1158              		.loc 1 198 5 discriminator 153 view .LVU313
 1159 0600 02F58062 		add	r2, r2, #1024
 1160 0604 9342     		cmp	r3, r2
 1161 0606 31D0     		beq	.L147
 198:Drivers/STM32F2xx_HAL_Driver/Src/stm32f2xx_hal_dma_ex.c ****     __HAL_DMA_CLEAR_FLAG (hdma, __HAL_DMA_GET_TE_FLAG_INDEX(hdma));
 1162              		.loc 1 198 5 discriminator 155 view .LVU314
 1163 0608 A2F56872 		sub	r2, r2, #928
 1164 060c 9342     		cmp	r3, r2
 1165 060e 2FD0     		beq	.L148
 198:Drivers/STM32F2xx_HAL_Driver/Src/stm32f2xx_hal_dma_ex.c ****     __HAL_DMA_CLEAR_FLAG (hdma, __HAL_DMA_GET_TE_FLAG_INDEX(hdma));
 1166              		.loc 1 198 5 discriminator 157 view .LVU315
 1167 0610 02F58062 		add	r2, r2, #1024
 1168 0614 9342     		cmp	r3, r2
 1169 0616 2DD0     		beq	.L149
ARM GAS  /tmp/ccYz7cvi.s 			page 32


 198:Drivers/STM32F2xx_HAL_Driver/Src/stm32f2xx_hal_dma_ex.c ****     __HAL_DMA_CLEAR_FLAG (hdma, __HAL_DMA_GET_TE_FLAG_INDEX(hdma));
 1170              		.loc 1 198 5 discriminator 159 view .LVU316
 1171 0618 A2F58962 		sub	r2, r2, #1096
 1172 061c 9342     		cmp	r3, r2
 1173 061e 2BD0     		beq	.L150
 198:Drivers/STM32F2xx_HAL_Driver/Src/stm32f2xx_hal_dma_ex.c ****     __HAL_DMA_CLEAR_FLAG (hdma, __HAL_DMA_GET_TE_FLAG_INDEX(hdma));
 1174              		.loc 1 198 5 discriminator 161 view .LVU317
 1175 0620 02F58062 		add	r2, r2, #1024
 1176 0624 9342     		cmp	r3, r2
 1177 0626 2AD0     		beq	.L151
 198:Drivers/STM32F2xx_HAL_Driver/Src/stm32f2xx_hal_dma_ex.c ****     __HAL_DMA_CLEAR_FLAG (hdma, __HAL_DMA_GET_TE_FLAG_INDEX(hdma));
 1178              		.loc 1 198 5 discriminator 163 view .LVU318
 1179 0628 A2F56872 		sub	r2, r2, #928
 1180 062c 9342     		cmp	r3, r2
 1181 062e 29D0     		beq	.L152
 198:Drivers/STM32F2xx_HAL_Driver/Src/stm32f2xx_hal_dma_ex.c ****     __HAL_DMA_CLEAR_FLAG (hdma, __HAL_DMA_GET_TE_FLAG_INDEX(hdma));
 1182              		.loc 1 198 5 discriminator 165 view .LVU319
 1183 0630 02F58062 		add	r2, r2, #1024
 1184 0634 9342     		cmp	r3, r2
 1185 0636 28D0     		beq	.L153
 198:Drivers/STM32F2xx_HAL_Driver/Src/stm32f2xx_hal_dma_ex.c ****     __HAL_DMA_CLEAR_FLAG (hdma, __HAL_DMA_GET_TE_FLAG_INDEX(hdma));
 1186              		.loc 1 198 5 discriminator 167 view .LVU320
 1187 0638 A2F58962 		sub	r2, r2, #1096
 1188 063c 9342     		cmp	r3, r2
 1189 063e 27D0     		beq	.L154
 198:Drivers/STM32F2xx_HAL_Driver/Src/stm32f2xx_hal_dma_ex.c ****     __HAL_DMA_CLEAR_FLAG (hdma, __HAL_DMA_GET_TE_FLAG_INDEX(hdma));
 1190              		.loc 1 198 5 discriminator 169 view .LVU321
 1191 0640 02F58062 		add	r2, r2, #1024
 1192 0644 9342     		cmp	r3, r2
 1193 0646 26D0     		beq	.L155
 198:Drivers/STM32F2xx_HAL_Driver/Src/stm32f2xx_hal_dma_ex.c ****     __HAL_DMA_CLEAR_FLAG (hdma, __HAL_DMA_GET_TE_FLAG_INDEX(hdma));
 1194              		.loc 1 198 5 discriminator 171 view .LVU322
 1195 0648 A2F56872 		sub	r2, r2, #928
 1196 064c 9342     		cmp	r3, r2
 1197 064e 25D0     		beq	.L156
 198:Drivers/STM32F2xx_HAL_Driver/Src/stm32f2xx_hal_dma_ex.c ****     __HAL_DMA_CLEAR_FLAG (hdma, __HAL_DMA_GET_TE_FLAG_INDEX(hdma));
 1198              		.loc 1 198 5 discriminator 173 view .LVU323
 1199 0650 02F58062 		add	r2, r2, #1024
 1200 0654 9342     		cmp	r3, r2
 1201 0656 02D0     		beq	.L313
 198:Drivers/STM32F2xx_HAL_Driver/Src/stm32f2xx_hal_dma_ex.c ****     __HAL_DMA_CLEAR_FLAG (hdma, __HAL_DMA_GET_TE_FLAG_INDEX(hdma));
 1202              		.loc 1 198 5 discriminator 176 view .LVU324
 1203 0658 4FF08063 		mov	r3, #67108864
 1204 065c 03E0     		b	.L34
 1205              	.L313:
 198:Drivers/STM32F2xx_HAL_Driver/Src/stm32f2xx_hal_dma_ex.c ****     __HAL_DMA_CLEAR_FLAG (hdma, __HAL_DMA_GET_TE_FLAG_INDEX(hdma));
 1206              		.loc 1 198 5 discriminator 175 view .LVU325
 1207 065e 4FF48013 		mov	r3, #1048576
 1208 0662 00E0     		b	.L34
 1209              	.L146:
 198:Drivers/STM32F2xx_HAL_Driver/Src/stm32f2xx_hal_dma_ex.c ****     __HAL_DMA_CLEAR_FLAG (hdma, __HAL_DMA_GET_TE_FLAG_INDEX(hdma));
 1210              		.loc 1 198 5 discriminator 154 view .LVU326
 1211 0664 1023     		movs	r3, #16
 1212              	.L34:
 198:Drivers/STM32F2xx_HAL_Driver/Src/stm32f2xx_hal_dma_ex.c ****     __HAL_DMA_CLEAR_FLAG (hdma, __HAL_DMA_GET_TE_FLAG_INDEX(hdma));
 1213              		.loc 1 198 5 discriminator 200 view .LVU327
 1214 0666 984A     		ldr	r2, .L330+4
ARM GAS  /tmp/ccYz7cvi.s 			page 33


 1215 0668 9360     		str	r3, [r2, #8]
 1216 066a ADE6     		b	.L29
 1217              	.L147:
 198:Drivers/STM32F2xx_HAL_Driver/Src/stm32f2xx_hal_dma_ex.c ****     __HAL_DMA_CLEAR_FLAG (hdma, __HAL_DMA_GET_TE_FLAG_INDEX(hdma));
 1218              		.loc 1 198 5 discriminator 156 view .LVU328
 1219 066c 1023     		movs	r3, #16
 1220 066e FAE7     		b	.L34
 1221              	.L148:
 198:Drivers/STM32F2xx_HAL_Driver/Src/stm32f2xx_hal_dma_ex.c ****     __HAL_DMA_CLEAR_FLAG (hdma, __HAL_DMA_GET_TE_FLAG_INDEX(hdma));
 1222              		.loc 1 198 5 discriminator 158 view .LVU329
 1223 0670 1023     		movs	r3, #16
 1224 0672 F8E7     		b	.L34
 1225              	.L149:
 198:Drivers/STM32F2xx_HAL_Driver/Src/stm32f2xx_hal_dma_ex.c ****     __HAL_DMA_CLEAR_FLAG (hdma, __HAL_DMA_GET_TE_FLAG_INDEX(hdma));
 1226              		.loc 1 198 5 discriminator 160 view .LVU330
 1227 0674 1023     		movs	r3, #16
 1228 0676 F6E7     		b	.L34
 1229              	.L150:
 198:Drivers/STM32F2xx_HAL_Driver/Src/stm32f2xx_hal_dma_ex.c ****     __HAL_DMA_CLEAR_FLAG (hdma, __HAL_DMA_GET_TE_FLAG_INDEX(hdma));
 1230              		.loc 1 198 5 discriminator 162 view .LVU331
 1231 0678 4FF48063 		mov	r3, #1024
 1232 067c F3E7     		b	.L34
 1233              	.L151:
 198:Drivers/STM32F2xx_HAL_Driver/Src/stm32f2xx_hal_dma_ex.c ****     __HAL_DMA_CLEAR_FLAG (hdma, __HAL_DMA_GET_TE_FLAG_INDEX(hdma));
 1234              		.loc 1 198 5 discriminator 164 view .LVU332
 1235 067e 4FF48063 		mov	r3, #1024
 1236 0682 F0E7     		b	.L34
 1237              	.L152:
 198:Drivers/STM32F2xx_HAL_Driver/Src/stm32f2xx_hal_dma_ex.c ****     __HAL_DMA_CLEAR_FLAG (hdma, __HAL_DMA_GET_TE_FLAG_INDEX(hdma));
 1238              		.loc 1 198 5 discriminator 166 view .LVU333
 1239 0684 4FF48063 		mov	r3, #1024
 1240 0688 EDE7     		b	.L34
 1241              	.L153:
 198:Drivers/STM32F2xx_HAL_Driver/Src/stm32f2xx_hal_dma_ex.c ****     __HAL_DMA_CLEAR_FLAG (hdma, __HAL_DMA_GET_TE_FLAG_INDEX(hdma));
 1242              		.loc 1 198 5 discriminator 168 view .LVU334
 1243 068a 4FF48063 		mov	r3, #1024
 1244 068e EAE7     		b	.L34
 1245              	.L154:
 198:Drivers/STM32F2xx_HAL_Driver/Src/stm32f2xx_hal_dma_ex.c ****     __HAL_DMA_CLEAR_FLAG (hdma, __HAL_DMA_GET_TE_FLAG_INDEX(hdma));
 1246              		.loc 1 198 5 discriminator 170 view .LVU335
 1247 0690 4FF48013 		mov	r3, #1048576
 1248 0694 E7E7     		b	.L34
 1249              	.L155:
 198:Drivers/STM32F2xx_HAL_Driver/Src/stm32f2xx_hal_dma_ex.c ****     __HAL_DMA_CLEAR_FLAG (hdma, __HAL_DMA_GET_TE_FLAG_INDEX(hdma));
 1250              		.loc 1 198 5 discriminator 172 view .LVU336
 1251 0696 4FF48013 		mov	r3, #1048576
 1252 069a E4E7     		b	.L34
 1253              	.L156:
 198:Drivers/STM32F2xx_HAL_Driver/Src/stm32f2xx_hal_dma_ex.c ****     __HAL_DMA_CLEAR_FLAG (hdma, __HAL_DMA_GET_TE_FLAG_INDEX(hdma));
 1254              		.loc 1 198 5 discriminator 174 view .LVU337
 1255 069c 4FF48013 		mov	r3, #1048576
 1256 06a0 E1E7     		b	.L34
 1257              	.L310:
 199:Drivers/STM32F2xx_HAL_Driver/Src/stm32f2xx_hal_dma_ex.c ****     __HAL_DMA_CLEAR_FLAG (hdma, __HAL_DMA_GET_DME_FLAG_INDEX(hdma));
 1258              		.loc 1 199 5 discriminator 25 view .LVU338
 1259 06a2 4FF40022 		mov	r2, #524288
 1260 06a6 00E0     		b	.L36
ARM GAS  /tmp/ccYz7cvi.s 			page 34


 1261              	.L158:
 199:Drivers/STM32F2xx_HAL_Driver/Src/stm32f2xx_hal_dma_ex.c ****     __HAL_DMA_CLEAR_FLAG (hdma, __HAL_DMA_GET_DME_FLAG_INDEX(hdma));
 1262              		.loc 1 199 5 discriminator 4 view .LVU339
 1263 06a8 0822     		movs	r2, #8
 1264              	.L36:
 199:Drivers/STM32F2xx_HAL_Driver/Src/stm32f2xx_hal_dma_ex.c ****     __HAL_DMA_CLEAR_FLAG (hdma, __HAL_DMA_GET_DME_FLAG_INDEX(hdma));
 1265              		.loc 1 199 5 discriminator 50 view .LVU340
 1266 06aa 884B     		ldr	r3, .L330+8
 1267 06ac DA60     		str	r2, [r3, #12]
 1268              	.L37:
 200:Drivers/STM32F2xx_HAL_Driver/Src/stm32f2xx_hal_dma_ex.c ****     __HAL_DMA_CLEAR_FLAG (hdma, __HAL_DMA_GET_FE_FLAG_INDEX(hdma));
 1269              		.loc 1 200 5 is_stmt 1 view .LVU341
 1270 06ae 2368     		ldr	r3, [r4]
 1271 06b0 874A     		ldr	r2, .L330+12
 1272 06b2 9342     		cmp	r3, r2
 1273 06b4 40F2CE81 		bls	.L43
 200:Drivers/STM32F2xx_HAL_Driver/Src/stm32f2xx_hal_dma_ex.c ****     __HAL_DMA_CLEAR_FLAG (hdma, __HAL_DMA_GET_FE_FLAG_INDEX(hdma));
 1274              		.loc 1 200 5 is_stmt 0 discriminator 1 view .LVU342
 1275 06b8 A2F58962 		sub	r2, r2, #1096
 1276 06bc 9342     		cmp	r3, r2
 1277 06be 00F06781 		beq	.L206
 200:Drivers/STM32F2xx_HAL_Driver/Src/stm32f2xx_hal_dma_ex.c ****     __HAL_DMA_CLEAR_FLAG (hdma, __HAL_DMA_GET_FE_FLAG_INDEX(hdma));
 1278              		.loc 1 200 5 discriminator 3 view .LVU343
 1279 06c2 02F58062 		add	r2, r2, #1024
 1280 06c6 9342     		cmp	r3, r2
 1281 06c8 00F0A981 		beq	.L207
 200:Drivers/STM32F2xx_HAL_Driver/Src/stm32f2xx_hal_dma_ex.c ****     __HAL_DMA_CLEAR_FLAG (hdma, __HAL_DMA_GET_FE_FLAG_INDEX(hdma));
 1282              		.loc 1 200 5 discriminator 5 view .LVU344
 1283 06cc A2F56872 		sub	r2, r2, #928
 1284 06d0 9342     		cmp	r3, r2
 1285 06d2 00F0A681 		beq	.L208
 200:Drivers/STM32F2xx_HAL_Driver/Src/stm32f2xx_hal_dma_ex.c ****     __HAL_DMA_CLEAR_FLAG (hdma, __HAL_DMA_GET_FE_FLAG_INDEX(hdma));
 1286              		.loc 1 200 5 discriminator 7 view .LVU345
 1287 06d6 02F58062 		add	r2, r2, #1024
 1288 06da 9342     		cmp	r3, r2
 1289 06dc 00F0A381 		beq	.L209
 200:Drivers/STM32F2xx_HAL_Driver/Src/stm32f2xx_hal_dma_ex.c ****     __HAL_DMA_CLEAR_FLAG (hdma, __HAL_DMA_GET_FE_FLAG_INDEX(hdma));
 1290              		.loc 1 200 5 discriminator 9 view .LVU346
 1291 06e0 A2F58962 		sub	r2, r2, #1096
 1292 06e4 9342     		cmp	r3, r2
 1293 06e6 00F0A081 		beq	.L210
 200:Drivers/STM32F2xx_HAL_Driver/Src/stm32f2xx_hal_dma_ex.c ****     __HAL_DMA_CLEAR_FLAG (hdma, __HAL_DMA_GET_FE_FLAG_INDEX(hdma));
 1294              		.loc 1 200 5 discriminator 11 view .LVU347
 1295 06ea 02F58062 		add	r2, r2, #1024
 1296 06ee 9342     		cmp	r3, r2
 1297 06f0 00F09E81 		beq	.L211
 200:Drivers/STM32F2xx_HAL_Driver/Src/stm32f2xx_hal_dma_ex.c ****     __HAL_DMA_CLEAR_FLAG (hdma, __HAL_DMA_GET_FE_FLAG_INDEX(hdma));
 1298              		.loc 1 200 5 discriminator 13 view .LVU348
 1299 06f4 A2F56872 		sub	r2, r2, #928
 1300 06f8 9342     		cmp	r3, r2
 1301 06fa 00F09C81 		beq	.L212
 200:Drivers/STM32F2xx_HAL_Driver/Src/stm32f2xx_hal_dma_ex.c ****     __HAL_DMA_CLEAR_FLAG (hdma, __HAL_DMA_GET_FE_FLAG_INDEX(hdma));
 1302              		.loc 1 200 5 discriminator 15 view .LVU349
 1303 06fe 02F58062 		add	r2, r2, #1024
 1304 0702 9342     		cmp	r3, r2
 1305 0704 00F09A81 		beq	.L213
 200:Drivers/STM32F2xx_HAL_Driver/Src/stm32f2xx_hal_dma_ex.c ****     __HAL_DMA_CLEAR_FLAG (hdma, __HAL_DMA_GET_FE_FLAG_INDEX(hdma));
ARM GAS  /tmp/ccYz7cvi.s 			page 35


 1306              		.loc 1 200 5 discriminator 17 view .LVU350
 1307 0708 A2F58962 		sub	r2, r2, #1096
 1308 070c 9342     		cmp	r3, r2
 1309 070e 00F09881 		beq	.L214
 200:Drivers/STM32F2xx_HAL_Driver/Src/stm32f2xx_hal_dma_ex.c ****     __HAL_DMA_CLEAR_FLAG (hdma, __HAL_DMA_GET_FE_FLAG_INDEX(hdma));
 1310              		.loc 1 200 5 discriminator 19 view .LVU351
 1311 0712 02F58062 		add	r2, r2, #1024
 1312 0716 9342     		cmp	r3, r2
 1313 0718 00F09681 		beq	.L215
 200:Drivers/STM32F2xx_HAL_Driver/Src/stm32f2xx_hal_dma_ex.c ****     __HAL_DMA_CLEAR_FLAG (hdma, __HAL_DMA_GET_FE_FLAG_INDEX(hdma));
 1314              		.loc 1 200 5 discriminator 21 view .LVU352
 1315 071c A2F56872 		sub	r2, r2, #928
 1316 0720 9342     		cmp	r3, r2
 1317 0722 00F09481 		beq	.L216
 200:Drivers/STM32F2xx_HAL_Driver/Src/stm32f2xx_hal_dma_ex.c ****     __HAL_DMA_CLEAR_FLAG (hdma, __HAL_DMA_GET_FE_FLAG_INDEX(hdma));
 1318              		.loc 1 200 5 discriminator 23 view .LVU353
 1319 0726 02F58062 		add	r2, r2, #1024
 1320 072a 9342     		cmp	r3, r2
 1321 072c 00F02D81 		beq	.L314
 200:Drivers/STM32F2xx_HAL_Driver/Src/stm32f2xx_hal_dma_ex.c ****     __HAL_DMA_CLEAR_FLAG (hdma, __HAL_DMA_GET_FE_FLAG_INDEX(hdma));
 1322              		.loc 1 200 5 discriminator 26 view .LVU354
 1323 0730 4FF08072 		mov	r2, #16777216
 1324 0734 2DE1     		b	.L44
 1325              	.L159:
 199:Drivers/STM32F2xx_HAL_Driver/Src/stm32f2xx_hal_dma_ex.c ****     __HAL_DMA_CLEAR_FLAG (hdma, __HAL_DMA_GET_DME_FLAG_INDEX(hdma));
 1326              		.loc 1 199 5 discriminator 6 view .LVU355
 1327 0736 0822     		movs	r2, #8
 1328 0738 B7E7     		b	.L36
 1329              	.L160:
 199:Drivers/STM32F2xx_HAL_Driver/Src/stm32f2xx_hal_dma_ex.c ****     __HAL_DMA_CLEAR_FLAG (hdma, __HAL_DMA_GET_DME_FLAG_INDEX(hdma));
 1330              		.loc 1 199 5 discriminator 8 view .LVU356
 1331 073a 0822     		movs	r2, #8
 1332 073c B5E7     		b	.L36
 1333              	.L161:
 199:Drivers/STM32F2xx_HAL_Driver/Src/stm32f2xx_hal_dma_ex.c ****     __HAL_DMA_CLEAR_FLAG (hdma, __HAL_DMA_GET_DME_FLAG_INDEX(hdma));
 1334              		.loc 1 199 5 discriminator 10 view .LVU357
 1335 073e 0822     		movs	r2, #8
 1336 0740 B3E7     		b	.L36
 1337              	.L162:
 199:Drivers/STM32F2xx_HAL_Driver/Src/stm32f2xx_hal_dma_ex.c ****     __HAL_DMA_CLEAR_FLAG (hdma, __HAL_DMA_GET_DME_FLAG_INDEX(hdma));
 1338              		.loc 1 199 5 discriminator 12 view .LVU358
 1339 0742 4FF40072 		mov	r2, #512
 1340 0746 B0E7     		b	.L36
 1341              	.L163:
 199:Drivers/STM32F2xx_HAL_Driver/Src/stm32f2xx_hal_dma_ex.c ****     __HAL_DMA_CLEAR_FLAG (hdma, __HAL_DMA_GET_DME_FLAG_INDEX(hdma));
 1342              		.loc 1 199 5 discriminator 14 view .LVU359
 1343 0748 4FF40072 		mov	r2, #512
 1344 074c ADE7     		b	.L36
 1345              	.L164:
 199:Drivers/STM32F2xx_HAL_Driver/Src/stm32f2xx_hal_dma_ex.c ****     __HAL_DMA_CLEAR_FLAG (hdma, __HAL_DMA_GET_DME_FLAG_INDEX(hdma));
 1346              		.loc 1 199 5 discriminator 16 view .LVU360
 1347 074e 4FF40072 		mov	r2, #512
 1348 0752 AAE7     		b	.L36
 1349              	.L165:
 199:Drivers/STM32F2xx_HAL_Driver/Src/stm32f2xx_hal_dma_ex.c ****     __HAL_DMA_CLEAR_FLAG (hdma, __HAL_DMA_GET_DME_FLAG_INDEX(hdma));
 1350              		.loc 1 199 5 discriminator 18 view .LVU361
 1351 0754 4FF40072 		mov	r2, #512
ARM GAS  /tmp/ccYz7cvi.s 			page 36


 1352 0758 A7E7     		b	.L36
 1353              	.L166:
 199:Drivers/STM32F2xx_HAL_Driver/Src/stm32f2xx_hal_dma_ex.c ****     __HAL_DMA_CLEAR_FLAG (hdma, __HAL_DMA_GET_DME_FLAG_INDEX(hdma));
 1354              		.loc 1 199 5 discriminator 20 view .LVU362
 1355 075a 4FF40022 		mov	r2, #524288
 1356 075e A4E7     		b	.L36
 1357              	.L167:
 199:Drivers/STM32F2xx_HAL_Driver/Src/stm32f2xx_hal_dma_ex.c ****     __HAL_DMA_CLEAR_FLAG (hdma, __HAL_DMA_GET_DME_FLAG_INDEX(hdma));
 1358              		.loc 1 199 5 discriminator 22 view .LVU363
 1359 0760 4FF40022 		mov	r2, #524288
 1360 0764 A1E7     		b	.L36
 1361              	.L168:
 199:Drivers/STM32F2xx_HAL_Driver/Src/stm32f2xx_hal_dma_ex.c ****     __HAL_DMA_CLEAR_FLAG (hdma, __HAL_DMA_GET_DME_FLAG_INDEX(hdma));
 1362              		.loc 1 199 5 discriminator 24 view .LVU364
 1363 0766 4FF40022 		mov	r2, #524288
 1364 076a 9EE7     		b	.L36
 1365              	.L35:
 199:Drivers/STM32F2xx_HAL_Driver/Src/stm32f2xx_hal_dma_ex.c ****     __HAL_DMA_CLEAR_FLAG (hdma, __HAL_DMA_GET_DME_FLAG_INDEX(hdma));
 1366              		.loc 1 199 5 discriminator 2 view .LVU365
 1367 076c 594A     		ldr	r2, .L330+16
 1368 076e 9342     		cmp	r3, r2
 1369 0770 53D9     		bls	.L38
 199:Drivers/STM32F2xx_HAL_Driver/Src/stm32f2xx_hal_dma_ex.c ****     __HAL_DMA_CLEAR_FLAG (hdma, __HAL_DMA_GET_DME_FLAG_INDEX(hdma));
 1370              		.loc 1 199 5 discriminator 51 view .LVU366
 1371 0772 A83A     		subs	r2, r2, #168
 1372 0774 9342     		cmp	r3, r2
 1373 0776 31D0     		beq	.L170
 199:Drivers/STM32F2xx_HAL_Driver/Src/stm32f2xx_hal_dma_ex.c ****     __HAL_DMA_CLEAR_FLAG (hdma, __HAL_DMA_GET_DME_FLAG_INDEX(hdma));
 1374              		.loc 1 199 5 discriminator 53 view .LVU367
 1375 0778 02F58062 		add	r2, r2, #1024
 1376 077c 9342     		cmp	r3, r2
 1377 077e 31D0     		beq	.L171
 199:Drivers/STM32F2xx_HAL_Driver/Src/stm32f2xx_hal_dma_ex.c ****     __HAL_DMA_CLEAR_FLAG (hdma, __HAL_DMA_GET_DME_FLAG_INDEX(hdma));
 1378              		.loc 1 199 5 discriminator 55 view .LVU368
 1379 0780 A2F56872 		sub	r2, r2, #928
 1380 0784 9342     		cmp	r3, r2
 1381 0786 2FD0     		beq	.L172
 199:Drivers/STM32F2xx_HAL_Driver/Src/stm32f2xx_hal_dma_ex.c ****     __HAL_DMA_CLEAR_FLAG (hdma, __HAL_DMA_GET_DME_FLAG_INDEX(hdma));
 1382              		.loc 1 199 5 discriminator 57 view .LVU369
 1383 0788 02F58062 		add	r2, r2, #1024
 1384 078c 9342     		cmp	r3, r2
 1385 078e 2DD0     		beq	.L173
 199:Drivers/STM32F2xx_HAL_Driver/Src/stm32f2xx_hal_dma_ex.c ****     __HAL_DMA_CLEAR_FLAG (hdma, __HAL_DMA_GET_DME_FLAG_INDEX(hdma));
 1386              		.loc 1 199 5 discriminator 59 view .LVU370
 1387 0790 A2F58962 		sub	r2, r2, #1096
 1388 0794 9342     		cmp	r3, r2
 1389 0796 2BD0     		beq	.L174
 199:Drivers/STM32F2xx_HAL_Driver/Src/stm32f2xx_hal_dma_ex.c ****     __HAL_DMA_CLEAR_FLAG (hdma, __HAL_DMA_GET_DME_FLAG_INDEX(hdma));
 1390              		.loc 1 199 5 discriminator 61 view .LVU371
 1391 0798 02F58062 		add	r2, r2, #1024
 1392 079c 9342     		cmp	r3, r2
 1393 079e 2AD0     		beq	.L175
 199:Drivers/STM32F2xx_HAL_Driver/Src/stm32f2xx_hal_dma_ex.c ****     __HAL_DMA_CLEAR_FLAG (hdma, __HAL_DMA_GET_DME_FLAG_INDEX(hdma));
 1394              		.loc 1 199 5 discriminator 63 view .LVU372
 1395 07a0 A2F56872 		sub	r2, r2, #928
 1396 07a4 9342     		cmp	r3, r2
 1397 07a6 29D0     		beq	.L176
ARM GAS  /tmp/ccYz7cvi.s 			page 37


 199:Drivers/STM32F2xx_HAL_Driver/Src/stm32f2xx_hal_dma_ex.c ****     __HAL_DMA_CLEAR_FLAG (hdma, __HAL_DMA_GET_DME_FLAG_INDEX(hdma));
 1398              		.loc 1 199 5 discriminator 65 view .LVU373
 1399 07a8 02F58062 		add	r2, r2, #1024
 1400 07ac 9342     		cmp	r3, r2
 1401 07ae 28D0     		beq	.L177
 199:Drivers/STM32F2xx_HAL_Driver/Src/stm32f2xx_hal_dma_ex.c ****     __HAL_DMA_CLEAR_FLAG (hdma, __HAL_DMA_GET_DME_FLAG_INDEX(hdma));
 1402              		.loc 1 199 5 discriminator 67 view .LVU374
 1403 07b0 A2F58962 		sub	r2, r2, #1096
 1404 07b4 9342     		cmp	r3, r2
 1405 07b6 27D0     		beq	.L178
 199:Drivers/STM32F2xx_HAL_Driver/Src/stm32f2xx_hal_dma_ex.c ****     __HAL_DMA_CLEAR_FLAG (hdma, __HAL_DMA_GET_DME_FLAG_INDEX(hdma));
 1406              		.loc 1 199 5 discriminator 69 view .LVU375
 1407 07b8 02F58062 		add	r2, r2, #1024
 1408 07bc 9342     		cmp	r3, r2
 1409 07be 26D0     		beq	.L179
 199:Drivers/STM32F2xx_HAL_Driver/Src/stm32f2xx_hal_dma_ex.c ****     __HAL_DMA_CLEAR_FLAG (hdma, __HAL_DMA_GET_DME_FLAG_INDEX(hdma));
 1410              		.loc 1 199 5 discriminator 71 view .LVU376
 1411 07c0 A2F56872 		sub	r2, r2, #928
 1412 07c4 9342     		cmp	r3, r2
 1413 07c6 25D0     		beq	.L180
 199:Drivers/STM32F2xx_HAL_Driver/Src/stm32f2xx_hal_dma_ex.c ****     __HAL_DMA_CLEAR_FLAG (hdma, __HAL_DMA_GET_DME_FLAG_INDEX(hdma));
 1414              		.loc 1 199 5 discriminator 73 view .LVU377
 1415 07c8 02F58062 		add	r2, r2, #1024
 1416 07cc 9342     		cmp	r3, r2
 1417 07ce 02D0     		beq	.L315
 199:Drivers/STM32F2xx_HAL_Driver/Src/stm32f2xx_hal_dma_ex.c ****     __HAL_DMA_CLEAR_FLAG (hdma, __HAL_DMA_GET_DME_FLAG_INDEX(hdma));
 1418              		.loc 1 199 5 discriminator 76 view .LVU378
 1419 07d0 4FF00073 		mov	r3, #33554432
 1420 07d4 03E0     		b	.L39
 1421              	.L315:
 199:Drivers/STM32F2xx_HAL_Driver/Src/stm32f2xx_hal_dma_ex.c ****     __HAL_DMA_CLEAR_FLAG (hdma, __HAL_DMA_GET_DME_FLAG_INDEX(hdma));
 1422              		.loc 1 199 5 discriminator 75 view .LVU379
 1423 07d6 4FF40023 		mov	r3, #524288
 1424 07da 00E0     		b	.L39
 1425              	.L170:
 199:Drivers/STM32F2xx_HAL_Driver/Src/stm32f2xx_hal_dma_ex.c ****     __HAL_DMA_CLEAR_FLAG (hdma, __HAL_DMA_GET_DME_FLAG_INDEX(hdma));
 1426              		.loc 1 199 5 discriminator 54 view .LVU380
 1427 07dc 0823     		movs	r3, #8
 1428              	.L39:
 199:Drivers/STM32F2xx_HAL_Driver/Src/stm32f2xx_hal_dma_ex.c ****     __HAL_DMA_CLEAR_FLAG (hdma, __HAL_DMA_GET_DME_FLAG_INDEX(hdma));
 1429              		.loc 1 199 5 discriminator 100 view .LVU381
 1430 07de 3B4A     		ldr	r2, .L330+8
 1431 07e0 9360     		str	r3, [r2, #8]
 1432 07e2 64E7     		b	.L37
 1433              	.L171:
 199:Drivers/STM32F2xx_HAL_Driver/Src/stm32f2xx_hal_dma_ex.c ****     __HAL_DMA_CLEAR_FLAG (hdma, __HAL_DMA_GET_DME_FLAG_INDEX(hdma));
 1434              		.loc 1 199 5 discriminator 56 view .LVU382
 1435 07e4 0823     		movs	r3, #8
 1436 07e6 FAE7     		b	.L39
 1437              	.L172:
 199:Drivers/STM32F2xx_HAL_Driver/Src/stm32f2xx_hal_dma_ex.c ****     __HAL_DMA_CLEAR_FLAG (hdma, __HAL_DMA_GET_DME_FLAG_INDEX(hdma));
 1438              		.loc 1 199 5 discriminator 58 view .LVU383
 1439 07e8 0823     		movs	r3, #8
 1440 07ea F8E7     		b	.L39
 1441              	.L173:
 199:Drivers/STM32F2xx_HAL_Driver/Src/stm32f2xx_hal_dma_ex.c ****     __HAL_DMA_CLEAR_FLAG (hdma, __HAL_DMA_GET_DME_FLAG_INDEX(hdma));
 1442              		.loc 1 199 5 discriminator 60 view .LVU384
ARM GAS  /tmp/ccYz7cvi.s 			page 38


 1443 07ec 0823     		movs	r3, #8
 1444 07ee F6E7     		b	.L39
 1445              	.L174:
 199:Drivers/STM32F2xx_HAL_Driver/Src/stm32f2xx_hal_dma_ex.c ****     __HAL_DMA_CLEAR_FLAG (hdma, __HAL_DMA_GET_DME_FLAG_INDEX(hdma));
 1446              		.loc 1 199 5 discriminator 62 view .LVU385
 1447 07f0 4FF40073 		mov	r3, #512
 1448 07f4 F3E7     		b	.L39
 1449              	.L175:
 199:Drivers/STM32F2xx_HAL_Driver/Src/stm32f2xx_hal_dma_ex.c ****     __HAL_DMA_CLEAR_FLAG (hdma, __HAL_DMA_GET_DME_FLAG_INDEX(hdma));
 1450              		.loc 1 199 5 discriminator 64 view .LVU386
 1451 07f6 4FF40073 		mov	r3, #512
 1452 07fa F0E7     		b	.L39
 1453              	.L176:
 199:Drivers/STM32F2xx_HAL_Driver/Src/stm32f2xx_hal_dma_ex.c ****     __HAL_DMA_CLEAR_FLAG (hdma, __HAL_DMA_GET_DME_FLAG_INDEX(hdma));
 1454              		.loc 1 199 5 discriminator 66 view .LVU387
 1455 07fc 4FF40073 		mov	r3, #512
 1456 0800 EDE7     		b	.L39
 1457              	.L177:
 199:Drivers/STM32F2xx_HAL_Driver/Src/stm32f2xx_hal_dma_ex.c ****     __HAL_DMA_CLEAR_FLAG (hdma, __HAL_DMA_GET_DME_FLAG_INDEX(hdma));
 1458              		.loc 1 199 5 discriminator 68 view .LVU388
 1459 0802 4FF40073 		mov	r3, #512
 1460 0806 EAE7     		b	.L39
 1461              	.L178:
 199:Drivers/STM32F2xx_HAL_Driver/Src/stm32f2xx_hal_dma_ex.c ****     __HAL_DMA_CLEAR_FLAG (hdma, __HAL_DMA_GET_DME_FLAG_INDEX(hdma));
 1462              		.loc 1 199 5 discriminator 70 view .LVU389
 1463 0808 4FF40023 		mov	r3, #524288
 1464 080c E7E7     		b	.L39
 1465              	.L179:
 199:Drivers/STM32F2xx_HAL_Driver/Src/stm32f2xx_hal_dma_ex.c ****     __HAL_DMA_CLEAR_FLAG (hdma, __HAL_DMA_GET_DME_FLAG_INDEX(hdma));
 1466              		.loc 1 199 5 discriminator 72 view .LVU390
 1467 080e 4FF40023 		mov	r3, #524288
 1468 0812 E4E7     		b	.L39
 1469              	.L180:
 199:Drivers/STM32F2xx_HAL_Driver/Src/stm32f2xx_hal_dma_ex.c ****     __HAL_DMA_CLEAR_FLAG (hdma, __HAL_DMA_GET_DME_FLAG_INDEX(hdma));
 1470              		.loc 1 199 5 discriminator 74 view .LVU391
 1471 0814 4FF40023 		mov	r3, #524288
 1472 0818 E1E7     		b	.L39
 1473              	.L38:
 199:Drivers/STM32F2xx_HAL_Driver/Src/stm32f2xx_hal_dma_ex.c ****     __HAL_DMA_CLEAR_FLAG (hdma, __HAL_DMA_GET_DME_FLAG_INDEX(hdma));
 1474              		.loc 1 199 5 discriminator 52 view .LVU392
 1475 081a 2F4A     		ldr	r2, .L330+20
 1476 081c 9342     		cmp	r3, r2
 1477 081e 60D9     		bls	.L40
 199:Drivers/STM32F2xx_HAL_Driver/Src/stm32f2xx_hal_dma_ex.c ****     __HAL_DMA_CLEAR_FLAG (hdma, __HAL_DMA_GET_DME_FLAG_INDEX(hdma));
 1478              		.loc 1 199 5 discriminator 102 view .LVU393
 1479 0820 483A     		subs	r2, r2, #72
 1480 0822 9342     		cmp	r3, r2
 1481 0824 31D0     		beq	.L182
 199:Drivers/STM32F2xx_HAL_Driver/Src/stm32f2xx_hal_dma_ex.c ****     __HAL_DMA_CLEAR_FLAG (hdma, __HAL_DMA_GET_DME_FLAG_INDEX(hdma));
 1482              		.loc 1 199 5 discriminator 104 view .LVU394
 1483 0826 02F58062 		add	r2, r2, #1024
 1484 082a 9342     		cmp	r3, r2
 1485 082c 31D0     		beq	.L183
 199:Drivers/STM32F2xx_HAL_Driver/Src/stm32f2xx_hal_dma_ex.c ****     __HAL_DMA_CLEAR_FLAG (hdma, __HAL_DMA_GET_DME_FLAG_INDEX(hdma));
 1486              		.loc 1 199 5 discriminator 106 view .LVU395
 1487 082e A2F56872 		sub	r2, r2, #928
 1488 0832 9342     		cmp	r3, r2
ARM GAS  /tmp/ccYz7cvi.s 			page 39


 1489 0834 2FD0     		beq	.L184
 199:Drivers/STM32F2xx_HAL_Driver/Src/stm32f2xx_hal_dma_ex.c ****     __HAL_DMA_CLEAR_FLAG (hdma, __HAL_DMA_GET_DME_FLAG_INDEX(hdma));
 1490              		.loc 1 199 5 discriminator 108 view .LVU396
 1491 0836 02F58062 		add	r2, r2, #1024
 1492 083a 9342     		cmp	r3, r2
 1493 083c 2DD0     		beq	.L185
 199:Drivers/STM32F2xx_HAL_Driver/Src/stm32f2xx_hal_dma_ex.c ****     __HAL_DMA_CLEAR_FLAG (hdma, __HAL_DMA_GET_DME_FLAG_INDEX(hdma));
 1494              		.loc 1 199 5 discriminator 110 view .LVU397
 1495 083e A2F58962 		sub	r2, r2, #1096
 1496 0842 9342     		cmp	r3, r2
 1497 0844 2BD0     		beq	.L186
 199:Drivers/STM32F2xx_HAL_Driver/Src/stm32f2xx_hal_dma_ex.c ****     __HAL_DMA_CLEAR_FLAG (hdma, __HAL_DMA_GET_DME_FLAG_INDEX(hdma));
 1498              		.loc 1 199 5 discriminator 112 view .LVU398
 1499 0846 02F58062 		add	r2, r2, #1024
 1500 084a 9342     		cmp	r3, r2
 1501 084c 2AD0     		beq	.L187
 199:Drivers/STM32F2xx_HAL_Driver/Src/stm32f2xx_hal_dma_ex.c ****     __HAL_DMA_CLEAR_FLAG (hdma, __HAL_DMA_GET_DME_FLAG_INDEX(hdma));
 1502              		.loc 1 199 5 discriminator 114 view .LVU399
 1503 084e A2F56872 		sub	r2, r2, #928
 1504 0852 9342     		cmp	r3, r2
 1505 0854 29D0     		beq	.L188
 199:Drivers/STM32F2xx_HAL_Driver/Src/stm32f2xx_hal_dma_ex.c ****     __HAL_DMA_CLEAR_FLAG (hdma, __HAL_DMA_GET_DME_FLAG_INDEX(hdma));
 1506              		.loc 1 199 5 discriminator 116 view .LVU400
 1507 0856 02F58062 		add	r2, r2, #1024
 1508 085a 9342     		cmp	r3, r2
 1509 085c 28D0     		beq	.L189
 199:Drivers/STM32F2xx_HAL_Driver/Src/stm32f2xx_hal_dma_ex.c ****     __HAL_DMA_CLEAR_FLAG (hdma, __HAL_DMA_GET_DME_FLAG_INDEX(hdma));
 1510              		.loc 1 199 5 discriminator 118 view .LVU401
 1511 085e A2F58962 		sub	r2, r2, #1096
 1512 0862 9342     		cmp	r3, r2
 1513 0864 27D0     		beq	.L190
 199:Drivers/STM32F2xx_HAL_Driver/Src/stm32f2xx_hal_dma_ex.c ****     __HAL_DMA_CLEAR_FLAG (hdma, __HAL_DMA_GET_DME_FLAG_INDEX(hdma));
 1514              		.loc 1 199 5 discriminator 120 view .LVU402
 1515 0866 02F58062 		add	r2, r2, #1024
 1516 086a 9342     		cmp	r3, r2
 1517 086c 26D0     		beq	.L191
 199:Drivers/STM32F2xx_HAL_Driver/Src/stm32f2xx_hal_dma_ex.c ****     __HAL_DMA_CLEAR_FLAG (hdma, __HAL_DMA_GET_DME_FLAG_INDEX(hdma));
 1518              		.loc 1 199 5 discriminator 122 view .LVU403
 1519 086e A2F56872 		sub	r2, r2, #928
 1520 0872 9342     		cmp	r3, r2
 1521 0874 32D0     		beq	.L192
 199:Drivers/STM32F2xx_HAL_Driver/Src/stm32f2xx_hal_dma_ex.c ****     __HAL_DMA_CLEAR_FLAG (hdma, __HAL_DMA_GET_DME_FLAG_INDEX(hdma));
 1522              		.loc 1 199 5 discriminator 124 view .LVU404
 1523 0876 02F58062 		add	r2, r2, #1024
 1524 087a 9342     		cmp	r3, r2
 1525 087c 02D0     		beq	.L316
 199:Drivers/STM32F2xx_HAL_Driver/Src/stm32f2xx_hal_dma_ex.c ****     __HAL_DMA_CLEAR_FLAG (hdma, __HAL_DMA_GET_DME_FLAG_INDEX(hdma));
 1526              		.loc 1 199 5 discriminator 127 view .LVU405
 1527 087e 4FF00073 		mov	r3, #33554432
 1528 0882 03E0     		b	.L41
 1529              	.L316:
 199:Drivers/STM32F2xx_HAL_Driver/Src/stm32f2xx_hal_dma_ex.c ****     __HAL_DMA_CLEAR_FLAG (hdma, __HAL_DMA_GET_DME_FLAG_INDEX(hdma));
 1530              		.loc 1 199 5 discriminator 126 view .LVU406
 1531 0884 4FF40023 		mov	r3, #524288
 1532 0888 00E0     		b	.L41
 1533              	.L182:
 199:Drivers/STM32F2xx_HAL_Driver/Src/stm32f2xx_hal_dma_ex.c ****     __HAL_DMA_CLEAR_FLAG (hdma, __HAL_DMA_GET_DME_FLAG_INDEX(hdma));
ARM GAS  /tmp/ccYz7cvi.s 			page 40


 1534              		.loc 1 199 5 discriminator 105 view .LVU407
 1535 088a 0823     		movs	r3, #8
 1536              	.L41:
 199:Drivers/STM32F2xx_HAL_Driver/Src/stm32f2xx_hal_dma_ex.c ****     __HAL_DMA_CLEAR_FLAG (hdma, __HAL_DMA_GET_DME_FLAG_INDEX(hdma));
 1537              		.loc 1 199 5 discriminator 151 view .LVU408
 1538 088c 0E4A     		ldr	r2, .L330+4
 1539 088e D360     		str	r3, [r2, #12]
 1540 0890 0DE7     		b	.L37
 1541              	.L183:
 199:Drivers/STM32F2xx_HAL_Driver/Src/stm32f2xx_hal_dma_ex.c ****     __HAL_DMA_CLEAR_FLAG (hdma, __HAL_DMA_GET_DME_FLAG_INDEX(hdma));
 1542              		.loc 1 199 5 discriminator 107 view .LVU409
 1543 0892 0823     		movs	r3, #8
 1544 0894 FAE7     		b	.L41
 1545              	.L184:
 199:Drivers/STM32F2xx_HAL_Driver/Src/stm32f2xx_hal_dma_ex.c ****     __HAL_DMA_CLEAR_FLAG (hdma, __HAL_DMA_GET_DME_FLAG_INDEX(hdma));
 1546              		.loc 1 199 5 discriminator 109 view .LVU410
 1547 0896 0823     		movs	r3, #8
 1548 0898 F8E7     		b	.L41
 1549              	.L185:
 199:Drivers/STM32F2xx_HAL_Driver/Src/stm32f2xx_hal_dma_ex.c ****     __HAL_DMA_CLEAR_FLAG (hdma, __HAL_DMA_GET_DME_FLAG_INDEX(hdma));
 1550              		.loc 1 199 5 discriminator 111 view .LVU411
 1551 089a 0823     		movs	r3, #8
 1552 089c F6E7     		b	.L41
 1553              	.L186:
 199:Drivers/STM32F2xx_HAL_Driver/Src/stm32f2xx_hal_dma_ex.c ****     __HAL_DMA_CLEAR_FLAG (hdma, __HAL_DMA_GET_DME_FLAG_INDEX(hdma));
 1554              		.loc 1 199 5 discriminator 113 view .LVU412
 1555 089e 4FF40073 		mov	r3, #512
 1556 08a2 F3E7     		b	.L41
 1557              	.L187:
 199:Drivers/STM32F2xx_HAL_Driver/Src/stm32f2xx_hal_dma_ex.c ****     __HAL_DMA_CLEAR_FLAG (hdma, __HAL_DMA_GET_DME_FLAG_INDEX(hdma));
 1558              		.loc 1 199 5 discriminator 115 view .LVU413
 1559 08a4 4FF40073 		mov	r3, #512
 1560 08a8 F0E7     		b	.L41
 1561              	.L188:
 199:Drivers/STM32F2xx_HAL_Driver/Src/stm32f2xx_hal_dma_ex.c ****     __HAL_DMA_CLEAR_FLAG (hdma, __HAL_DMA_GET_DME_FLAG_INDEX(hdma));
 1562              		.loc 1 199 5 discriminator 117 view .LVU414
 1563 08aa 4FF40073 		mov	r3, #512
 1564 08ae EDE7     		b	.L41
 1565              	.L189:
 199:Drivers/STM32F2xx_HAL_Driver/Src/stm32f2xx_hal_dma_ex.c ****     __HAL_DMA_CLEAR_FLAG (hdma, __HAL_DMA_GET_DME_FLAG_INDEX(hdma));
 1566              		.loc 1 199 5 discriminator 119 view .LVU415
 1567 08b0 4FF40073 		mov	r3, #512
 1568 08b4 EAE7     		b	.L41
 1569              	.L190:
 199:Drivers/STM32F2xx_HAL_Driver/Src/stm32f2xx_hal_dma_ex.c ****     __HAL_DMA_CLEAR_FLAG (hdma, __HAL_DMA_GET_DME_FLAG_INDEX(hdma));
 1570              		.loc 1 199 5 discriminator 121 view .LVU416
 1571 08b6 4FF40023 		mov	r3, #524288
 1572 08ba E7E7     		b	.L41
 1573              	.L191:
 199:Drivers/STM32F2xx_HAL_Driver/Src/stm32f2xx_hal_dma_ex.c ****     __HAL_DMA_CLEAR_FLAG (hdma, __HAL_DMA_GET_DME_FLAG_INDEX(hdma));
 1574              		.loc 1 199 5 discriminator 123 view .LVU417
 1575 08bc 4FF40023 		mov	r3, #524288
 1576 08c0 E4E7     		b	.L41
 1577              	.L331:
 1578 08c2 00BF     		.align	2
 1579              	.L330:
 1580 08c4 10600240 		.word	1073897488
ARM GAS  /tmp/ccYz7cvi.s 			page 41


 1581 08c8 00600240 		.word	1073897472
 1582 08cc 00640240 		.word	1073898496
 1583 08d0 58640240 		.word	1073898584
 1584 08d4 B8600240 		.word	1073897656
 1585 08d8 58600240 		.word	1073897560
 1586              	.L192:
 199:Drivers/STM32F2xx_HAL_Driver/Src/stm32f2xx_hal_dma_ex.c ****     __HAL_DMA_CLEAR_FLAG (hdma, __HAL_DMA_GET_DME_FLAG_INDEX(hdma));
 1587              		.loc 1 199 5 discriminator 125 view .LVU418
 1588 08dc 4FF40023 		mov	r3, #524288
 1589 08e0 D4E7     		b	.L41
 1590              	.L40:
 199:Drivers/STM32F2xx_HAL_Driver/Src/stm32f2xx_hal_dma_ex.c ****     __HAL_DMA_CLEAR_FLAG (hdma, __HAL_DMA_GET_DME_FLAG_INDEX(hdma));
 1591              		.loc 1 199 5 discriminator 103 view .LVU419
 1592 08e2 B24A     		ldr	r2, .L332
 1593 08e4 9342     		cmp	r3, r2
 1594 08e6 31D0     		beq	.L194
 199:Drivers/STM32F2xx_HAL_Driver/Src/stm32f2xx_hal_dma_ex.c ****     __HAL_DMA_CLEAR_FLAG (hdma, __HAL_DMA_GET_DME_FLAG_INDEX(hdma));
 1595              		.loc 1 199 5 discriminator 153 view .LVU420
 1596 08e8 02F58062 		add	r2, r2, #1024
 1597 08ec 9342     		cmp	r3, r2
 1598 08ee 31D0     		beq	.L195
 199:Drivers/STM32F2xx_HAL_Driver/Src/stm32f2xx_hal_dma_ex.c ****     __HAL_DMA_CLEAR_FLAG (hdma, __HAL_DMA_GET_DME_FLAG_INDEX(hdma));
 1599              		.loc 1 199 5 discriminator 155 view .LVU421
 1600 08f0 A2F56872 		sub	r2, r2, #928
 1601 08f4 9342     		cmp	r3, r2
 1602 08f6 2FD0     		beq	.L196
 199:Drivers/STM32F2xx_HAL_Driver/Src/stm32f2xx_hal_dma_ex.c ****     __HAL_DMA_CLEAR_FLAG (hdma, __HAL_DMA_GET_DME_FLAG_INDEX(hdma));
 1603              		.loc 1 199 5 discriminator 157 view .LVU422
 1604 08f8 02F58062 		add	r2, r2, #1024
 1605 08fc 9342     		cmp	r3, r2
 1606 08fe 2DD0     		beq	.L197
 199:Drivers/STM32F2xx_HAL_Driver/Src/stm32f2xx_hal_dma_ex.c ****     __HAL_DMA_CLEAR_FLAG (hdma, __HAL_DMA_GET_DME_FLAG_INDEX(hdma));
 1607              		.loc 1 199 5 discriminator 159 view .LVU423
 1608 0900 A2F58962 		sub	r2, r2, #1096
 1609 0904 9342     		cmp	r3, r2
 1610 0906 2BD0     		beq	.L198
 199:Drivers/STM32F2xx_HAL_Driver/Src/stm32f2xx_hal_dma_ex.c ****     __HAL_DMA_CLEAR_FLAG (hdma, __HAL_DMA_GET_DME_FLAG_INDEX(hdma));
 1611              		.loc 1 199 5 discriminator 161 view .LVU424
 1612 0908 02F58062 		add	r2, r2, #1024
 1613 090c 9342     		cmp	r3, r2
 1614 090e 2AD0     		beq	.L199
 199:Drivers/STM32F2xx_HAL_Driver/Src/stm32f2xx_hal_dma_ex.c ****     __HAL_DMA_CLEAR_FLAG (hdma, __HAL_DMA_GET_DME_FLAG_INDEX(hdma));
 1615              		.loc 1 199 5 discriminator 163 view .LVU425
 1616 0910 A2F56872 		sub	r2, r2, #928
 1617 0914 9342     		cmp	r3, r2
 1618 0916 29D0     		beq	.L200
 199:Drivers/STM32F2xx_HAL_Driver/Src/stm32f2xx_hal_dma_ex.c ****     __HAL_DMA_CLEAR_FLAG (hdma, __HAL_DMA_GET_DME_FLAG_INDEX(hdma));
 1619              		.loc 1 199 5 discriminator 165 view .LVU426
 1620 0918 02F58062 		add	r2, r2, #1024
 1621 091c 9342     		cmp	r3, r2
 1622 091e 28D0     		beq	.L201
 199:Drivers/STM32F2xx_HAL_Driver/Src/stm32f2xx_hal_dma_ex.c ****     __HAL_DMA_CLEAR_FLAG (hdma, __HAL_DMA_GET_DME_FLAG_INDEX(hdma));
 1623              		.loc 1 199 5 discriminator 167 view .LVU427
 1624 0920 A2F58962 		sub	r2, r2, #1096
 1625 0924 9342     		cmp	r3, r2
 1626 0926 27D0     		beq	.L202
 199:Drivers/STM32F2xx_HAL_Driver/Src/stm32f2xx_hal_dma_ex.c ****     __HAL_DMA_CLEAR_FLAG (hdma, __HAL_DMA_GET_DME_FLAG_INDEX(hdma));
ARM GAS  /tmp/ccYz7cvi.s 			page 42


 1627              		.loc 1 199 5 discriminator 169 view .LVU428
 1628 0928 02F58062 		add	r2, r2, #1024
 1629 092c 9342     		cmp	r3, r2
 1630 092e 26D0     		beq	.L203
 199:Drivers/STM32F2xx_HAL_Driver/Src/stm32f2xx_hal_dma_ex.c ****     __HAL_DMA_CLEAR_FLAG (hdma, __HAL_DMA_GET_DME_FLAG_INDEX(hdma));
 1631              		.loc 1 199 5 discriminator 171 view .LVU429
 1632 0930 A2F56872 		sub	r2, r2, #928
 1633 0934 9342     		cmp	r3, r2
 1634 0936 25D0     		beq	.L204
 199:Drivers/STM32F2xx_HAL_Driver/Src/stm32f2xx_hal_dma_ex.c ****     __HAL_DMA_CLEAR_FLAG (hdma, __HAL_DMA_GET_DME_FLAG_INDEX(hdma));
 1635              		.loc 1 199 5 discriminator 173 view .LVU430
 1636 0938 02F58062 		add	r2, r2, #1024
 1637 093c 9342     		cmp	r3, r2
 1638 093e 02D0     		beq	.L317
 199:Drivers/STM32F2xx_HAL_Driver/Src/stm32f2xx_hal_dma_ex.c ****     __HAL_DMA_CLEAR_FLAG (hdma, __HAL_DMA_GET_DME_FLAG_INDEX(hdma));
 1639              		.loc 1 199 5 discriminator 176 view .LVU431
 1640 0940 4FF00073 		mov	r3, #33554432
 1641 0944 03E0     		b	.L42
 1642              	.L317:
 199:Drivers/STM32F2xx_HAL_Driver/Src/stm32f2xx_hal_dma_ex.c ****     __HAL_DMA_CLEAR_FLAG (hdma, __HAL_DMA_GET_DME_FLAG_INDEX(hdma));
 1643              		.loc 1 199 5 discriminator 175 view .LVU432
 1644 0946 4FF40023 		mov	r3, #524288
 1645 094a 00E0     		b	.L42
 1646              	.L194:
 199:Drivers/STM32F2xx_HAL_Driver/Src/stm32f2xx_hal_dma_ex.c ****     __HAL_DMA_CLEAR_FLAG (hdma, __HAL_DMA_GET_DME_FLAG_INDEX(hdma));
 1647              		.loc 1 199 5 discriminator 154 view .LVU433
 1648 094c 0823     		movs	r3, #8
 1649              	.L42:
 199:Drivers/STM32F2xx_HAL_Driver/Src/stm32f2xx_hal_dma_ex.c ****     __HAL_DMA_CLEAR_FLAG (hdma, __HAL_DMA_GET_DME_FLAG_INDEX(hdma));
 1650              		.loc 1 199 5 discriminator 200 view .LVU434
 1651 094e 984A     		ldr	r2, .L332+4
 1652 0950 9360     		str	r3, [r2, #8]
 1653 0952 ACE6     		b	.L37
 1654              	.L195:
 199:Drivers/STM32F2xx_HAL_Driver/Src/stm32f2xx_hal_dma_ex.c ****     __HAL_DMA_CLEAR_FLAG (hdma, __HAL_DMA_GET_DME_FLAG_INDEX(hdma));
 1655              		.loc 1 199 5 discriminator 156 view .LVU435
 1656 0954 0823     		movs	r3, #8
 1657 0956 FAE7     		b	.L42
 1658              	.L196:
 199:Drivers/STM32F2xx_HAL_Driver/Src/stm32f2xx_hal_dma_ex.c ****     __HAL_DMA_CLEAR_FLAG (hdma, __HAL_DMA_GET_DME_FLAG_INDEX(hdma));
 1659              		.loc 1 199 5 discriminator 158 view .LVU436
 1660 0958 0823     		movs	r3, #8
 1661 095a F8E7     		b	.L42
 1662              	.L197:
 199:Drivers/STM32F2xx_HAL_Driver/Src/stm32f2xx_hal_dma_ex.c ****     __HAL_DMA_CLEAR_FLAG (hdma, __HAL_DMA_GET_DME_FLAG_INDEX(hdma));
 1663              		.loc 1 199 5 discriminator 160 view .LVU437
 1664 095c 0823     		movs	r3, #8
 1665 095e F6E7     		b	.L42
 1666              	.L198:
 199:Drivers/STM32F2xx_HAL_Driver/Src/stm32f2xx_hal_dma_ex.c ****     __HAL_DMA_CLEAR_FLAG (hdma, __HAL_DMA_GET_DME_FLAG_INDEX(hdma));
 1667              		.loc 1 199 5 discriminator 162 view .LVU438
 1668 0960 4FF40073 		mov	r3, #512
 1669 0964 F3E7     		b	.L42
 1670              	.L199:
 199:Drivers/STM32F2xx_HAL_Driver/Src/stm32f2xx_hal_dma_ex.c ****     __HAL_DMA_CLEAR_FLAG (hdma, __HAL_DMA_GET_DME_FLAG_INDEX(hdma));
 1671              		.loc 1 199 5 discriminator 164 view .LVU439
 1672 0966 4FF40073 		mov	r3, #512
ARM GAS  /tmp/ccYz7cvi.s 			page 43


 1673 096a F0E7     		b	.L42
 1674              	.L200:
 199:Drivers/STM32F2xx_HAL_Driver/Src/stm32f2xx_hal_dma_ex.c ****     __HAL_DMA_CLEAR_FLAG (hdma, __HAL_DMA_GET_DME_FLAG_INDEX(hdma));
 1675              		.loc 1 199 5 discriminator 166 view .LVU440
 1676 096c 4FF40073 		mov	r3, #512
 1677 0970 EDE7     		b	.L42
 1678              	.L201:
 199:Drivers/STM32F2xx_HAL_Driver/Src/stm32f2xx_hal_dma_ex.c ****     __HAL_DMA_CLEAR_FLAG (hdma, __HAL_DMA_GET_DME_FLAG_INDEX(hdma));
 1679              		.loc 1 199 5 discriminator 168 view .LVU441
 1680 0972 4FF40073 		mov	r3, #512
 1681 0976 EAE7     		b	.L42
 1682              	.L202:
 199:Drivers/STM32F2xx_HAL_Driver/Src/stm32f2xx_hal_dma_ex.c ****     __HAL_DMA_CLEAR_FLAG (hdma, __HAL_DMA_GET_DME_FLAG_INDEX(hdma));
 1683              		.loc 1 199 5 discriminator 170 view .LVU442
 1684 0978 4FF40023 		mov	r3, #524288
 1685 097c E7E7     		b	.L42
 1686              	.L203:
 199:Drivers/STM32F2xx_HAL_Driver/Src/stm32f2xx_hal_dma_ex.c ****     __HAL_DMA_CLEAR_FLAG (hdma, __HAL_DMA_GET_DME_FLAG_INDEX(hdma));
 1687              		.loc 1 199 5 discriminator 172 view .LVU443
 1688 097e 4FF40023 		mov	r3, #524288
 1689 0982 E4E7     		b	.L42
 1690              	.L204:
 199:Drivers/STM32F2xx_HAL_Driver/Src/stm32f2xx_hal_dma_ex.c ****     __HAL_DMA_CLEAR_FLAG (hdma, __HAL_DMA_GET_DME_FLAG_INDEX(hdma));
 1691              		.loc 1 199 5 discriminator 174 view .LVU444
 1692 0984 4FF40023 		mov	r3, #524288
 1693 0988 E1E7     		b	.L42
 1694              	.L314:
 200:Drivers/STM32F2xx_HAL_Driver/Src/stm32f2xx_hal_dma_ex.c ****     __HAL_DMA_CLEAR_FLAG (hdma, __HAL_DMA_GET_FE_FLAG_INDEX(hdma));
 1695              		.loc 1 200 5 discriminator 25 view .LVU445
 1696 098a 4FF48022 		mov	r2, #262144
 1697 098e 00E0     		b	.L44
 1698              	.L206:
 200:Drivers/STM32F2xx_HAL_Driver/Src/stm32f2xx_hal_dma_ex.c ****     __HAL_DMA_CLEAR_FLAG (hdma, __HAL_DMA_GET_FE_FLAG_INDEX(hdma));
 1699              		.loc 1 200 5 discriminator 4 view .LVU446
 1700 0990 0422     		movs	r2, #4
 1701              	.L44:
 200:Drivers/STM32F2xx_HAL_Driver/Src/stm32f2xx_hal_dma_ex.c ****     __HAL_DMA_CLEAR_FLAG (hdma, __HAL_DMA_GET_FE_FLAG_INDEX(hdma));
 1702              		.loc 1 200 5 discriminator 50 view .LVU447
 1703 0992 884B     		ldr	r3, .L332+8
 1704 0994 DA60     		str	r2, [r3, #12]
 1705              	.L45:
 201:Drivers/STM32F2xx_HAL_Driver/Src/stm32f2xx_hal_dma_ex.c **** 
 1706              		.loc 1 201 5 is_stmt 1 view .LVU448
 1707 0996 2368     		ldr	r3, [r4]
 1708 0998 874A     		ldr	r2, .L332+12
 1709 099a 9342     		cmp	r3, r2
 1710 099c 40F2A181 		bls	.L51
 201:Drivers/STM32F2xx_HAL_Driver/Src/stm32f2xx_hal_dma_ex.c **** 
 1711              		.loc 1 201 5 is_stmt 0 discriminator 1 view .LVU449
 1712 09a0 A2F58962 		sub	r2, r2, #1096
 1713 09a4 9342     		cmp	r3, r2
 1714 09a6 00F06781 		beq	.L254
 201:Drivers/STM32F2xx_HAL_Driver/Src/stm32f2xx_hal_dma_ex.c **** 
 1715              		.loc 1 201 5 discriminator 3 view .LVU450
 1716 09aa 02F58062 		add	r2, r2, #1024
 1717 09ae 9342     		cmp	r3, r2
 1718 09b0 00F08081 		beq	.L255
ARM GAS  /tmp/ccYz7cvi.s 			page 44


 201:Drivers/STM32F2xx_HAL_Driver/Src/stm32f2xx_hal_dma_ex.c **** 
 1719              		.loc 1 201 5 discriminator 5 view .LVU451
 1720 09b4 A2F56872 		sub	r2, r2, #928
 1721 09b8 9342     		cmp	r3, r2
 1722 09ba 00F07D81 		beq	.L256
 201:Drivers/STM32F2xx_HAL_Driver/Src/stm32f2xx_hal_dma_ex.c **** 
 1723              		.loc 1 201 5 discriminator 7 view .LVU452
 1724 09be 02F58062 		add	r2, r2, #1024
 1725 09c2 9342     		cmp	r3, r2
 1726 09c4 00F07A81 		beq	.L257
 201:Drivers/STM32F2xx_HAL_Driver/Src/stm32f2xx_hal_dma_ex.c **** 
 1727              		.loc 1 201 5 discriminator 9 view .LVU453
 1728 09c8 A2F58962 		sub	r2, r2, #1096
 1729 09cc 9342     		cmp	r3, r2
 1730 09ce 00F07781 		beq	.L258
 201:Drivers/STM32F2xx_HAL_Driver/Src/stm32f2xx_hal_dma_ex.c **** 
 1731              		.loc 1 201 5 discriminator 11 view .LVU454
 1732 09d2 02F58062 		add	r2, r2, #1024
 1733 09d6 9342     		cmp	r3, r2
 1734 09d8 00F07481 		beq	.L259
 201:Drivers/STM32F2xx_HAL_Driver/Src/stm32f2xx_hal_dma_ex.c **** 
 1735              		.loc 1 201 5 discriminator 13 view .LVU455
 1736 09dc A2F56872 		sub	r2, r2, #928
 1737 09e0 9342     		cmp	r3, r2
 1738 09e2 00F07181 		beq	.L260
 201:Drivers/STM32F2xx_HAL_Driver/Src/stm32f2xx_hal_dma_ex.c **** 
 1739              		.loc 1 201 5 discriminator 15 view .LVU456
 1740 09e6 02F58062 		add	r2, r2, #1024
 1741 09ea 9342     		cmp	r3, r2
 1742 09ec 00F06E81 		beq	.L261
 201:Drivers/STM32F2xx_HAL_Driver/Src/stm32f2xx_hal_dma_ex.c **** 
 1743              		.loc 1 201 5 discriminator 17 view .LVU457
 1744 09f0 A2F58962 		sub	r2, r2, #1096
 1745 09f4 9342     		cmp	r3, r2
 1746 09f6 00F06B81 		beq	.L262
 201:Drivers/STM32F2xx_HAL_Driver/Src/stm32f2xx_hal_dma_ex.c **** 
 1747              		.loc 1 201 5 discriminator 19 view .LVU458
 1748 09fa 02F58062 		add	r2, r2, #1024
 1749 09fe 9342     		cmp	r3, r2
 1750 0a00 00F06981 		beq	.L263
 201:Drivers/STM32F2xx_HAL_Driver/Src/stm32f2xx_hal_dma_ex.c **** 
 1751              		.loc 1 201 5 discriminator 21 view .LVU459
 1752 0a04 A2F56872 		sub	r2, r2, #928
 1753 0a08 9342     		cmp	r3, r2
 1754 0a0a 00F06781 		beq	.L264
 201:Drivers/STM32F2xx_HAL_Driver/Src/stm32f2xx_hal_dma_ex.c **** 
 1755              		.loc 1 201 5 discriminator 23 view .LVU460
 1756 0a0e 02F58062 		add	r2, r2, #1024
 1757 0a12 9342     		cmp	r3, r2
 1758 0a14 00F02D81 		beq	.L318
 201:Drivers/STM32F2xx_HAL_Driver/Src/stm32f2xx_hal_dma_ex.c **** 
 1759              		.loc 1 201 5 discriminator 26 view .LVU461
 1760 0a18 4FF48002 		mov	r2, #4194304
 1761 0a1c 2DE1     		b	.L52
 1762              	.L207:
 200:Drivers/STM32F2xx_HAL_Driver/Src/stm32f2xx_hal_dma_ex.c ****     __HAL_DMA_CLEAR_FLAG (hdma, __HAL_DMA_GET_FE_FLAG_INDEX(hdma));
 1763              		.loc 1 200 5 discriminator 6 view .LVU462
ARM GAS  /tmp/ccYz7cvi.s 			page 45


 1764 0a1e 0422     		movs	r2, #4
 1765 0a20 B7E7     		b	.L44
 1766              	.L208:
 200:Drivers/STM32F2xx_HAL_Driver/Src/stm32f2xx_hal_dma_ex.c ****     __HAL_DMA_CLEAR_FLAG (hdma, __HAL_DMA_GET_FE_FLAG_INDEX(hdma));
 1767              		.loc 1 200 5 discriminator 8 view .LVU463
 1768 0a22 0422     		movs	r2, #4
 1769 0a24 B5E7     		b	.L44
 1770              	.L209:
 200:Drivers/STM32F2xx_HAL_Driver/Src/stm32f2xx_hal_dma_ex.c ****     __HAL_DMA_CLEAR_FLAG (hdma, __HAL_DMA_GET_FE_FLAG_INDEX(hdma));
 1771              		.loc 1 200 5 discriminator 10 view .LVU464
 1772 0a26 0422     		movs	r2, #4
 1773 0a28 B3E7     		b	.L44
 1774              	.L210:
 200:Drivers/STM32F2xx_HAL_Driver/Src/stm32f2xx_hal_dma_ex.c ****     __HAL_DMA_CLEAR_FLAG (hdma, __HAL_DMA_GET_FE_FLAG_INDEX(hdma));
 1775              		.loc 1 200 5 discriminator 12 view .LVU465
 1776 0a2a 4FF48072 		mov	r2, #256
 1777 0a2e B0E7     		b	.L44
 1778              	.L211:
 200:Drivers/STM32F2xx_HAL_Driver/Src/stm32f2xx_hal_dma_ex.c ****     __HAL_DMA_CLEAR_FLAG (hdma, __HAL_DMA_GET_FE_FLAG_INDEX(hdma));
 1779              		.loc 1 200 5 discriminator 14 view .LVU466
 1780 0a30 4FF48072 		mov	r2, #256
 1781 0a34 ADE7     		b	.L44
 1782              	.L212:
 200:Drivers/STM32F2xx_HAL_Driver/Src/stm32f2xx_hal_dma_ex.c ****     __HAL_DMA_CLEAR_FLAG (hdma, __HAL_DMA_GET_FE_FLAG_INDEX(hdma));
 1783              		.loc 1 200 5 discriminator 16 view .LVU467
 1784 0a36 4FF48072 		mov	r2, #256
 1785 0a3a AAE7     		b	.L44
 1786              	.L213:
 200:Drivers/STM32F2xx_HAL_Driver/Src/stm32f2xx_hal_dma_ex.c ****     __HAL_DMA_CLEAR_FLAG (hdma, __HAL_DMA_GET_FE_FLAG_INDEX(hdma));
 1787              		.loc 1 200 5 discriminator 18 view .LVU468
 1788 0a3c 4FF48072 		mov	r2, #256
 1789 0a40 A7E7     		b	.L44
 1790              	.L214:
 200:Drivers/STM32F2xx_HAL_Driver/Src/stm32f2xx_hal_dma_ex.c ****     __HAL_DMA_CLEAR_FLAG (hdma, __HAL_DMA_GET_FE_FLAG_INDEX(hdma));
 1791              		.loc 1 200 5 discriminator 20 view .LVU469
 1792 0a42 4FF48022 		mov	r2, #262144
 1793 0a46 A4E7     		b	.L44
 1794              	.L215:
 200:Drivers/STM32F2xx_HAL_Driver/Src/stm32f2xx_hal_dma_ex.c ****     __HAL_DMA_CLEAR_FLAG (hdma, __HAL_DMA_GET_FE_FLAG_INDEX(hdma));
 1795              		.loc 1 200 5 discriminator 22 view .LVU470
 1796 0a48 4FF48022 		mov	r2, #262144
 1797 0a4c A1E7     		b	.L44
 1798              	.L216:
 200:Drivers/STM32F2xx_HAL_Driver/Src/stm32f2xx_hal_dma_ex.c ****     __HAL_DMA_CLEAR_FLAG (hdma, __HAL_DMA_GET_FE_FLAG_INDEX(hdma));
 1799              		.loc 1 200 5 discriminator 24 view .LVU471
 1800 0a4e 4FF48022 		mov	r2, #262144
 1801 0a52 9EE7     		b	.L44
 1802              	.L43:
 200:Drivers/STM32F2xx_HAL_Driver/Src/stm32f2xx_hal_dma_ex.c ****     __HAL_DMA_CLEAR_FLAG (hdma, __HAL_DMA_GET_FE_FLAG_INDEX(hdma));
 1803              		.loc 1 200 5 discriminator 2 view .LVU472
 1804 0a54 594A     		ldr	r2, .L332+16
 1805 0a56 9342     		cmp	r3, r2
 1806 0a58 53D9     		bls	.L46
 200:Drivers/STM32F2xx_HAL_Driver/Src/stm32f2xx_hal_dma_ex.c ****     __HAL_DMA_CLEAR_FLAG (hdma, __HAL_DMA_GET_FE_FLAG_INDEX(hdma));
 1807              		.loc 1 200 5 discriminator 51 view .LVU473
 1808 0a5a A83A     		subs	r2, r2, #168
 1809 0a5c 9342     		cmp	r3, r2
ARM GAS  /tmp/ccYz7cvi.s 			page 46


 1810 0a5e 31D0     		beq	.L218
 200:Drivers/STM32F2xx_HAL_Driver/Src/stm32f2xx_hal_dma_ex.c ****     __HAL_DMA_CLEAR_FLAG (hdma, __HAL_DMA_GET_FE_FLAG_INDEX(hdma));
 1811              		.loc 1 200 5 discriminator 53 view .LVU474
 1812 0a60 02F58062 		add	r2, r2, #1024
 1813 0a64 9342     		cmp	r3, r2
 1814 0a66 31D0     		beq	.L219
 200:Drivers/STM32F2xx_HAL_Driver/Src/stm32f2xx_hal_dma_ex.c ****     __HAL_DMA_CLEAR_FLAG (hdma, __HAL_DMA_GET_FE_FLAG_INDEX(hdma));
 1815              		.loc 1 200 5 discriminator 55 view .LVU475
 1816 0a68 A2F56872 		sub	r2, r2, #928
 1817 0a6c 9342     		cmp	r3, r2
 1818 0a6e 2FD0     		beq	.L220
 200:Drivers/STM32F2xx_HAL_Driver/Src/stm32f2xx_hal_dma_ex.c ****     __HAL_DMA_CLEAR_FLAG (hdma, __HAL_DMA_GET_FE_FLAG_INDEX(hdma));
 1819              		.loc 1 200 5 discriminator 57 view .LVU476
 1820 0a70 02F58062 		add	r2, r2, #1024
 1821 0a74 9342     		cmp	r3, r2
 1822 0a76 2DD0     		beq	.L221
 200:Drivers/STM32F2xx_HAL_Driver/Src/stm32f2xx_hal_dma_ex.c ****     __HAL_DMA_CLEAR_FLAG (hdma, __HAL_DMA_GET_FE_FLAG_INDEX(hdma));
 1823              		.loc 1 200 5 discriminator 59 view .LVU477
 1824 0a78 A2F58962 		sub	r2, r2, #1096
 1825 0a7c 9342     		cmp	r3, r2
 1826 0a7e 2BD0     		beq	.L222
 200:Drivers/STM32F2xx_HAL_Driver/Src/stm32f2xx_hal_dma_ex.c ****     __HAL_DMA_CLEAR_FLAG (hdma, __HAL_DMA_GET_FE_FLAG_INDEX(hdma));
 1827              		.loc 1 200 5 discriminator 61 view .LVU478
 1828 0a80 02F58062 		add	r2, r2, #1024
 1829 0a84 9342     		cmp	r3, r2
 1830 0a86 2AD0     		beq	.L223
 200:Drivers/STM32F2xx_HAL_Driver/Src/stm32f2xx_hal_dma_ex.c ****     __HAL_DMA_CLEAR_FLAG (hdma, __HAL_DMA_GET_FE_FLAG_INDEX(hdma));
 1831              		.loc 1 200 5 discriminator 63 view .LVU479
 1832 0a88 A2F56872 		sub	r2, r2, #928
 1833 0a8c 9342     		cmp	r3, r2
 1834 0a8e 29D0     		beq	.L224
 200:Drivers/STM32F2xx_HAL_Driver/Src/stm32f2xx_hal_dma_ex.c ****     __HAL_DMA_CLEAR_FLAG (hdma, __HAL_DMA_GET_FE_FLAG_INDEX(hdma));
 1835              		.loc 1 200 5 discriminator 65 view .LVU480
 1836 0a90 02F58062 		add	r2, r2, #1024
 1837 0a94 9342     		cmp	r3, r2
 1838 0a96 28D0     		beq	.L225
 200:Drivers/STM32F2xx_HAL_Driver/Src/stm32f2xx_hal_dma_ex.c ****     __HAL_DMA_CLEAR_FLAG (hdma, __HAL_DMA_GET_FE_FLAG_INDEX(hdma));
 1839              		.loc 1 200 5 discriminator 67 view .LVU481
 1840 0a98 A2F58962 		sub	r2, r2, #1096
 1841 0a9c 9342     		cmp	r3, r2
 1842 0a9e 27D0     		beq	.L226
 200:Drivers/STM32F2xx_HAL_Driver/Src/stm32f2xx_hal_dma_ex.c ****     __HAL_DMA_CLEAR_FLAG (hdma, __HAL_DMA_GET_FE_FLAG_INDEX(hdma));
 1843              		.loc 1 200 5 discriminator 69 view .LVU482
 1844 0aa0 02F58062 		add	r2, r2, #1024
 1845 0aa4 9342     		cmp	r3, r2
 1846 0aa6 26D0     		beq	.L227
 200:Drivers/STM32F2xx_HAL_Driver/Src/stm32f2xx_hal_dma_ex.c ****     __HAL_DMA_CLEAR_FLAG (hdma, __HAL_DMA_GET_FE_FLAG_INDEX(hdma));
 1847              		.loc 1 200 5 discriminator 71 view .LVU483
 1848 0aa8 A2F56872 		sub	r2, r2, #928
 1849 0aac 9342     		cmp	r3, r2
 1850 0aae 25D0     		beq	.L228
 200:Drivers/STM32F2xx_HAL_Driver/Src/stm32f2xx_hal_dma_ex.c ****     __HAL_DMA_CLEAR_FLAG (hdma, __HAL_DMA_GET_FE_FLAG_INDEX(hdma));
 1851              		.loc 1 200 5 discriminator 73 view .LVU484
 1852 0ab0 02F58062 		add	r2, r2, #1024
 1853 0ab4 9342     		cmp	r3, r2
 1854 0ab6 02D0     		beq	.L319
 200:Drivers/STM32F2xx_HAL_Driver/Src/stm32f2xx_hal_dma_ex.c ****     __HAL_DMA_CLEAR_FLAG (hdma, __HAL_DMA_GET_FE_FLAG_INDEX(hdma));
ARM GAS  /tmp/ccYz7cvi.s 			page 47


 1855              		.loc 1 200 5 discriminator 76 view .LVU485
 1856 0ab8 4FF08073 		mov	r3, #16777216
 1857 0abc 03E0     		b	.L47
 1858              	.L319:
 200:Drivers/STM32F2xx_HAL_Driver/Src/stm32f2xx_hal_dma_ex.c ****     __HAL_DMA_CLEAR_FLAG (hdma, __HAL_DMA_GET_FE_FLAG_INDEX(hdma));
 1859              		.loc 1 200 5 discriminator 75 view .LVU486
 1860 0abe 4FF48023 		mov	r3, #262144
 1861 0ac2 00E0     		b	.L47
 1862              	.L218:
 200:Drivers/STM32F2xx_HAL_Driver/Src/stm32f2xx_hal_dma_ex.c ****     __HAL_DMA_CLEAR_FLAG (hdma, __HAL_DMA_GET_FE_FLAG_INDEX(hdma));
 1863              		.loc 1 200 5 discriminator 54 view .LVU487
 1864 0ac4 0423     		movs	r3, #4
 1865              	.L47:
 200:Drivers/STM32F2xx_HAL_Driver/Src/stm32f2xx_hal_dma_ex.c ****     __HAL_DMA_CLEAR_FLAG (hdma, __HAL_DMA_GET_FE_FLAG_INDEX(hdma));
 1866              		.loc 1 200 5 discriminator 100 view .LVU488
 1867 0ac6 3B4A     		ldr	r2, .L332+8
 1868 0ac8 9360     		str	r3, [r2, #8]
 1869 0aca 64E7     		b	.L45
 1870              	.L219:
 200:Drivers/STM32F2xx_HAL_Driver/Src/stm32f2xx_hal_dma_ex.c ****     __HAL_DMA_CLEAR_FLAG (hdma, __HAL_DMA_GET_FE_FLAG_INDEX(hdma));
 1871              		.loc 1 200 5 discriminator 56 view .LVU489
 1872 0acc 0423     		movs	r3, #4
 1873 0ace FAE7     		b	.L47
 1874              	.L220:
 200:Drivers/STM32F2xx_HAL_Driver/Src/stm32f2xx_hal_dma_ex.c ****     __HAL_DMA_CLEAR_FLAG (hdma, __HAL_DMA_GET_FE_FLAG_INDEX(hdma));
 1875              		.loc 1 200 5 discriminator 58 view .LVU490
 1876 0ad0 0423     		movs	r3, #4
 1877 0ad2 F8E7     		b	.L47
 1878              	.L221:
 200:Drivers/STM32F2xx_HAL_Driver/Src/stm32f2xx_hal_dma_ex.c ****     __HAL_DMA_CLEAR_FLAG (hdma, __HAL_DMA_GET_FE_FLAG_INDEX(hdma));
 1879              		.loc 1 200 5 discriminator 60 view .LVU491
 1880 0ad4 0423     		movs	r3, #4
 1881 0ad6 F6E7     		b	.L47
 1882              	.L222:
 200:Drivers/STM32F2xx_HAL_Driver/Src/stm32f2xx_hal_dma_ex.c ****     __HAL_DMA_CLEAR_FLAG (hdma, __HAL_DMA_GET_FE_FLAG_INDEX(hdma));
 1883              		.loc 1 200 5 discriminator 62 view .LVU492
 1884 0ad8 4FF48073 		mov	r3, #256
 1885 0adc F3E7     		b	.L47
 1886              	.L223:
 200:Drivers/STM32F2xx_HAL_Driver/Src/stm32f2xx_hal_dma_ex.c ****     __HAL_DMA_CLEAR_FLAG (hdma, __HAL_DMA_GET_FE_FLAG_INDEX(hdma));
 1887              		.loc 1 200 5 discriminator 64 view .LVU493
 1888 0ade 4FF48073 		mov	r3, #256
 1889 0ae2 F0E7     		b	.L47
 1890              	.L224:
 200:Drivers/STM32F2xx_HAL_Driver/Src/stm32f2xx_hal_dma_ex.c ****     __HAL_DMA_CLEAR_FLAG (hdma, __HAL_DMA_GET_FE_FLAG_INDEX(hdma));
 1891              		.loc 1 200 5 discriminator 66 view .LVU494
 1892 0ae4 4FF48073 		mov	r3, #256
 1893 0ae8 EDE7     		b	.L47
 1894              	.L225:
 200:Drivers/STM32F2xx_HAL_Driver/Src/stm32f2xx_hal_dma_ex.c ****     __HAL_DMA_CLEAR_FLAG (hdma, __HAL_DMA_GET_FE_FLAG_INDEX(hdma));
 1895              		.loc 1 200 5 discriminator 68 view .LVU495
 1896 0aea 4FF48073 		mov	r3, #256
 1897 0aee EAE7     		b	.L47
 1898              	.L226:
 200:Drivers/STM32F2xx_HAL_Driver/Src/stm32f2xx_hal_dma_ex.c ****     __HAL_DMA_CLEAR_FLAG (hdma, __HAL_DMA_GET_FE_FLAG_INDEX(hdma));
 1899              		.loc 1 200 5 discriminator 70 view .LVU496
 1900 0af0 4FF48023 		mov	r3, #262144
ARM GAS  /tmp/ccYz7cvi.s 			page 48


 1901 0af4 E7E7     		b	.L47
 1902              	.L227:
 200:Drivers/STM32F2xx_HAL_Driver/Src/stm32f2xx_hal_dma_ex.c ****     __HAL_DMA_CLEAR_FLAG (hdma, __HAL_DMA_GET_FE_FLAG_INDEX(hdma));
 1903              		.loc 1 200 5 discriminator 72 view .LVU497
 1904 0af6 4FF48023 		mov	r3, #262144
 1905 0afa E4E7     		b	.L47
 1906              	.L228:
 200:Drivers/STM32F2xx_HAL_Driver/Src/stm32f2xx_hal_dma_ex.c ****     __HAL_DMA_CLEAR_FLAG (hdma, __HAL_DMA_GET_FE_FLAG_INDEX(hdma));
 1907              		.loc 1 200 5 discriminator 74 view .LVU498
 1908 0afc 4FF48023 		mov	r3, #262144
 1909 0b00 E1E7     		b	.L47
 1910              	.L46:
 200:Drivers/STM32F2xx_HAL_Driver/Src/stm32f2xx_hal_dma_ex.c ****     __HAL_DMA_CLEAR_FLAG (hdma, __HAL_DMA_GET_FE_FLAG_INDEX(hdma));
 1911              		.loc 1 200 5 discriminator 52 view .LVU499
 1912 0b02 2F4A     		ldr	r2, .L332+20
 1913 0b04 9342     		cmp	r3, r2
 1914 0b06 60D9     		bls	.L48
 200:Drivers/STM32F2xx_HAL_Driver/Src/stm32f2xx_hal_dma_ex.c ****     __HAL_DMA_CLEAR_FLAG (hdma, __HAL_DMA_GET_FE_FLAG_INDEX(hdma));
 1915              		.loc 1 200 5 discriminator 102 view .LVU500
 1916 0b08 483A     		subs	r2, r2, #72
 1917 0b0a 9342     		cmp	r3, r2
 1918 0b0c 31D0     		beq	.L230
 200:Drivers/STM32F2xx_HAL_Driver/Src/stm32f2xx_hal_dma_ex.c ****     __HAL_DMA_CLEAR_FLAG (hdma, __HAL_DMA_GET_FE_FLAG_INDEX(hdma));
 1919              		.loc 1 200 5 discriminator 104 view .LVU501
 1920 0b0e 02F58062 		add	r2, r2, #1024
 1921 0b12 9342     		cmp	r3, r2
 1922 0b14 31D0     		beq	.L231
 200:Drivers/STM32F2xx_HAL_Driver/Src/stm32f2xx_hal_dma_ex.c ****     __HAL_DMA_CLEAR_FLAG (hdma, __HAL_DMA_GET_FE_FLAG_INDEX(hdma));
 1923              		.loc 1 200 5 discriminator 106 view .LVU502
 1924 0b16 A2F56872 		sub	r2, r2, #928
 1925 0b1a 9342     		cmp	r3, r2
 1926 0b1c 2FD0     		beq	.L232
 200:Drivers/STM32F2xx_HAL_Driver/Src/stm32f2xx_hal_dma_ex.c ****     __HAL_DMA_CLEAR_FLAG (hdma, __HAL_DMA_GET_FE_FLAG_INDEX(hdma));
 1927              		.loc 1 200 5 discriminator 108 view .LVU503
 1928 0b1e 02F58062 		add	r2, r2, #1024
 1929 0b22 9342     		cmp	r3, r2
 1930 0b24 2DD0     		beq	.L233
 200:Drivers/STM32F2xx_HAL_Driver/Src/stm32f2xx_hal_dma_ex.c ****     __HAL_DMA_CLEAR_FLAG (hdma, __HAL_DMA_GET_FE_FLAG_INDEX(hdma));
 1931              		.loc 1 200 5 discriminator 110 view .LVU504
 1932 0b26 A2F58962 		sub	r2, r2, #1096
 1933 0b2a 9342     		cmp	r3, r2
 1934 0b2c 2BD0     		beq	.L234
 200:Drivers/STM32F2xx_HAL_Driver/Src/stm32f2xx_hal_dma_ex.c ****     __HAL_DMA_CLEAR_FLAG (hdma, __HAL_DMA_GET_FE_FLAG_INDEX(hdma));
 1935              		.loc 1 200 5 discriminator 112 view .LVU505
 1936 0b2e 02F58062 		add	r2, r2, #1024
 1937 0b32 9342     		cmp	r3, r2
 1938 0b34 2AD0     		beq	.L235
 200:Drivers/STM32F2xx_HAL_Driver/Src/stm32f2xx_hal_dma_ex.c ****     __HAL_DMA_CLEAR_FLAG (hdma, __HAL_DMA_GET_FE_FLAG_INDEX(hdma));
 1939              		.loc 1 200 5 discriminator 114 view .LVU506
 1940 0b36 A2F56872 		sub	r2, r2, #928
 1941 0b3a 9342     		cmp	r3, r2
 1942 0b3c 29D0     		beq	.L236
 200:Drivers/STM32F2xx_HAL_Driver/Src/stm32f2xx_hal_dma_ex.c ****     __HAL_DMA_CLEAR_FLAG (hdma, __HAL_DMA_GET_FE_FLAG_INDEX(hdma));
 1943              		.loc 1 200 5 discriminator 116 view .LVU507
 1944 0b3e 02F58062 		add	r2, r2, #1024
 1945 0b42 9342     		cmp	r3, r2
 1946 0b44 28D0     		beq	.L237
ARM GAS  /tmp/ccYz7cvi.s 			page 49


 200:Drivers/STM32F2xx_HAL_Driver/Src/stm32f2xx_hal_dma_ex.c ****     __HAL_DMA_CLEAR_FLAG (hdma, __HAL_DMA_GET_FE_FLAG_INDEX(hdma));
 1947              		.loc 1 200 5 discriminator 118 view .LVU508
 1948 0b46 A2F58962 		sub	r2, r2, #1096
 1949 0b4a 9342     		cmp	r3, r2
 1950 0b4c 27D0     		beq	.L238
 200:Drivers/STM32F2xx_HAL_Driver/Src/stm32f2xx_hal_dma_ex.c ****     __HAL_DMA_CLEAR_FLAG (hdma, __HAL_DMA_GET_FE_FLAG_INDEX(hdma));
 1951              		.loc 1 200 5 discriminator 120 view .LVU509
 1952 0b4e 02F58062 		add	r2, r2, #1024
 1953 0b52 9342     		cmp	r3, r2
 1954 0b54 26D0     		beq	.L239
 200:Drivers/STM32F2xx_HAL_Driver/Src/stm32f2xx_hal_dma_ex.c ****     __HAL_DMA_CLEAR_FLAG (hdma, __HAL_DMA_GET_FE_FLAG_INDEX(hdma));
 1955              		.loc 1 200 5 discriminator 122 view .LVU510
 1956 0b56 A2F56872 		sub	r2, r2, #928
 1957 0b5a 9342     		cmp	r3, r2
 1958 0b5c 32D0     		beq	.L240
 200:Drivers/STM32F2xx_HAL_Driver/Src/stm32f2xx_hal_dma_ex.c ****     __HAL_DMA_CLEAR_FLAG (hdma, __HAL_DMA_GET_FE_FLAG_INDEX(hdma));
 1959              		.loc 1 200 5 discriminator 124 view .LVU511
 1960 0b5e 02F58062 		add	r2, r2, #1024
 1961 0b62 9342     		cmp	r3, r2
 1962 0b64 02D0     		beq	.L320
 200:Drivers/STM32F2xx_HAL_Driver/Src/stm32f2xx_hal_dma_ex.c ****     __HAL_DMA_CLEAR_FLAG (hdma, __HAL_DMA_GET_FE_FLAG_INDEX(hdma));
 1963              		.loc 1 200 5 discriminator 127 view .LVU512
 1964 0b66 4FF08073 		mov	r3, #16777216
 1965 0b6a 03E0     		b	.L49
 1966              	.L320:
 200:Drivers/STM32F2xx_HAL_Driver/Src/stm32f2xx_hal_dma_ex.c ****     __HAL_DMA_CLEAR_FLAG (hdma, __HAL_DMA_GET_FE_FLAG_INDEX(hdma));
 1967              		.loc 1 200 5 discriminator 126 view .LVU513
 1968 0b6c 4FF48023 		mov	r3, #262144
 1969 0b70 00E0     		b	.L49
 1970              	.L230:
 200:Drivers/STM32F2xx_HAL_Driver/Src/stm32f2xx_hal_dma_ex.c ****     __HAL_DMA_CLEAR_FLAG (hdma, __HAL_DMA_GET_FE_FLAG_INDEX(hdma));
 1971              		.loc 1 200 5 discriminator 105 view .LVU514
 1972 0b72 0423     		movs	r3, #4
 1973              	.L49:
 200:Drivers/STM32F2xx_HAL_Driver/Src/stm32f2xx_hal_dma_ex.c ****     __HAL_DMA_CLEAR_FLAG (hdma, __HAL_DMA_GET_FE_FLAG_INDEX(hdma));
 1974              		.loc 1 200 5 discriminator 151 view .LVU515
 1975 0b74 0E4A     		ldr	r2, .L332+4
 1976 0b76 D360     		str	r3, [r2, #12]
 1977 0b78 0DE7     		b	.L45
 1978              	.L231:
 200:Drivers/STM32F2xx_HAL_Driver/Src/stm32f2xx_hal_dma_ex.c ****     __HAL_DMA_CLEAR_FLAG (hdma, __HAL_DMA_GET_FE_FLAG_INDEX(hdma));
 1979              		.loc 1 200 5 discriminator 107 view .LVU516
 1980 0b7a 0423     		movs	r3, #4
 1981 0b7c FAE7     		b	.L49
 1982              	.L232:
 200:Drivers/STM32F2xx_HAL_Driver/Src/stm32f2xx_hal_dma_ex.c ****     __HAL_DMA_CLEAR_FLAG (hdma, __HAL_DMA_GET_FE_FLAG_INDEX(hdma));
 1983              		.loc 1 200 5 discriminator 109 view .LVU517
 1984 0b7e 0423     		movs	r3, #4
 1985 0b80 F8E7     		b	.L49
 1986              	.L233:
 200:Drivers/STM32F2xx_HAL_Driver/Src/stm32f2xx_hal_dma_ex.c ****     __HAL_DMA_CLEAR_FLAG (hdma, __HAL_DMA_GET_FE_FLAG_INDEX(hdma));
 1987              		.loc 1 200 5 discriminator 111 view .LVU518
 1988 0b82 0423     		movs	r3, #4
 1989 0b84 F6E7     		b	.L49
 1990              	.L234:
 200:Drivers/STM32F2xx_HAL_Driver/Src/stm32f2xx_hal_dma_ex.c ****     __HAL_DMA_CLEAR_FLAG (hdma, __HAL_DMA_GET_FE_FLAG_INDEX(hdma));
 1991              		.loc 1 200 5 discriminator 113 view .LVU519
ARM GAS  /tmp/ccYz7cvi.s 			page 50


 1992 0b86 4FF48073 		mov	r3, #256
 1993 0b8a F3E7     		b	.L49
 1994              	.L235:
 200:Drivers/STM32F2xx_HAL_Driver/Src/stm32f2xx_hal_dma_ex.c ****     __HAL_DMA_CLEAR_FLAG (hdma, __HAL_DMA_GET_FE_FLAG_INDEX(hdma));
 1995              		.loc 1 200 5 discriminator 115 view .LVU520
 1996 0b8c 4FF48073 		mov	r3, #256
 1997 0b90 F0E7     		b	.L49
 1998              	.L236:
 200:Drivers/STM32F2xx_HAL_Driver/Src/stm32f2xx_hal_dma_ex.c ****     __HAL_DMA_CLEAR_FLAG (hdma, __HAL_DMA_GET_FE_FLAG_INDEX(hdma));
 1999              		.loc 1 200 5 discriminator 117 view .LVU521
 2000 0b92 4FF48073 		mov	r3, #256
 2001 0b96 EDE7     		b	.L49
 2002              	.L237:
 200:Drivers/STM32F2xx_HAL_Driver/Src/stm32f2xx_hal_dma_ex.c ****     __HAL_DMA_CLEAR_FLAG (hdma, __HAL_DMA_GET_FE_FLAG_INDEX(hdma));
 2003              		.loc 1 200 5 discriminator 119 view .LVU522
 2004 0b98 4FF48073 		mov	r3, #256
 2005 0b9c EAE7     		b	.L49
 2006              	.L238:
 200:Drivers/STM32F2xx_HAL_Driver/Src/stm32f2xx_hal_dma_ex.c ****     __HAL_DMA_CLEAR_FLAG (hdma, __HAL_DMA_GET_FE_FLAG_INDEX(hdma));
 2007              		.loc 1 200 5 discriminator 121 view .LVU523
 2008 0b9e 4FF48023 		mov	r3, #262144
 2009 0ba2 E7E7     		b	.L49
 2010              	.L239:
 200:Drivers/STM32F2xx_HAL_Driver/Src/stm32f2xx_hal_dma_ex.c ****     __HAL_DMA_CLEAR_FLAG (hdma, __HAL_DMA_GET_FE_FLAG_INDEX(hdma));
 2011              		.loc 1 200 5 discriminator 123 view .LVU524
 2012 0ba4 4FF48023 		mov	r3, #262144
 2013 0ba8 E4E7     		b	.L49
 2014              	.L333:
 2015 0baa 00BF     		.align	2
 2016              	.L332:
 2017 0bac 10600240 		.word	1073897488
 2018 0bb0 00600240 		.word	1073897472
 2019 0bb4 00640240 		.word	1073898496
 2020 0bb8 58640240 		.word	1073898584
 2021 0bbc B8600240 		.word	1073897656
 2022 0bc0 58600240 		.word	1073897560
 2023              	.L240:
 200:Drivers/STM32F2xx_HAL_Driver/Src/stm32f2xx_hal_dma_ex.c ****     __HAL_DMA_CLEAR_FLAG (hdma, __HAL_DMA_GET_FE_FLAG_INDEX(hdma));
 2024              		.loc 1 200 5 discriminator 125 view .LVU525
 2025 0bc4 4FF48023 		mov	r3, #262144
 2026 0bc8 D4E7     		b	.L49
 2027              	.L48:
 200:Drivers/STM32F2xx_HAL_Driver/Src/stm32f2xx_hal_dma_ex.c ****     __HAL_DMA_CLEAR_FLAG (hdma, __HAL_DMA_GET_FE_FLAG_INDEX(hdma));
 2028              		.loc 1 200 5 discriminator 103 view .LVU526
 2029 0bca 994A     		ldr	r2, .L334
 2030 0bcc 9342     		cmp	r3, r2
 2031 0bce 31D0     		beq	.L242
 200:Drivers/STM32F2xx_HAL_Driver/Src/stm32f2xx_hal_dma_ex.c ****     __HAL_DMA_CLEAR_FLAG (hdma, __HAL_DMA_GET_FE_FLAG_INDEX(hdma));
 2032              		.loc 1 200 5 discriminator 153 view .LVU527
 2033 0bd0 02F58062 		add	r2, r2, #1024
 2034 0bd4 9342     		cmp	r3, r2
 2035 0bd6 31D0     		beq	.L243
 200:Drivers/STM32F2xx_HAL_Driver/Src/stm32f2xx_hal_dma_ex.c ****     __HAL_DMA_CLEAR_FLAG (hdma, __HAL_DMA_GET_FE_FLAG_INDEX(hdma));
 2036              		.loc 1 200 5 discriminator 155 view .LVU528
 2037 0bd8 A2F56872 		sub	r2, r2, #928
 2038 0bdc 9342     		cmp	r3, r2
 2039 0bde 2FD0     		beq	.L244
ARM GAS  /tmp/ccYz7cvi.s 			page 51


 200:Drivers/STM32F2xx_HAL_Driver/Src/stm32f2xx_hal_dma_ex.c ****     __HAL_DMA_CLEAR_FLAG (hdma, __HAL_DMA_GET_FE_FLAG_INDEX(hdma));
 2040              		.loc 1 200 5 discriminator 157 view .LVU529
 2041 0be0 02F58062 		add	r2, r2, #1024
 2042 0be4 9342     		cmp	r3, r2
 2043 0be6 2DD0     		beq	.L245
 200:Drivers/STM32F2xx_HAL_Driver/Src/stm32f2xx_hal_dma_ex.c ****     __HAL_DMA_CLEAR_FLAG (hdma, __HAL_DMA_GET_FE_FLAG_INDEX(hdma));
 2044              		.loc 1 200 5 discriminator 159 view .LVU530
 2045 0be8 A2F58962 		sub	r2, r2, #1096
 2046 0bec 9342     		cmp	r3, r2
 2047 0bee 2BD0     		beq	.L246
 200:Drivers/STM32F2xx_HAL_Driver/Src/stm32f2xx_hal_dma_ex.c ****     __HAL_DMA_CLEAR_FLAG (hdma, __HAL_DMA_GET_FE_FLAG_INDEX(hdma));
 2048              		.loc 1 200 5 discriminator 161 view .LVU531
 2049 0bf0 02F58062 		add	r2, r2, #1024
 2050 0bf4 9342     		cmp	r3, r2
 2051 0bf6 2AD0     		beq	.L247
 200:Drivers/STM32F2xx_HAL_Driver/Src/stm32f2xx_hal_dma_ex.c ****     __HAL_DMA_CLEAR_FLAG (hdma, __HAL_DMA_GET_FE_FLAG_INDEX(hdma));
 2052              		.loc 1 200 5 discriminator 163 view .LVU532
 2053 0bf8 A2F56872 		sub	r2, r2, #928
 2054 0bfc 9342     		cmp	r3, r2
 2055 0bfe 29D0     		beq	.L248
 200:Drivers/STM32F2xx_HAL_Driver/Src/stm32f2xx_hal_dma_ex.c ****     __HAL_DMA_CLEAR_FLAG (hdma, __HAL_DMA_GET_FE_FLAG_INDEX(hdma));
 2056              		.loc 1 200 5 discriminator 165 view .LVU533
 2057 0c00 02F58062 		add	r2, r2, #1024
 2058 0c04 9342     		cmp	r3, r2
 2059 0c06 28D0     		beq	.L249
 200:Drivers/STM32F2xx_HAL_Driver/Src/stm32f2xx_hal_dma_ex.c ****     __HAL_DMA_CLEAR_FLAG (hdma, __HAL_DMA_GET_FE_FLAG_INDEX(hdma));
 2060              		.loc 1 200 5 discriminator 167 view .LVU534
 2061 0c08 A2F58962 		sub	r2, r2, #1096
 2062 0c0c 9342     		cmp	r3, r2
 2063 0c0e 27D0     		beq	.L250
 200:Drivers/STM32F2xx_HAL_Driver/Src/stm32f2xx_hal_dma_ex.c ****     __HAL_DMA_CLEAR_FLAG (hdma, __HAL_DMA_GET_FE_FLAG_INDEX(hdma));
 2064              		.loc 1 200 5 discriminator 169 view .LVU535
 2065 0c10 02F58062 		add	r2, r2, #1024
 2066 0c14 9342     		cmp	r3, r2
 2067 0c16 26D0     		beq	.L251
 200:Drivers/STM32F2xx_HAL_Driver/Src/stm32f2xx_hal_dma_ex.c ****     __HAL_DMA_CLEAR_FLAG (hdma, __HAL_DMA_GET_FE_FLAG_INDEX(hdma));
 2068              		.loc 1 200 5 discriminator 171 view .LVU536
 2069 0c18 A2F56872 		sub	r2, r2, #928
 2070 0c1c 9342     		cmp	r3, r2
 2071 0c1e 25D0     		beq	.L252
 200:Drivers/STM32F2xx_HAL_Driver/Src/stm32f2xx_hal_dma_ex.c ****     __HAL_DMA_CLEAR_FLAG (hdma, __HAL_DMA_GET_FE_FLAG_INDEX(hdma));
 2072              		.loc 1 200 5 discriminator 173 view .LVU537
 2073 0c20 02F58062 		add	r2, r2, #1024
 2074 0c24 9342     		cmp	r3, r2
 2075 0c26 02D0     		beq	.L321
 200:Drivers/STM32F2xx_HAL_Driver/Src/stm32f2xx_hal_dma_ex.c ****     __HAL_DMA_CLEAR_FLAG (hdma, __HAL_DMA_GET_FE_FLAG_INDEX(hdma));
 2076              		.loc 1 200 5 discriminator 176 view .LVU538
 2077 0c28 4FF08073 		mov	r3, #16777216
 2078 0c2c 03E0     		b	.L50
 2079              	.L321:
 200:Drivers/STM32F2xx_HAL_Driver/Src/stm32f2xx_hal_dma_ex.c ****     __HAL_DMA_CLEAR_FLAG (hdma, __HAL_DMA_GET_FE_FLAG_INDEX(hdma));
 2080              		.loc 1 200 5 discriminator 175 view .LVU539
 2081 0c2e 4FF48023 		mov	r3, #262144
 2082 0c32 00E0     		b	.L50
 2083              	.L242:
 200:Drivers/STM32F2xx_HAL_Driver/Src/stm32f2xx_hal_dma_ex.c ****     __HAL_DMA_CLEAR_FLAG (hdma, __HAL_DMA_GET_FE_FLAG_INDEX(hdma));
 2084              		.loc 1 200 5 discriminator 154 view .LVU540
ARM GAS  /tmp/ccYz7cvi.s 			page 52


 2085 0c34 0423     		movs	r3, #4
 2086              	.L50:
 200:Drivers/STM32F2xx_HAL_Driver/Src/stm32f2xx_hal_dma_ex.c ****     __HAL_DMA_CLEAR_FLAG (hdma, __HAL_DMA_GET_FE_FLAG_INDEX(hdma));
 2087              		.loc 1 200 5 discriminator 200 view .LVU541
 2088 0c36 7F4A     		ldr	r2, .L334+4
 2089 0c38 9360     		str	r3, [r2, #8]
 2090 0c3a ACE6     		b	.L45
 2091              	.L243:
 200:Drivers/STM32F2xx_HAL_Driver/Src/stm32f2xx_hal_dma_ex.c ****     __HAL_DMA_CLEAR_FLAG (hdma, __HAL_DMA_GET_FE_FLAG_INDEX(hdma));
 2092              		.loc 1 200 5 discriminator 156 view .LVU542
 2093 0c3c 0423     		movs	r3, #4
 2094 0c3e FAE7     		b	.L50
 2095              	.L244:
 200:Drivers/STM32F2xx_HAL_Driver/Src/stm32f2xx_hal_dma_ex.c ****     __HAL_DMA_CLEAR_FLAG (hdma, __HAL_DMA_GET_FE_FLAG_INDEX(hdma));
 2096              		.loc 1 200 5 discriminator 158 view .LVU543
 2097 0c40 0423     		movs	r3, #4
 2098 0c42 F8E7     		b	.L50
 2099              	.L245:
 200:Drivers/STM32F2xx_HAL_Driver/Src/stm32f2xx_hal_dma_ex.c ****     __HAL_DMA_CLEAR_FLAG (hdma, __HAL_DMA_GET_FE_FLAG_INDEX(hdma));
 2100              		.loc 1 200 5 discriminator 160 view .LVU544
 2101 0c44 0423     		movs	r3, #4
 2102 0c46 F6E7     		b	.L50
 2103              	.L246:
 200:Drivers/STM32F2xx_HAL_Driver/Src/stm32f2xx_hal_dma_ex.c ****     __HAL_DMA_CLEAR_FLAG (hdma, __HAL_DMA_GET_FE_FLAG_INDEX(hdma));
 2104              		.loc 1 200 5 discriminator 162 view .LVU545
 2105 0c48 4FF48073 		mov	r3, #256
 2106 0c4c F3E7     		b	.L50
 2107              	.L247:
 200:Drivers/STM32F2xx_HAL_Driver/Src/stm32f2xx_hal_dma_ex.c ****     __HAL_DMA_CLEAR_FLAG (hdma, __HAL_DMA_GET_FE_FLAG_INDEX(hdma));
 2108              		.loc 1 200 5 discriminator 164 view .LVU546
 2109 0c4e 4FF48073 		mov	r3, #256
 2110 0c52 F0E7     		b	.L50
 2111              	.L248:
 200:Drivers/STM32F2xx_HAL_Driver/Src/stm32f2xx_hal_dma_ex.c ****     __HAL_DMA_CLEAR_FLAG (hdma, __HAL_DMA_GET_FE_FLAG_INDEX(hdma));
 2112              		.loc 1 200 5 discriminator 166 view .LVU547
 2113 0c54 4FF48073 		mov	r3, #256
 2114 0c58 EDE7     		b	.L50
 2115              	.L249:
 200:Drivers/STM32F2xx_HAL_Driver/Src/stm32f2xx_hal_dma_ex.c ****     __HAL_DMA_CLEAR_FLAG (hdma, __HAL_DMA_GET_FE_FLAG_INDEX(hdma));
 2116              		.loc 1 200 5 discriminator 168 view .LVU548
 2117 0c5a 4FF48073 		mov	r3, #256
 2118 0c5e EAE7     		b	.L50
 2119              	.L250:
 200:Drivers/STM32F2xx_HAL_Driver/Src/stm32f2xx_hal_dma_ex.c ****     __HAL_DMA_CLEAR_FLAG (hdma, __HAL_DMA_GET_FE_FLAG_INDEX(hdma));
 2120              		.loc 1 200 5 discriminator 170 view .LVU549
 2121 0c60 4FF48023 		mov	r3, #262144
 2122 0c64 E7E7     		b	.L50
 2123              	.L251:
 200:Drivers/STM32F2xx_HAL_Driver/Src/stm32f2xx_hal_dma_ex.c ****     __HAL_DMA_CLEAR_FLAG (hdma, __HAL_DMA_GET_FE_FLAG_INDEX(hdma));
 2124              		.loc 1 200 5 discriminator 172 view .LVU550
 2125 0c66 4FF48023 		mov	r3, #262144
 2126 0c6a E4E7     		b	.L50
 2127              	.L252:
 200:Drivers/STM32F2xx_HAL_Driver/Src/stm32f2xx_hal_dma_ex.c ****     __HAL_DMA_CLEAR_FLAG (hdma, __HAL_DMA_GET_FE_FLAG_INDEX(hdma));
 2128              		.loc 1 200 5 discriminator 174 view .LVU551
 2129 0c6c 4FF48023 		mov	r3, #262144
 2130 0c70 E1E7     		b	.L50
ARM GAS  /tmp/ccYz7cvi.s 			page 53


 2131              	.L318:
 201:Drivers/STM32F2xx_HAL_Driver/Src/stm32f2xx_hal_dma_ex.c **** 
 2132              		.loc 1 201 5 discriminator 25 view .LVU552
 2133 0c72 4FF48032 		mov	r2, #65536
 2134 0c76 00E0     		b	.L52
 2135              	.L254:
 201:Drivers/STM32F2xx_HAL_Driver/Src/stm32f2xx_hal_dma_ex.c **** 
 2136              		.loc 1 201 5 discriminator 4 view .LVU553
 2137 0c78 0122     		movs	r2, #1
 2138              	.L52:
 201:Drivers/STM32F2xx_HAL_Driver/Src/stm32f2xx_hal_dma_ex.c **** 
 2139              		.loc 1 201 5 discriminator 50 view .LVU554
 2140 0c7a 6F4B     		ldr	r3, .L334+8
 2141 0c7c DA60     		str	r2, [r3, #12]
 2142              	.L53:
 204:Drivers/STM32F2xx_HAL_Driver/Src/stm32f2xx_hal_dma_ex.c ****     hdma->Instance->FCR |= DMA_IT_FE;
 2143              		.loc 1 204 5 is_stmt 1 view .LVU555
 204:Drivers/STM32F2xx_HAL_Driver/Src/stm32f2xx_hal_dma_ex.c ****     hdma->Instance->FCR |= DMA_IT_FE;
 2144              		.loc 1 204 9 is_stmt 0 view .LVU556
 2145 0c7e 2268     		ldr	r2, [r4]
 204:Drivers/STM32F2xx_HAL_Driver/Src/stm32f2xx_hal_dma_ex.c ****     hdma->Instance->FCR |= DMA_IT_FE;
 2146              		.loc 1 204 19 view .LVU557
 2147 0c80 1368     		ldr	r3, [r2]
 204:Drivers/STM32F2xx_HAL_Driver/Src/stm32f2xx_hal_dma_ex.c ****     hdma->Instance->FCR |= DMA_IT_FE;
 2148              		.loc 1 204 25 view .LVU558
 2149 0c82 43F01603 		orr	r3, r3, #22
 2150 0c86 1360     		str	r3, [r2]
 205:Drivers/STM32F2xx_HAL_Driver/Src/stm32f2xx_hal_dma_ex.c ****     
 2151              		.loc 1 205 5 is_stmt 1 view .LVU559
 205:Drivers/STM32F2xx_HAL_Driver/Src/stm32f2xx_hal_dma_ex.c ****     
 2152              		.loc 1 205 9 is_stmt 0 view .LVU560
 2153 0c88 2268     		ldr	r2, [r4]
 205:Drivers/STM32F2xx_HAL_Driver/Src/stm32f2xx_hal_dma_ex.c ****     
 2154              		.loc 1 205 19 view .LVU561
 2155 0c8a 5369     		ldr	r3, [r2, #20]
 205:Drivers/STM32F2xx_HAL_Driver/Src/stm32f2xx_hal_dma_ex.c ****     
 2156              		.loc 1 205 25 view .LVU562
 2157 0c8c 43F08003 		orr	r3, r3, #128
 2158 0c90 5361     		str	r3, [r2, #20]
 207:Drivers/STM32F2xx_HAL_Driver/Src/stm32f2xx_hal_dma_ex.c ****     {
 2159              		.loc 1 207 5 is_stmt 1 view .LVU563
 207:Drivers/STM32F2xx_HAL_Driver/Src/stm32f2xx_hal_dma_ex.c ****     {
 2160              		.loc 1 207 13 is_stmt 0 view .LVU564
 2161 0c92 236C     		ldr	r3, [r4, #64]
 207:Drivers/STM32F2xx_HAL_Driver/Src/stm32f2xx_hal_dma_ex.c ****     {
 2162              		.loc 1 207 7 view .LVU565
 2163 0c94 002B     		cmp	r3, #0
 2164 0c96 00F02581 		beq	.L322
 2165              	.L59:
 209:Drivers/STM32F2xx_HAL_Driver/Src/stm32f2xx_hal_dma_ex.c ****     }
 2166              		.loc 1 209 7 is_stmt 1 view .LVU566
 209:Drivers/STM32F2xx_HAL_Driver/Src/stm32f2xx_hal_dma_ex.c ****     }
 2167              		.loc 1 209 11 is_stmt 0 view .LVU567
 2168 0c9a 2268     		ldr	r2, [r4]
 209:Drivers/STM32F2xx_HAL_Driver/Src/stm32f2xx_hal_dma_ex.c ****     }
 2169              		.loc 1 209 21 view .LVU568
 2170 0c9c 1368     		ldr	r3, [r2]
ARM GAS  /tmp/ccYz7cvi.s 			page 54


 209:Drivers/STM32F2xx_HAL_Driver/Src/stm32f2xx_hal_dma_ex.c ****     }
 2171              		.loc 1 209 27 view .LVU569
 2172 0c9e 43F00803 		orr	r3, r3, #8
 2173 0ca2 1360     		str	r3, [r2]
 2174              	.L60:
 213:Drivers/STM32F2xx_HAL_Driver/Src/stm32f2xx_hal_dma_ex.c ****   }
 2175              		.loc 1 213 5 is_stmt 1 view .LVU570
 2176 0ca4 2268     		ldr	r2, [r4]
 2177 0ca6 1368     		ldr	r3, [r2]
 2178 0ca8 43F00103 		orr	r3, r3, #1
 2179 0cac 1360     		str	r3, [r2]
 157:Drivers/STM32F2xx_HAL_Driver/Src/stm32f2xx_hal_dma_ex.c ****   
 2180              		.loc 1 157 21 is_stmt 0 view .LVU571
 2181 0cae 0020     		movs	r0, #0
 2182 0cb0 FFF7CAB9 		b	.L15
 2183              	.L255:
 201:Drivers/STM32F2xx_HAL_Driver/Src/stm32f2xx_hal_dma_ex.c **** 
 2184              		.loc 1 201 5 discriminator 6 view .LVU572
 2185 0cb4 0122     		movs	r2, #1
 2186 0cb6 E0E7     		b	.L52
 2187              	.L256:
 201:Drivers/STM32F2xx_HAL_Driver/Src/stm32f2xx_hal_dma_ex.c **** 
 2188              		.loc 1 201 5 discriminator 8 view .LVU573
 2189 0cb8 0122     		movs	r2, #1
 2190 0cba DEE7     		b	.L52
 2191              	.L257:
 201:Drivers/STM32F2xx_HAL_Driver/Src/stm32f2xx_hal_dma_ex.c **** 
 2192              		.loc 1 201 5 discriminator 10 view .LVU574
 2193 0cbc 0122     		movs	r2, #1
 2194 0cbe DCE7     		b	.L52
 2195              	.L258:
 201:Drivers/STM32F2xx_HAL_Driver/Src/stm32f2xx_hal_dma_ex.c **** 
 2196              		.loc 1 201 5 discriminator 12 view .LVU575
 2197 0cc0 4022     		movs	r2, #64
 2198 0cc2 DAE7     		b	.L52
 2199              	.L259:
 201:Drivers/STM32F2xx_HAL_Driver/Src/stm32f2xx_hal_dma_ex.c **** 
 2200              		.loc 1 201 5 discriminator 14 view .LVU576
 2201 0cc4 4022     		movs	r2, #64
 2202 0cc6 D8E7     		b	.L52
 2203              	.L260:
 201:Drivers/STM32F2xx_HAL_Driver/Src/stm32f2xx_hal_dma_ex.c **** 
 2204              		.loc 1 201 5 discriminator 16 view .LVU577
 2205 0cc8 4022     		movs	r2, #64
 2206 0cca D6E7     		b	.L52
 2207              	.L261:
 201:Drivers/STM32F2xx_HAL_Driver/Src/stm32f2xx_hal_dma_ex.c **** 
 2208              		.loc 1 201 5 discriminator 18 view .LVU578
 2209 0ccc 4022     		movs	r2, #64
 2210 0cce D4E7     		b	.L52
 2211              	.L262:
 201:Drivers/STM32F2xx_HAL_Driver/Src/stm32f2xx_hal_dma_ex.c **** 
 2212              		.loc 1 201 5 discriminator 20 view .LVU579
 2213 0cd0 4FF48032 		mov	r2, #65536
 2214 0cd4 D1E7     		b	.L52
 2215              	.L263:
 201:Drivers/STM32F2xx_HAL_Driver/Src/stm32f2xx_hal_dma_ex.c **** 
ARM GAS  /tmp/ccYz7cvi.s 			page 55


 2216              		.loc 1 201 5 discriminator 22 view .LVU580
 2217 0cd6 4FF48032 		mov	r2, #65536
 2218 0cda CEE7     		b	.L52
 2219              	.L264:
 201:Drivers/STM32F2xx_HAL_Driver/Src/stm32f2xx_hal_dma_ex.c **** 
 2220              		.loc 1 201 5 discriminator 24 view .LVU581
 2221 0cdc 4FF48032 		mov	r2, #65536
 2222 0ce0 CBE7     		b	.L52
 2223              	.L51:
 201:Drivers/STM32F2xx_HAL_Driver/Src/stm32f2xx_hal_dma_ex.c **** 
 2224              		.loc 1 201 5 discriminator 2 view .LVU582
 2225 0ce2 564A     		ldr	r2, .L334+12
 2226 0ce4 9342     		cmp	r3, r2
 2227 0ce6 4FD9     		bls	.L54
 201:Drivers/STM32F2xx_HAL_Driver/Src/stm32f2xx_hal_dma_ex.c **** 
 2228              		.loc 1 201 5 discriminator 51 view .LVU583
 2229 0ce8 A83A     		subs	r2, r2, #168
 2230 0cea 9342     		cmp	r3, r2
 2231 0cec 31D0     		beq	.L266
 201:Drivers/STM32F2xx_HAL_Driver/Src/stm32f2xx_hal_dma_ex.c **** 
 2232              		.loc 1 201 5 discriminator 53 view .LVU584
 2233 0cee 02F58062 		add	r2, r2, #1024
 2234 0cf2 9342     		cmp	r3, r2
 2235 0cf4 31D0     		beq	.L267
 201:Drivers/STM32F2xx_HAL_Driver/Src/stm32f2xx_hal_dma_ex.c **** 
 2236              		.loc 1 201 5 discriminator 55 view .LVU585
 2237 0cf6 A2F56872 		sub	r2, r2, #928
 2238 0cfa 9342     		cmp	r3, r2
 2239 0cfc 2FD0     		beq	.L268
 201:Drivers/STM32F2xx_HAL_Driver/Src/stm32f2xx_hal_dma_ex.c **** 
 2240              		.loc 1 201 5 discriminator 57 view .LVU586
 2241 0cfe 02F58062 		add	r2, r2, #1024
 2242 0d02 9342     		cmp	r3, r2
 2243 0d04 2DD0     		beq	.L269
 201:Drivers/STM32F2xx_HAL_Driver/Src/stm32f2xx_hal_dma_ex.c **** 
 2244              		.loc 1 201 5 discriminator 59 view .LVU587
 2245 0d06 A2F58962 		sub	r2, r2, #1096
 2246 0d0a 9342     		cmp	r3, r2
 2247 0d0c 2BD0     		beq	.L270
 201:Drivers/STM32F2xx_HAL_Driver/Src/stm32f2xx_hal_dma_ex.c **** 
 2248              		.loc 1 201 5 discriminator 61 view .LVU588
 2249 0d0e 02F58062 		add	r2, r2, #1024
 2250 0d12 9342     		cmp	r3, r2
 2251 0d14 29D0     		beq	.L271
 201:Drivers/STM32F2xx_HAL_Driver/Src/stm32f2xx_hal_dma_ex.c **** 
 2252              		.loc 1 201 5 discriminator 63 view .LVU589
 2253 0d16 A2F56872 		sub	r2, r2, #928
 2254 0d1a 9342     		cmp	r3, r2
 2255 0d1c 27D0     		beq	.L272
 201:Drivers/STM32F2xx_HAL_Driver/Src/stm32f2xx_hal_dma_ex.c **** 
 2256              		.loc 1 201 5 discriminator 65 view .LVU590
 2257 0d1e 02F58062 		add	r2, r2, #1024
 2258 0d22 9342     		cmp	r3, r2
 2259 0d24 25D0     		beq	.L273
 201:Drivers/STM32F2xx_HAL_Driver/Src/stm32f2xx_hal_dma_ex.c **** 
 2260              		.loc 1 201 5 discriminator 67 view .LVU591
 2261 0d26 A2F58962 		sub	r2, r2, #1096
ARM GAS  /tmp/ccYz7cvi.s 			page 56


 2262 0d2a 9342     		cmp	r3, r2
 2263 0d2c 23D0     		beq	.L274
 201:Drivers/STM32F2xx_HAL_Driver/Src/stm32f2xx_hal_dma_ex.c **** 
 2264              		.loc 1 201 5 discriminator 69 view .LVU592
 2265 0d2e 02F58062 		add	r2, r2, #1024
 2266 0d32 9342     		cmp	r3, r2
 2267 0d34 22D0     		beq	.L275
 201:Drivers/STM32F2xx_HAL_Driver/Src/stm32f2xx_hal_dma_ex.c **** 
 2268              		.loc 1 201 5 discriminator 71 view .LVU593
 2269 0d36 A2F56872 		sub	r2, r2, #928
 2270 0d3a 9342     		cmp	r3, r2
 2271 0d3c 21D0     		beq	.L276
 201:Drivers/STM32F2xx_HAL_Driver/Src/stm32f2xx_hal_dma_ex.c **** 
 2272              		.loc 1 201 5 discriminator 73 view .LVU594
 2273 0d3e 02F58062 		add	r2, r2, #1024
 2274 0d42 9342     		cmp	r3, r2
 2275 0d44 02D0     		beq	.L323
 201:Drivers/STM32F2xx_HAL_Driver/Src/stm32f2xx_hal_dma_ex.c **** 
 2276              		.loc 1 201 5 discriminator 76 view .LVU595
 2277 0d46 4FF48003 		mov	r3, #4194304
 2278 0d4a 03E0     		b	.L55
 2279              	.L323:
 201:Drivers/STM32F2xx_HAL_Driver/Src/stm32f2xx_hal_dma_ex.c **** 
 2280              		.loc 1 201 5 discriminator 75 view .LVU596
 2281 0d4c 4FF48033 		mov	r3, #65536
 2282 0d50 00E0     		b	.L55
 2283              	.L266:
 201:Drivers/STM32F2xx_HAL_Driver/Src/stm32f2xx_hal_dma_ex.c **** 
 2284              		.loc 1 201 5 discriminator 54 view .LVU597
 2285 0d52 0123     		movs	r3, #1
 2286              	.L55:
 201:Drivers/STM32F2xx_HAL_Driver/Src/stm32f2xx_hal_dma_ex.c **** 
 2287              		.loc 1 201 5 discriminator 100 view .LVU598
 2288 0d54 384A     		ldr	r2, .L334+8
 2289 0d56 9360     		str	r3, [r2, #8]
 2290 0d58 91E7     		b	.L53
 2291              	.L267:
 201:Drivers/STM32F2xx_HAL_Driver/Src/stm32f2xx_hal_dma_ex.c **** 
 2292              		.loc 1 201 5 discriminator 56 view .LVU599
 2293 0d5a 0123     		movs	r3, #1
 2294 0d5c FAE7     		b	.L55
 2295              	.L268:
 201:Drivers/STM32F2xx_HAL_Driver/Src/stm32f2xx_hal_dma_ex.c **** 
 2296              		.loc 1 201 5 discriminator 58 view .LVU600
 2297 0d5e 0123     		movs	r3, #1
 2298 0d60 F8E7     		b	.L55
 2299              	.L269:
 201:Drivers/STM32F2xx_HAL_Driver/Src/stm32f2xx_hal_dma_ex.c **** 
 2300              		.loc 1 201 5 discriminator 60 view .LVU601
 2301 0d62 0123     		movs	r3, #1
 2302 0d64 F6E7     		b	.L55
 2303              	.L270:
 201:Drivers/STM32F2xx_HAL_Driver/Src/stm32f2xx_hal_dma_ex.c **** 
 2304              		.loc 1 201 5 discriminator 62 view .LVU602
 2305 0d66 4023     		movs	r3, #64
 2306 0d68 F4E7     		b	.L55
 2307              	.L271:
ARM GAS  /tmp/ccYz7cvi.s 			page 57


 201:Drivers/STM32F2xx_HAL_Driver/Src/stm32f2xx_hal_dma_ex.c **** 
 2308              		.loc 1 201 5 discriminator 64 view .LVU603
 2309 0d6a 4023     		movs	r3, #64
 2310 0d6c F2E7     		b	.L55
 2311              	.L272:
 201:Drivers/STM32F2xx_HAL_Driver/Src/stm32f2xx_hal_dma_ex.c **** 
 2312              		.loc 1 201 5 discriminator 66 view .LVU604
 2313 0d6e 4023     		movs	r3, #64
 2314 0d70 F0E7     		b	.L55
 2315              	.L273:
 201:Drivers/STM32F2xx_HAL_Driver/Src/stm32f2xx_hal_dma_ex.c **** 
 2316              		.loc 1 201 5 discriminator 68 view .LVU605
 2317 0d72 4023     		movs	r3, #64
 2318 0d74 EEE7     		b	.L55
 2319              	.L274:
 201:Drivers/STM32F2xx_HAL_Driver/Src/stm32f2xx_hal_dma_ex.c **** 
 2320              		.loc 1 201 5 discriminator 70 view .LVU606
 2321 0d76 4FF48033 		mov	r3, #65536
 2322 0d7a EBE7     		b	.L55
 2323              	.L275:
 201:Drivers/STM32F2xx_HAL_Driver/Src/stm32f2xx_hal_dma_ex.c **** 
 2324              		.loc 1 201 5 discriminator 72 view .LVU607
 2325 0d7c 4FF48033 		mov	r3, #65536
 2326 0d80 E8E7     		b	.L55
 2327              	.L276:
 201:Drivers/STM32F2xx_HAL_Driver/Src/stm32f2xx_hal_dma_ex.c **** 
 2328              		.loc 1 201 5 discriminator 74 view .LVU608
 2329 0d82 4FF48033 		mov	r3, #65536
 2330 0d86 E5E7     		b	.L55
 2331              	.L54:
 201:Drivers/STM32F2xx_HAL_Driver/Src/stm32f2xx_hal_dma_ex.c **** 
 2332              		.loc 1 201 5 discriminator 52 view .LVU609
 2333 0d88 2D4A     		ldr	r2, .L334+16
 2334 0d8a 9342     		cmp	r3, r2
 2335 0d8c 5AD9     		bls	.L56
 201:Drivers/STM32F2xx_HAL_Driver/Src/stm32f2xx_hal_dma_ex.c **** 
 2336              		.loc 1 201 5 discriminator 102 view .LVU610
 2337 0d8e 483A     		subs	r2, r2, #72
 2338 0d90 9342     		cmp	r3, r2
 2339 0d92 31D0     		beq	.L278
 201:Drivers/STM32F2xx_HAL_Driver/Src/stm32f2xx_hal_dma_ex.c **** 
 2340              		.loc 1 201 5 discriminator 104 view .LVU611
 2341 0d94 02F58062 		add	r2, r2, #1024
 2342 0d98 9342     		cmp	r3, r2
 2343 0d9a 31D0     		beq	.L279
 201:Drivers/STM32F2xx_HAL_Driver/Src/stm32f2xx_hal_dma_ex.c **** 
 2344              		.loc 1 201 5 discriminator 106 view .LVU612
 2345 0d9c A2F56872 		sub	r2, r2, #928
 2346 0da0 9342     		cmp	r3, r2
 2347 0da2 2FD0     		beq	.L280
 201:Drivers/STM32F2xx_HAL_Driver/Src/stm32f2xx_hal_dma_ex.c **** 
 2348              		.loc 1 201 5 discriminator 108 view .LVU613
 2349 0da4 02F58062 		add	r2, r2, #1024
 2350 0da8 9342     		cmp	r3, r2
 2351 0daa 2DD0     		beq	.L281
 201:Drivers/STM32F2xx_HAL_Driver/Src/stm32f2xx_hal_dma_ex.c **** 
 2352              		.loc 1 201 5 discriminator 110 view .LVU614
ARM GAS  /tmp/ccYz7cvi.s 			page 58


 2353 0dac A2F58962 		sub	r2, r2, #1096
 2354 0db0 9342     		cmp	r3, r2
 2355 0db2 2BD0     		beq	.L282
 201:Drivers/STM32F2xx_HAL_Driver/Src/stm32f2xx_hal_dma_ex.c **** 
 2356              		.loc 1 201 5 discriminator 112 view .LVU615
 2357 0db4 02F58062 		add	r2, r2, #1024
 2358 0db8 9342     		cmp	r3, r2
 2359 0dba 29D0     		beq	.L283
 201:Drivers/STM32F2xx_HAL_Driver/Src/stm32f2xx_hal_dma_ex.c **** 
 2360              		.loc 1 201 5 discriminator 114 view .LVU616
 2361 0dbc A2F56872 		sub	r2, r2, #928
 2362 0dc0 9342     		cmp	r3, r2
 2363 0dc2 27D0     		beq	.L284
 201:Drivers/STM32F2xx_HAL_Driver/Src/stm32f2xx_hal_dma_ex.c **** 
 2364              		.loc 1 201 5 discriminator 116 view .LVU617
 2365 0dc4 02F58062 		add	r2, r2, #1024
 2366 0dc8 9342     		cmp	r3, r2
 2367 0dca 25D0     		beq	.L285
 201:Drivers/STM32F2xx_HAL_Driver/Src/stm32f2xx_hal_dma_ex.c **** 
 2368              		.loc 1 201 5 discriminator 118 view .LVU618
 2369 0dcc A2F58962 		sub	r2, r2, #1096
 2370 0dd0 9342     		cmp	r3, r2
 2371 0dd2 23D0     		beq	.L286
 201:Drivers/STM32F2xx_HAL_Driver/Src/stm32f2xx_hal_dma_ex.c **** 
 2372              		.loc 1 201 5 discriminator 120 view .LVU619
 2373 0dd4 02F58062 		add	r2, r2, #1024
 2374 0dd8 9342     		cmp	r3, r2
 2375 0dda 22D0     		beq	.L287
 201:Drivers/STM32F2xx_HAL_Driver/Src/stm32f2xx_hal_dma_ex.c **** 
 2376              		.loc 1 201 5 discriminator 122 view .LVU620
 2377 0ddc A2F56872 		sub	r2, r2, #928
 2378 0de0 9342     		cmp	r3, r2
 2379 0de2 21D0     		beq	.L288
 201:Drivers/STM32F2xx_HAL_Driver/Src/stm32f2xx_hal_dma_ex.c **** 
 2380              		.loc 1 201 5 discriminator 124 view .LVU621
 2381 0de4 02F58062 		add	r2, r2, #1024
 2382 0de8 9342     		cmp	r3, r2
 2383 0dea 02D0     		beq	.L324
 201:Drivers/STM32F2xx_HAL_Driver/Src/stm32f2xx_hal_dma_ex.c **** 
 2384              		.loc 1 201 5 discriminator 127 view .LVU622
 2385 0dec 4FF48003 		mov	r3, #4194304
 2386 0df0 03E0     		b	.L57
 2387              	.L324:
 201:Drivers/STM32F2xx_HAL_Driver/Src/stm32f2xx_hal_dma_ex.c **** 
 2388              		.loc 1 201 5 discriminator 126 view .LVU623
 2389 0df2 4FF48033 		mov	r3, #65536
 2390 0df6 00E0     		b	.L57
 2391              	.L278:
 201:Drivers/STM32F2xx_HAL_Driver/Src/stm32f2xx_hal_dma_ex.c **** 
 2392              		.loc 1 201 5 discriminator 105 view .LVU624
 2393 0df8 0123     		movs	r3, #1
 2394              	.L57:
 201:Drivers/STM32F2xx_HAL_Driver/Src/stm32f2xx_hal_dma_ex.c **** 
 2395              		.loc 1 201 5 discriminator 151 view .LVU625
 2396 0dfa 0E4A     		ldr	r2, .L334+4
 2397 0dfc D360     		str	r3, [r2, #12]
 2398 0dfe 3EE7     		b	.L53
ARM GAS  /tmp/ccYz7cvi.s 			page 59


 2399              	.L279:
 201:Drivers/STM32F2xx_HAL_Driver/Src/stm32f2xx_hal_dma_ex.c **** 
 2400              		.loc 1 201 5 discriminator 107 view .LVU626
 2401 0e00 0123     		movs	r3, #1
 2402 0e02 FAE7     		b	.L57
 2403              	.L280:
 201:Drivers/STM32F2xx_HAL_Driver/Src/stm32f2xx_hal_dma_ex.c **** 
 2404              		.loc 1 201 5 discriminator 109 view .LVU627
 2405 0e04 0123     		movs	r3, #1
 2406 0e06 F8E7     		b	.L57
 2407              	.L281:
 201:Drivers/STM32F2xx_HAL_Driver/Src/stm32f2xx_hal_dma_ex.c **** 
 2408              		.loc 1 201 5 discriminator 111 view .LVU628
 2409 0e08 0123     		movs	r3, #1
 2410 0e0a F6E7     		b	.L57
 2411              	.L282:
 201:Drivers/STM32F2xx_HAL_Driver/Src/stm32f2xx_hal_dma_ex.c **** 
 2412              		.loc 1 201 5 discriminator 113 view .LVU629
 2413 0e0c 4023     		movs	r3, #64
 2414 0e0e F4E7     		b	.L57
 2415              	.L283:
 201:Drivers/STM32F2xx_HAL_Driver/Src/stm32f2xx_hal_dma_ex.c **** 
 2416              		.loc 1 201 5 discriminator 115 view .LVU630
 2417 0e10 4023     		movs	r3, #64
 2418 0e12 F2E7     		b	.L57
 2419              	.L284:
 201:Drivers/STM32F2xx_HAL_Driver/Src/stm32f2xx_hal_dma_ex.c **** 
 2420              		.loc 1 201 5 discriminator 117 view .LVU631
 2421 0e14 4023     		movs	r3, #64
 2422 0e16 F0E7     		b	.L57
 2423              	.L285:
 201:Drivers/STM32F2xx_HAL_Driver/Src/stm32f2xx_hal_dma_ex.c **** 
 2424              		.loc 1 201 5 discriminator 119 view .LVU632
 2425 0e18 4023     		movs	r3, #64
 2426 0e1a EEE7     		b	.L57
 2427              	.L286:
 201:Drivers/STM32F2xx_HAL_Driver/Src/stm32f2xx_hal_dma_ex.c **** 
 2428              		.loc 1 201 5 discriminator 121 view .LVU633
 2429 0e1c 4FF48033 		mov	r3, #65536
 2430 0e20 EBE7     		b	.L57
 2431              	.L287:
 201:Drivers/STM32F2xx_HAL_Driver/Src/stm32f2xx_hal_dma_ex.c **** 
 2432              		.loc 1 201 5 discriminator 123 view .LVU634
 2433 0e22 4FF48033 		mov	r3, #65536
 2434 0e26 E8E7     		b	.L57
 2435              	.L288:
 201:Drivers/STM32F2xx_HAL_Driver/Src/stm32f2xx_hal_dma_ex.c **** 
 2436              		.loc 1 201 5 discriminator 125 view .LVU635
 2437 0e28 4FF48033 		mov	r3, #65536
 2438 0e2c E5E7     		b	.L57
 2439              	.L335:
 2440 0e2e 00BF     		.align	2
 2441              	.L334:
 2442 0e30 10600240 		.word	1073897488
 2443 0e34 00600240 		.word	1073897472
 2444 0e38 00640240 		.word	1073898496
 2445 0e3c B8600240 		.word	1073897656
ARM GAS  /tmp/ccYz7cvi.s 			page 60


 2446 0e40 58600240 		.word	1073897560
 2447              	.L56:
 201:Drivers/STM32F2xx_HAL_Driver/Src/stm32f2xx_hal_dma_ex.c **** 
 2448              		.loc 1 201 5 discriminator 103 view .LVU636
 2449 0e44 2B4A     		ldr	r2, .L336
 2450 0e46 9342     		cmp	r3, r2
 2451 0e48 31D0     		beq	.L290
 201:Drivers/STM32F2xx_HAL_Driver/Src/stm32f2xx_hal_dma_ex.c **** 
 2452              		.loc 1 201 5 discriminator 153 view .LVU637
 2453 0e4a 02F58062 		add	r2, r2, #1024
 2454 0e4e 9342     		cmp	r3, r2
 2455 0e50 31D0     		beq	.L291
 201:Drivers/STM32F2xx_HAL_Driver/Src/stm32f2xx_hal_dma_ex.c **** 
 2456              		.loc 1 201 5 discriminator 155 view .LVU638
 2457 0e52 A2F56872 		sub	r2, r2, #928
 2458 0e56 9342     		cmp	r3, r2
 2459 0e58 2FD0     		beq	.L292
 201:Drivers/STM32F2xx_HAL_Driver/Src/stm32f2xx_hal_dma_ex.c **** 
 2460              		.loc 1 201 5 discriminator 157 view .LVU639
 2461 0e5a 02F58062 		add	r2, r2, #1024
 2462 0e5e 9342     		cmp	r3, r2
 2463 0e60 2DD0     		beq	.L293
 201:Drivers/STM32F2xx_HAL_Driver/Src/stm32f2xx_hal_dma_ex.c **** 
 2464              		.loc 1 201 5 discriminator 159 view .LVU640
 2465 0e62 A2F58962 		sub	r2, r2, #1096
 2466 0e66 9342     		cmp	r3, r2
 2467 0e68 2BD0     		beq	.L294
 201:Drivers/STM32F2xx_HAL_Driver/Src/stm32f2xx_hal_dma_ex.c **** 
 2468              		.loc 1 201 5 discriminator 161 view .LVU641
 2469 0e6a 02F58062 		add	r2, r2, #1024
 2470 0e6e 9342     		cmp	r3, r2
 2471 0e70 29D0     		beq	.L295
 201:Drivers/STM32F2xx_HAL_Driver/Src/stm32f2xx_hal_dma_ex.c **** 
 2472              		.loc 1 201 5 discriminator 163 view .LVU642
 2473 0e72 A2F56872 		sub	r2, r2, #928
 2474 0e76 9342     		cmp	r3, r2
 2475 0e78 27D0     		beq	.L296
 201:Drivers/STM32F2xx_HAL_Driver/Src/stm32f2xx_hal_dma_ex.c **** 
 2476              		.loc 1 201 5 discriminator 165 view .LVU643
 2477 0e7a 02F58062 		add	r2, r2, #1024
 2478 0e7e 9342     		cmp	r3, r2
 2479 0e80 25D0     		beq	.L297
 201:Drivers/STM32F2xx_HAL_Driver/Src/stm32f2xx_hal_dma_ex.c **** 
 2480              		.loc 1 201 5 discriminator 167 view .LVU644
 2481 0e82 A2F58962 		sub	r2, r2, #1096
 2482 0e86 9342     		cmp	r3, r2
 2483 0e88 23D0     		beq	.L298
 201:Drivers/STM32F2xx_HAL_Driver/Src/stm32f2xx_hal_dma_ex.c **** 
 2484              		.loc 1 201 5 discriminator 169 view .LVU645
 2485 0e8a 02F58062 		add	r2, r2, #1024
 2486 0e8e 9342     		cmp	r3, r2
 2487 0e90 22D0     		beq	.L299
 201:Drivers/STM32F2xx_HAL_Driver/Src/stm32f2xx_hal_dma_ex.c **** 
 2488              		.loc 1 201 5 discriminator 171 view .LVU646
 2489 0e92 A2F56872 		sub	r2, r2, #928
 2490 0e96 9342     		cmp	r3, r2
 2491 0e98 21D0     		beq	.L300
ARM GAS  /tmp/ccYz7cvi.s 			page 61


 201:Drivers/STM32F2xx_HAL_Driver/Src/stm32f2xx_hal_dma_ex.c **** 
 2492              		.loc 1 201 5 discriminator 173 view .LVU647
 2493 0e9a 02F58062 		add	r2, r2, #1024
 2494 0e9e 9342     		cmp	r3, r2
 2495 0ea0 02D0     		beq	.L325
 201:Drivers/STM32F2xx_HAL_Driver/Src/stm32f2xx_hal_dma_ex.c **** 
 2496              		.loc 1 201 5 discriminator 176 view .LVU648
 2497 0ea2 4FF48003 		mov	r3, #4194304
 2498 0ea6 03E0     		b	.L58
 2499              	.L325:
 201:Drivers/STM32F2xx_HAL_Driver/Src/stm32f2xx_hal_dma_ex.c **** 
 2500              		.loc 1 201 5 discriminator 175 view .LVU649
 2501 0ea8 4FF48033 		mov	r3, #65536
 2502 0eac 00E0     		b	.L58
 2503              	.L290:
 201:Drivers/STM32F2xx_HAL_Driver/Src/stm32f2xx_hal_dma_ex.c **** 
 2504              		.loc 1 201 5 discriminator 154 view .LVU650
 2505 0eae 0123     		movs	r3, #1
 2506              	.L58:
 201:Drivers/STM32F2xx_HAL_Driver/Src/stm32f2xx_hal_dma_ex.c **** 
 2507              		.loc 1 201 5 discriminator 200 view .LVU651
 2508 0eb0 114A     		ldr	r2, .L336+4
 2509 0eb2 9360     		str	r3, [r2, #8]
 2510 0eb4 E3E6     		b	.L53
 2511              	.L291:
 201:Drivers/STM32F2xx_HAL_Driver/Src/stm32f2xx_hal_dma_ex.c **** 
 2512              		.loc 1 201 5 discriminator 156 view .LVU652
 2513 0eb6 0123     		movs	r3, #1
 2514 0eb8 FAE7     		b	.L58
 2515              	.L292:
 201:Drivers/STM32F2xx_HAL_Driver/Src/stm32f2xx_hal_dma_ex.c **** 
 2516              		.loc 1 201 5 discriminator 158 view .LVU653
 2517 0eba 0123     		movs	r3, #1
 2518 0ebc F8E7     		b	.L58
 2519              	.L293:
 201:Drivers/STM32F2xx_HAL_Driver/Src/stm32f2xx_hal_dma_ex.c **** 
 2520              		.loc 1 201 5 discriminator 160 view .LVU654
 2521 0ebe 0123     		movs	r3, #1
 2522 0ec0 F6E7     		b	.L58
 2523              	.L294:
 201:Drivers/STM32F2xx_HAL_Driver/Src/stm32f2xx_hal_dma_ex.c **** 
 2524              		.loc 1 201 5 discriminator 162 view .LVU655
 2525 0ec2 4023     		movs	r3, #64
 2526 0ec4 F4E7     		b	.L58
 2527              	.L295:
 201:Drivers/STM32F2xx_HAL_Driver/Src/stm32f2xx_hal_dma_ex.c **** 
 2528              		.loc 1 201 5 discriminator 164 view .LVU656
 2529 0ec6 4023     		movs	r3, #64
 2530 0ec8 F2E7     		b	.L58
 2531              	.L296:
 201:Drivers/STM32F2xx_HAL_Driver/Src/stm32f2xx_hal_dma_ex.c **** 
 2532              		.loc 1 201 5 discriminator 166 view .LVU657
 2533 0eca 4023     		movs	r3, #64
 2534 0ecc F0E7     		b	.L58
 2535              	.L297:
 201:Drivers/STM32F2xx_HAL_Driver/Src/stm32f2xx_hal_dma_ex.c **** 
 2536              		.loc 1 201 5 discriminator 168 view .LVU658
ARM GAS  /tmp/ccYz7cvi.s 			page 62


 2537 0ece 4023     		movs	r3, #64
 2538 0ed0 EEE7     		b	.L58
 2539              	.L298:
 201:Drivers/STM32F2xx_HAL_Driver/Src/stm32f2xx_hal_dma_ex.c **** 
 2540              		.loc 1 201 5 discriminator 170 view .LVU659
 2541 0ed2 4FF48033 		mov	r3, #65536
 2542 0ed6 EBE7     		b	.L58
 2543              	.L299:
 201:Drivers/STM32F2xx_HAL_Driver/Src/stm32f2xx_hal_dma_ex.c **** 
 2544              		.loc 1 201 5 discriminator 172 view .LVU660
 2545 0ed8 4FF48033 		mov	r3, #65536
 2546 0edc E8E7     		b	.L58
 2547              	.L300:
 201:Drivers/STM32F2xx_HAL_Driver/Src/stm32f2xx_hal_dma_ex.c **** 
 2548              		.loc 1 201 5 discriminator 174 view .LVU661
 2549 0ede 4FF48033 		mov	r3, #65536
 2550 0ee2 E5E7     		b	.L58
 2551              	.L322:
 207:Drivers/STM32F2xx_HAL_Driver/Src/stm32f2xx_hal_dma_ex.c ****     {
 2552              		.loc 1 207 53 discriminator 1 view .LVU662
 2553 0ee4 A36C     		ldr	r3, [r4, #72]
 207:Drivers/STM32F2xx_HAL_Driver/Src/stm32f2xx_hal_dma_ex.c ****     {
 2554              		.loc 1 207 45 discriminator 1 view .LVU663
 2555 0ee6 002B     		cmp	r3, #0
 2556 0ee8 7FF4D7AE 		bne	.L59
 2557 0eec DAE6     		b	.L60
 2558              	.LVL40:
 2559              	.L61:
 177:Drivers/STM32F2xx_HAL_Driver/Src/stm32f2xx_hal_dma_ex.c ****   
 2560              		.loc 1 177 3 discriminator 1 view .LVU664
 2561 0eee 0220     		movs	r0, #2
 2562 0ef0 FFF7AAB8 		b	.L15
 2563              	.L337:
 2564              		.align	2
 2565              	.L336:
 2566 0ef4 10600240 		.word	1073897488
 2567 0ef8 00600240 		.word	1073897472
 2568              		.cfi_endproc
 2569              	.LFE73:
 2571              		.section	.text.HAL_DMAEx_ChangeMemory,"ax",%progbits
 2572              		.align	1
 2573              		.global	HAL_DMAEx_ChangeMemory
 2574              		.syntax unified
 2575              		.thumb
 2576              		.thumb_func
 2578              	HAL_DMAEx_ChangeMemory:
 2579              	.LVL41:
 2580              	.LFB74:
 241:Drivers/STM32F2xx_HAL_Driver/Src/stm32f2xx_hal_dma_ex.c ****   if(memory == MEMORY0)
 2581              		.loc 1 241 1 is_stmt 1 view -0
 2582              		.cfi_startproc
 2583              		@ args = 0, pretend = 0, frame = 0
 2584              		@ frame_needed = 0, uses_anonymous_args = 0
 2585              		@ link register save eliminated.
 242:Drivers/STM32F2xx_HAL_Driver/Src/stm32f2xx_hal_dma_ex.c ****   {
 2586              		.loc 1 242 3 view .LVU666
 242:Drivers/STM32F2xx_HAL_Driver/Src/stm32f2xx_hal_dma_ex.c ****   {
ARM GAS  /tmp/ccYz7cvi.s 			page 63


 2587              		.loc 1 242 5 is_stmt 0 view .LVU667
 2588 0000 1AB9     		cbnz	r2, .L339
 245:Drivers/STM32F2xx_HAL_Driver/Src/stm32f2xx_hal_dma_ex.c ****   }
 2589              		.loc 1 245 5 is_stmt 1 view .LVU668
 245:Drivers/STM32F2xx_HAL_Driver/Src/stm32f2xx_hal_dma_ex.c ****   }
 2590              		.loc 1 245 9 is_stmt 0 view .LVU669
 2591 0002 0368     		ldr	r3, [r0]
 245:Drivers/STM32F2xx_HAL_Driver/Src/stm32f2xx_hal_dma_ex.c ****   }
 2592              		.loc 1 245 26 view .LVU670
 2593 0004 D960     		str	r1, [r3, #12]
 2594              	.L340:
 253:Drivers/STM32F2xx_HAL_Driver/Src/stm32f2xx_hal_dma_ex.c **** }
 2595              		.loc 1 253 3 is_stmt 1 view .LVU671
 254:Drivers/STM32F2xx_HAL_Driver/Src/stm32f2xx_hal_dma_ex.c **** 
 2596              		.loc 1 254 1 is_stmt 0 view .LVU672
 2597 0006 0020     		movs	r0, #0
 2598              	.LVL42:
 254:Drivers/STM32F2xx_HAL_Driver/Src/stm32f2xx_hal_dma_ex.c **** 
 2599              		.loc 1 254 1 view .LVU673
 2600 0008 7047     		bx	lr
 2601              	.LVL43:
 2602              	.L339:
 250:Drivers/STM32F2xx_HAL_Driver/Src/stm32f2xx_hal_dma_ex.c ****   }
 2603              		.loc 1 250 5 is_stmt 1 view .LVU674
 250:Drivers/STM32F2xx_HAL_Driver/Src/stm32f2xx_hal_dma_ex.c ****   }
 2604              		.loc 1 250 9 is_stmt 0 view .LVU675
 2605 000a 0368     		ldr	r3, [r0]
 250:Drivers/STM32F2xx_HAL_Driver/Src/stm32f2xx_hal_dma_ex.c ****   }
 2606              		.loc 1 250 26 view .LVU676
 2607 000c 1961     		str	r1, [r3, #16]
 2608 000e FAE7     		b	.L340
 2609              		.cfi_endproc
 2610              	.LFE74:
 2612              		.text
 2613              	.Letext0:
 2614              		.file 2 "/home/sru/.local/xPacks/arm-none-eabi-gcc/xpack-arm-none-eabi-gcc-14.2.1-1.1/arm-none-eab
 2615              		.file 3 "/home/sru/.local/xPacks/arm-none-eabi-gcc/xpack-arm-none-eabi-gcc-14.2.1-1.1/arm-none-eab
 2616              		.file 4 "Drivers/CMSIS/Device/ST/STM32F2xx/Include/stm32f207xx.h"
 2617              		.file 5 "Drivers/STM32F2xx_HAL_Driver/Inc/stm32f2xx_hal_def.h"
 2618              		.file 6 "Drivers/STM32F2xx_HAL_Driver/Inc/stm32f2xx_hal_dma.h"
 2619              		.file 7 "Drivers/STM32F2xx_HAL_Driver/Inc/stm32f2xx_hal_dma_ex.h"
ARM GAS  /tmp/ccYz7cvi.s 			page 64


DEFINED SYMBOLS
                            *ABS*:00000000 stm32f2xx_hal_dma_ex.c
     /tmp/ccYz7cvi.s:19     .text.DMA_MultiBufferSetConfig:00000000 $t
     /tmp/ccYz7cvi.s:24     .text.DMA_MultiBufferSetConfig:00000000 DMA_MultiBufferSetConfig
     /tmp/ccYz7cvi.s:74     .text.HAL_DMAEx_MultiBufferStart:00000000 $t
     /tmp/ccYz7cvi.s:80     .text.HAL_DMAEx_MultiBufferStart:00000000 HAL_DMAEx_MultiBufferStart
     /tmp/ccYz7cvi.s:185    .text.HAL_DMAEx_MultiBufferStart_IT:00000000 $t
     /tmp/ccYz7cvi.s:191    .text.HAL_DMAEx_MultiBufferStart_IT:00000000 HAL_DMAEx_MultiBufferStart_IT
     /tmp/ccYz7cvi.s:707    .text.HAL_DMAEx_MultiBufferStart_IT:00000300 $d
     /tmp/ccYz7cvi.s:714    .text.HAL_DMAEx_MultiBufferStart_IT:00000314 $t
     /tmp/ccYz7cvi.s:1143   .text.HAL_DMAEx_MultiBufferStart_IT:000005dc $d
     /tmp/ccYz7cvi.s:1151   .text.HAL_DMAEx_MultiBufferStart_IT:000005f4 $t
     /tmp/ccYz7cvi.s:1580   .text.HAL_DMAEx_MultiBufferStart_IT:000008c4 $d
     /tmp/ccYz7cvi.s:1588   .text.HAL_DMAEx_MultiBufferStart_IT:000008dc $t
     /tmp/ccYz7cvi.s:2017   .text.HAL_DMAEx_MultiBufferStart_IT:00000bac $d
     /tmp/ccYz7cvi.s:2025   .text.HAL_DMAEx_MultiBufferStart_IT:00000bc4 $t
     /tmp/ccYz7cvi.s:2442   .text.HAL_DMAEx_MultiBufferStart_IT:00000e30 $d
     /tmp/ccYz7cvi.s:2449   .text.HAL_DMAEx_MultiBufferStart_IT:00000e44 $t
     /tmp/ccYz7cvi.s:2566   .text.HAL_DMAEx_MultiBufferStart_IT:00000ef4 $d
     /tmp/ccYz7cvi.s:2572   .text.HAL_DMAEx_ChangeMemory:00000000 $t
     /tmp/ccYz7cvi.s:2578   .text.HAL_DMAEx_ChangeMemory:00000000 HAL_DMAEx_ChangeMemory

NO UNDEFINED SYMBOLS
