ARM GAS  /tmp/ccoJpKTI.s 			page 1


   1              		.cpu cortex-m3
   2              		.arch armv7-m
   3              		.fpu softvfp
   4              		.eabi_attribute 20, 1
   5              		.eabi_attribute 21, 1
   6              		.eabi_attribute 23, 3
   7              		.eabi_attribute 24, 1
   8              		.eabi_attribute 25, 1
   9              		.eabi_attribute 26, 1
  10              		.eabi_attribute 30, 1
  11              		.eabi_attribute 34, 1
  12              		.eabi_attribute 18, 4
  13              		.file	"stm32f2xx_hal_gpio.c"
  14              		.text
  15              	.Ltext0:
  16              		.cfi_sections	.debug_frame
  17              		.file 1 "Drivers/STM32F2xx_HAL_Driver/Src/stm32f2xx_hal_gpio.c"
  18              		.section	.text.HAL_GPIO_Init,"ax",%progbits
  19              		.align	1
  20              		.global	HAL_GPIO_Init
  21              		.syntax unified
  22              		.thumb
  23              		.thumb_func
  25              	HAL_GPIO_Init:
  26              	.LVL0:
  27              	.LFB72:
   1:Drivers/STM32F2xx_HAL_Driver/Src/stm32f2xx_hal_gpio.c **** /**
   2:Drivers/STM32F2xx_HAL_Driver/Src/stm32f2xx_hal_gpio.c ****   ******************************************************************************
   3:Drivers/STM32F2xx_HAL_Driver/Src/stm32f2xx_hal_gpio.c ****   * @file    stm32f2xx_hal_gpio.c
   4:Drivers/STM32F2xx_HAL_Driver/Src/stm32f2xx_hal_gpio.c ****   * @author  MCD Application Team
   5:Drivers/STM32F2xx_HAL_Driver/Src/stm32f2xx_hal_gpio.c ****   * @brief   GPIO HAL module driver.
   6:Drivers/STM32F2xx_HAL_Driver/Src/stm32f2xx_hal_gpio.c ****   *          This file provides firmware functions to manage the following 
   7:Drivers/STM32F2xx_HAL_Driver/Src/stm32f2xx_hal_gpio.c ****   *          functionalities of the General Purpose Input/Output (GPIO) peripheral:
   8:Drivers/STM32F2xx_HAL_Driver/Src/stm32f2xx_hal_gpio.c ****   *           + Initialization and de-initialization functions
   9:Drivers/STM32F2xx_HAL_Driver/Src/stm32f2xx_hal_gpio.c ****   *           + IO operation functions
  10:Drivers/STM32F2xx_HAL_Driver/Src/stm32f2xx_hal_gpio.c ****   *
  11:Drivers/STM32F2xx_HAL_Driver/Src/stm32f2xx_hal_gpio.c ****   ******************************************************************************
  12:Drivers/STM32F2xx_HAL_Driver/Src/stm32f2xx_hal_gpio.c ****   * @attention
  13:Drivers/STM32F2xx_HAL_Driver/Src/stm32f2xx_hal_gpio.c ****   *
  14:Drivers/STM32F2xx_HAL_Driver/Src/stm32f2xx_hal_gpio.c ****   * Copyright (c) 2017 STMicroelectronics.
  15:Drivers/STM32F2xx_HAL_Driver/Src/stm32f2xx_hal_gpio.c ****   * All rights reserved.
  16:Drivers/STM32F2xx_HAL_Driver/Src/stm32f2xx_hal_gpio.c ****   *
  17:Drivers/STM32F2xx_HAL_Driver/Src/stm32f2xx_hal_gpio.c ****   * This software is licensed under terms that can be found in the LICENSE file
  18:Drivers/STM32F2xx_HAL_Driver/Src/stm32f2xx_hal_gpio.c ****   * in the root directory of this software component.
  19:Drivers/STM32F2xx_HAL_Driver/Src/stm32f2xx_hal_gpio.c ****   * If no LICENSE file comes with this software, it is provided AS-IS.
  20:Drivers/STM32F2xx_HAL_Driver/Src/stm32f2xx_hal_gpio.c ****   *
  21:Drivers/STM32F2xx_HAL_Driver/Src/stm32f2xx_hal_gpio.c ****   ******************************************************************************
  22:Drivers/STM32F2xx_HAL_Driver/Src/stm32f2xx_hal_gpio.c ****   @verbatim
  23:Drivers/STM32F2xx_HAL_Driver/Src/stm32f2xx_hal_gpio.c ****   ==============================================================================
  24:Drivers/STM32F2xx_HAL_Driver/Src/stm32f2xx_hal_gpio.c ****                     ##### GPIO Peripheral features #####
  25:Drivers/STM32F2xx_HAL_Driver/Src/stm32f2xx_hal_gpio.c ****   ==============================================================================
  26:Drivers/STM32F2xx_HAL_Driver/Src/stm32f2xx_hal_gpio.c ****   [..] 
  27:Drivers/STM32F2xx_HAL_Driver/Src/stm32f2xx_hal_gpio.c ****   Subject to the specific hardware characteristics of each I/O port listed in the datasheet, each
  28:Drivers/STM32F2xx_HAL_Driver/Src/stm32f2xx_hal_gpio.c ****   port bit of the General Purpose IO (GPIO) Ports, can be individually configured by software
  29:Drivers/STM32F2xx_HAL_Driver/Src/stm32f2xx_hal_gpio.c ****   in several modes:
  30:Drivers/STM32F2xx_HAL_Driver/Src/stm32f2xx_hal_gpio.c ****   (+) Input mode 
  31:Drivers/STM32F2xx_HAL_Driver/Src/stm32f2xx_hal_gpio.c ****   (+) Analog mode
ARM GAS  /tmp/ccoJpKTI.s 			page 2


  32:Drivers/STM32F2xx_HAL_Driver/Src/stm32f2xx_hal_gpio.c ****   (+) Output mode
  33:Drivers/STM32F2xx_HAL_Driver/Src/stm32f2xx_hal_gpio.c ****   (+) Alternate function mode
  34:Drivers/STM32F2xx_HAL_Driver/Src/stm32f2xx_hal_gpio.c ****   (+) External interrupt/event lines
  35:Drivers/STM32F2xx_HAL_Driver/Src/stm32f2xx_hal_gpio.c **** 
  36:Drivers/STM32F2xx_HAL_Driver/Src/stm32f2xx_hal_gpio.c ****   [..]  
  37:Drivers/STM32F2xx_HAL_Driver/Src/stm32f2xx_hal_gpio.c ****   During and just after reset, the alternate functions and external interrupt  
  38:Drivers/STM32F2xx_HAL_Driver/Src/stm32f2xx_hal_gpio.c ****   lines are not active and the I/O ports are configured in input floating mode.
  39:Drivers/STM32F2xx_HAL_Driver/Src/stm32f2xx_hal_gpio.c ****   
  40:Drivers/STM32F2xx_HAL_Driver/Src/stm32f2xx_hal_gpio.c ****   [..]   
  41:Drivers/STM32F2xx_HAL_Driver/Src/stm32f2xx_hal_gpio.c ****   All GPIO pins have weak internal pull-up and pull-down resistors, which can be 
  42:Drivers/STM32F2xx_HAL_Driver/Src/stm32f2xx_hal_gpio.c ****   activated or not.
  43:Drivers/STM32F2xx_HAL_Driver/Src/stm32f2xx_hal_gpio.c **** 
  44:Drivers/STM32F2xx_HAL_Driver/Src/stm32f2xx_hal_gpio.c ****   [..]
  45:Drivers/STM32F2xx_HAL_Driver/Src/stm32f2xx_hal_gpio.c ****   In Output or Alternate mode, each IO can be configured on open-drain or push-pull
  46:Drivers/STM32F2xx_HAL_Driver/Src/stm32f2xx_hal_gpio.c ****   type and the IO speed can be selected depending on the VDD value.
  47:Drivers/STM32F2xx_HAL_Driver/Src/stm32f2xx_hal_gpio.c **** 
  48:Drivers/STM32F2xx_HAL_Driver/Src/stm32f2xx_hal_gpio.c ****   [..]  
  49:Drivers/STM32F2xx_HAL_Driver/Src/stm32f2xx_hal_gpio.c ****   All ports have external interrupt/event capability. To use external interrupt 
  50:Drivers/STM32F2xx_HAL_Driver/Src/stm32f2xx_hal_gpio.c ****   lines, the port must be configured in input mode. All available GPIO pins are 
  51:Drivers/STM32F2xx_HAL_Driver/Src/stm32f2xx_hal_gpio.c ****   connected to the 16 external interrupt/event lines from EXTI0 to EXTI15.
  52:Drivers/STM32F2xx_HAL_Driver/Src/stm32f2xx_hal_gpio.c ****   
  53:Drivers/STM32F2xx_HAL_Driver/Src/stm32f2xx_hal_gpio.c ****   [..]
  54:Drivers/STM32F2xx_HAL_Driver/Src/stm32f2xx_hal_gpio.c ****   The external interrupt/event controller consists of up to 23 edge detectors 
  55:Drivers/STM32F2xx_HAL_Driver/Src/stm32f2xx_hal_gpio.c ****   (16 lines are connected to GPIO) for generating event/interrupt requests (each 
  56:Drivers/STM32F2xx_HAL_Driver/Src/stm32f2xx_hal_gpio.c ****   input line can be independently configured to select the type (interrupt or event) 
  57:Drivers/STM32F2xx_HAL_Driver/Src/stm32f2xx_hal_gpio.c ****   and the corresponding trigger event (rising or falling or both). Each line can 
  58:Drivers/STM32F2xx_HAL_Driver/Src/stm32f2xx_hal_gpio.c ****   also be masked independently. 
  59:Drivers/STM32F2xx_HAL_Driver/Src/stm32f2xx_hal_gpio.c **** 
  60:Drivers/STM32F2xx_HAL_Driver/Src/stm32f2xx_hal_gpio.c ****                      ##### How to use this driver #####
  61:Drivers/STM32F2xx_HAL_Driver/Src/stm32f2xx_hal_gpio.c ****   ==============================================================================  
  62:Drivers/STM32F2xx_HAL_Driver/Src/stm32f2xx_hal_gpio.c ****   [..]
  63:Drivers/STM32F2xx_HAL_Driver/Src/stm32f2xx_hal_gpio.c ****     (#) Enable the GPIO AHB clock using the following function: __HAL_RCC_GPIOx_CLK_ENABLE(). 
  64:Drivers/STM32F2xx_HAL_Driver/Src/stm32f2xx_hal_gpio.c **** 
  65:Drivers/STM32F2xx_HAL_Driver/Src/stm32f2xx_hal_gpio.c ****     (#) Configure the GPIO pin(s) using HAL_GPIO_Init().
  66:Drivers/STM32F2xx_HAL_Driver/Src/stm32f2xx_hal_gpio.c ****         (++) Configure the IO mode using "Mode" member from GPIO_InitTypeDef structure
  67:Drivers/STM32F2xx_HAL_Driver/Src/stm32f2xx_hal_gpio.c ****         (++) Activate Pull-up, Pull-down resistor using "Pull" member from GPIO_InitTypeDef 
  68:Drivers/STM32F2xx_HAL_Driver/Src/stm32f2xx_hal_gpio.c ****              structure.
  69:Drivers/STM32F2xx_HAL_Driver/Src/stm32f2xx_hal_gpio.c ****         (++) In case of Output or alternate function mode selection: the speed is 
  70:Drivers/STM32F2xx_HAL_Driver/Src/stm32f2xx_hal_gpio.c ****              configured through "Speed" member from GPIO_InitTypeDef structure.
  71:Drivers/STM32F2xx_HAL_Driver/Src/stm32f2xx_hal_gpio.c ****         (++) In alternate mode is selection, the alternate function connected to the IO
  72:Drivers/STM32F2xx_HAL_Driver/Src/stm32f2xx_hal_gpio.c ****              is configured through "Alternate" member from GPIO_InitTypeDef structure.
  73:Drivers/STM32F2xx_HAL_Driver/Src/stm32f2xx_hal_gpio.c ****         (++) Analog mode is required when a pin is to be used as ADC channel 
  74:Drivers/STM32F2xx_HAL_Driver/Src/stm32f2xx_hal_gpio.c ****              or DAC output.
  75:Drivers/STM32F2xx_HAL_Driver/Src/stm32f2xx_hal_gpio.c ****         (++) In case of external interrupt/event selection the "Mode" member from 
  76:Drivers/STM32F2xx_HAL_Driver/Src/stm32f2xx_hal_gpio.c ****              GPIO_InitTypeDef structure select the type (interrupt or event) and 
  77:Drivers/STM32F2xx_HAL_Driver/Src/stm32f2xx_hal_gpio.c ****              the corresponding trigger event (rising or falling or both).
  78:Drivers/STM32F2xx_HAL_Driver/Src/stm32f2xx_hal_gpio.c **** 
  79:Drivers/STM32F2xx_HAL_Driver/Src/stm32f2xx_hal_gpio.c ****     (#) In case of external interrupt/event mode selection, configure NVIC IRQ priority 
  80:Drivers/STM32F2xx_HAL_Driver/Src/stm32f2xx_hal_gpio.c ****         mapped to the EXTI line using HAL_NVIC_SetPriority() and enable it using
  81:Drivers/STM32F2xx_HAL_Driver/Src/stm32f2xx_hal_gpio.c ****         HAL_NVIC_EnableIRQ().
  82:Drivers/STM32F2xx_HAL_Driver/Src/stm32f2xx_hal_gpio.c ****          
  83:Drivers/STM32F2xx_HAL_Driver/Src/stm32f2xx_hal_gpio.c ****     (#) To get the level of a pin configured in input mode use HAL_GPIO_ReadPin().
  84:Drivers/STM32F2xx_HAL_Driver/Src/stm32f2xx_hal_gpio.c ****             
  85:Drivers/STM32F2xx_HAL_Driver/Src/stm32f2xx_hal_gpio.c ****     (#) To set/reset the level of a pin configured in output mode use 
  86:Drivers/STM32F2xx_HAL_Driver/Src/stm32f2xx_hal_gpio.c ****         HAL_GPIO_WritePin()/HAL_GPIO_TogglePin().
  87:Drivers/STM32F2xx_HAL_Driver/Src/stm32f2xx_hal_gpio.c ****     
  88:Drivers/STM32F2xx_HAL_Driver/Src/stm32f2xx_hal_gpio.c ****     (#) To lock pin configuration until next reset use HAL_GPIO_LockPin().
ARM GAS  /tmp/ccoJpKTI.s 			page 3


  89:Drivers/STM32F2xx_HAL_Driver/Src/stm32f2xx_hal_gpio.c **** 
  90:Drivers/STM32F2xx_HAL_Driver/Src/stm32f2xx_hal_gpio.c ****                  
  91:Drivers/STM32F2xx_HAL_Driver/Src/stm32f2xx_hal_gpio.c ****     (#) During and just after reset, the alternate functions are not 
  92:Drivers/STM32F2xx_HAL_Driver/Src/stm32f2xx_hal_gpio.c ****         active and the GPIO pins are configured in input floating mode (except JTAG
  93:Drivers/STM32F2xx_HAL_Driver/Src/stm32f2xx_hal_gpio.c ****         pins).
  94:Drivers/STM32F2xx_HAL_Driver/Src/stm32f2xx_hal_gpio.c ****   
  95:Drivers/STM32F2xx_HAL_Driver/Src/stm32f2xx_hal_gpio.c ****     (#) The LSE oscillator pins OSC32_IN and OSC32_OUT can be used as general purpose 
  96:Drivers/STM32F2xx_HAL_Driver/Src/stm32f2xx_hal_gpio.c ****         (PC14 and PC15, respectively) when the LSE oscillator is off. The LSE has 
  97:Drivers/STM32F2xx_HAL_Driver/Src/stm32f2xx_hal_gpio.c ****         priority over the GPIO function.
  98:Drivers/STM32F2xx_HAL_Driver/Src/stm32f2xx_hal_gpio.c ****   
  99:Drivers/STM32F2xx_HAL_Driver/Src/stm32f2xx_hal_gpio.c ****     (#) The HSE oscillator pins OSC_IN/OSC_OUT can be used as 
 100:Drivers/STM32F2xx_HAL_Driver/Src/stm32f2xx_hal_gpio.c ****         general purpose PH0 and PH1, respectively, when the HSE oscillator is off. 
 101:Drivers/STM32F2xx_HAL_Driver/Src/stm32f2xx_hal_gpio.c ****         The HSE has priority over the GPIO function.
 102:Drivers/STM32F2xx_HAL_Driver/Src/stm32f2xx_hal_gpio.c ****   
 103:Drivers/STM32F2xx_HAL_Driver/Src/stm32f2xx_hal_gpio.c ****   @endverbatim
 104:Drivers/STM32F2xx_HAL_Driver/Src/stm32f2xx_hal_gpio.c ****   ******************************************************************************
 105:Drivers/STM32F2xx_HAL_Driver/Src/stm32f2xx_hal_gpio.c ****   */
 106:Drivers/STM32F2xx_HAL_Driver/Src/stm32f2xx_hal_gpio.c **** 
 107:Drivers/STM32F2xx_HAL_Driver/Src/stm32f2xx_hal_gpio.c **** /* Includes ------------------------------------------------------------------*/
 108:Drivers/STM32F2xx_HAL_Driver/Src/stm32f2xx_hal_gpio.c **** #include "stm32f2xx_hal.h"
 109:Drivers/STM32F2xx_HAL_Driver/Src/stm32f2xx_hal_gpio.c **** 
 110:Drivers/STM32F2xx_HAL_Driver/Src/stm32f2xx_hal_gpio.c **** /** @addtogroup STM32F2xx_HAL_Driver
 111:Drivers/STM32F2xx_HAL_Driver/Src/stm32f2xx_hal_gpio.c ****   * @{
 112:Drivers/STM32F2xx_HAL_Driver/Src/stm32f2xx_hal_gpio.c ****   */
 113:Drivers/STM32F2xx_HAL_Driver/Src/stm32f2xx_hal_gpio.c **** 
 114:Drivers/STM32F2xx_HAL_Driver/Src/stm32f2xx_hal_gpio.c **** /** @defgroup GPIO GPIO
 115:Drivers/STM32F2xx_HAL_Driver/Src/stm32f2xx_hal_gpio.c ****   * @brief GPIO HAL module driver
 116:Drivers/STM32F2xx_HAL_Driver/Src/stm32f2xx_hal_gpio.c ****   * @{
 117:Drivers/STM32F2xx_HAL_Driver/Src/stm32f2xx_hal_gpio.c ****   */
 118:Drivers/STM32F2xx_HAL_Driver/Src/stm32f2xx_hal_gpio.c **** 
 119:Drivers/STM32F2xx_HAL_Driver/Src/stm32f2xx_hal_gpio.c **** /** MISRA C:2012 deviation rule has been granted for following rules:
 120:Drivers/STM32F2xx_HAL_Driver/Src/stm32f2xx_hal_gpio.c ****   * Rule-18.1_d - Medium: Array pointer `GPIOx' is accessed with index [..,..]
 121:Drivers/STM32F2xx_HAL_Driver/Src/stm32f2xx_hal_gpio.c ****   * which may be out of array bounds [..,UNKNOWN] in following APIs:
 122:Drivers/STM32F2xx_HAL_Driver/Src/stm32f2xx_hal_gpio.c ****   * HAL_GPIO_Init
 123:Drivers/STM32F2xx_HAL_Driver/Src/stm32f2xx_hal_gpio.c ****   * HAL_GPIO_DeInit
 124:Drivers/STM32F2xx_HAL_Driver/Src/stm32f2xx_hal_gpio.c ****   */
 125:Drivers/STM32F2xx_HAL_Driver/Src/stm32f2xx_hal_gpio.c **** 
 126:Drivers/STM32F2xx_HAL_Driver/Src/stm32f2xx_hal_gpio.c **** #ifdef HAL_GPIO_MODULE_ENABLED
 127:Drivers/STM32F2xx_HAL_Driver/Src/stm32f2xx_hal_gpio.c **** 
 128:Drivers/STM32F2xx_HAL_Driver/Src/stm32f2xx_hal_gpio.c **** /* Private typedef -----------------------------------------------------------*/
 129:Drivers/STM32F2xx_HAL_Driver/Src/stm32f2xx_hal_gpio.c **** /* Private define ------------------------------------------------------------*/
 130:Drivers/STM32F2xx_HAL_Driver/Src/stm32f2xx_hal_gpio.c **** /** @addtogroup GPIO_Private_Constants GPIO Private Constants
 131:Drivers/STM32F2xx_HAL_Driver/Src/stm32f2xx_hal_gpio.c ****   * @{
 132:Drivers/STM32F2xx_HAL_Driver/Src/stm32f2xx_hal_gpio.c ****   */
 133:Drivers/STM32F2xx_HAL_Driver/Src/stm32f2xx_hal_gpio.c **** #define GPIO_NUMBER           16U
 134:Drivers/STM32F2xx_HAL_Driver/Src/stm32f2xx_hal_gpio.c **** /**
 135:Drivers/STM32F2xx_HAL_Driver/Src/stm32f2xx_hal_gpio.c ****   * @}
 136:Drivers/STM32F2xx_HAL_Driver/Src/stm32f2xx_hal_gpio.c ****   */
 137:Drivers/STM32F2xx_HAL_Driver/Src/stm32f2xx_hal_gpio.c **** /* Private macro -------------------------------------------------------------*/
 138:Drivers/STM32F2xx_HAL_Driver/Src/stm32f2xx_hal_gpio.c **** /* Private variables ---------------------------------------------------------*/
 139:Drivers/STM32F2xx_HAL_Driver/Src/stm32f2xx_hal_gpio.c **** /* Private function prototypes -----------------------------------------------*/
 140:Drivers/STM32F2xx_HAL_Driver/Src/stm32f2xx_hal_gpio.c **** /* Private functions ---------------------------------------------------------*/
 141:Drivers/STM32F2xx_HAL_Driver/Src/stm32f2xx_hal_gpio.c **** /* Exported functions --------------------------------------------------------*/
 142:Drivers/STM32F2xx_HAL_Driver/Src/stm32f2xx_hal_gpio.c **** /** @defgroup GPIO_Exported_Functions GPIO Exported Functions
 143:Drivers/STM32F2xx_HAL_Driver/Src/stm32f2xx_hal_gpio.c ****   * @{
 144:Drivers/STM32F2xx_HAL_Driver/Src/stm32f2xx_hal_gpio.c ****   */
 145:Drivers/STM32F2xx_HAL_Driver/Src/stm32f2xx_hal_gpio.c **** 
ARM GAS  /tmp/ccoJpKTI.s 			page 4


 146:Drivers/STM32F2xx_HAL_Driver/Src/stm32f2xx_hal_gpio.c **** /** @defgroup GPIO_Exported_Functions_Group1 Initialization and de-initialization functions
 147:Drivers/STM32F2xx_HAL_Driver/Src/stm32f2xx_hal_gpio.c ****  *  @brief    Initialization and Configuration functions
 148:Drivers/STM32F2xx_HAL_Driver/Src/stm32f2xx_hal_gpio.c ****  *
 149:Drivers/STM32F2xx_HAL_Driver/Src/stm32f2xx_hal_gpio.c **** @verbatim    
 150:Drivers/STM32F2xx_HAL_Driver/Src/stm32f2xx_hal_gpio.c ****  ===============================================================================
 151:Drivers/STM32F2xx_HAL_Driver/Src/stm32f2xx_hal_gpio.c ****               ##### Initialization and de-initialization functions #####
 152:Drivers/STM32F2xx_HAL_Driver/Src/stm32f2xx_hal_gpio.c ****  ===============================================================================
 153:Drivers/STM32F2xx_HAL_Driver/Src/stm32f2xx_hal_gpio.c ****   [..]
 154:Drivers/STM32F2xx_HAL_Driver/Src/stm32f2xx_hal_gpio.c ****     This section provides functions allowing to initialize and de-initialize the GPIOs
 155:Drivers/STM32F2xx_HAL_Driver/Src/stm32f2xx_hal_gpio.c ****     to be ready for use.
 156:Drivers/STM32F2xx_HAL_Driver/Src/stm32f2xx_hal_gpio.c ****  
 157:Drivers/STM32F2xx_HAL_Driver/Src/stm32f2xx_hal_gpio.c **** @endverbatim
 158:Drivers/STM32F2xx_HAL_Driver/Src/stm32f2xx_hal_gpio.c ****   * @{
 159:Drivers/STM32F2xx_HAL_Driver/Src/stm32f2xx_hal_gpio.c ****   */
 160:Drivers/STM32F2xx_HAL_Driver/Src/stm32f2xx_hal_gpio.c **** 
 161:Drivers/STM32F2xx_HAL_Driver/Src/stm32f2xx_hal_gpio.c **** 
 162:Drivers/STM32F2xx_HAL_Driver/Src/stm32f2xx_hal_gpio.c **** /**
 163:Drivers/STM32F2xx_HAL_Driver/Src/stm32f2xx_hal_gpio.c ****   * @brief  Initializes the GPIOx peripheral according to the specified parameters in the GPIO_Init
 164:Drivers/STM32F2xx_HAL_Driver/Src/stm32f2xx_hal_gpio.c ****   * @param  GPIOx where x can be (A..I) to select the GPIO peripheral. 
 165:Drivers/STM32F2xx_HAL_Driver/Src/stm32f2xx_hal_gpio.c ****   * @param  GPIO_Init pointer to a GPIO_InitTypeDef structure that contains
 166:Drivers/STM32F2xx_HAL_Driver/Src/stm32f2xx_hal_gpio.c ****   *         the configuration information for the specified GPIO peripheral.
 167:Drivers/STM32F2xx_HAL_Driver/Src/stm32f2xx_hal_gpio.c ****   * @retval None
 168:Drivers/STM32F2xx_HAL_Driver/Src/stm32f2xx_hal_gpio.c ****   */
 169:Drivers/STM32F2xx_HAL_Driver/Src/stm32f2xx_hal_gpio.c **** void HAL_GPIO_Init(GPIO_TypeDef  *GPIOx, GPIO_InitTypeDef *GPIO_Init)
 170:Drivers/STM32F2xx_HAL_Driver/Src/stm32f2xx_hal_gpio.c **** {
  28              		.loc 1 170 1 view -0
  29              		.cfi_startproc
  30              		@ args = 0, pretend = 0, frame = 8
  31              		@ frame_needed = 0, uses_anonymous_args = 0
  32              		.loc 1 170 1 is_stmt 0 view .LVU1
  33 0000 70B5     		push	{r4, r5, r6, lr}
  34              	.LCFI0:
  35              		.cfi_def_cfa_offset 16
  36              		.cfi_offset 4, -16
  37              		.cfi_offset 5, -12
  38              		.cfi_offset 6, -8
  39              		.cfi_offset 14, -4
  40 0002 82B0     		sub	sp, sp, #8
  41              	.LCFI1:
  42              		.cfi_def_cfa_offset 24
 171:Drivers/STM32F2xx_HAL_Driver/Src/stm32f2xx_hal_gpio.c ****   uint32_t position = 0x00u;
  43              		.loc 1 171 3 is_stmt 1 view .LVU2
  44              	.LVL1:
 172:Drivers/STM32F2xx_HAL_Driver/Src/stm32f2xx_hal_gpio.c ****   uint32_t iocurrent;
  45              		.loc 1 172 3 view .LVU3
 173:Drivers/STM32F2xx_HAL_Driver/Src/stm32f2xx_hal_gpio.c ****   uint32_t temp;
  46              		.loc 1 173 3 view .LVU4
 174:Drivers/STM32F2xx_HAL_Driver/Src/stm32f2xx_hal_gpio.c **** 
 175:Drivers/STM32F2xx_HAL_Driver/Src/stm32f2xx_hal_gpio.c ****   /* Check the parameters */
 176:Drivers/STM32F2xx_HAL_Driver/Src/stm32f2xx_hal_gpio.c ****   assert_param(IS_GPIO_ALL_INSTANCE(GPIOx));
  47              		.loc 1 176 3 view .LVU5
 177:Drivers/STM32F2xx_HAL_Driver/Src/stm32f2xx_hal_gpio.c ****   assert_param(IS_GPIO_PIN(GPIO_Init->Pin));
  48              		.loc 1 177 3 view .LVU6
 178:Drivers/STM32F2xx_HAL_Driver/Src/stm32f2xx_hal_gpio.c ****   assert_param(IS_GPIO_MODE(GPIO_Init->Mode));
  49              		.loc 1 178 3 view .LVU7
 179:Drivers/STM32F2xx_HAL_Driver/Src/stm32f2xx_hal_gpio.c **** 
 180:Drivers/STM32F2xx_HAL_Driver/Src/stm32f2xx_hal_gpio.c ****   /* Configure the port pins */
ARM GAS  /tmp/ccoJpKTI.s 			page 5


 181:Drivers/STM32F2xx_HAL_Driver/Src/stm32f2xx_hal_gpio.c ****   while (((GPIO_Init->Pin) >> position) != 0x00u)
  50              		.loc 1 181 3 view .LVU8
 171:Drivers/STM32F2xx_HAL_Driver/Src/stm32f2xx_hal_gpio.c ****   uint32_t iocurrent;
  51              		.loc 1 171 12 is_stmt 0 view .LVU9
  52 0004 0023     		movs	r3, #0
  53              		.loc 1 181 9 view .LVU10
  54 0006 65E0     		b	.L2
  55              	.LVL2:
  56              	.L24:
 182:Drivers/STM32F2xx_HAL_Driver/Src/stm32f2xx_hal_gpio.c ****   {
 183:Drivers/STM32F2xx_HAL_Driver/Src/stm32f2xx_hal_gpio.c ****     /* Get current io position */
 184:Drivers/STM32F2xx_HAL_Driver/Src/stm32f2xx_hal_gpio.c ****     iocurrent = (GPIO_Init->Pin) & (1uL << position);
 185:Drivers/STM32F2xx_HAL_Driver/Src/stm32f2xx_hal_gpio.c **** 
 186:Drivers/STM32F2xx_HAL_Driver/Src/stm32f2xx_hal_gpio.c ****     if (iocurrent != 0x00u)
 187:Drivers/STM32F2xx_HAL_Driver/Src/stm32f2xx_hal_gpio.c ****     {
 188:Drivers/STM32F2xx_HAL_Driver/Src/stm32f2xx_hal_gpio.c ****       /* In case of Output or Alternate function mode selection */
 189:Drivers/STM32F2xx_HAL_Driver/Src/stm32f2xx_hal_gpio.c ****       if(((GPIO_Init->Mode & GPIO_MODE) == MODE_OUTPUT) || ((GPIO_Init->Mode & GPIO_MODE) == MODE_A
 190:Drivers/STM32F2xx_HAL_Driver/Src/stm32f2xx_hal_gpio.c ****       {
 191:Drivers/STM32F2xx_HAL_Driver/Src/stm32f2xx_hal_gpio.c ****         /* Check the Speed parameter */
 192:Drivers/STM32F2xx_HAL_Driver/Src/stm32f2xx_hal_gpio.c ****         assert_param(IS_GPIO_SPEED(GPIO_Init->Speed));
  57              		.loc 1 192 9 is_stmt 1 view .LVU11
 193:Drivers/STM32F2xx_HAL_Driver/Src/stm32f2xx_hal_gpio.c ****         /* Configure the IO Speed */
 194:Drivers/STM32F2xx_HAL_Driver/Src/stm32f2xx_hal_gpio.c ****         temp = GPIOx->OSPEEDR;
  58              		.loc 1 194 9 view .LVU12
  59              		.loc 1 194 14 is_stmt 0 view .LVU13
  60 0008 8568     		ldr	r5, [r0, #8]
  61              	.LVL3:
 195:Drivers/STM32F2xx_HAL_Driver/Src/stm32f2xx_hal_gpio.c ****         temp &= ~(GPIO_OSPEEDR_OSPEED0 << (position * 2u));
  62              		.loc 1 195 9 is_stmt 1 view .LVU14
  63              		.loc 1 195 53 is_stmt 0 view .LVU15
  64 000a 5E00     		lsls	r6, r3, #1
  65              		.loc 1 195 40 view .LVU16
  66 000c 0324     		movs	r4, #3
  67 000e B440     		lsls	r4, r4, r6
  68              		.loc 1 195 14 view .LVU17
  69 0010 25EA0405 		bic	r5, r5, r4
  70              	.LVL4:
 196:Drivers/STM32F2xx_HAL_Driver/Src/stm32f2xx_hal_gpio.c ****         temp |= (GPIO_Init->Speed << (position * 2u));
  71              		.loc 1 196 9 is_stmt 1 view .LVU18
  72              		.loc 1 196 27 is_stmt 0 view .LVU19
  73 0014 CC68     		ldr	r4, [r1, #12]
  74              		.loc 1 196 35 view .LVU20
  75 0016 B440     		lsls	r4, r4, r6
  76              		.loc 1 196 14 view .LVU21
  77 0018 2C43     		orrs	r4, r4, r5
  78              	.LVL5:
 197:Drivers/STM32F2xx_HAL_Driver/Src/stm32f2xx_hal_gpio.c ****         GPIOx->OSPEEDR = temp;
  79              		.loc 1 197 9 is_stmt 1 view .LVU22
  80              		.loc 1 197 24 is_stmt 0 view .LVU23
  81 001a 8460     		str	r4, [r0, #8]
 198:Drivers/STM32F2xx_HAL_Driver/Src/stm32f2xx_hal_gpio.c **** 
 199:Drivers/STM32F2xx_HAL_Driver/Src/stm32f2xx_hal_gpio.c ****         /* Configure the IO Output Type */
 200:Drivers/STM32F2xx_HAL_Driver/Src/stm32f2xx_hal_gpio.c ****         temp = GPIOx->OTYPER;
  82              		.loc 1 200 9 is_stmt 1 view .LVU24
  83              		.loc 1 200 14 is_stmt 0 view .LVU25
  84 001c 4568     		ldr	r5, [r0, #4]
  85              	.LVL6:
ARM GAS  /tmp/ccoJpKTI.s 			page 6


 201:Drivers/STM32F2xx_HAL_Driver/Src/stm32f2xx_hal_gpio.c ****         temp &= ~(GPIO_OTYPER_OT0 << position) ;
  86              		.loc 1 201 9 is_stmt 1 view .LVU26
  87              		.loc 1 201 14 is_stmt 0 view .LVU27
  88 001e 25EA0C05 		bic	r5, r5, ip
  89              	.LVL7:
 202:Drivers/STM32F2xx_HAL_Driver/Src/stm32f2xx_hal_gpio.c ****         temp |= (((GPIO_Init->Mode & OUTPUT_TYPE) >> OUTPUT_TYPE_Pos) << position);
  90              		.loc 1 202 9 is_stmt 1 view .LVU28
  91              		.loc 1 202 29 is_stmt 0 view .LVU29
  92 0022 4C68     		ldr	r4, [r1, #4]
  93              		.loc 1 202 51 view .LVU30
  94 0024 C4F30014 		ubfx	r4, r4, #4, #1
  95              		.loc 1 202 71 view .LVU31
  96 0028 9C40     		lsls	r4, r4, r3
  97              		.loc 1 202 14 view .LVU32
  98 002a 2C43     		orrs	r4, r4, r5
  99              	.LVL8:
 203:Drivers/STM32F2xx_HAL_Driver/Src/stm32f2xx_hal_gpio.c ****         GPIOx->OTYPER = temp;
 100              		.loc 1 203 9 is_stmt 1 view .LVU33
 101              		.loc 1 203 23 is_stmt 0 view .LVU34
 102 002c 4460     		str	r4, [r0, #4]
 103 002e 63E0     		b	.L4
 104              	.LVL9:
 105              	.L25:
 204:Drivers/STM32F2xx_HAL_Driver/Src/stm32f2xx_hal_gpio.c ****       }
 205:Drivers/STM32F2xx_HAL_Driver/Src/stm32f2xx_hal_gpio.c ****       if((GPIO_Init->Mode & GPIO_MODE) != MODE_ANALOG)
 206:Drivers/STM32F2xx_HAL_Driver/Src/stm32f2xx_hal_gpio.c ****       {
 207:Drivers/STM32F2xx_HAL_Driver/Src/stm32f2xx_hal_gpio.c ****         /* Check the Pull parameter */
 208:Drivers/STM32F2xx_HAL_Driver/Src/stm32f2xx_hal_gpio.c ****         assert_param(IS_GPIO_PULL(GPIO_Init->Pull));
 209:Drivers/STM32F2xx_HAL_Driver/Src/stm32f2xx_hal_gpio.c **** 
 210:Drivers/STM32F2xx_HAL_Driver/Src/stm32f2xx_hal_gpio.c ****         /* Activate the Pull-up or Pull down resistor for the current IO */
 211:Drivers/STM32F2xx_HAL_Driver/Src/stm32f2xx_hal_gpio.c ****         temp = GPIOx->PUPDR;
 212:Drivers/STM32F2xx_HAL_Driver/Src/stm32f2xx_hal_gpio.c ****         temp &= ~(GPIO_PUPDR_PUPD0 << (position * 2u));
 213:Drivers/STM32F2xx_HAL_Driver/Src/stm32f2xx_hal_gpio.c ****         temp |= ((GPIO_Init->Pull) << (position * 2u));
 214:Drivers/STM32F2xx_HAL_Driver/Src/stm32f2xx_hal_gpio.c ****         GPIOx->PUPDR = temp;
 215:Drivers/STM32F2xx_HAL_Driver/Src/stm32f2xx_hal_gpio.c ****       }
 216:Drivers/STM32F2xx_HAL_Driver/Src/stm32f2xx_hal_gpio.c **** 
 217:Drivers/STM32F2xx_HAL_Driver/Src/stm32f2xx_hal_gpio.c ****       /*--------------------- GPIO Mode Configuration ------------------------*/
 218:Drivers/STM32F2xx_HAL_Driver/Src/stm32f2xx_hal_gpio.c ****       /* In case of Alternate function mode selection */
 219:Drivers/STM32F2xx_HAL_Driver/Src/stm32f2xx_hal_gpio.c ****       if((GPIO_Init->Mode & GPIO_MODE) == MODE_AF)
 220:Drivers/STM32F2xx_HAL_Driver/Src/stm32f2xx_hal_gpio.c ****       {
 221:Drivers/STM32F2xx_HAL_Driver/Src/stm32f2xx_hal_gpio.c ****         /* Check the Alternate function parameters */
 222:Drivers/STM32F2xx_HAL_Driver/Src/stm32f2xx_hal_gpio.c ****         assert_param(IS_GPIO_AF_INSTANCE(GPIOx));
 106              		.loc 1 222 9 is_stmt 1 view .LVU35
 223:Drivers/STM32F2xx_HAL_Driver/Src/stm32f2xx_hal_gpio.c ****         assert_param(IS_GPIO_AF(GPIO_Init->Alternate));
 107              		.loc 1 223 9 view .LVU36
 224:Drivers/STM32F2xx_HAL_Driver/Src/stm32f2xx_hal_gpio.c **** 
 225:Drivers/STM32F2xx_HAL_Driver/Src/stm32f2xx_hal_gpio.c ****         /* Configure Alternate function mapped with the current IO */
 226:Drivers/STM32F2xx_HAL_Driver/Src/stm32f2xx_hal_gpio.c ****         temp = GPIOx->AFR[position >> 3u];
 108              		.loc 1 226 9 view .LVU37
 109              		.loc 1 226 36 is_stmt 0 view .LVU38
 110 0030 DD08     		lsrs	r5, r3, #3
 111              		.loc 1 226 14 view .LVU39
 112 0032 0835     		adds	r5, r5, #8
 113 0034 50F82540 		ldr	r4, [r0, r5, lsl #2]
 114              	.LVL10:
 227:Drivers/STM32F2xx_HAL_Driver/Src/stm32f2xx_hal_gpio.c ****         temp &= ~(0xFu << ((position & 0x07u) * 4u));
 115              		.loc 1 227 9 is_stmt 1 view .LVU40
ARM GAS  /tmp/ccoJpKTI.s 			page 7


 116              		.loc 1 227 38 is_stmt 0 view .LVU41
 117 0038 03F0070C 		and	ip, r3, #7
 118              		.loc 1 227 47 view .LVU42
 119 003c 4FEA8C0C 		lsl	ip, ip, #2
 120              		.loc 1 227 24 view .LVU43
 121 0040 4FF00F0E 		mov	lr, #15
 122 0044 0EFA0CFE 		lsl	lr, lr, ip
 123              		.loc 1 227 14 view .LVU44
 124 0048 24EA0E0E 		bic	lr, r4, lr
 125              	.LVL11:
 228:Drivers/STM32F2xx_HAL_Driver/Src/stm32f2xx_hal_gpio.c ****         temp |= ((GPIO_Init->Alternate) << ((position & 0x07u) * 4u));
 126              		.loc 1 228 9 is_stmt 1 view .LVU45
 127              		.loc 1 228 28 is_stmt 0 view .LVU46
 128 004c 0C69     		ldr	r4, [r1, #16]
 129              		.loc 1 228 41 view .LVU47
 130 004e 04FA0CF4 		lsl	r4, r4, ip
 131              		.loc 1 228 14 view .LVU48
 132 0052 44EA0E04 		orr	r4, r4, lr
 133              	.LVL12:
 229:Drivers/STM32F2xx_HAL_Driver/Src/stm32f2xx_hal_gpio.c ****         GPIOx->AFR[position >> 3u] = temp;
 134              		.loc 1 229 9 is_stmt 1 view .LVU49
 135              		.loc 1 229 36 is_stmt 0 view .LVU50
 136 0056 40F82540 		str	r4, [r0, r5, lsl #2]
 137 005a 64E0     		b	.L6
 138              	.LVL13:
 139              	.L26:
 230:Drivers/STM32F2xx_HAL_Driver/Src/stm32f2xx_hal_gpio.c ****       }
 231:Drivers/STM32F2xx_HAL_Driver/Src/stm32f2xx_hal_gpio.c **** 
 232:Drivers/STM32F2xx_HAL_Driver/Src/stm32f2xx_hal_gpio.c ****       /* Configure IO Direction mode (Input, Output, Alternate or Analog) */
 233:Drivers/STM32F2xx_HAL_Driver/Src/stm32f2xx_hal_gpio.c ****       temp = GPIOx->MODER;
 234:Drivers/STM32F2xx_HAL_Driver/Src/stm32f2xx_hal_gpio.c ****       temp &= ~(GPIO_MODER_MODE0 << (position * 2u));
 235:Drivers/STM32F2xx_HAL_Driver/Src/stm32f2xx_hal_gpio.c ****       temp |= ((GPIO_Init->Mode & GPIO_MODE) << (position * 2u));
 236:Drivers/STM32F2xx_HAL_Driver/Src/stm32f2xx_hal_gpio.c ****       GPIOx->MODER = temp;
 237:Drivers/STM32F2xx_HAL_Driver/Src/stm32f2xx_hal_gpio.c **** 
 238:Drivers/STM32F2xx_HAL_Driver/Src/stm32f2xx_hal_gpio.c ****       /*--------------------- EXTI Mode Configuration ------------------------*/
 239:Drivers/STM32F2xx_HAL_Driver/Src/stm32f2xx_hal_gpio.c ****       /* Configure the External Interrupt or event for the current IO */
 240:Drivers/STM32F2xx_HAL_Driver/Src/stm32f2xx_hal_gpio.c ****       if((GPIO_Init->Mode & EXTI_MODE) != 0x00u)
 241:Drivers/STM32F2xx_HAL_Driver/Src/stm32f2xx_hal_gpio.c ****       {
 242:Drivers/STM32F2xx_HAL_Driver/Src/stm32f2xx_hal_gpio.c ****         /* Enable SYSCFG Clock */
 243:Drivers/STM32F2xx_HAL_Driver/Src/stm32f2xx_hal_gpio.c ****         __HAL_RCC_SYSCFG_CLK_ENABLE();
 244:Drivers/STM32F2xx_HAL_Driver/Src/stm32f2xx_hal_gpio.c **** 
 245:Drivers/STM32F2xx_HAL_Driver/Src/stm32f2xx_hal_gpio.c ****         temp = SYSCFG->EXTICR[position >> 2u];
 246:Drivers/STM32F2xx_HAL_Driver/Src/stm32f2xx_hal_gpio.c ****         temp &= ~(0x0FuL << (4u * (position & 0x03u)));
 247:Drivers/STM32F2xx_HAL_Driver/Src/stm32f2xx_hal_gpio.c ****         temp |= (GPIO_GET_INDEX(GPIOx) << (4u * (position & 0x03u)));
 140              		.loc 1 247 18 discriminator 17 view .LVU51
 141 005c 0824     		movs	r4, #8
 142 005e 00E0     		b	.L7
 143              	.L13:
 144              		.loc 1 247 18 discriminator 2 view .LVU52
 145 0060 0024     		movs	r4, #0
 146              	.L7:
 147              		.loc 1 247 40 discriminator 36 view .LVU53
 148 0062 04FA0EF4 		lsl	r4, r4, lr
 149              		.loc 1 247 14 discriminator 36 view .LVU54
 150 0066 2C43     		orrs	r4, r4, r5
 151              	.LVL14:
 248:Drivers/STM32F2xx_HAL_Driver/Src/stm32f2xx_hal_gpio.c ****         SYSCFG->EXTICR[position >> 2u] = temp;
ARM GAS  /tmp/ccoJpKTI.s 			page 8


 152              		.loc 1 248 9 is_stmt 1 view .LVU55
 153              		.loc 1 248 40 is_stmt 0 view .LVU56
 154 0068 0CF1020C 		add	ip, ip, #2
 155 006c 624D     		ldr	r5, .L27
 156 006e 45F82C40 		str	r4, [r5, ip, lsl #2]
 249:Drivers/STM32F2xx_HAL_Driver/Src/stm32f2xx_hal_gpio.c **** 
 250:Drivers/STM32F2xx_HAL_Driver/Src/stm32f2xx_hal_gpio.c ****         /* Clear Rising Falling edge configuration */
 251:Drivers/STM32F2xx_HAL_Driver/Src/stm32f2xx_hal_gpio.c ****         temp = EXTI->RTSR;
 157              		.loc 1 251 9 is_stmt 1 view .LVU57
 158              		.loc 1 251 14 is_stmt 0 view .LVU58
 159 0072 624C     		ldr	r4, .L27+4
 160              	.LVL15:
 161              		.loc 1 251 14 view .LVU59
 162 0074 A568     		ldr	r5, [r4, #8]
 163              	.LVL16:
 252:Drivers/STM32F2xx_HAL_Driver/Src/stm32f2xx_hal_gpio.c ****         temp &= ~(iocurrent);
 164              		.loc 1 252 9 is_stmt 1 view .LVU60
 165              		.loc 1 252 17 is_stmt 0 view .LVU61
 166 0076 D443     		mvns	r4, r2
 167              		.loc 1 252 14 view .LVU62
 168 0078 25EA0206 		bic	r6, r5, r2
 169              	.LVL17:
 253:Drivers/STM32F2xx_HAL_Driver/Src/stm32f2xx_hal_gpio.c ****         if((GPIO_Init->Mode & TRIGGER_RISING) != 0x00u)
 170              		.loc 1 253 9 is_stmt 1 view .LVU63
 171              		.loc 1 253 11 is_stmt 0 view .LVU64
 172 007c D1F804C0 		ldr	ip, [r1, #4]
 173 0080 1CF4801F 		tst	ip, #1048576
 174 0084 01D0     		beq	.L8
 254:Drivers/STM32F2xx_HAL_Driver/Src/stm32f2xx_hal_gpio.c ****         {
 255:Drivers/STM32F2xx_HAL_Driver/Src/stm32f2xx_hal_gpio.c ****           temp |= iocurrent;
 175              		.loc 1 255 11 is_stmt 1 view .LVU65
 176              		.loc 1 255 16 is_stmt 0 view .LVU66
 177 0086 42EA0506 		orr	r6, r2, r5
 178              	.LVL18:
 179              	.L8:
 256:Drivers/STM32F2xx_HAL_Driver/Src/stm32f2xx_hal_gpio.c ****         }
 257:Drivers/STM32F2xx_HAL_Driver/Src/stm32f2xx_hal_gpio.c ****         EXTI->RTSR = temp;
 180              		.loc 1 257 9 is_stmt 1 view .LVU67
 181              		.loc 1 257 20 is_stmt 0 view .LVU68
 182 008a 5C4D     		ldr	r5, .L27+4
 183 008c AE60     		str	r6, [r5, #8]
 258:Drivers/STM32F2xx_HAL_Driver/Src/stm32f2xx_hal_gpio.c **** 
 259:Drivers/STM32F2xx_HAL_Driver/Src/stm32f2xx_hal_gpio.c ****         temp = EXTI->FTSR;
 184              		.loc 1 259 9 is_stmt 1 view .LVU69
 185              		.loc 1 259 14 is_stmt 0 view .LVU70
 186 008e ED68     		ldr	r5, [r5, #12]
 187              	.LVL19:
 260:Drivers/STM32F2xx_HAL_Driver/Src/stm32f2xx_hal_gpio.c ****         temp &= ~(iocurrent);
 188              		.loc 1 260 9 is_stmt 1 view .LVU71
 189              		.loc 1 260 14 is_stmt 0 view .LVU72
 190 0090 04EA0506 		and	r6, r4, r5
 191              	.LVL20:
 261:Drivers/STM32F2xx_HAL_Driver/Src/stm32f2xx_hal_gpio.c ****         if((GPIO_Init->Mode & TRIGGER_FALLING) != 0x00u)
 192              		.loc 1 261 9 is_stmt 1 view .LVU73
 193              		.loc 1 261 11 is_stmt 0 view .LVU74
 194 0094 D1F804C0 		ldr	ip, [r1, #4]
 195 0098 1CF4001F 		tst	ip, #2097152
ARM GAS  /tmp/ccoJpKTI.s 			page 9


 196 009c 01D0     		beq	.L9
 262:Drivers/STM32F2xx_HAL_Driver/Src/stm32f2xx_hal_gpio.c ****         {
 263:Drivers/STM32F2xx_HAL_Driver/Src/stm32f2xx_hal_gpio.c ****           temp |= iocurrent;
 197              		.loc 1 263 11 is_stmt 1 view .LVU75
 198              		.loc 1 263 16 is_stmt 0 view .LVU76
 199 009e 42EA0506 		orr	r6, r2, r5
 200              	.LVL21:
 201              	.L9:
 264:Drivers/STM32F2xx_HAL_Driver/Src/stm32f2xx_hal_gpio.c ****         }
 265:Drivers/STM32F2xx_HAL_Driver/Src/stm32f2xx_hal_gpio.c ****         EXTI->FTSR = temp;
 202              		.loc 1 265 9 is_stmt 1 view .LVU77
 203              		.loc 1 265 20 is_stmt 0 view .LVU78
 204 00a2 564D     		ldr	r5, .L27+4
 205 00a4 EE60     		str	r6, [r5, #12]
 266:Drivers/STM32F2xx_HAL_Driver/Src/stm32f2xx_hal_gpio.c **** 
 267:Drivers/STM32F2xx_HAL_Driver/Src/stm32f2xx_hal_gpio.c ****         temp = EXTI->EMR;
 206              		.loc 1 267 9 is_stmt 1 view .LVU79
 207              		.loc 1 267 14 is_stmt 0 view .LVU80
 208 00a6 6D68     		ldr	r5, [r5, #4]
 209              	.LVL22:
 268:Drivers/STM32F2xx_HAL_Driver/Src/stm32f2xx_hal_gpio.c ****         temp &= ~(iocurrent);
 210              		.loc 1 268 9 is_stmt 1 view .LVU81
 211              		.loc 1 268 14 is_stmt 0 view .LVU82
 212 00a8 04EA0506 		and	r6, r4, r5
 213              	.LVL23:
 269:Drivers/STM32F2xx_HAL_Driver/Src/stm32f2xx_hal_gpio.c ****         if((GPIO_Init->Mode & EXTI_EVT) != 0x00u)
 214              		.loc 1 269 9 is_stmt 1 view .LVU83
 215              		.loc 1 269 11 is_stmt 0 view .LVU84
 216 00ac D1F804C0 		ldr	ip, [r1, #4]
 217 00b0 1CF4003F 		tst	ip, #131072
 218 00b4 01D0     		beq	.L10
 270:Drivers/STM32F2xx_HAL_Driver/Src/stm32f2xx_hal_gpio.c ****         {
 271:Drivers/STM32F2xx_HAL_Driver/Src/stm32f2xx_hal_gpio.c ****           temp |= iocurrent;
 219              		.loc 1 271 11 is_stmt 1 view .LVU85
 220              		.loc 1 271 16 is_stmt 0 view .LVU86
 221 00b6 42EA0506 		orr	r6, r2, r5
 222              	.LVL24:
 223              	.L10:
 272:Drivers/STM32F2xx_HAL_Driver/Src/stm32f2xx_hal_gpio.c ****         }
 273:Drivers/STM32F2xx_HAL_Driver/Src/stm32f2xx_hal_gpio.c ****         EXTI->EMR = temp;
 224              		.loc 1 273 9 is_stmt 1 view .LVU87
 225              		.loc 1 273 19 is_stmt 0 view .LVU88
 226 00ba 504D     		ldr	r5, .L27+4
 227 00bc 6E60     		str	r6, [r5, #4]
 274:Drivers/STM32F2xx_HAL_Driver/Src/stm32f2xx_hal_gpio.c **** 
 275:Drivers/STM32F2xx_HAL_Driver/Src/stm32f2xx_hal_gpio.c ****         /* Clear EXTI line configuration */
 276:Drivers/STM32F2xx_HAL_Driver/Src/stm32f2xx_hal_gpio.c ****         temp = EXTI->IMR;
 228              		.loc 1 276 9 is_stmt 1 view .LVU89
 229              		.loc 1 276 14 is_stmt 0 view .LVU90
 230 00be 2D68     		ldr	r5, [r5]
 231              	.LVL25:
 277:Drivers/STM32F2xx_HAL_Driver/Src/stm32f2xx_hal_gpio.c ****         temp &= ~(iocurrent);
 232              		.loc 1 277 9 is_stmt 1 view .LVU91
 233              		.loc 1 277 14 is_stmt 0 view .LVU92
 234 00c0 2C40     		ands	r4, r4, r5
 235              	.LVL26:
 278:Drivers/STM32F2xx_HAL_Driver/Src/stm32f2xx_hal_gpio.c ****         if((GPIO_Init->Mode & EXTI_IT) != 0x00u)
ARM GAS  /tmp/ccoJpKTI.s 			page 10


 236              		.loc 1 278 9 is_stmt 1 view .LVU93
 237              		.loc 1 278 22 is_stmt 0 view .LVU94
 238 00c2 4E68     		ldr	r6, [r1, #4]
 239              		.loc 1 278 11 view .LVU95
 240 00c4 16F4803F 		tst	r6, #65536
 241 00c8 01D0     		beq	.L11
 279:Drivers/STM32F2xx_HAL_Driver/Src/stm32f2xx_hal_gpio.c ****         {
 280:Drivers/STM32F2xx_HAL_Driver/Src/stm32f2xx_hal_gpio.c ****           temp |= iocurrent;
 242              		.loc 1 280 11 is_stmt 1 view .LVU96
 243              		.loc 1 280 16 is_stmt 0 view .LVU97
 244 00ca 42EA0504 		orr	r4, r2, r5
 245              	.LVL27:
 246              	.L11:
 281:Drivers/STM32F2xx_HAL_Driver/Src/stm32f2xx_hal_gpio.c ****         }
 282:Drivers/STM32F2xx_HAL_Driver/Src/stm32f2xx_hal_gpio.c ****         EXTI->IMR = temp;
 247              		.loc 1 282 9 is_stmt 1 view .LVU98
 248              		.loc 1 282 19 is_stmt 0 view .LVU99
 249 00ce 4B4A     		ldr	r2, .L27+4
 250              	.LVL28:
 251              		.loc 1 282 19 view .LVU100
 252 00d0 1460     		str	r4, [r2]
 253              	.LVL29:
 254              	.L3:
 283:Drivers/STM32F2xx_HAL_Driver/Src/stm32f2xx_hal_gpio.c ****       }
 284:Drivers/STM32F2xx_HAL_Driver/Src/stm32f2xx_hal_gpio.c ****     }
 285:Drivers/STM32F2xx_HAL_Driver/Src/stm32f2xx_hal_gpio.c **** 
 286:Drivers/STM32F2xx_HAL_Driver/Src/stm32f2xx_hal_gpio.c ****     position++;
 255              		.loc 1 286 5 is_stmt 1 view .LVU101
 256              		.loc 1 286 13 is_stmt 0 view .LVU102
 257 00d2 0133     		adds	r3, r3, #1
 258              	.LVL30:
 259              	.L2:
 181:Drivers/STM32F2xx_HAL_Driver/Src/stm32f2xx_hal_gpio.c ****   {
 260              		.loc 1 181 41 is_stmt 1 view .LVU103
 181:Drivers/STM32F2xx_HAL_Driver/Src/stm32f2xx_hal_gpio.c ****   {
 261              		.loc 1 181 21 is_stmt 0 view .LVU104
 262 00d4 0A68     		ldr	r2, [r1]
 181:Drivers/STM32F2xx_HAL_Driver/Src/stm32f2xx_hal_gpio.c ****   {
 263              		.loc 1 181 41 view .LVU105
 264 00d6 32FA03F4 		lsrs	r4, r2, r3
 265 00da 00F08A80 		beq	.L23
 184:Drivers/STM32F2xx_HAL_Driver/Src/stm32f2xx_hal_gpio.c **** 
 266              		.loc 1 184 5 is_stmt 1 view .LVU106
 184:Drivers/STM32F2xx_HAL_Driver/Src/stm32f2xx_hal_gpio.c **** 
 267              		.loc 1 184 41 is_stmt 0 view .LVU107
 268 00de 4FF0010C 		mov	ip, #1
 269 00e2 0CFA03FC 		lsl	ip, ip, r3
 270              	.LVL31:
 186:Drivers/STM32F2xx_HAL_Driver/Src/stm32f2xx_hal_gpio.c ****     {
 271              		.loc 1 186 5 is_stmt 1 view .LVU108
 186:Drivers/STM32F2xx_HAL_Driver/Src/stm32f2xx_hal_gpio.c ****     {
 272              		.loc 1 186 8 is_stmt 0 view .LVU109
 273 00e6 1CEA0202 		ands	r2, ip, r2
 274              	.LVL32:
 186:Drivers/STM32F2xx_HAL_Driver/Src/stm32f2xx_hal_gpio.c ****     {
 275              		.loc 1 186 8 view .LVU110
 276 00ea F2D0     		beq	.L3
ARM GAS  /tmp/ccoJpKTI.s 			page 11


 189:Drivers/STM32F2xx_HAL_Driver/Src/stm32f2xx_hal_gpio.c ****       {
 277              		.loc 1 189 7 is_stmt 1 view .LVU111
 189:Drivers/STM32F2xx_HAL_Driver/Src/stm32f2xx_hal_gpio.c ****       {
 278              		.loc 1 189 21 is_stmt 0 view .LVU112
 279 00ec 4C68     		ldr	r4, [r1, #4]
 189:Drivers/STM32F2xx_HAL_Driver/Src/stm32f2xx_hal_gpio.c ****       {
 280              		.loc 1 189 28 view .LVU113
 281 00ee 04F00304 		and	r4, r4, #3
 189:Drivers/STM32F2xx_HAL_Driver/Src/stm32f2xx_hal_gpio.c ****       {
 282              		.loc 1 189 57 view .LVU114
 283 00f2 013C     		subs	r4, r4, #1
 189:Drivers/STM32F2xx_HAL_Driver/Src/stm32f2xx_hal_gpio.c ****       {
 284              		.loc 1 189 9 view .LVU115
 285 00f4 012C     		cmp	r4, #1
 286 00f6 87D9     		bls	.L24
 287              	.L4:
 205:Drivers/STM32F2xx_HAL_Driver/Src/stm32f2xx_hal_gpio.c ****       {
 288              		.loc 1 205 7 is_stmt 1 view .LVU116
 205:Drivers/STM32F2xx_HAL_Driver/Src/stm32f2xx_hal_gpio.c ****       {
 289              		.loc 1 205 20 is_stmt 0 view .LVU117
 290 00f8 4C68     		ldr	r4, [r1, #4]
 205:Drivers/STM32F2xx_HAL_Driver/Src/stm32f2xx_hal_gpio.c ****       {
 291              		.loc 1 205 27 view .LVU118
 292 00fa 04F00304 		and	r4, r4, #3
 205:Drivers/STM32F2xx_HAL_Driver/Src/stm32f2xx_hal_gpio.c ****       {
 293              		.loc 1 205 9 view .LVU119
 294 00fe 032C     		cmp	r4, #3
 295 0100 0CD0     		beq	.L5
 208:Drivers/STM32F2xx_HAL_Driver/Src/stm32f2xx_hal_gpio.c **** 
 296              		.loc 1 208 9 is_stmt 1 view .LVU120
 211:Drivers/STM32F2xx_HAL_Driver/Src/stm32f2xx_hal_gpio.c ****         temp &= ~(GPIO_PUPDR_PUPD0 << (position * 2u));
 297              		.loc 1 211 9 view .LVU121
 211:Drivers/STM32F2xx_HAL_Driver/Src/stm32f2xx_hal_gpio.c ****         temp &= ~(GPIO_PUPDR_PUPD0 << (position * 2u));
 298              		.loc 1 211 14 is_stmt 0 view .LVU122
 299 0102 C468     		ldr	r4, [r0, #12]
 300              	.LVL33:
 212:Drivers/STM32F2xx_HAL_Driver/Src/stm32f2xx_hal_gpio.c ****         temp |= ((GPIO_Init->Pull) << (position * 2u));
 301              		.loc 1 212 9 is_stmt 1 view .LVU123
 212:Drivers/STM32F2xx_HAL_Driver/Src/stm32f2xx_hal_gpio.c ****         temp |= ((GPIO_Init->Pull) << (position * 2u));
 302              		.loc 1 212 49 is_stmt 0 view .LVU124
 303 0104 5D00     		lsls	r5, r3, #1
 212:Drivers/STM32F2xx_HAL_Driver/Src/stm32f2xx_hal_gpio.c ****         temp |= ((GPIO_Init->Pull) << (position * 2u));
 304              		.loc 1 212 36 view .LVU125
 305 0106 4FF0030C 		mov	ip, #3
 306 010a 0CFA05FC 		lsl	ip, ip, r5
 212:Drivers/STM32F2xx_HAL_Driver/Src/stm32f2xx_hal_gpio.c ****         temp |= ((GPIO_Init->Pull) << (position * 2u));
 307              		.loc 1 212 14 view .LVU126
 308 010e 24EA0C0C 		bic	ip, r4, ip
 309              	.LVL34:
 213:Drivers/STM32F2xx_HAL_Driver/Src/stm32f2xx_hal_gpio.c ****         GPIOx->PUPDR = temp;
 310              		.loc 1 213 9 is_stmt 1 view .LVU127
 213:Drivers/STM32F2xx_HAL_Driver/Src/stm32f2xx_hal_gpio.c ****         GPIOx->PUPDR = temp;
 311              		.loc 1 213 28 is_stmt 0 view .LVU128
 312 0112 8C68     		ldr	r4, [r1, #8]
 213:Drivers/STM32F2xx_HAL_Driver/Src/stm32f2xx_hal_gpio.c ****         GPIOx->PUPDR = temp;
 313              		.loc 1 213 36 view .LVU129
 314 0114 AC40     		lsls	r4, r4, r5
ARM GAS  /tmp/ccoJpKTI.s 			page 12


 213:Drivers/STM32F2xx_HAL_Driver/Src/stm32f2xx_hal_gpio.c ****         GPIOx->PUPDR = temp;
 315              		.loc 1 213 14 view .LVU130
 316 0116 44EA0C04 		orr	r4, r4, ip
 317              	.LVL35:
 214:Drivers/STM32F2xx_HAL_Driver/Src/stm32f2xx_hal_gpio.c ****       }
 318              		.loc 1 214 9 is_stmt 1 view .LVU131
 214:Drivers/STM32F2xx_HAL_Driver/Src/stm32f2xx_hal_gpio.c ****       }
 319              		.loc 1 214 22 is_stmt 0 view .LVU132
 320 011a C460     		str	r4, [r0, #12]
 321              	.LVL36:
 322              	.L5:
 219:Drivers/STM32F2xx_HAL_Driver/Src/stm32f2xx_hal_gpio.c ****       {
 323              		.loc 1 219 7 is_stmt 1 view .LVU133
 219:Drivers/STM32F2xx_HAL_Driver/Src/stm32f2xx_hal_gpio.c ****       {
 324              		.loc 1 219 20 is_stmt 0 view .LVU134
 325 011c 4C68     		ldr	r4, [r1, #4]
 219:Drivers/STM32F2xx_HAL_Driver/Src/stm32f2xx_hal_gpio.c ****       {
 326              		.loc 1 219 27 view .LVU135
 327 011e 04F00304 		and	r4, r4, #3
 219:Drivers/STM32F2xx_HAL_Driver/Src/stm32f2xx_hal_gpio.c ****       {
 328              		.loc 1 219 9 view .LVU136
 329 0122 022C     		cmp	r4, #2
 330 0124 84D0     		beq	.L25
 331              	.L6:
 233:Drivers/STM32F2xx_HAL_Driver/Src/stm32f2xx_hal_gpio.c ****       temp &= ~(GPIO_MODER_MODE0 << (position * 2u));
 332              		.loc 1 233 7 is_stmt 1 view .LVU137
 233:Drivers/STM32F2xx_HAL_Driver/Src/stm32f2xx_hal_gpio.c ****       temp &= ~(GPIO_MODER_MODE0 << (position * 2u));
 333              		.loc 1 233 12 is_stmt 0 view .LVU138
 334 0126 0468     		ldr	r4, [r0]
 335              	.LVL37:
 234:Drivers/STM32F2xx_HAL_Driver/Src/stm32f2xx_hal_gpio.c ****       temp |= ((GPIO_Init->Mode & GPIO_MODE) << (position * 2u));
 336              		.loc 1 234 7 is_stmt 1 view .LVU139
 234:Drivers/STM32F2xx_HAL_Driver/Src/stm32f2xx_hal_gpio.c ****       temp |= ((GPIO_Init->Mode & GPIO_MODE) << (position * 2u));
 337              		.loc 1 234 47 is_stmt 0 view .LVU140
 338 0128 4FEA430E 		lsl	lr, r3, #1
 234:Drivers/STM32F2xx_HAL_Driver/Src/stm32f2xx_hal_gpio.c ****       temp |= ((GPIO_Init->Mode & GPIO_MODE) << (position * 2u));
 339              		.loc 1 234 34 view .LVU141
 340 012c 4FF0030C 		mov	ip, #3
 341 0130 0CFA0EFC 		lsl	ip, ip, lr
 234:Drivers/STM32F2xx_HAL_Driver/Src/stm32f2xx_hal_gpio.c ****       temp |= ((GPIO_Init->Mode & GPIO_MODE) << (position * 2u));
 342              		.loc 1 234 12 view .LVU142
 343 0134 24EA0C0C 		bic	ip, r4, ip
 344              	.LVL38:
 235:Drivers/STM32F2xx_HAL_Driver/Src/stm32f2xx_hal_gpio.c ****       GPIOx->MODER = temp;
 345              		.loc 1 235 7 is_stmt 1 view .LVU143
 235:Drivers/STM32F2xx_HAL_Driver/Src/stm32f2xx_hal_gpio.c ****       GPIOx->MODER = temp;
 346              		.loc 1 235 26 is_stmt 0 view .LVU144
 347 0138 4C68     		ldr	r4, [r1, #4]
 235:Drivers/STM32F2xx_HAL_Driver/Src/stm32f2xx_hal_gpio.c ****       GPIOx->MODER = temp;
 348              		.loc 1 235 33 view .LVU145
 349 013a 04F00304 		and	r4, r4, #3
 235:Drivers/STM32F2xx_HAL_Driver/Src/stm32f2xx_hal_gpio.c ****       GPIOx->MODER = temp;
 350              		.loc 1 235 46 view .LVU146
 351 013e 04FA0EF4 		lsl	r4, r4, lr
 235:Drivers/STM32F2xx_HAL_Driver/Src/stm32f2xx_hal_gpio.c ****       GPIOx->MODER = temp;
 352              		.loc 1 235 12 view .LVU147
 353 0142 44EA0C04 		orr	r4, r4, ip
ARM GAS  /tmp/ccoJpKTI.s 			page 13


 354              	.LVL39:
 236:Drivers/STM32F2xx_HAL_Driver/Src/stm32f2xx_hal_gpio.c **** 
 355              		.loc 1 236 7 is_stmt 1 view .LVU148
 236:Drivers/STM32F2xx_HAL_Driver/Src/stm32f2xx_hal_gpio.c **** 
 356              		.loc 1 236 20 is_stmt 0 view .LVU149
 357 0146 0460     		str	r4, [r0]
 240:Drivers/STM32F2xx_HAL_Driver/Src/stm32f2xx_hal_gpio.c ****       {
 358              		.loc 1 240 7 is_stmt 1 view .LVU150
 240:Drivers/STM32F2xx_HAL_Driver/Src/stm32f2xx_hal_gpio.c ****       {
 359              		.loc 1 240 20 is_stmt 0 view .LVU151
 360 0148 4C68     		ldr	r4, [r1, #4]
 361              	.LVL40:
 240:Drivers/STM32F2xx_HAL_Driver/Src/stm32f2xx_hal_gpio.c ****       {
 362              		.loc 1 240 9 view .LVU152
 363 014a 14F4403F 		tst	r4, #196608
 364 014e C0D0     		beq	.L3
 243:Drivers/STM32F2xx_HAL_Driver/Src/stm32f2xx_hal_gpio.c **** 
 365              		.loc 1 243 9 is_stmt 1 view .LVU153
 366              	.LBB2:
 243:Drivers/STM32F2xx_HAL_Driver/Src/stm32f2xx_hal_gpio.c **** 
 367              		.loc 1 243 9 view .LVU154
 368 0150 0024     		movs	r4, #0
 369 0152 0194     		str	r4, [sp, #4]
 370              	.LVL41:
 243:Drivers/STM32F2xx_HAL_Driver/Src/stm32f2xx_hal_gpio.c **** 
 371              		.loc 1 243 9 view .LVU155
 372 0154 2A4C     		ldr	r4, .L27+8
 373 0156 656C     		ldr	r5, [r4, #68]
 374 0158 45F48045 		orr	r5, r5, #16384
 375 015c 6564     		str	r5, [r4, #68]
 243:Drivers/STM32F2xx_HAL_Driver/Src/stm32f2xx_hal_gpio.c **** 
 376              		.loc 1 243 9 view .LVU156
 377 015e 646C     		ldr	r4, [r4, #68]
 378 0160 04F48044 		and	r4, r4, #16384
 379 0164 0194     		str	r4, [sp, #4]
 243:Drivers/STM32F2xx_HAL_Driver/Src/stm32f2xx_hal_gpio.c **** 
 380              		.loc 1 243 9 view .LVU157
 381 0166 019C     		ldr	r4, [sp, #4]
 382              	.LBE2:
 243:Drivers/STM32F2xx_HAL_Driver/Src/stm32f2xx_hal_gpio.c **** 
 383              		.loc 1 243 9 view .LVU158
 245:Drivers/STM32F2xx_HAL_Driver/Src/stm32f2xx_hal_gpio.c ****         temp &= ~(0x0FuL << (4u * (position & 0x03u)));
 384              		.loc 1 245 9 view .LVU159
 245:Drivers/STM32F2xx_HAL_Driver/Src/stm32f2xx_hal_gpio.c ****         temp &= ~(0x0FuL << (4u * (position & 0x03u)));
 385              		.loc 1 245 40 is_stmt 0 view .LVU160
 386 0168 4FEA930C 		lsr	ip, r3, #2
 245:Drivers/STM32F2xx_HAL_Driver/Src/stm32f2xx_hal_gpio.c ****         temp &= ~(0x0FuL << (4u * (position & 0x03u)));
 387              		.loc 1 245 14 view .LVU161
 388 016c 0CF10205 		add	r5, ip, #2
 389 0170 214C     		ldr	r4, .L27
 390 0172 54F82550 		ldr	r5, [r4, r5, lsl #2]
 391              	.LVL42:
 246:Drivers/STM32F2xx_HAL_Driver/Src/stm32f2xx_hal_gpio.c ****         temp |= (GPIO_GET_INDEX(GPIOx) << (4u * (position & 0x03u)));
 392              		.loc 1 246 9 is_stmt 1 view .LVU162
 246:Drivers/STM32F2xx_HAL_Driver/Src/stm32f2xx_hal_gpio.c ****         temp |= (GPIO_GET_INDEX(GPIOx) << (4u * (position & 0x03u)));
 393              		.loc 1 246 45 is_stmt 0 view .LVU163
 394 0176 03F0030E 		and	lr, r3, #3
ARM GAS  /tmp/ccoJpKTI.s 			page 14


 246:Drivers/STM32F2xx_HAL_Driver/Src/stm32f2xx_hal_gpio.c ****         temp |= (GPIO_GET_INDEX(GPIOx) << (4u * (position & 0x03u)));
 395              		.loc 1 246 33 view .LVU164
 396 017a 4FEA8E0E 		lsl	lr, lr, #2
 246:Drivers/STM32F2xx_HAL_Driver/Src/stm32f2xx_hal_gpio.c ****         temp |= (GPIO_GET_INDEX(GPIOx) << (4u * (position & 0x03u)));
 397              		.loc 1 246 26 view .LVU165
 398 017e 0F24     		movs	r4, #15
 399 0180 04FA0EF4 		lsl	r4, r4, lr
 246:Drivers/STM32F2xx_HAL_Driver/Src/stm32f2xx_hal_gpio.c ****         temp |= (GPIO_GET_INDEX(GPIOx) << (4u * (position & 0x03u)));
 400              		.loc 1 246 14 view .LVU166
 401 0184 25EA0405 		bic	r5, r5, r4
 402              	.LVL43:
 247:Drivers/STM32F2xx_HAL_Driver/Src/stm32f2xx_hal_gpio.c ****         SYSCFG->EXTICR[position >> 2u] = temp;
 403              		.loc 1 247 9 is_stmt 1 view .LVU167
 247:Drivers/STM32F2xx_HAL_Driver/Src/stm32f2xx_hal_gpio.c ****         SYSCFG->EXTICR[position >> 2u] = temp;
 404              		.loc 1 247 18 is_stmt 0 view .LVU168
 405 0188 1E4C     		ldr	r4, .L27+12
 406 018a A042     		cmp	r0, r4
 407 018c 3FF468AF 		beq	.L13
 247:Drivers/STM32F2xx_HAL_Driver/Src/stm32f2xx_hal_gpio.c ****         SYSCFG->EXTICR[position >> 2u] = temp;
 408              		.loc 1 247 18 discriminator 1 view .LVU169
 409 0190 04F58064 		add	r4, r4, #1024
 410 0194 A042     		cmp	r0, r4
 411 0196 1ED0     		beq	.L14
 247:Drivers/STM32F2xx_HAL_Driver/Src/stm32f2xx_hal_gpio.c ****         SYSCFG->EXTICR[position >> 2u] = temp;
 412              		.loc 1 247 18 discriminator 3 view .LVU170
 413 0198 04F58064 		add	r4, r4, #1024
 414 019c A042     		cmp	r0, r4
 415 019e 1CD0     		beq	.L15
 247:Drivers/STM32F2xx_HAL_Driver/Src/stm32f2xx_hal_gpio.c ****         SYSCFG->EXTICR[position >> 2u] = temp;
 416              		.loc 1 247 18 discriminator 5 view .LVU171
 417 01a0 04F58064 		add	r4, r4, #1024
 418 01a4 A042     		cmp	r0, r4
 419 01a6 1AD0     		beq	.L16
 247:Drivers/STM32F2xx_HAL_Driver/Src/stm32f2xx_hal_gpio.c ****         SYSCFG->EXTICR[position >> 2u] = temp;
 420              		.loc 1 247 18 discriminator 7 view .LVU172
 421 01a8 04F58064 		add	r4, r4, #1024
 422 01ac A042     		cmp	r0, r4
 423 01ae 18D0     		beq	.L17
 247:Drivers/STM32F2xx_HAL_Driver/Src/stm32f2xx_hal_gpio.c ****         SYSCFG->EXTICR[position >> 2u] = temp;
 424              		.loc 1 247 18 discriminator 9 view .LVU173
 425 01b0 04F58064 		add	r4, r4, #1024
 426 01b4 A042     		cmp	r0, r4
 427 01b6 16D0     		beq	.L18
 247:Drivers/STM32F2xx_HAL_Driver/Src/stm32f2xx_hal_gpio.c ****         SYSCFG->EXTICR[position >> 2u] = temp;
 428              		.loc 1 247 18 discriminator 11 view .LVU174
 429 01b8 04F58064 		add	r4, r4, #1024
 430 01bc A042     		cmp	r0, r4
 431 01be 14D0     		beq	.L19
 247:Drivers/STM32F2xx_HAL_Driver/Src/stm32f2xx_hal_gpio.c ****         SYSCFG->EXTICR[position >> 2u] = temp;
 432              		.loc 1 247 18 discriminator 13 view .LVU175
 433 01c0 04F58064 		add	r4, r4, #1024
 434 01c4 A042     		cmp	r0, r4
 435 01c6 12D0     		beq	.L20
 247:Drivers/STM32F2xx_HAL_Driver/Src/stm32f2xx_hal_gpio.c ****         SYSCFG->EXTICR[position >> 2u] = temp;
 436              		.loc 1 247 18 discriminator 15 view .LVU176
 437 01c8 04F58064 		add	r4, r4, #1024
 438 01cc A042     		cmp	r0, r4
ARM GAS  /tmp/ccoJpKTI.s 			page 15


 439 01ce 3FF445AF 		beq	.L26
 247:Drivers/STM32F2xx_HAL_Driver/Src/stm32f2xx_hal_gpio.c ****         SYSCFG->EXTICR[position >> 2u] = temp;
 440              		.loc 1 247 18 discriminator 18 view .LVU177
 441 01d2 0924     		movs	r4, #9
 442 01d4 45E7     		b	.L7
 443              	.L14:
 247:Drivers/STM32F2xx_HAL_Driver/Src/stm32f2xx_hal_gpio.c ****         SYSCFG->EXTICR[position >> 2u] = temp;
 444              		.loc 1 247 18 discriminator 4 view .LVU178
 445 01d6 0124     		movs	r4, #1
 446 01d8 43E7     		b	.L7
 447              	.L15:
 247:Drivers/STM32F2xx_HAL_Driver/Src/stm32f2xx_hal_gpio.c ****         SYSCFG->EXTICR[position >> 2u] = temp;
 448              		.loc 1 247 18 discriminator 6 view .LVU179
 449 01da 0224     		movs	r4, #2
 450 01dc 41E7     		b	.L7
 451              	.L16:
 247:Drivers/STM32F2xx_HAL_Driver/Src/stm32f2xx_hal_gpio.c ****         SYSCFG->EXTICR[position >> 2u] = temp;
 452              		.loc 1 247 18 discriminator 8 view .LVU180
 453 01de 0324     		movs	r4, #3
 454 01e0 3FE7     		b	.L7
 455              	.L17:
 247:Drivers/STM32F2xx_HAL_Driver/Src/stm32f2xx_hal_gpio.c ****         SYSCFG->EXTICR[position >> 2u] = temp;
 456              		.loc 1 247 18 discriminator 10 view .LVU181
 457 01e2 0424     		movs	r4, #4
 458 01e4 3DE7     		b	.L7
 459              	.L18:
 247:Drivers/STM32F2xx_HAL_Driver/Src/stm32f2xx_hal_gpio.c ****         SYSCFG->EXTICR[position >> 2u] = temp;
 460              		.loc 1 247 18 discriminator 12 view .LVU182
 461 01e6 0524     		movs	r4, #5
 462 01e8 3BE7     		b	.L7
 463              	.L19:
 247:Drivers/STM32F2xx_HAL_Driver/Src/stm32f2xx_hal_gpio.c ****         SYSCFG->EXTICR[position >> 2u] = temp;
 464              		.loc 1 247 18 discriminator 14 view .LVU183
 465 01ea 0624     		movs	r4, #6
 466 01ec 39E7     		b	.L7
 467              	.L20:
 247:Drivers/STM32F2xx_HAL_Driver/Src/stm32f2xx_hal_gpio.c ****         SYSCFG->EXTICR[position >> 2u] = temp;
 468              		.loc 1 247 18 discriminator 16 view .LVU184
 469 01ee 0724     		movs	r4, #7
 470 01f0 37E7     		b	.L7
 471              	.LVL44:
 472              	.L23:
 287:Drivers/STM32F2xx_HAL_Driver/Src/stm32f2xx_hal_gpio.c ****   }
 288:Drivers/STM32F2xx_HAL_Driver/Src/stm32f2xx_hal_gpio.c **** }
 473              		.loc 1 288 1 view .LVU185
 474 01f2 02B0     		add	sp, sp, #8
 475              	.LCFI2:
 476              		.cfi_def_cfa_offset 16
 477              		@ sp needed
 478 01f4 70BD     		pop	{r4, r5, r6, pc}
 479              	.L28:
 480 01f6 00BF     		.align	2
 481              	.L27:
 482 01f8 00380140 		.word	1073821696
 483 01fc 003C0140 		.word	1073822720
 484 0200 00380240 		.word	1073887232
 485 0204 00000240 		.word	1073872896
ARM GAS  /tmp/ccoJpKTI.s 			page 16


 486              		.cfi_endproc
 487              	.LFE72:
 489              		.section	.text.HAL_GPIO_DeInit,"ax",%progbits
 490              		.align	1
 491              		.global	HAL_GPIO_DeInit
 492              		.syntax unified
 493              		.thumb
 494              		.thumb_func
 496              	HAL_GPIO_DeInit:
 497              	.LVL45:
 498              	.LFB73:
 289:Drivers/STM32F2xx_HAL_Driver/Src/stm32f2xx_hal_gpio.c **** 
 290:Drivers/STM32F2xx_HAL_Driver/Src/stm32f2xx_hal_gpio.c **** /**
 291:Drivers/STM32F2xx_HAL_Driver/Src/stm32f2xx_hal_gpio.c ****   * @brief  De-initializes the GPIOx peripheral registers to their default reset values.
 292:Drivers/STM32F2xx_HAL_Driver/Src/stm32f2xx_hal_gpio.c ****   * @param  GPIOx where x can be (A..I) to select the GPIO peripheral. 
 293:Drivers/STM32F2xx_HAL_Driver/Src/stm32f2xx_hal_gpio.c ****   * @param  GPIO_Pin specifies the port bit to be written.
 294:Drivers/STM32F2xx_HAL_Driver/Src/stm32f2xx_hal_gpio.c ****   *          This parameter can be one of GPIO_PIN_x where x can be (0..15).
 295:Drivers/STM32F2xx_HAL_Driver/Src/stm32f2xx_hal_gpio.c ****   * @retval None
 296:Drivers/STM32F2xx_HAL_Driver/Src/stm32f2xx_hal_gpio.c ****   */
 297:Drivers/STM32F2xx_HAL_Driver/Src/stm32f2xx_hal_gpio.c **** void HAL_GPIO_DeInit(GPIO_TypeDef  *GPIOx, uint32_t GPIO_Pin)
 298:Drivers/STM32F2xx_HAL_Driver/Src/stm32f2xx_hal_gpio.c **** {
 499              		.loc 1 298 1 is_stmt 1 view -0
 500              		.cfi_startproc
 501              		@ args = 0, pretend = 0, frame = 0
 502              		@ frame_needed = 0, uses_anonymous_args = 0
 299:Drivers/STM32F2xx_HAL_Driver/Src/stm32f2xx_hal_gpio.c ****   uint32_t position = 0x00u;
 503              		.loc 1 299 3 view .LVU187
 300:Drivers/STM32F2xx_HAL_Driver/Src/stm32f2xx_hal_gpio.c ****   uint32_t iocurrent;
 504              		.loc 1 300 3 view .LVU188
 301:Drivers/STM32F2xx_HAL_Driver/Src/stm32f2xx_hal_gpio.c ****   uint32_t tmp;
 505              		.loc 1 301 3 view .LVU189
 302:Drivers/STM32F2xx_HAL_Driver/Src/stm32f2xx_hal_gpio.c **** 
 303:Drivers/STM32F2xx_HAL_Driver/Src/stm32f2xx_hal_gpio.c ****   /* Check the parameters */
 304:Drivers/STM32F2xx_HAL_Driver/Src/stm32f2xx_hal_gpio.c ****   assert_param(IS_GPIO_ALL_INSTANCE(GPIOx));
 506              		.loc 1 304 3 view .LVU190
 305:Drivers/STM32F2xx_HAL_Driver/Src/stm32f2xx_hal_gpio.c ****   assert_param(IS_GPIO_PIN(GPIO_Pin));
 507              		.loc 1 305 3 view .LVU191
 306:Drivers/STM32F2xx_HAL_Driver/Src/stm32f2xx_hal_gpio.c **** 
 307:Drivers/STM32F2xx_HAL_Driver/Src/stm32f2xx_hal_gpio.c ****   /* Configure the port pins */
 308:Drivers/STM32F2xx_HAL_Driver/Src/stm32f2xx_hal_gpio.c ****   while ((GPIO_Pin >> position) != 0x00u)
 508              		.loc 1 308 3 view .LVU192
 299:Drivers/STM32F2xx_HAL_Driver/Src/stm32f2xx_hal_gpio.c ****   uint32_t iocurrent;
 509              		.loc 1 299 12 is_stmt 0 view .LVU193
 510 0000 0023     		movs	r3, #0
 511              	.LVL46:
 512              		.loc 1 308 33 is_stmt 1 view .LVU194
 513 0002 31FA03F2 		lsrs	r2, r1, r3
 514 0006 00F09280 		beq	.L47
 298:Drivers/STM32F2xx_HAL_Driver/Src/stm32f2xx_hal_gpio.c ****   uint32_t position = 0x00u;
 515              		.loc 1 298 1 is_stmt 0 view .LVU195
 516 000a F0B5     		push	{r4, r5, r6, r7, lr}
 517              	.LCFI3:
 518              		.cfi_def_cfa_offset 20
 519              		.cfi_offset 4, -20
 520              		.cfi_offset 5, -16
 521              		.cfi_offset 6, -12
 522              		.cfi_offset 7, -8
ARM GAS  /tmp/ccoJpKTI.s 			page 17


 523              		.cfi_offset 14, -4
 524 000c 2EE0     		b	.L34
 525              	.LVL47:
 526              	.L50:
 309:Drivers/STM32F2xx_HAL_Driver/Src/stm32f2xx_hal_gpio.c ****   {
 310:Drivers/STM32F2xx_HAL_Driver/Src/stm32f2xx_hal_gpio.c ****     /* Get current io position */
 311:Drivers/STM32F2xx_HAL_Driver/Src/stm32f2xx_hal_gpio.c ****     iocurrent = (GPIO_Pin) & (1uL << position);
 312:Drivers/STM32F2xx_HAL_Driver/Src/stm32f2xx_hal_gpio.c **** 
 313:Drivers/STM32F2xx_HAL_Driver/Src/stm32f2xx_hal_gpio.c ****     if (iocurrent != 0x00u)
 314:Drivers/STM32F2xx_HAL_Driver/Src/stm32f2xx_hal_gpio.c ****     {
 315:Drivers/STM32F2xx_HAL_Driver/Src/stm32f2xx_hal_gpio.c ****       /*------------------------- EXTI Mode Configuration --------------------*/
 316:Drivers/STM32F2xx_HAL_Driver/Src/stm32f2xx_hal_gpio.c ****       /* Clear the External Interrupt or Event for the current IO */
 317:Drivers/STM32F2xx_HAL_Driver/Src/stm32f2xx_hal_gpio.c **** 
 318:Drivers/STM32F2xx_HAL_Driver/Src/stm32f2xx_hal_gpio.c ****       tmp = SYSCFG->EXTICR[position >> 2u];
 319:Drivers/STM32F2xx_HAL_Driver/Src/stm32f2xx_hal_gpio.c ****       tmp &= (0x0FuL << (4u * (position & 0x03u)));
 320:Drivers/STM32F2xx_HAL_Driver/Src/stm32f2xx_hal_gpio.c ****       if (tmp == (GPIO_GET_INDEX(GPIOx) << (4u * (position & 0x03u))))
 527              		.loc 1 320 19 discriminator 17 view .LVU196
 528 000e 0825     		movs	r5, #8
 529 0010 00E0     		b	.L32
 530              	.L35:
 531              		.loc 1 320 19 discriminator 2 view .LVU197
 532 0012 0025     		movs	r5, #0
 533              	.L32:
 534              		.loc 1 320 41 discriminator 36 view .LVU198
 535 0014 05FA0CF5 		lsl	r5, r5, ip
 536              		.loc 1 320 10 discriminator 36 view .LVU199
 537 0018 A542     		cmp	r5, r4
 538 001a 6CD0     		beq	.L48
 539              	.LVL48:
 540              	.L33:
 321:Drivers/STM32F2xx_HAL_Driver/Src/stm32f2xx_hal_gpio.c ****       {
 322:Drivers/STM32F2xx_HAL_Driver/Src/stm32f2xx_hal_gpio.c ****         /* Clear EXTI line configuration */
 323:Drivers/STM32F2xx_HAL_Driver/Src/stm32f2xx_hal_gpio.c ****         EXTI->IMR &= ~((uint32_t)iocurrent);
 324:Drivers/STM32F2xx_HAL_Driver/Src/stm32f2xx_hal_gpio.c ****         EXTI->EMR &= ~((uint32_t)iocurrent);
 325:Drivers/STM32F2xx_HAL_Driver/Src/stm32f2xx_hal_gpio.c **** 
 326:Drivers/STM32F2xx_HAL_Driver/Src/stm32f2xx_hal_gpio.c ****         /* Clear Rising Falling edge configuration */
 327:Drivers/STM32F2xx_HAL_Driver/Src/stm32f2xx_hal_gpio.c ****         EXTI->FTSR &= ~((uint32_t)iocurrent);
 328:Drivers/STM32F2xx_HAL_Driver/Src/stm32f2xx_hal_gpio.c ****         EXTI->RTSR &= ~((uint32_t)iocurrent);
 329:Drivers/STM32F2xx_HAL_Driver/Src/stm32f2xx_hal_gpio.c **** 
 330:Drivers/STM32F2xx_HAL_Driver/Src/stm32f2xx_hal_gpio.c ****         /* Configure the External Interrupt or event for the current IO */
 331:Drivers/STM32F2xx_HAL_Driver/Src/stm32f2xx_hal_gpio.c ****         tmp = 0x0FuL << (4u * (position & 0x03u));
 332:Drivers/STM32F2xx_HAL_Driver/Src/stm32f2xx_hal_gpio.c ****         SYSCFG->EXTICR[position >> 2u] &= ~tmp;
 333:Drivers/STM32F2xx_HAL_Driver/Src/stm32f2xx_hal_gpio.c ****       }
 334:Drivers/STM32F2xx_HAL_Driver/Src/stm32f2xx_hal_gpio.c **** 
 335:Drivers/STM32F2xx_HAL_Driver/Src/stm32f2xx_hal_gpio.c ****       /*------------------------- GPIO Mode Configuration --------------------*/
 336:Drivers/STM32F2xx_HAL_Driver/Src/stm32f2xx_hal_gpio.c ****       /* Configure IO Direction in Input Floating Mode */
 337:Drivers/STM32F2xx_HAL_Driver/Src/stm32f2xx_hal_gpio.c ****       GPIOx->MODER &= ~(GPIO_MODER_MODER0 << (position * 2u));
 541              		.loc 1 337 7 is_stmt 1 view .LVU200
 542              		.loc 1 337 12 is_stmt 0 view .LVU201
 543 001c 0468     		ldr	r4, [r0]
 544              		.loc 1 337 56 view .LVU202
 545 001e 5D00     		lsls	r5, r3, #1
 546              		.loc 1 337 43 view .LVU203
 547 0020 4FF0030C 		mov	ip, #3
 548 0024 0CFA05FC 		lsl	ip, ip, r5
 549              		.loc 1 337 20 view .LVU204
 550 0028 24EA0C04 		bic	r4, r4, ip
ARM GAS  /tmp/ccoJpKTI.s 			page 18


 551 002c 0460     		str	r4, [r0]
 338:Drivers/STM32F2xx_HAL_Driver/Src/stm32f2xx_hal_gpio.c **** 
 339:Drivers/STM32F2xx_HAL_Driver/Src/stm32f2xx_hal_gpio.c ****       /* Configure the default Alternate Function in current IO */
 340:Drivers/STM32F2xx_HAL_Driver/Src/stm32f2xx_hal_gpio.c ****       GPIOx->AFR[position >> 3u] &= ~(0xFu << ((uint32_t)(position & 0x07u) * 4u));
 552              		.loc 1 340 7 is_stmt 1 view .LVU205
 553              		.loc 1 340 17 is_stmt 0 view .LVU206
 554 002e 4FEAD30E 		lsr	lr, r3, #3
 555              	.LVL49:
 556              		.loc 1 340 17 view .LVU207
 557 0032 0EF1080E 		add	lr, lr, #8
 558 0036 50F82E40 		ldr	r4, [r0, lr, lsl #2]
 559              		.loc 1 340 48 view .LVU208
 560 003a 03F00706 		and	r6, r3, #7
 561              		.loc 1 340 77 view .LVU209
 562 003e B600     		lsls	r6, r6, #2
 563              		.loc 1 340 44 view .LVU210
 564 0040 0F25     		movs	r5, #15
 565 0042 B540     		lsls	r5, r5, r6
 566              		.loc 1 340 34 view .LVU211
 567 0044 24EA0504 		bic	r4, r4, r5
 568 0048 40F82E40 		str	r4, [r0, lr, lsl #2]
 341:Drivers/STM32F2xx_HAL_Driver/Src/stm32f2xx_hal_gpio.c **** 
 342:Drivers/STM32F2xx_HAL_Driver/Src/stm32f2xx_hal_gpio.c ****       /* Deactivate the Pull-up and Pull-down resistor for the current IO */
 343:Drivers/STM32F2xx_HAL_Driver/Src/stm32f2xx_hal_gpio.c ****       GPIOx->PUPDR &= ~(GPIO_PUPDR_PUPDR0 << (position * 2U));
 569              		.loc 1 343 7 is_stmt 1 view .LVU212
 570              		.loc 1 343 12 is_stmt 0 view .LVU213
 571 004c C468     		ldr	r4, [r0, #12]
 572              		.loc 1 343 20 view .LVU214
 573 004e 24EA0C04 		bic	r4, r4, ip
 574 0052 C460     		str	r4, [r0, #12]
 344:Drivers/STM32F2xx_HAL_Driver/Src/stm32f2xx_hal_gpio.c **** 
 345:Drivers/STM32F2xx_HAL_Driver/Src/stm32f2xx_hal_gpio.c ****       /* Configure the default value IO Output Type */
 346:Drivers/STM32F2xx_HAL_Driver/Src/stm32f2xx_hal_gpio.c ****       GPIOx->OTYPER  &= ~(GPIO_OTYPER_OT_0 << position);
 575              		.loc 1 346 7 is_stmt 1 view .LVU215
 576              		.loc 1 346 12 is_stmt 0 view .LVU216
 577 0054 4468     		ldr	r4, [r0, #4]
 578              		.loc 1 346 22 view .LVU217
 579 0056 24EA0202 		bic	r2, r4, r2
 580              	.LVL50:
 581              		.loc 1 346 22 view .LVU218
 582 005a 4260     		str	r2, [r0, #4]
 347:Drivers/STM32F2xx_HAL_Driver/Src/stm32f2xx_hal_gpio.c **** 
 348:Drivers/STM32F2xx_HAL_Driver/Src/stm32f2xx_hal_gpio.c ****       /* Configure the default value for IO Speed */
 349:Drivers/STM32F2xx_HAL_Driver/Src/stm32f2xx_hal_gpio.c ****       GPIOx->OSPEEDR &= ~(GPIO_OSPEEDER_OSPEEDR0 << (position * 2u));
 583              		.loc 1 349 7 is_stmt 1 view .LVU219
 584              		.loc 1 349 12 is_stmt 0 view .LVU220
 585 005c 8268     		ldr	r2, [r0, #8]
 586              		.loc 1 349 22 view .LVU221
 587 005e 22EA0C02 		bic	r2, r2, ip
 588 0062 8260     		str	r2, [r0, #8]
 589              	.L31:
 350:Drivers/STM32F2xx_HAL_Driver/Src/stm32f2xx_hal_gpio.c ****     }
 351:Drivers/STM32F2xx_HAL_Driver/Src/stm32f2xx_hal_gpio.c **** 
 352:Drivers/STM32F2xx_HAL_Driver/Src/stm32f2xx_hal_gpio.c ****     position++;
 590              		.loc 1 352 5 is_stmt 1 view .LVU222
 591              		.loc 1 352 13 is_stmt 0 view .LVU223
 592 0064 0133     		adds	r3, r3, #1
ARM GAS  /tmp/ccoJpKTI.s 			page 19


 593              	.LVL51:
 308:Drivers/STM32F2xx_HAL_Driver/Src/stm32f2xx_hal_gpio.c ****   {
 594              		.loc 1 308 33 is_stmt 1 view .LVU224
 595 0066 31FA03F2 		lsrs	r2, r1, r3
 596 006a 5FD0     		beq	.L49
 597              	.LVL52:
 598              	.L34:
 311:Drivers/STM32F2xx_HAL_Driver/Src/stm32f2xx_hal_gpio.c **** 
 599              		.loc 1 311 5 view .LVU225
 311:Drivers/STM32F2xx_HAL_Driver/Src/stm32f2xx_hal_gpio.c **** 
 600              		.loc 1 311 35 is_stmt 0 view .LVU226
 601 006c 0122     		movs	r2, #1
 602 006e 9A40     		lsls	r2, r2, r3
 603              	.LVL53:
 313:Drivers/STM32F2xx_HAL_Driver/Src/stm32f2xx_hal_gpio.c ****     {
 604              		.loc 1 313 5 is_stmt 1 view .LVU227
 313:Drivers/STM32F2xx_HAL_Driver/Src/stm32f2xx_hal_gpio.c ****     {
 605              		.loc 1 313 8 is_stmt 0 view .LVU228
 606 0070 12EA010E 		ands	lr, r2, r1
 607              	.LVL54:
 313:Drivers/STM32F2xx_HAL_Driver/Src/stm32f2xx_hal_gpio.c ****     {
 608              		.loc 1 313 8 view .LVU229
 609 0074 F6D0     		beq	.L31
 318:Drivers/STM32F2xx_HAL_Driver/Src/stm32f2xx_hal_gpio.c ****       tmp &= (0x0FuL << (4u * (position & 0x03u)));
 610              		.loc 1 318 7 is_stmt 1 view .LVU230
 318:Drivers/STM32F2xx_HAL_Driver/Src/stm32f2xx_hal_gpio.c ****       tmp &= (0x0FuL << (4u * (position & 0x03u)));
 611              		.loc 1 318 37 is_stmt 0 view .LVU231
 612 0076 9E08     		lsrs	r6, r3, #2
 318:Drivers/STM32F2xx_HAL_Driver/Src/stm32f2xx_hal_gpio.c ****       tmp &= (0x0FuL << (4u * (position & 0x03u)));
 613              		.loc 1 318 11 view .LVU232
 614 0078 B51C     		adds	r5, r6, #2
 615 007a 2D4C     		ldr	r4, .L51
 616 007c 54F82540 		ldr	r4, [r4, r5, lsl #2]
 617              	.LVL55:
 319:Drivers/STM32F2xx_HAL_Driver/Src/stm32f2xx_hal_gpio.c ****       if (tmp == (GPIO_GET_INDEX(GPIOx) << (4u * (position & 0x03u))))
 618              		.loc 1 319 7 is_stmt 1 view .LVU233
 319:Drivers/STM32F2xx_HAL_Driver/Src/stm32f2xx_hal_gpio.c ****       if (tmp == (GPIO_GET_INDEX(GPIOx) << (4u * (position & 0x03u))))
 619              		.loc 1 319 41 is_stmt 0 view .LVU234
 620 0080 03F0030C 		and	ip, r3, #3
 319:Drivers/STM32F2xx_HAL_Driver/Src/stm32f2xx_hal_gpio.c ****       if (tmp == (GPIO_GET_INDEX(GPIOx) << (4u * (position & 0x03u))))
 621              		.loc 1 319 29 view .LVU235
 622 0084 4FEA8C0C 		lsl	ip, ip, #2
 319:Drivers/STM32F2xx_HAL_Driver/Src/stm32f2xx_hal_gpio.c ****       if (tmp == (GPIO_GET_INDEX(GPIOx) << (4u * (position & 0x03u))))
 623              		.loc 1 319 22 view .LVU236
 624 0088 0F25     		movs	r5, #15
 625 008a 05FA0CF7 		lsl	r7, r5, ip
 319:Drivers/STM32F2xx_HAL_Driver/Src/stm32f2xx_hal_gpio.c ****       if (tmp == (GPIO_GET_INDEX(GPIOx) << (4u * (position & 0x03u))))
 626              		.loc 1 319 11 view .LVU237
 627 008e 3C40     		ands	r4, r4, r7
 628              	.LVL56:
 320:Drivers/STM32F2xx_HAL_Driver/Src/stm32f2xx_hal_gpio.c ****       {
 629              		.loc 1 320 7 is_stmt 1 view .LVU238
 320:Drivers/STM32F2xx_HAL_Driver/Src/stm32f2xx_hal_gpio.c ****       {
 630              		.loc 1 320 19 is_stmt 0 view .LVU239
 631 0090 284D     		ldr	r5, .L51+4
 632 0092 A842     		cmp	r0, r5
 633 0094 BDD0     		beq	.L35
ARM GAS  /tmp/ccoJpKTI.s 			page 20


 320:Drivers/STM32F2xx_HAL_Driver/Src/stm32f2xx_hal_gpio.c ****       {
 634              		.loc 1 320 19 discriminator 1 view .LVU240
 635 0096 05F58065 		add	r5, r5, #1024
 636 009a A842     		cmp	r0, r5
 637 009c 1DD0     		beq	.L36
 320:Drivers/STM32F2xx_HAL_Driver/Src/stm32f2xx_hal_gpio.c ****       {
 638              		.loc 1 320 19 discriminator 3 view .LVU241
 639 009e 05F58065 		add	r5, r5, #1024
 640 00a2 A842     		cmp	r0, r5
 641 00a4 1BD0     		beq	.L37
 320:Drivers/STM32F2xx_HAL_Driver/Src/stm32f2xx_hal_gpio.c ****       {
 642              		.loc 1 320 19 discriminator 5 view .LVU242
 643 00a6 05F58065 		add	r5, r5, #1024
 644 00aa A842     		cmp	r0, r5
 645 00ac 19D0     		beq	.L38
 320:Drivers/STM32F2xx_HAL_Driver/Src/stm32f2xx_hal_gpio.c ****       {
 646              		.loc 1 320 19 discriminator 7 view .LVU243
 647 00ae 05F58065 		add	r5, r5, #1024
 648 00b2 A842     		cmp	r0, r5
 649 00b4 17D0     		beq	.L39
 320:Drivers/STM32F2xx_HAL_Driver/Src/stm32f2xx_hal_gpio.c ****       {
 650              		.loc 1 320 19 discriminator 9 view .LVU244
 651 00b6 05F58065 		add	r5, r5, #1024
 652 00ba A842     		cmp	r0, r5
 653 00bc 15D0     		beq	.L40
 320:Drivers/STM32F2xx_HAL_Driver/Src/stm32f2xx_hal_gpio.c ****       {
 654              		.loc 1 320 19 discriminator 11 view .LVU245
 655 00be 05F58065 		add	r5, r5, #1024
 656 00c2 A842     		cmp	r0, r5
 657 00c4 13D0     		beq	.L41
 320:Drivers/STM32F2xx_HAL_Driver/Src/stm32f2xx_hal_gpio.c ****       {
 658              		.loc 1 320 19 discriminator 13 view .LVU246
 659 00c6 05F58065 		add	r5, r5, #1024
 660 00ca A842     		cmp	r0, r5
 661 00cc 11D0     		beq	.L42
 320:Drivers/STM32F2xx_HAL_Driver/Src/stm32f2xx_hal_gpio.c ****       {
 662              		.loc 1 320 19 discriminator 15 view .LVU247
 663 00ce 05F58065 		add	r5, r5, #1024
 664 00d2 A842     		cmp	r0, r5
 665 00d4 9BD0     		beq	.L50
 320:Drivers/STM32F2xx_HAL_Driver/Src/stm32f2xx_hal_gpio.c ****       {
 666              		.loc 1 320 19 discriminator 18 view .LVU248
 667 00d6 0925     		movs	r5, #9
 668 00d8 9CE7     		b	.L32
 669              	.L36:
 320:Drivers/STM32F2xx_HAL_Driver/Src/stm32f2xx_hal_gpio.c ****       {
 670              		.loc 1 320 19 discriminator 4 view .LVU249
 671 00da 0125     		movs	r5, #1
 672 00dc 9AE7     		b	.L32
 673              	.L37:
 320:Drivers/STM32F2xx_HAL_Driver/Src/stm32f2xx_hal_gpio.c ****       {
 674              		.loc 1 320 19 discriminator 6 view .LVU250
 675 00de 0225     		movs	r5, #2
 676 00e0 98E7     		b	.L32
 677              	.L38:
 320:Drivers/STM32F2xx_HAL_Driver/Src/stm32f2xx_hal_gpio.c ****       {
 678              		.loc 1 320 19 discriminator 8 view .LVU251
ARM GAS  /tmp/ccoJpKTI.s 			page 21


 679 00e2 0325     		movs	r5, #3
 680 00e4 96E7     		b	.L32
 681              	.L39:
 320:Drivers/STM32F2xx_HAL_Driver/Src/stm32f2xx_hal_gpio.c ****       {
 682              		.loc 1 320 19 discriminator 10 view .LVU252
 683 00e6 0425     		movs	r5, #4
 684 00e8 94E7     		b	.L32
 685              	.L40:
 320:Drivers/STM32F2xx_HAL_Driver/Src/stm32f2xx_hal_gpio.c ****       {
 686              		.loc 1 320 19 discriminator 12 view .LVU253
 687 00ea 0525     		movs	r5, #5
 688 00ec 92E7     		b	.L32
 689              	.L41:
 320:Drivers/STM32F2xx_HAL_Driver/Src/stm32f2xx_hal_gpio.c ****       {
 690              		.loc 1 320 19 discriminator 14 view .LVU254
 691 00ee 0625     		movs	r5, #6
 692 00f0 90E7     		b	.L32
 693              	.L42:
 320:Drivers/STM32F2xx_HAL_Driver/Src/stm32f2xx_hal_gpio.c ****       {
 694              		.loc 1 320 19 discriminator 16 view .LVU255
 695 00f2 0725     		movs	r5, #7
 696 00f4 8EE7     		b	.L32
 697              	.L48:
 323:Drivers/STM32F2xx_HAL_Driver/Src/stm32f2xx_hal_gpio.c ****         EXTI->EMR &= ~((uint32_t)iocurrent);
 698              		.loc 1 323 9 is_stmt 1 view .LVU256
 323:Drivers/STM32F2xx_HAL_Driver/Src/stm32f2xx_hal_gpio.c ****         EXTI->EMR &= ~((uint32_t)iocurrent);
 699              		.loc 1 323 13 is_stmt 0 view .LVU257
 700 00f6 104C     		ldr	r4, .L51+8
 701              	.LVL57:
 323:Drivers/STM32F2xx_HAL_Driver/Src/stm32f2xx_hal_gpio.c ****         EXTI->EMR &= ~((uint32_t)iocurrent);
 702              		.loc 1 323 13 view .LVU258
 703 00f8 2568     		ldr	r5, [r4]
 323:Drivers/STM32F2xx_HAL_Driver/Src/stm32f2xx_hal_gpio.c ****         EXTI->EMR &= ~((uint32_t)iocurrent);
 704              		.loc 1 323 19 view .LVU259
 705 00fa 25EA0E05 		bic	r5, r5, lr
 706 00fe 2560     		str	r5, [r4]
 324:Drivers/STM32F2xx_HAL_Driver/Src/stm32f2xx_hal_gpio.c **** 
 707              		.loc 1 324 9 is_stmt 1 view .LVU260
 324:Drivers/STM32F2xx_HAL_Driver/Src/stm32f2xx_hal_gpio.c **** 
 708              		.loc 1 324 13 is_stmt 0 view .LVU261
 709 0100 6568     		ldr	r5, [r4, #4]
 324:Drivers/STM32F2xx_HAL_Driver/Src/stm32f2xx_hal_gpio.c **** 
 710              		.loc 1 324 19 view .LVU262
 711 0102 25EA0E05 		bic	r5, r5, lr
 712 0106 6560     		str	r5, [r4, #4]
 327:Drivers/STM32F2xx_HAL_Driver/Src/stm32f2xx_hal_gpio.c ****         EXTI->RTSR &= ~((uint32_t)iocurrent);
 713              		.loc 1 327 9 is_stmt 1 view .LVU263
 327:Drivers/STM32F2xx_HAL_Driver/Src/stm32f2xx_hal_gpio.c ****         EXTI->RTSR &= ~((uint32_t)iocurrent);
 714              		.loc 1 327 13 is_stmt 0 view .LVU264
 715 0108 E568     		ldr	r5, [r4, #12]
 327:Drivers/STM32F2xx_HAL_Driver/Src/stm32f2xx_hal_gpio.c ****         EXTI->RTSR &= ~((uint32_t)iocurrent);
 716              		.loc 1 327 20 view .LVU265
 717 010a 25EA0E05 		bic	r5, r5, lr
 718 010e E560     		str	r5, [r4, #12]
 328:Drivers/STM32F2xx_HAL_Driver/Src/stm32f2xx_hal_gpio.c **** 
 719              		.loc 1 328 9 is_stmt 1 view .LVU266
 328:Drivers/STM32F2xx_HAL_Driver/Src/stm32f2xx_hal_gpio.c **** 
ARM GAS  /tmp/ccoJpKTI.s 			page 22


 720              		.loc 1 328 13 is_stmt 0 view .LVU267
 721 0110 A568     		ldr	r5, [r4, #8]
 328:Drivers/STM32F2xx_HAL_Driver/Src/stm32f2xx_hal_gpio.c **** 
 722              		.loc 1 328 20 view .LVU268
 723 0112 25EA0E05 		bic	r5, r5, lr
 724 0116 A560     		str	r5, [r4, #8]
 331:Drivers/STM32F2xx_HAL_Driver/Src/stm32f2xx_hal_gpio.c ****         SYSCFG->EXTICR[position >> 2u] &= ~tmp;
 725              		.loc 1 331 9 is_stmt 1 view .LVU269
 726              	.LVL58:
 332:Drivers/STM32F2xx_HAL_Driver/Src/stm32f2xx_hal_gpio.c ****       }
 727              		.loc 1 332 9 view .LVU270
 332:Drivers/STM32F2xx_HAL_Driver/Src/stm32f2xx_hal_gpio.c ****       }
 728              		.loc 1 332 23 is_stmt 0 view .LVU271
 729 0118 DFF814C0 		ldr	ip, .L51
 730 011c B41C     		adds	r4, r6, #2
 731 011e 5CF82450 		ldr	r5, [ip, r4, lsl #2]
 332:Drivers/STM32F2xx_HAL_Driver/Src/stm32f2xx_hal_gpio.c ****       }
 732              		.loc 1 332 40 view .LVU272
 733 0122 25EA0705 		bic	r5, r5, r7
 734 0126 4CF82450 		str	r5, [ip, r4, lsl #2]
 735 012a 77E7     		b	.L33
 736              	.LVL59:
 737              	.L49:
 353:Drivers/STM32F2xx_HAL_Driver/Src/stm32f2xx_hal_gpio.c ****   }
 354:Drivers/STM32F2xx_HAL_Driver/Src/stm32f2xx_hal_gpio.c **** }
 738              		.loc 1 354 1 view .LVU273
 739 012c F0BD     		pop	{r4, r5, r6, r7, pc}
 740              	.LVL60:
 741              	.L47:
 742              	.LCFI4:
 743              		.cfi_def_cfa_offset 0
 744              		.cfi_restore 4
 745              		.cfi_restore 5
 746              		.cfi_restore 6
 747              		.cfi_restore 7
 748              		.cfi_restore 14
 749              		.loc 1 354 1 view .LVU274
 750 012e 7047     		bx	lr
 751              	.L52:
 752              		.align	2
 753              	.L51:
 754 0130 00380140 		.word	1073821696
 755 0134 00000240 		.word	1073872896
 756 0138 003C0140 		.word	1073822720
 757              		.cfi_endproc
 758              	.LFE73:
 760              		.section	.text.HAL_GPIO_ReadPin,"ax",%progbits
 761              		.align	1
 762              		.global	HAL_GPIO_ReadPin
 763              		.syntax unified
 764              		.thumb
 765              		.thumb_func
 767              	HAL_GPIO_ReadPin:
 768              	.LVL61:
 769              	.LFB74:
 355:Drivers/STM32F2xx_HAL_Driver/Src/stm32f2xx_hal_gpio.c **** 
 356:Drivers/STM32F2xx_HAL_Driver/Src/stm32f2xx_hal_gpio.c **** /**
ARM GAS  /tmp/ccoJpKTI.s 			page 23


 357:Drivers/STM32F2xx_HAL_Driver/Src/stm32f2xx_hal_gpio.c ****   * @}
 358:Drivers/STM32F2xx_HAL_Driver/Src/stm32f2xx_hal_gpio.c ****   */
 359:Drivers/STM32F2xx_HAL_Driver/Src/stm32f2xx_hal_gpio.c **** 
 360:Drivers/STM32F2xx_HAL_Driver/Src/stm32f2xx_hal_gpio.c **** /** @defgroup GPIO_Exported_Functions_Group2 IO operation functions 
 361:Drivers/STM32F2xx_HAL_Driver/Src/stm32f2xx_hal_gpio.c ****  *  @brief   GPIO Read and Write
 362:Drivers/STM32F2xx_HAL_Driver/Src/stm32f2xx_hal_gpio.c ****  *
 363:Drivers/STM32F2xx_HAL_Driver/Src/stm32f2xx_hal_gpio.c **** @verbatim
 364:Drivers/STM32F2xx_HAL_Driver/Src/stm32f2xx_hal_gpio.c ****  ===============================================================================
 365:Drivers/STM32F2xx_HAL_Driver/Src/stm32f2xx_hal_gpio.c ****                        ##### IO operation functions #####
 366:Drivers/STM32F2xx_HAL_Driver/Src/stm32f2xx_hal_gpio.c ****  ===============================================================================
 367:Drivers/STM32F2xx_HAL_Driver/Src/stm32f2xx_hal_gpio.c **** 
 368:Drivers/STM32F2xx_HAL_Driver/Src/stm32f2xx_hal_gpio.c **** @endverbatim
 369:Drivers/STM32F2xx_HAL_Driver/Src/stm32f2xx_hal_gpio.c ****   * @{
 370:Drivers/STM32F2xx_HAL_Driver/Src/stm32f2xx_hal_gpio.c ****   */
 371:Drivers/STM32F2xx_HAL_Driver/Src/stm32f2xx_hal_gpio.c **** 
 372:Drivers/STM32F2xx_HAL_Driver/Src/stm32f2xx_hal_gpio.c **** /**
 373:Drivers/STM32F2xx_HAL_Driver/Src/stm32f2xx_hal_gpio.c ****   * @brief  Reads the specified input port pin.
 374:Drivers/STM32F2xx_HAL_Driver/Src/stm32f2xx_hal_gpio.c ****   * @param  GPIOx where x can be (A..I) to select the GPIO peripheral. 
 375:Drivers/STM32F2xx_HAL_Driver/Src/stm32f2xx_hal_gpio.c ****   * @param  GPIO_Pin specifies the port bit to read.
 376:Drivers/STM32F2xx_HAL_Driver/Src/stm32f2xx_hal_gpio.c ****   *         This parameter can be GPIO_PIN_x where x can be (0..15).
 377:Drivers/STM32F2xx_HAL_Driver/Src/stm32f2xx_hal_gpio.c ****   * @retval The input port pin value.
 378:Drivers/STM32F2xx_HAL_Driver/Src/stm32f2xx_hal_gpio.c ****   */
 379:Drivers/STM32F2xx_HAL_Driver/Src/stm32f2xx_hal_gpio.c **** GPIO_PinState HAL_GPIO_ReadPin(GPIO_TypeDef* GPIOx, uint16_t GPIO_Pin)
 380:Drivers/STM32F2xx_HAL_Driver/Src/stm32f2xx_hal_gpio.c **** {
 770              		.loc 1 380 1 is_stmt 1 view -0
 771              		.cfi_startproc
 772              		@ args = 0, pretend = 0, frame = 0
 773              		@ frame_needed = 0, uses_anonymous_args = 0
 774              		@ link register save eliminated.
 381:Drivers/STM32F2xx_HAL_Driver/Src/stm32f2xx_hal_gpio.c ****   GPIO_PinState bitstatus;
 775              		.loc 1 381 3 view .LVU276
 382:Drivers/STM32F2xx_HAL_Driver/Src/stm32f2xx_hal_gpio.c **** 
 383:Drivers/STM32F2xx_HAL_Driver/Src/stm32f2xx_hal_gpio.c ****   /* Check the parameters */
 384:Drivers/STM32F2xx_HAL_Driver/Src/stm32f2xx_hal_gpio.c ****   assert_param(IS_GPIO_PIN(GPIO_Pin));
 776              		.loc 1 384 3 view .LVU277
 385:Drivers/STM32F2xx_HAL_Driver/Src/stm32f2xx_hal_gpio.c **** 
 386:Drivers/STM32F2xx_HAL_Driver/Src/stm32f2xx_hal_gpio.c ****   if((GPIOx->IDR & GPIO_Pin) != (uint32_t)GPIO_PIN_RESET)
 777              		.loc 1 386 3 view .LVU278
 778              		.loc 1 386 12 is_stmt 0 view .LVU279
 779 0000 0369     		ldr	r3, [r0, #16]
 780              		.loc 1 386 5 view .LVU280
 781 0002 1942     		tst	r1, r3
 782 0004 01D0     		beq	.L55
 387:Drivers/STM32F2xx_HAL_Driver/Src/stm32f2xx_hal_gpio.c ****   {
 388:Drivers/STM32F2xx_HAL_Driver/Src/stm32f2xx_hal_gpio.c ****     bitstatus = GPIO_PIN_SET;
 783              		.loc 1 388 15 view .LVU281
 784 0006 0120     		movs	r0, #1
 785              	.LVL62:
 786              		.loc 1 388 15 view .LVU282
 787 0008 7047     		bx	lr
 788              	.LVL63:
 789              	.L55:
 389:Drivers/STM32F2xx_HAL_Driver/Src/stm32f2xx_hal_gpio.c ****   }
 390:Drivers/STM32F2xx_HAL_Driver/Src/stm32f2xx_hal_gpio.c ****   else
 391:Drivers/STM32F2xx_HAL_Driver/Src/stm32f2xx_hal_gpio.c ****   {
 392:Drivers/STM32F2xx_HAL_Driver/Src/stm32f2xx_hal_gpio.c ****     bitstatus = GPIO_PIN_RESET;
 790              		.loc 1 392 15 view .LVU283
ARM GAS  /tmp/ccoJpKTI.s 			page 24


 791 000a 0020     		movs	r0, #0
 792              	.LVL64:
 393:Drivers/STM32F2xx_HAL_Driver/Src/stm32f2xx_hal_gpio.c ****   }
 394:Drivers/STM32F2xx_HAL_Driver/Src/stm32f2xx_hal_gpio.c ****   return bitstatus;
 793              		.loc 1 394 3 is_stmt 1 view .LVU284
 395:Drivers/STM32F2xx_HAL_Driver/Src/stm32f2xx_hal_gpio.c **** }
 794              		.loc 1 395 1 is_stmt 0 view .LVU285
 795 000c 7047     		bx	lr
 796              		.cfi_endproc
 797              	.LFE74:
 799              		.section	.text.HAL_GPIO_WritePin,"ax",%progbits
 800              		.align	1
 801              		.global	HAL_GPIO_WritePin
 802              		.syntax unified
 803              		.thumb
 804              		.thumb_func
 806              	HAL_GPIO_WritePin:
 807              	.LVL65:
 808              	.LFB75:
 396:Drivers/STM32F2xx_HAL_Driver/Src/stm32f2xx_hal_gpio.c **** 
 397:Drivers/STM32F2xx_HAL_Driver/Src/stm32f2xx_hal_gpio.c **** /**
 398:Drivers/STM32F2xx_HAL_Driver/Src/stm32f2xx_hal_gpio.c ****   * @brief  Sets or clears the selected data port bit.
 399:Drivers/STM32F2xx_HAL_Driver/Src/stm32f2xx_hal_gpio.c ****   *
 400:Drivers/STM32F2xx_HAL_Driver/Src/stm32f2xx_hal_gpio.c ****   * @note   This function uses GPIOx_BSRR register to allow atomic read/modify
 401:Drivers/STM32F2xx_HAL_Driver/Src/stm32f2xx_hal_gpio.c ****   *         accesses. In this way, there is no risk of an IRQ occurring between
 402:Drivers/STM32F2xx_HAL_Driver/Src/stm32f2xx_hal_gpio.c ****   *         the read and the modify access.
 403:Drivers/STM32F2xx_HAL_Driver/Src/stm32f2xx_hal_gpio.c ****   *
 404:Drivers/STM32F2xx_HAL_Driver/Src/stm32f2xx_hal_gpio.c ****   * @param  GPIOx where x can be (A..I) to select the GPIO peripheral for all STM32F2XX devices
 405:Drivers/STM32F2xx_HAL_Driver/Src/stm32f2xx_hal_gpio.c ****   * @param  GPIO_Pin specifies the port bit to be written.
 406:Drivers/STM32F2xx_HAL_Driver/Src/stm32f2xx_hal_gpio.c ****   *          This parameter can be one of GPIO_PIN_x where x can be (0..15).
 407:Drivers/STM32F2xx_HAL_Driver/Src/stm32f2xx_hal_gpio.c ****   * @param  PinState specifies the value to be written to the selected bit.
 408:Drivers/STM32F2xx_HAL_Driver/Src/stm32f2xx_hal_gpio.c ****   *          This parameter can be one of the GPIO_PinState enum values:
 409:Drivers/STM32F2xx_HAL_Driver/Src/stm32f2xx_hal_gpio.c ****   *            @arg GPIO_PIN_RESET: to clear the port pin
 410:Drivers/STM32F2xx_HAL_Driver/Src/stm32f2xx_hal_gpio.c ****   *            @arg GPIO_PIN_SET: to set the port pin
 411:Drivers/STM32F2xx_HAL_Driver/Src/stm32f2xx_hal_gpio.c ****   * @retval None
 412:Drivers/STM32F2xx_HAL_Driver/Src/stm32f2xx_hal_gpio.c ****   */
 413:Drivers/STM32F2xx_HAL_Driver/Src/stm32f2xx_hal_gpio.c **** void HAL_GPIO_WritePin(GPIO_TypeDef* GPIOx, uint16_t GPIO_Pin, GPIO_PinState PinState)
 414:Drivers/STM32F2xx_HAL_Driver/Src/stm32f2xx_hal_gpio.c **** {
 809              		.loc 1 414 1 is_stmt 1 view -0
 810              		.cfi_startproc
 811              		@ args = 0, pretend = 0, frame = 0
 812              		@ frame_needed = 0, uses_anonymous_args = 0
 813              		@ link register save eliminated.
 415:Drivers/STM32F2xx_HAL_Driver/Src/stm32f2xx_hal_gpio.c ****   /* Check the parameters */
 416:Drivers/STM32F2xx_HAL_Driver/Src/stm32f2xx_hal_gpio.c ****   assert_param(IS_GPIO_PIN(GPIO_Pin));
 814              		.loc 1 416 3 view .LVU287
 417:Drivers/STM32F2xx_HAL_Driver/Src/stm32f2xx_hal_gpio.c ****   assert_param(IS_GPIO_PIN_ACTION(PinState));
 815              		.loc 1 417 3 view .LVU288
 418:Drivers/STM32F2xx_HAL_Driver/Src/stm32f2xx_hal_gpio.c **** 
 419:Drivers/STM32F2xx_HAL_Driver/Src/stm32f2xx_hal_gpio.c ****   if(PinState != GPIO_PIN_RESET)
 816              		.loc 1 419 3 view .LVU289
 817              		.loc 1 419 5 is_stmt 0 view .LVU290
 818 0000 0AB1     		cbz	r2, .L57
 420:Drivers/STM32F2xx_HAL_Driver/Src/stm32f2xx_hal_gpio.c ****   {
 421:Drivers/STM32F2xx_HAL_Driver/Src/stm32f2xx_hal_gpio.c ****     GPIOx->BSRR = GPIO_Pin;
 819              		.loc 1 421 5 is_stmt 1 view .LVU291
 820              		.loc 1 421 17 is_stmt 0 view .LVU292
ARM GAS  /tmp/ccoJpKTI.s 			page 25


 821 0002 8161     		str	r1, [r0, #24]
 822 0004 7047     		bx	lr
 823              	.L57:
 422:Drivers/STM32F2xx_HAL_Driver/Src/stm32f2xx_hal_gpio.c ****   }
 423:Drivers/STM32F2xx_HAL_Driver/Src/stm32f2xx_hal_gpio.c ****   else
 424:Drivers/STM32F2xx_HAL_Driver/Src/stm32f2xx_hal_gpio.c ****   {
 425:Drivers/STM32F2xx_HAL_Driver/Src/stm32f2xx_hal_gpio.c ****     GPIOx->BSRR = (uint32_t)GPIO_Pin << 16U;
 824              		.loc 1 425 5 is_stmt 1 view .LVU293
 825              		.loc 1 425 38 is_stmt 0 view .LVU294
 826 0006 0904     		lsls	r1, r1, #16
 827              	.LVL66:
 828              		.loc 1 425 17 view .LVU295
 829 0008 8161     		str	r1, [r0, #24]
 426:Drivers/STM32F2xx_HAL_Driver/Src/stm32f2xx_hal_gpio.c ****   }
 427:Drivers/STM32F2xx_HAL_Driver/Src/stm32f2xx_hal_gpio.c **** }
 830              		.loc 1 427 1 view .LVU296
 831 000a 7047     		bx	lr
 832              		.cfi_endproc
 833              	.LFE75:
 835              		.section	.text.HAL_GPIO_TogglePin,"ax",%progbits
 836              		.align	1
 837              		.global	HAL_GPIO_TogglePin
 838              		.syntax unified
 839              		.thumb
 840              		.thumb_func
 842              	HAL_GPIO_TogglePin:
 843              	.LVL67:
 844              	.LFB76:
 428:Drivers/STM32F2xx_HAL_Driver/Src/stm32f2xx_hal_gpio.c **** 
 429:Drivers/STM32F2xx_HAL_Driver/Src/stm32f2xx_hal_gpio.c **** /**
 430:Drivers/STM32F2xx_HAL_Driver/Src/stm32f2xx_hal_gpio.c ****   * @brief  Toggles the specified GPIO pins.
 431:Drivers/STM32F2xx_HAL_Driver/Src/stm32f2xx_hal_gpio.c ****   * @param  GPIOx where x can be (A..I) to select the GPIO peripheral. 
 432:Drivers/STM32F2xx_HAL_Driver/Src/stm32f2xx_hal_gpio.c ****   * @param  GPIO_Pin Specifies the pins to be toggled.
 433:Drivers/STM32F2xx_HAL_Driver/Src/stm32f2xx_hal_gpio.c ****   * @retval None
 434:Drivers/STM32F2xx_HAL_Driver/Src/stm32f2xx_hal_gpio.c ****   */
 435:Drivers/STM32F2xx_HAL_Driver/Src/stm32f2xx_hal_gpio.c **** void HAL_GPIO_TogglePin(GPIO_TypeDef* GPIOx, uint16_t GPIO_Pin)
 436:Drivers/STM32F2xx_HAL_Driver/Src/stm32f2xx_hal_gpio.c **** {
 845              		.loc 1 436 1 is_stmt 1 view -0
 846              		.cfi_startproc
 847              		@ args = 0, pretend = 0, frame = 0
 848              		@ frame_needed = 0, uses_anonymous_args = 0
 849              		@ link register save eliminated.
 437:Drivers/STM32F2xx_HAL_Driver/Src/stm32f2xx_hal_gpio.c ****   uint32_t odr;
 850              		.loc 1 437 3 view .LVU298
 438:Drivers/STM32F2xx_HAL_Driver/Src/stm32f2xx_hal_gpio.c **** 
 439:Drivers/STM32F2xx_HAL_Driver/Src/stm32f2xx_hal_gpio.c ****   /* Check the parameters */
 440:Drivers/STM32F2xx_HAL_Driver/Src/stm32f2xx_hal_gpio.c ****   assert_param(IS_GPIO_PIN(GPIO_Pin));
 851              		.loc 1 440 3 view .LVU299
 441:Drivers/STM32F2xx_HAL_Driver/Src/stm32f2xx_hal_gpio.c **** 
 442:Drivers/STM32F2xx_HAL_Driver/Src/stm32f2xx_hal_gpio.c ****   /* get current Output Data Register value */
 443:Drivers/STM32F2xx_HAL_Driver/Src/stm32f2xx_hal_gpio.c ****   odr = GPIOx->ODR;
 852              		.loc 1 443 3 view .LVU300
 853              		.loc 1 443 7 is_stmt 0 view .LVU301
 854 0000 4369     		ldr	r3, [r0, #20]
 855              	.LVL68:
 444:Drivers/STM32F2xx_HAL_Driver/Src/stm32f2xx_hal_gpio.c **** 
 445:Drivers/STM32F2xx_HAL_Driver/Src/stm32f2xx_hal_gpio.c ****   /* Set selected pins that were at low level, and reset ones that were high */
ARM GAS  /tmp/ccoJpKTI.s 			page 26


 446:Drivers/STM32F2xx_HAL_Driver/Src/stm32f2xx_hal_gpio.c ****   GPIOx->BSRR = ((odr & GPIO_Pin) << GPIO_NUMBER) | (~odr & GPIO_Pin);
 856              		.loc 1 446 3 is_stmt 1 view .LVU302
 857              		.loc 1 446 23 is_stmt 0 view .LVU303
 858 0002 01EA0302 		and	r2, r1, r3
 859              		.loc 1 446 59 view .LVU304
 860 0006 21EA0301 		bic	r1, r1, r3
 861              	.LVL69:
 862              		.loc 1 446 51 view .LVU305
 863 000a 41EA0241 		orr	r1, r1, r2, lsl #16
 864              		.loc 1 446 15 view .LVU306
 865 000e 8161     		str	r1, [r0, #24]
 447:Drivers/STM32F2xx_HAL_Driver/Src/stm32f2xx_hal_gpio.c **** }
 866              		.loc 1 447 1 view .LVU307
 867 0010 7047     		bx	lr
 868              		.cfi_endproc
 869              	.LFE76:
 871              		.section	.text.HAL_GPIO_LockPin,"ax",%progbits
 872              		.align	1
 873              		.global	HAL_GPIO_LockPin
 874              		.syntax unified
 875              		.thumb
 876              		.thumb_func
 878              	HAL_GPIO_LockPin:
 879              	.LVL70:
 880              	.LFB77:
 448:Drivers/STM32F2xx_HAL_Driver/Src/stm32f2xx_hal_gpio.c **** 
 449:Drivers/STM32F2xx_HAL_Driver/Src/stm32f2xx_hal_gpio.c **** /**
 450:Drivers/STM32F2xx_HAL_Driver/Src/stm32f2xx_hal_gpio.c ****   * @brief  Locks GPIO Pins configuration registers.
 451:Drivers/STM32F2xx_HAL_Driver/Src/stm32f2xx_hal_gpio.c ****   * @note   The locked registers are GPIOx_MODER, GPIOx_OTYPER, GPIOx_OSPEEDR,
 452:Drivers/STM32F2xx_HAL_Driver/Src/stm32f2xx_hal_gpio.c ****   *         GPIOx_PUPDR, GPIOx_AFRL and GPIOx_AFRH.
 453:Drivers/STM32F2xx_HAL_Driver/Src/stm32f2xx_hal_gpio.c ****   * @note   The configuration of the locked GPIO pins can no longer be modified
 454:Drivers/STM32F2xx_HAL_Driver/Src/stm32f2xx_hal_gpio.c ****   *         until the next reset.
 455:Drivers/STM32F2xx_HAL_Driver/Src/stm32f2xx_hal_gpio.c ****   * @param  GPIOx where x can be (A..I) to select the GPIO peripheral for STM32F2XX family
 456:Drivers/STM32F2xx_HAL_Driver/Src/stm32f2xx_hal_gpio.c ****   * @param  GPIO_Pin specifies the port bit to be locked.
 457:Drivers/STM32F2xx_HAL_Driver/Src/stm32f2xx_hal_gpio.c ****   *         This parameter can be any combination of GPIO_PIN_x where x can be (0..15).
 458:Drivers/STM32F2xx_HAL_Driver/Src/stm32f2xx_hal_gpio.c ****   * @retval None
 459:Drivers/STM32F2xx_HAL_Driver/Src/stm32f2xx_hal_gpio.c ****   */
 460:Drivers/STM32F2xx_HAL_Driver/Src/stm32f2xx_hal_gpio.c **** HAL_StatusTypeDef HAL_GPIO_LockPin(GPIO_TypeDef* GPIOx, uint16_t GPIO_Pin)
 461:Drivers/STM32F2xx_HAL_Driver/Src/stm32f2xx_hal_gpio.c **** {
 881              		.loc 1 461 1 is_stmt 1 view -0
 882              		.cfi_startproc
 883              		@ args = 0, pretend = 0, frame = 8
 884              		@ frame_needed = 0, uses_anonymous_args = 0
 885              		@ link register save eliminated.
 886              		.loc 1 461 1 is_stmt 0 view .LVU309
 887 0000 82B0     		sub	sp, sp, #8
 888              	.LCFI5:
 889              		.cfi_def_cfa_offset 8
 462:Drivers/STM32F2xx_HAL_Driver/Src/stm32f2xx_hal_gpio.c ****   __IO uint32_t tmp = GPIO_LCKR_LCKK;
 890              		.loc 1 462 3 is_stmt 1 view .LVU310
 891              		.loc 1 462 17 is_stmt 0 view .LVU311
 892 0002 4FF48033 		mov	r3, #65536
 893 0006 0193     		str	r3, [sp, #4]
 463:Drivers/STM32F2xx_HAL_Driver/Src/stm32f2xx_hal_gpio.c **** 
 464:Drivers/STM32F2xx_HAL_Driver/Src/stm32f2xx_hal_gpio.c ****   /* Check the parameters */
 465:Drivers/STM32F2xx_HAL_Driver/Src/stm32f2xx_hal_gpio.c ****   assert_param(IS_GPIO_PIN(GPIO_Pin));
 894              		.loc 1 465 3 is_stmt 1 view .LVU312
ARM GAS  /tmp/ccoJpKTI.s 			page 27


 466:Drivers/STM32F2xx_HAL_Driver/Src/stm32f2xx_hal_gpio.c **** 
 467:Drivers/STM32F2xx_HAL_Driver/Src/stm32f2xx_hal_gpio.c ****   /* Apply lock key write sequence */
 468:Drivers/STM32F2xx_HAL_Driver/Src/stm32f2xx_hal_gpio.c ****   tmp |= GPIO_Pin;
 895              		.loc 1 468 3 view .LVU313
 896              		.loc 1 468 7 is_stmt 0 view .LVU314
 897 0008 019B     		ldr	r3, [sp, #4]
 898 000a 0B43     		orrs	r3, r3, r1
 899 000c 0193     		str	r3, [sp, #4]
 469:Drivers/STM32F2xx_HAL_Driver/Src/stm32f2xx_hal_gpio.c ****   /* Set LCKx bit(s): LCKK='1' + LCK[15-0] */
 470:Drivers/STM32F2xx_HAL_Driver/Src/stm32f2xx_hal_gpio.c ****   GPIOx->LCKR = tmp;
 900              		.loc 1 470 3 is_stmt 1 view .LVU315
 901              		.loc 1 470 15 is_stmt 0 view .LVU316
 902 000e 019B     		ldr	r3, [sp, #4]
 903 0010 C361     		str	r3, [r0, #28]
 471:Drivers/STM32F2xx_HAL_Driver/Src/stm32f2xx_hal_gpio.c ****   /* Reset LCKx bit(s): LCKK='0' + LCK[15-0] */
 472:Drivers/STM32F2xx_HAL_Driver/Src/stm32f2xx_hal_gpio.c ****   GPIOx->LCKR = GPIO_Pin;
 904              		.loc 1 472 3 is_stmt 1 view .LVU317
 905              		.loc 1 472 15 is_stmt 0 view .LVU318
 906 0012 C161     		str	r1, [r0, #28]
 473:Drivers/STM32F2xx_HAL_Driver/Src/stm32f2xx_hal_gpio.c ****   /* Set LCKx bit(s): LCKK='1' + LCK[15-0] */
 474:Drivers/STM32F2xx_HAL_Driver/Src/stm32f2xx_hal_gpio.c ****   GPIOx->LCKR = tmp;
 907              		.loc 1 474 3 is_stmt 1 view .LVU319
 908              		.loc 1 474 15 is_stmt 0 view .LVU320
 909 0014 019B     		ldr	r3, [sp, #4]
 910 0016 C361     		str	r3, [r0, #28]
 475:Drivers/STM32F2xx_HAL_Driver/Src/stm32f2xx_hal_gpio.c ****   /* Read LCKK register. This read is mandatory to complete key lock sequence */
 476:Drivers/STM32F2xx_HAL_Driver/Src/stm32f2xx_hal_gpio.c ****   tmp = GPIOx->LCKR;
 911              		.loc 1 476 3 is_stmt 1 view .LVU321
 912              		.loc 1 476 14 is_stmt 0 view .LVU322
 913 0018 C369     		ldr	r3, [r0, #28]
 914              		.loc 1 476 7 view .LVU323
 915 001a 0193     		str	r3, [sp, #4]
 477:Drivers/STM32F2xx_HAL_Driver/Src/stm32f2xx_hal_gpio.c **** 
 478:Drivers/STM32F2xx_HAL_Driver/Src/stm32f2xx_hal_gpio.c ****   /* read again in order to confirm lock is active */
 479:Drivers/STM32F2xx_HAL_Driver/Src/stm32f2xx_hal_gpio.c ****  if((GPIOx->LCKR & GPIO_LCKR_LCKK) != 0x00u)
 916              		.loc 1 479 2 is_stmt 1 view .LVU324
 917              		.loc 1 479 11 is_stmt 0 view .LVU325
 918 001c C369     		ldr	r3, [r0, #28]
 919              		.loc 1 479 4 view .LVU326
 920 001e 13F4803F 		tst	r3, #65536
 921 0022 02D0     		beq	.L62
 480:Drivers/STM32F2xx_HAL_Driver/Src/stm32f2xx_hal_gpio.c ****   {
 481:Drivers/STM32F2xx_HAL_Driver/Src/stm32f2xx_hal_gpio.c ****     return HAL_OK;
 922              		.loc 1 481 12 view .LVU327
 923 0024 0020     		movs	r0, #0
 924              	.LVL71:
 925              	.L61:
 482:Drivers/STM32F2xx_HAL_Driver/Src/stm32f2xx_hal_gpio.c ****   }
 483:Drivers/STM32F2xx_HAL_Driver/Src/stm32f2xx_hal_gpio.c ****   else
 484:Drivers/STM32F2xx_HAL_Driver/Src/stm32f2xx_hal_gpio.c ****   {
 485:Drivers/STM32F2xx_HAL_Driver/Src/stm32f2xx_hal_gpio.c ****     return HAL_ERROR;
 486:Drivers/STM32F2xx_HAL_Driver/Src/stm32f2xx_hal_gpio.c ****   }
 487:Drivers/STM32F2xx_HAL_Driver/Src/stm32f2xx_hal_gpio.c **** }
 926              		.loc 1 487 1 view .LVU328
 927 0026 02B0     		add	sp, sp, #8
 928              	.LCFI6:
 929              		.cfi_remember_state
ARM GAS  /tmp/ccoJpKTI.s 			page 28


 930              		.cfi_def_cfa_offset 0
 931              		@ sp needed
 932 0028 7047     		bx	lr
 933              	.LVL72:
 934              	.L62:
 935              	.LCFI7:
 936              		.cfi_restore_state
 485:Drivers/STM32F2xx_HAL_Driver/Src/stm32f2xx_hal_gpio.c ****   }
 937              		.loc 1 485 12 view .LVU329
 938 002a 0120     		movs	r0, #1
 939              	.LVL73:
 485:Drivers/STM32F2xx_HAL_Driver/Src/stm32f2xx_hal_gpio.c ****   }
 940              		.loc 1 485 12 view .LVU330
 941 002c FBE7     		b	.L61
 942              		.cfi_endproc
 943              	.LFE77:
 945              		.section	.text.HAL_GPIO_EXTI_Callback,"ax",%progbits
 946              		.align	1
 947              		.weak	HAL_GPIO_EXTI_Callback
 948              		.syntax unified
 949              		.thumb
 950              		.thumb_func
 952              	HAL_GPIO_EXTI_Callback:
 953              	.LVL74:
 954              	.LFB79:
 488:Drivers/STM32F2xx_HAL_Driver/Src/stm32f2xx_hal_gpio.c **** 
 489:Drivers/STM32F2xx_HAL_Driver/Src/stm32f2xx_hal_gpio.c **** /**
 490:Drivers/STM32F2xx_HAL_Driver/Src/stm32f2xx_hal_gpio.c ****   * @brief  This function handles EXTI interrupt request.
 491:Drivers/STM32F2xx_HAL_Driver/Src/stm32f2xx_hal_gpio.c ****   * @param  GPIO_Pin Specifies the pins connected EXTI line
 492:Drivers/STM32F2xx_HAL_Driver/Src/stm32f2xx_hal_gpio.c ****   * @retval None
 493:Drivers/STM32F2xx_HAL_Driver/Src/stm32f2xx_hal_gpio.c ****   */
 494:Drivers/STM32F2xx_HAL_Driver/Src/stm32f2xx_hal_gpio.c **** void HAL_GPIO_EXTI_IRQHandler(uint16_t GPIO_Pin)
 495:Drivers/STM32F2xx_HAL_Driver/Src/stm32f2xx_hal_gpio.c **** {
 496:Drivers/STM32F2xx_HAL_Driver/Src/stm32f2xx_hal_gpio.c ****   /* EXTI line interrupt detected */
 497:Drivers/STM32F2xx_HAL_Driver/Src/stm32f2xx_hal_gpio.c ****   if(__HAL_GPIO_EXTI_GET_IT(GPIO_Pin) != 0x00u)
 498:Drivers/STM32F2xx_HAL_Driver/Src/stm32f2xx_hal_gpio.c ****   {
 499:Drivers/STM32F2xx_HAL_Driver/Src/stm32f2xx_hal_gpio.c ****     __HAL_GPIO_EXTI_CLEAR_IT(GPIO_Pin);
 500:Drivers/STM32F2xx_HAL_Driver/Src/stm32f2xx_hal_gpio.c ****     HAL_GPIO_EXTI_Callback(GPIO_Pin);
 501:Drivers/STM32F2xx_HAL_Driver/Src/stm32f2xx_hal_gpio.c ****   }
 502:Drivers/STM32F2xx_HAL_Driver/Src/stm32f2xx_hal_gpio.c **** }
 503:Drivers/STM32F2xx_HAL_Driver/Src/stm32f2xx_hal_gpio.c **** 
 504:Drivers/STM32F2xx_HAL_Driver/Src/stm32f2xx_hal_gpio.c **** /**
 505:Drivers/STM32F2xx_HAL_Driver/Src/stm32f2xx_hal_gpio.c ****   * @brief  EXTI line detection callbacks.
 506:Drivers/STM32F2xx_HAL_Driver/Src/stm32f2xx_hal_gpio.c ****   * @param  GPIO_Pin Specifies the pins connected EXTI line
 507:Drivers/STM32F2xx_HAL_Driver/Src/stm32f2xx_hal_gpio.c ****   * @retval None
 508:Drivers/STM32F2xx_HAL_Driver/Src/stm32f2xx_hal_gpio.c ****   */
 509:Drivers/STM32F2xx_HAL_Driver/Src/stm32f2xx_hal_gpio.c **** __weak void HAL_GPIO_EXTI_Callback(uint16_t GPIO_Pin)
 510:Drivers/STM32F2xx_HAL_Driver/Src/stm32f2xx_hal_gpio.c **** {
 955              		.loc 1 510 1 is_stmt 1 view -0
 956              		.cfi_startproc
 957              		@ args = 0, pretend = 0, frame = 0
 958              		@ frame_needed = 0, uses_anonymous_args = 0
 959              		@ link register save eliminated.
 511:Drivers/STM32F2xx_HAL_Driver/Src/stm32f2xx_hal_gpio.c ****   /* Prevent unused argument(s) compilation warning */
 512:Drivers/STM32F2xx_HAL_Driver/Src/stm32f2xx_hal_gpio.c ****   UNUSED(GPIO_Pin);
 960              		.loc 1 512 3 view .LVU332
 513:Drivers/STM32F2xx_HAL_Driver/Src/stm32f2xx_hal_gpio.c ****   /* NOTE: This function Should not be modified, when the callback is needed,
ARM GAS  /tmp/ccoJpKTI.s 			page 29


 514:Drivers/STM32F2xx_HAL_Driver/Src/stm32f2xx_hal_gpio.c ****            the HAL_GPIO_EXTI_Callback could be implemented in the user file
 515:Drivers/STM32F2xx_HAL_Driver/Src/stm32f2xx_hal_gpio.c ****    */
 516:Drivers/STM32F2xx_HAL_Driver/Src/stm32f2xx_hal_gpio.c **** }
 961              		.loc 1 516 1 is_stmt 0 view .LVU333
 962 0000 7047     		bx	lr
 963              		.cfi_endproc
 964              	.LFE79:
 966              		.section	.text.HAL_GPIO_EXTI_IRQHandler,"ax",%progbits
 967              		.align	1
 968              		.global	HAL_GPIO_EXTI_IRQHandler
 969              		.syntax unified
 970              		.thumb
 971              		.thumb_func
 973              	HAL_GPIO_EXTI_IRQHandler:
 974              	.LVL75:
 975              	.LFB78:
 495:Drivers/STM32F2xx_HAL_Driver/Src/stm32f2xx_hal_gpio.c ****   /* EXTI line interrupt detected */
 976              		.loc 1 495 1 is_stmt 1 view -0
 977              		.cfi_startproc
 978              		@ args = 0, pretend = 0, frame = 0
 979              		@ frame_needed = 0, uses_anonymous_args = 0
 495:Drivers/STM32F2xx_HAL_Driver/Src/stm32f2xx_hal_gpio.c ****   /* EXTI line interrupt detected */
 980              		.loc 1 495 1 is_stmt 0 view .LVU335
 981 0000 08B5     		push	{r3, lr}
 982              	.LCFI8:
 983              		.cfi_def_cfa_offset 8
 984              		.cfi_offset 3, -8
 985              		.cfi_offset 14, -4
 497:Drivers/STM32F2xx_HAL_Driver/Src/stm32f2xx_hal_gpio.c ****   {
 986              		.loc 1 497 3 is_stmt 1 view .LVU336
 497:Drivers/STM32F2xx_HAL_Driver/Src/stm32f2xx_hal_gpio.c ****   {
 987              		.loc 1 497 6 is_stmt 0 view .LVU337
 988 0002 054B     		ldr	r3, .L69
 989 0004 5B69     		ldr	r3, [r3, #20]
 497:Drivers/STM32F2xx_HAL_Driver/Src/stm32f2xx_hal_gpio.c ****   {
 990              		.loc 1 497 5 view .LVU338
 991 0006 0342     		tst	r3, r0
 992 0008 00D1     		bne	.L68
 993              	.LVL76:
 994              	.L65:
 502:Drivers/STM32F2xx_HAL_Driver/Src/stm32f2xx_hal_gpio.c **** 
 995              		.loc 1 502 1 view .LVU339
 996 000a 08BD     		pop	{r3, pc}
 997              	.LVL77:
 998              	.L68:
 499:Drivers/STM32F2xx_HAL_Driver/Src/stm32f2xx_hal_gpio.c ****     HAL_GPIO_EXTI_Callback(GPIO_Pin);
 999              		.loc 1 499 5 is_stmt 1 view .LVU340
 1000 000c 024B     		ldr	r3, .L69
 1001 000e 5861     		str	r0, [r3, #20]
 500:Drivers/STM32F2xx_HAL_Driver/Src/stm32f2xx_hal_gpio.c ****   }
 1002              		.loc 1 500 5 view .LVU341
 1003 0010 FFF7FEFF 		bl	HAL_GPIO_EXTI_Callback
 1004              	.LVL78:
 502:Drivers/STM32F2xx_HAL_Driver/Src/stm32f2xx_hal_gpio.c **** 
 1005              		.loc 1 502 1 is_stmt 0 view .LVU342
 1006 0014 F9E7     		b	.L65
 1007              	.L70:
ARM GAS  /tmp/ccoJpKTI.s 			page 30


 1008 0016 00BF     		.align	2
 1009              	.L69:
 1010 0018 003C0140 		.word	1073822720
 1011              		.cfi_endproc
 1012              	.LFE78:
 1014              		.text
 1015              	.Letext0:
 1016              		.file 2 "/home/sru/.local/xPacks/arm-none-eabi-gcc/xpack-arm-none-eabi-gcc-14.2.1-1.1/arm-none-eab
 1017              		.file 3 "/home/sru/.local/xPacks/arm-none-eabi-gcc/xpack-arm-none-eabi-gcc-14.2.1-1.1/arm-none-eab
 1018              		.file 4 "Drivers/CMSIS/Device/ST/STM32F2xx/Include/stm32f207xx.h"
 1019              		.file 5 "Drivers/STM32F2xx_HAL_Driver/Inc/stm32f2xx_hal_def.h"
 1020              		.file 6 "Drivers/STM32F2xx_HAL_Driver/Inc/stm32f2xx_hal_gpio.h"
ARM GAS  /tmp/ccoJpKTI.s 			page 31


DEFINED SYMBOLS
                            *ABS*:00000000 stm32f2xx_hal_gpio.c
     /tmp/ccoJpKTI.s:19     .text.HAL_GPIO_Init:00000000 $t
     /tmp/ccoJpKTI.s:25     .text.HAL_GPIO_Init:00000000 HAL_GPIO_Init
     /tmp/ccoJpKTI.s:482    .text.HAL_GPIO_Init:000001f8 $d
     /tmp/ccoJpKTI.s:490    .text.HAL_GPIO_DeInit:00000000 $t
     /tmp/ccoJpKTI.s:496    .text.HAL_GPIO_DeInit:00000000 HAL_GPIO_DeInit
     /tmp/ccoJpKTI.s:754    .text.HAL_GPIO_DeInit:00000130 $d
     /tmp/ccoJpKTI.s:761    .text.HAL_GPIO_ReadPin:00000000 $t
     /tmp/ccoJpKTI.s:767    .text.HAL_GPIO_ReadPin:00000000 HAL_GPIO_ReadPin
     /tmp/ccoJpKTI.s:800    .text.HAL_GPIO_WritePin:00000000 $t
     /tmp/ccoJpKTI.s:806    .text.HAL_GPIO_WritePin:00000000 HAL_GPIO_WritePin
     /tmp/ccoJpKTI.s:836    .text.HAL_GPIO_TogglePin:00000000 $t
     /tmp/ccoJpKTI.s:842    .text.HAL_GPIO_TogglePin:00000000 HAL_GPIO_TogglePin
     /tmp/ccoJpKTI.s:872    .text.HAL_GPIO_LockPin:00000000 $t
     /tmp/ccoJpKTI.s:878    .text.HAL_GPIO_LockPin:00000000 HAL_GPIO_LockPin
     /tmp/ccoJpKTI.s:946    .text.HAL_GPIO_EXTI_Callback:00000000 $t
     /tmp/ccoJpKTI.s:952    .text.HAL_GPIO_EXTI_Callback:00000000 HAL_GPIO_EXTI_Callback
     /tmp/ccoJpKTI.s:967    .text.HAL_GPIO_EXTI_IRQHandler:00000000 $t
     /tmp/ccoJpKTI.s:973    .text.HAL_GPIO_EXTI_IRQHandler:00000000 HAL_GPIO_EXTI_IRQHandler
     /tmp/ccoJpKTI.s:1010   .text.HAL_GPIO_EXTI_IRQHandler:00000018 $d

NO UNDEFINED SYMBOLS
