ARM GAS  /tmp/ccML3nZz.s 			page 1


   1              		.cpu cortex-m3
   2              		.arch armv7-m
   3              		.fpu softvfp
   4              		.eabi_attribute 20, 1
   5              		.eabi_attribute 21, 1
   6              		.eabi_attribute 23, 3
   7              		.eabi_attribute 24, 1
   8              		.eabi_attribute 25, 1
   9              		.eabi_attribute 26, 1
  10              		.eabi_attribute 30, 1
  11              		.eabi_attribute 34, 1
  12              		.eabi_attribute 18, 4
  13              		.file	"stm32f2xx_hal_flash.c"
  14              		.text
  15              	.Ltext0:
  16              		.cfi_sections	.debug_frame
  17              		.file 1 "Drivers/STM32F2xx_HAL_Driver/Src/stm32f2xx_hal_flash.c"
  18              		.section	.text.FLASH_Program_DoubleWord,"ax",%progbits
  19              		.align	1
  20              		.syntax unified
  21              		.thumb
  22              		.thumb_func
  24              	FLASH_Program_DoubleWord:
  25              	.LVL0:
  26              	.LFB84:
   1:Drivers/STM32F2xx_HAL_Driver/Src/stm32f2xx_hal_flash.c **** /**
   2:Drivers/STM32F2xx_HAL_Driver/Src/stm32f2xx_hal_flash.c ****   ******************************************************************************
   3:Drivers/STM32F2xx_HAL_Driver/Src/stm32f2xx_hal_flash.c ****   * @file    stm32f2xx_hal_flash.c
   4:Drivers/STM32F2xx_HAL_Driver/Src/stm32f2xx_hal_flash.c ****   * @author  MCD Application Team
   5:Drivers/STM32F2xx_HAL_Driver/Src/stm32f2xx_hal_flash.c ****   * @brief   FLASH HAL module driver.
   6:Drivers/STM32F2xx_HAL_Driver/Src/stm32f2xx_hal_flash.c ****   *          This file provides firmware functions to manage the following 
   7:Drivers/STM32F2xx_HAL_Driver/Src/stm32f2xx_hal_flash.c ****   *          functionalities of the internal FLASH memory:
   8:Drivers/STM32F2xx_HAL_Driver/Src/stm32f2xx_hal_flash.c ****   *           + Program operations functions
   9:Drivers/STM32F2xx_HAL_Driver/Src/stm32f2xx_hal_flash.c ****   *           + Memory Control functions 
  10:Drivers/STM32F2xx_HAL_Driver/Src/stm32f2xx_hal_flash.c ****   *           + Peripheral Errors functions
  11:Drivers/STM32F2xx_HAL_Driver/Src/stm32f2xx_hal_flash.c ****   *         
  12:Drivers/STM32F2xx_HAL_Driver/Src/stm32f2xx_hal_flash.c ****   ******************************************************************************
  13:Drivers/STM32F2xx_HAL_Driver/Src/stm32f2xx_hal_flash.c ****   * @attention
  14:Drivers/STM32F2xx_HAL_Driver/Src/stm32f2xx_hal_flash.c ****   *
  15:Drivers/STM32F2xx_HAL_Driver/Src/stm32f2xx_hal_flash.c ****   * Copyright (c) 2017 STMicroelectronics.
  16:Drivers/STM32F2xx_HAL_Driver/Src/stm32f2xx_hal_flash.c ****   * All rights reserved.
  17:Drivers/STM32F2xx_HAL_Driver/Src/stm32f2xx_hal_flash.c ****   *
  18:Drivers/STM32F2xx_HAL_Driver/Src/stm32f2xx_hal_flash.c ****   * This software is licensed under terms that can be found in the LICENSE file in
  19:Drivers/STM32F2xx_HAL_Driver/Src/stm32f2xx_hal_flash.c ****   * the root directory of this software component.
  20:Drivers/STM32F2xx_HAL_Driver/Src/stm32f2xx_hal_flash.c ****   * If no LICENSE file comes with this software, it is provided AS-IS.
  21:Drivers/STM32F2xx_HAL_Driver/Src/stm32f2xx_hal_flash.c ****   *
  22:Drivers/STM32F2xx_HAL_Driver/Src/stm32f2xx_hal_flash.c ****   ******************************************************************************
  23:Drivers/STM32F2xx_HAL_Driver/Src/stm32f2xx_hal_flash.c ****   @verbatim
  24:Drivers/STM32F2xx_HAL_Driver/Src/stm32f2xx_hal_flash.c ****   ==============================================================================
  25:Drivers/STM32F2xx_HAL_Driver/Src/stm32f2xx_hal_flash.c ****                         ##### FLASH peripheral features #####
  26:Drivers/STM32F2xx_HAL_Driver/Src/stm32f2xx_hal_flash.c ****   ==============================================================================
  27:Drivers/STM32F2xx_HAL_Driver/Src/stm32f2xx_hal_flash.c ****            
  28:Drivers/STM32F2xx_HAL_Driver/Src/stm32f2xx_hal_flash.c ****   [..] The Flash memory interface manages CPU AHB I-Code and D-Code accesses 
  29:Drivers/STM32F2xx_HAL_Driver/Src/stm32f2xx_hal_flash.c ****        to the Flash memory. It implements the erase and program Flash memory operations 
  30:Drivers/STM32F2xx_HAL_Driver/Src/stm32f2xx_hal_flash.c ****        and the read and write protection mechanisms.
  31:Drivers/STM32F2xx_HAL_Driver/Src/stm32f2xx_hal_flash.c ****       
  32:Drivers/STM32F2xx_HAL_Driver/Src/stm32f2xx_hal_flash.c ****   [..] The Flash memory interface accelerates code execution with a system of instruction
ARM GAS  /tmp/ccML3nZz.s 			page 2


  33:Drivers/STM32F2xx_HAL_Driver/Src/stm32f2xx_hal_flash.c ****        prefetch and cache lines. 
  34:Drivers/STM32F2xx_HAL_Driver/Src/stm32f2xx_hal_flash.c **** 
  35:Drivers/STM32F2xx_HAL_Driver/Src/stm32f2xx_hal_flash.c ****   [..] The FLASH main features are:
  36:Drivers/STM32F2xx_HAL_Driver/Src/stm32f2xx_hal_flash.c ****       (+) Flash memory read operations
  37:Drivers/STM32F2xx_HAL_Driver/Src/stm32f2xx_hal_flash.c ****       (+) Flash memory program/erase operations
  38:Drivers/STM32F2xx_HAL_Driver/Src/stm32f2xx_hal_flash.c ****       (+) Read / write protections
  39:Drivers/STM32F2xx_HAL_Driver/Src/stm32f2xx_hal_flash.c ****       (+) Prefetch on I-Code
  40:Drivers/STM32F2xx_HAL_Driver/Src/stm32f2xx_hal_flash.c ****       (+) 64 cache lines of 128 bits on I-Code
  41:Drivers/STM32F2xx_HAL_Driver/Src/stm32f2xx_hal_flash.c ****       (+) 8 cache lines of 128 bits on D-Code
  42:Drivers/STM32F2xx_HAL_Driver/Src/stm32f2xx_hal_flash.c ****       
  43:Drivers/STM32F2xx_HAL_Driver/Src/stm32f2xx_hal_flash.c ****       
  44:Drivers/STM32F2xx_HAL_Driver/Src/stm32f2xx_hal_flash.c ****                      ##### How to use this driver #####
  45:Drivers/STM32F2xx_HAL_Driver/Src/stm32f2xx_hal_flash.c ****   ==============================================================================
  46:Drivers/STM32F2xx_HAL_Driver/Src/stm32f2xx_hal_flash.c ****     [..]                             
  47:Drivers/STM32F2xx_HAL_Driver/Src/stm32f2xx_hal_flash.c ****       This driver provides functions and macros to configure and program the FLASH 
  48:Drivers/STM32F2xx_HAL_Driver/Src/stm32f2xx_hal_flash.c ****       memory of all STM32F2xx devices.
  49:Drivers/STM32F2xx_HAL_Driver/Src/stm32f2xx_hal_flash.c ****     
  50:Drivers/STM32F2xx_HAL_Driver/Src/stm32f2xx_hal_flash.c ****       (#) FLASH Memory IO Programming functions: 
  51:Drivers/STM32F2xx_HAL_Driver/Src/stm32f2xx_hal_flash.c ****            (++) Lock and Unlock the FLASH interface using HAL_FLASH_Unlock() and 
  52:Drivers/STM32F2xx_HAL_Driver/Src/stm32f2xx_hal_flash.c ****                 HAL_FLASH_Lock() functions
  53:Drivers/STM32F2xx_HAL_Driver/Src/stm32f2xx_hal_flash.c ****            (++) Program functions: byte, half word, word and double word
  54:Drivers/STM32F2xx_HAL_Driver/Src/stm32f2xx_hal_flash.c ****            (++) There Two modes of programming :
  55:Drivers/STM32F2xx_HAL_Driver/Src/stm32f2xx_hal_flash.c ****             (+++) Polling mode using HAL_FLASH_Program() function
  56:Drivers/STM32F2xx_HAL_Driver/Src/stm32f2xx_hal_flash.c ****             (+++) Interrupt mode using HAL_FLASH_Program_IT() function
  57:Drivers/STM32F2xx_HAL_Driver/Src/stm32f2xx_hal_flash.c ****     
  58:Drivers/STM32F2xx_HAL_Driver/Src/stm32f2xx_hal_flash.c ****       (#) Interrupts and flags management functions : 
  59:Drivers/STM32F2xx_HAL_Driver/Src/stm32f2xx_hal_flash.c ****            (++) Handle FLASH interrupts by calling HAL_FLASH_IRQHandler()
  60:Drivers/STM32F2xx_HAL_Driver/Src/stm32f2xx_hal_flash.c ****            (++) Wait for last FLASH operation according to its status
  61:Drivers/STM32F2xx_HAL_Driver/Src/stm32f2xx_hal_flash.c ****            (++) Get error flag status by calling HAL_SetErrorCode()          
  62:Drivers/STM32F2xx_HAL_Driver/Src/stm32f2xx_hal_flash.c **** 
  63:Drivers/STM32F2xx_HAL_Driver/Src/stm32f2xx_hal_flash.c ****     [..] 
  64:Drivers/STM32F2xx_HAL_Driver/Src/stm32f2xx_hal_flash.c ****       In addition to these functions, this driver includes a set of macros allowing
  65:Drivers/STM32F2xx_HAL_Driver/Src/stm32f2xx_hal_flash.c ****       to handle the following operations:
  66:Drivers/STM32F2xx_HAL_Driver/Src/stm32f2xx_hal_flash.c ****        (+) Set the latency
  67:Drivers/STM32F2xx_HAL_Driver/Src/stm32f2xx_hal_flash.c ****        (+) Enable/Disable the prefetch buffer
  68:Drivers/STM32F2xx_HAL_Driver/Src/stm32f2xx_hal_flash.c ****        (+) Enable/Disable the Instruction cache and the Data cache
  69:Drivers/STM32F2xx_HAL_Driver/Src/stm32f2xx_hal_flash.c ****        (+) Reset the Instruction cache and the Data cache
  70:Drivers/STM32F2xx_HAL_Driver/Src/stm32f2xx_hal_flash.c ****        (+) Enable/Disable the FLASH interrupts
  71:Drivers/STM32F2xx_HAL_Driver/Src/stm32f2xx_hal_flash.c ****        (+) Monitor the FLASH flags status
  72:Drivers/STM32F2xx_HAL_Driver/Src/stm32f2xx_hal_flash.c ****           
  73:Drivers/STM32F2xx_HAL_Driver/Src/stm32f2xx_hal_flash.c ****   @endverbatim
  74:Drivers/STM32F2xx_HAL_Driver/Src/stm32f2xx_hal_flash.c ****   ******************************************************************************
  75:Drivers/STM32F2xx_HAL_Driver/Src/stm32f2xx_hal_flash.c ****   */
  76:Drivers/STM32F2xx_HAL_Driver/Src/stm32f2xx_hal_flash.c **** 
  77:Drivers/STM32F2xx_HAL_Driver/Src/stm32f2xx_hal_flash.c **** /* Includes ------------------------------------------------------------------*/
  78:Drivers/STM32F2xx_HAL_Driver/Src/stm32f2xx_hal_flash.c **** #include "stm32f2xx_hal.h"
  79:Drivers/STM32F2xx_HAL_Driver/Src/stm32f2xx_hal_flash.c **** 
  80:Drivers/STM32F2xx_HAL_Driver/Src/stm32f2xx_hal_flash.c **** /** @addtogroup STM32F2xx_HAL_Driver
  81:Drivers/STM32F2xx_HAL_Driver/Src/stm32f2xx_hal_flash.c ****   * @{
  82:Drivers/STM32F2xx_HAL_Driver/Src/stm32f2xx_hal_flash.c ****   */
  83:Drivers/STM32F2xx_HAL_Driver/Src/stm32f2xx_hal_flash.c **** 
  84:Drivers/STM32F2xx_HAL_Driver/Src/stm32f2xx_hal_flash.c **** /** @defgroup FLASH FLASH
  85:Drivers/STM32F2xx_HAL_Driver/Src/stm32f2xx_hal_flash.c ****   * @brief FLASH HAL module driver
  86:Drivers/STM32F2xx_HAL_Driver/Src/stm32f2xx_hal_flash.c ****   * @{
  87:Drivers/STM32F2xx_HAL_Driver/Src/stm32f2xx_hal_flash.c ****   */
  88:Drivers/STM32F2xx_HAL_Driver/Src/stm32f2xx_hal_flash.c **** 
  89:Drivers/STM32F2xx_HAL_Driver/Src/stm32f2xx_hal_flash.c **** #ifdef HAL_FLASH_MODULE_ENABLED
ARM GAS  /tmp/ccML3nZz.s 			page 3


  90:Drivers/STM32F2xx_HAL_Driver/Src/stm32f2xx_hal_flash.c **** 
  91:Drivers/STM32F2xx_HAL_Driver/Src/stm32f2xx_hal_flash.c **** /* Private typedef -----------------------------------------------------------*/
  92:Drivers/STM32F2xx_HAL_Driver/Src/stm32f2xx_hal_flash.c **** /* Private define ------------------------------------------------------------*/
  93:Drivers/STM32F2xx_HAL_Driver/Src/stm32f2xx_hal_flash.c **** /** @addtogroup FLASH_Private_Constants
  94:Drivers/STM32F2xx_HAL_Driver/Src/stm32f2xx_hal_flash.c ****   * @{
  95:Drivers/STM32F2xx_HAL_Driver/Src/stm32f2xx_hal_flash.c ****   */
  96:Drivers/STM32F2xx_HAL_Driver/Src/stm32f2xx_hal_flash.c **** #define FLASH_TIMEOUT_VALUE       50000U   /* 50 s */
  97:Drivers/STM32F2xx_HAL_Driver/Src/stm32f2xx_hal_flash.c **** /**
  98:Drivers/STM32F2xx_HAL_Driver/Src/stm32f2xx_hal_flash.c ****   * @}
  99:Drivers/STM32F2xx_HAL_Driver/Src/stm32f2xx_hal_flash.c ****   */         
 100:Drivers/STM32F2xx_HAL_Driver/Src/stm32f2xx_hal_flash.c **** /* Private macro -------------------------------------------------------------*/
 101:Drivers/STM32F2xx_HAL_Driver/Src/stm32f2xx_hal_flash.c **** /* Private variables ---------------------------------------------------------*/
 102:Drivers/STM32F2xx_HAL_Driver/Src/stm32f2xx_hal_flash.c **** /** @addtogroup FLASH_Private_Variables
 103:Drivers/STM32F2xx_HAL_Driver/Src/stm32f2xx_hal_flash.c ****   * @{
 104:Drivers/STM32F2xx_HAL_Driver/Src/stm32f2xx_hal_flash.c ****   */
 105:Drivers/STM32F2xx_HAL_Driver/Src/stm32f2xx_hal_flash.c **** /* Variable used for Erase sectors under interruption */
 106:Drivers/STM32F2xx_HAL_Driver/Src/stm32f2xx_hal_flash.c **** FLASH_ProcessTypeDef pFlash;
 107:Drivers/STM32F2xx_HAL_Driver/Src/stm32f2xx_hal_flash.c **** /**
 108:Drivers/STM32F2xx_HAL_Driver/Src/stm32f2xx_hal_flash.c ****   * @}
 109:Drivers/STM32F2xx_HAL_Driver/Src/stm32f2xx_hal_flash.c ****   */
 110:Drivers/STM32F2xx_HAL_Driver/Src/stm32f2xx_hal_flash.c **** 
 111:Drivers/STM32F2xx_HAL_Driver/Src/stm32f2xx_hal_flash.c **** /* Private function prototypes -----------------------------------------------*/
 112:Drivers/STM32F2xx_HAL_Driver/Src/stm32f2xx_hal_flash.c **** /** @addtogroup FLASH_Private_Functions
 113:Drivers/STM32F2xx_HAL_Driver/Src/stm32f2xx_hal_flash.c ****   * @{
 114:Drivers/STM32F2xx_HAL_Driver/Src/stm32f2xx_hal_flash.c ****   */
 115:Drivers/STM32F2xx_HAL_Driver/Src/stm32f2xx_hal_flash.c **** /* Program operations */
 116:Drivers/STM32F2xx_HAL_Driver/Src/stm32f2xx_hal_flash.c **** static void   FLASH_Program_DoubleWord(uint32_t Address, uint64_t Data);
 117:Drivers/STM32F2xx_HAL_Driver/Src/stm32f2xx_hal_flash.c **** static void   FLASH_Program_Word(uint32_t Address, uint32_t Data);
 118:Drivers/STM32F2xx_HAL_Driver/Src/stm32f2xx_hal_flash.c **** static void   FLASH_Program_HalfWord(uint32_t Address, uint16_t Data);
 119:Drivers/STM32F2xx_HAL_Driver/Src/stm32f2xx_hal_flash.c **** static void   FLASH_Program_Byte(uint32_t Address, uint8_t Data);
 120:Drivers/STM32F2xx_HAL_Driver/Src/stm32f2xx_hal_flash.c **** static void   FLASH_SetErrorCode(void);
 121:Drivers/STM32F2xx_HAL_Driver/Src/stm32f2xx_hal_flash.c **** extern void   FLASH_FlushCaches(void);
 122:Drivers/STM32F2xx_HAL_Driver/Src/stm32f2xx_hal_flash.c **** 
 123:Drivers/STM32F2xx_HAL_Driver/Src/stm32f2xx_hal_flash.c **** HAL_StatusTypeDef FLASH_WaitForLastOperation(uint32_t Timeout);
 124:Drivers/STM32F2xx_HAL_Driver/Src/stm32f2xx_hal_flash.c **** /**
 125:Drivers/STM32F2xx_HAL_Driver/Src/stm32f2xx_hal_flash.c ****   * @}
 126:Drivers/STM32F2xx_HAL_Driver/Src/stm32f2xx_hal_flash.c ****   */
 127:Drivers/STM32F2xx_HAL_Driver/Src/stm32f2xx_hal_flash.c **** 
 128:Drivers/STM32F2xx_HAL_Driver/Src/stm32f2xx_hal_flash.c **** /* Exported functions --------------------------------------------------------*/
 129:Drivers/STM32F2xx_HAL_Driver/Src/stm32f2xx_hal_flash.c **** /** @defgroup FLASH_Exported_Functions FLASH Exported Functions
 130:Drivers/STM32F2xx_HAL_Driver/Src/stm32f2xx_hal_flash.c ****   * @{
 131:Drivers/STM32F2xx_HAL_Driver/Src/stm32f2xx_hal_flash.c ****   */
 132:Drivers/STM32F2xx_HAL_Driver/Src/stm32f2xx_hal_flash.c ****   
 133:Drivers/STM32F2xx_HAL_Driver/Src/stm32f2xx_hal_flash.c **** /** @defgroup FLASH_Exported_Functions_Group1 Programming operation functions 
 134:Drivers/STM32F2xx_HAL_Driver/Src/stm32f2xx_hal_flash.c ****  *  @brief   Programming operation functions 
 135:Drivers/STM32F2xx_HAL_Driver/Src/stm32f2xx_hal_flash.c ****  *
 136:Drivers/STM32F2xx_HAL_Driver/Src/stm32f2xx_hal_flash.c **** @verbatim   
 137:Drivers/STM32F2xx_HAL_Driver/Src/stm32f2xx_hal_flash.c ****  ===============================================================================
 138:Drivers/STM32F2xx_HAL_Driver/Src/stm32f2xx_hal_flash.c ****                   ##### Programming operation functions #####
 139:Drivers/STM32F2xx_HAL_Driver/Src/stm32f2xx_hal_flash.c ****  ===============================================================================  
 140:Drivers/STM32F2xx_HAL_Driver/Src/stm32f2xx_hal_flash.c ****     [..]
 141:Drivers/STM32F2xx_HAL_Driver/Src/stm32f2xx_hal_flash.c ****     This subsection provides a set of functions allowing to manage the FLASH 
 142:Drivers/STM32F2xx_HAL_Driver/Src/stm32f2xx_hal_flash.c ****     program operations.
 143:Drivers/STM32F2xx_HAL_Driver/Src/stm32f2xx_hal_flash.c **** 
 144:Drivers/STM32F2xx_HAL_Driver/Src/stm32f2xx_hal_flash.c **** @endverbatim
 145:Drivers/STM32F2xx_HAL_Driver/Src/stm32f2xx_hal_flash.c ****   * @{
 146:Drivers/STM32F2xx_HAL_Driver/Src/stm32f2xx_hal_flash.c ****   */
ARM GAS  /tmp/ccML3nZz.s 			page 4


 147:Drivers/STM32F2xx_HAL_Driver/Src/stm32f2xx_hal_flash.c **** 
 148:Drivers/STM32F2xx_HAL_Driver/Src/stm32f2xx_hal_flash.c **** /**
 149:Drivers/STM32F2xx_HAL_Driver/Src/stm32f2xx_hal_flash.c ****   * @brief  Program byte, halfword, word or double word at a specified address
 150:Drivers/STM32F2xx_HAL_Driver/Src/stm32f2xx_hal_flash.c ****   * @param  TypeProgram  Indicate the way to program at a specified address.
 151:Drivers/STM32F2xx_HAL_Driver/Src/stm32f2xx_hal_flash.c ****   *                           This parameter can be a value of @ref FLASH_Type_Program
 152:Drivers/STM32F2xx_HAL_Driver/Src/stm32f2xx_hal_flash.c ****   * @param  Address  specifies the address to be programmed.
 153:Drivers/STM32F2xx_HAL_Driver/Src/stm32f2xx_hal_flash.c ****   * @param  Data specifies the data to be programmed
 154:Drivers/STM32F2xx_HAL_Driver/Src/stm32f2xx_hal_flash.c ****   * 
 155:Drivers/STM32F2xx_HAL_Driver/Src/stm32f2xx_hal_flash.c ****   * @retval HAL_StatusTypeDef HAL Status
 156:Drivers/STM32F2xx_HAL_Driver/Src/stm32f2xx_hal_flash.c ****   */
 157:Drivers/STM32F2xx_HAL_Driver/Src/stm32f2xx_hal_flash.c **** HAL_StatusTypeDef HAL_FLASH_Program(uint32_t TypeProgram, uint32_t Address, uint64_t Data)
 158:Drivers/STM32F2xx_HAL_Driver/Src/stm32f2xx_hal_flash.c **** {
 159:Drivers/STM32F2xx_HAL_Driver/Src/stm32f2xx_hal_flash.c ****   HAL_StatusTypeDef status = HAL_ERROR;
 160:Drivers/STM32F2xx_HAL_Driver/Src/stm32f2xx_hal_flash.c ****   
 161:Drivers/STM32F2xx_HAL_Driver/Src/stm32f2xx_hal_flash.c ****   /* Process Locked */
 162:Drivers/STM32F2xx_HAL_Driver/Src/stm32f2xx_hal_flash.c ****   __HAL_LOCK(&pFlash);
 163:Drivers/STM32F2xx_HAL_Driver/Src/stm32f2xx_hal_flash.c ****   
 164:Drivers/STM32F2xx_HAL_Driver/Src/stm32f2xx_hal_flash.c ****   /* Check the parameters */
 165:Drivers/STM32F2xx_HAL_Driver/Src/stm32f2xx_hal_flash.c ****   assert_param(IS_FLASH_TYPEPROGRAM(TypeProgram));
 166:Drivers/STM32F2xx_HAL_Driver/Src/stm32f2xx_hal_flash.c ****   
 167:Drivers/STM32F2xx_HAL_Driver/Src/stm32f2xx_hal_flash.c ****   /* Wait for last operation to be completed */
 168:Drivers/STM32F2xx_HAL_Driver/Src/stm32f2xx_hal_flash.c ****   status = FLASH_WaitForLastOperation((uint32_t)FLASH_TIMEOUT_VALUE);
 169:Drivers/STM32F2xx_HAL_Driver/Src/stm32f2xx_hal_flash.c ****   
 170:Drivers/STM32F2xx_HAL_Driver/Src/stm32f2xx_hal_flash.c ****   if(status == HAL_OK)
 171:Drivers/STM32F2xx_HAL_Driver/Src/stm32f2xx_hal_flash.c ****   {
 172:Drivers/STM32F2xx_HAL_Driver/Src/stm32f2xx_hal_flash.c ****     if(TypeProgram == FLASH_TYPEPROGRAM_BYTE)
 173:Drivers/STM32F2xx_HAL_Driver/Src/stm32f2xx_hal_flash.c ****     {
 174:Drivers/STM32F2xx_HAL_Driver/Src/stm32f2xx_hal_flash.c ****       /*Program byte (8-bit) at a specified address.*/
 175:Drivers/STM32F2xx_HAL_Driver/Src/stm32f2xx_hal_flash.c ****       FLASH_Program_Byte(Address, (uint8_t) Data);
 176:Drivers/STM32F2xx_HAL_Driver/Src/stm32f2xx_hal_flash.c ****     }
 177:Drivers/STM32F2xx_HAL_Driver/Src/stm32f2xx_hal_flash.c ****     else if(TypeProgram == FLASH_TYPEPROGRAM_HALFWORD)
 178:Drivers/STM32F2xx_HAL_Driver/Src/stm32f2xx_hal_flash.c ****     {
 179:Drivers/STM32F2xx_HAL_Driver/Src/stm32f2xx_hal_flash.c ****       /*Program halfword (16-bit) at a specified address.*/
 180:Drivers/STM32F2xx_HAL_Driver/Src/stm32f2xx_hal_flash.c ****       FLASH_Program_HalfWord(Address, (uint16_t) Data);
 181:Drivers/STM32F2xx_HAL_Driver/Src/stm32f2xx_hal_flash.c ****     }
 182:Drivers/STM32F2xx_HAL_Driver/Src/stm32f2xx_hal_flash.c ****     else if(TypeProgram == FLASH_TYPEPROGRAM_WORD)
 183:Drivers/STM32F2xx_HAL_Driver/Src/stm32f2xx_hal_flash.c ****     {
 184:Drivers/STM32F2xx_HAL_Driver/Src/stm32f2xx_hal_flash.c ****       /*Program word (32-bit) at a specified address.*/
 185:Drivers/STM32F2xx_HAL_Driver/Src/stm32f2xx_hal_flash.c ****       FLASH_Program_Word(Address, (uint32_t) Data);
 186:Drivers/STM32F2xx_HAL_Driver/Src/stm32f2xx_hal_flash.c ****     }
 187:Drivers/STM32F2xx_HAL_Driver/Src/stm32f2xx_hal_flash.c ****     else
 188:Drivers/STM32F2xx_HAL_Driver/Src/stm32f2xx_hal_flash.c ****     {
 189:Drivers/STM32F2xx_HAL_Driver/Src/stm32f2xx_hal_flash.c ****       /*Program double word (64-bit) at a specified address.*/
 190:Drivers/STM32F2xx_HAL_Driver/Src/stm32f2xx_hal_flash.c ****       FLASH_Program_DoubleWord(Address, Data);
 191:Drivers/STM32F2xx_HAL_Driver/Src/stm32f2xx_hal_flash.c ****     }
 192:Drivers/STM32F2xx_HAL_Driver/Src/stm32f2xx_hal_flash.c ****     
 193:Drivers/STM32F2xx_HAL_Driver/Src/stm32f2xx_hal_flash.c ****     /* Wait for last operation to be completed */
 194:Drivers/STM32F2xx_HAL_Driver/Src/stm32f2xx_hal_flash.c ****     status = FLASH_WaitForLastOperation((uint32_t)FLASH_TIMEOUT_VALUE);
 195:Drivers/STM32F2xx_HAL_Driver/Src/stm32f2xx_hal_flash.c ****     
 196:Drivers/STM32F2xx_HAL_Driver/Src/stm32f2xx_hal_flash.c ****     /* If the program operation is completed, disable the PG Bit */
 197:Drivers/STM32F2xx_HAL_Driver/Src/stm32f2xx_hal_flash.c ****     FLASH->CR &= (~FLASH_CR_PG);  
 198:Drivers/STM32F2xx_HAL_Driver/Src/stm32f2xx_hal_flash.c ****   }
 199:Drivers/STM32F2xx_HAL_Driver/Src/stm32f2xx_hal_flash.c ****   
 200:Drivers/STM32F2xx_HAL_Driver/Src/stm32f2xx_hal_flash.c ****   /* Process Unlocked */
 201:Drivers/STM32F2xx_HAL_Driver/Src/stm32f2xx_hal_flash.c ****   __HAL_UNLOCK(&pFlash);
 202:Drivers/STM32F2xx_HAL_Driver/Src/stm32f2xx_hal_flash.c ****   
 203:Drivers/STM32F2xx_HAL_Driver/Src/stm32f2xx_hal_flash.c ****   return status;
ARM GAS  /tmp/ccML3nZz.s 			page 5


 204:Drivers/STM32F2xx_HAL_Driver/Src/stm32f2xx_hal_flash.c **** }
 205:Drivers/STM32F2xx_HAL_Driver/Src/stm32f2xx_hal_flash.c **** 
 206:Drivers/STM32F2xx_HAL_Driver/Src/stm32f2xx_hal_flash.c **** /**
 207:Drivers/STM32F2xx_HAL_Driver/Src/stm32f2xx_hal_flash.c ****   * @brief   Program byte, halfword, word or double word at a specified address  with interrupt ena
 208:Drivers/STM32F2xx_HAL_Driver/Src/stm32f2xx_hal_flash.c ****   * @param  TypeProgram  Indicate the way to program at a specified address.
 209:Drivers/STM32F2xx_HAL_Driver/Src/stm32f2xx_hal_flash.c ****   *                           This parameter can be a value of @ref FLASH_Type_Program
 210:Drivers/STM32F2xx_HAL_Driver/Src/stm32f2xx_hal_flash.c ****   * @param  Address  specifies the address to be programmed.
 211:Drivers/STM32F2xx_HAL_Driver/Src/stm32f2xx_hal_flash.c ****   * @param  Data specifies the data to be programmed
 212:Drivers/STM32F2xx_HAL_Driver/Src/stm32f2xx_hal_flash.c ****   * 
 213:Drivers/STM32F2xx_HAL_Driver/Src/stm32f2xx_hal_flash.c ****   * @retval HAL Status
 214:Drivers/STM32F2xx_HAL_Driver/Src/stm32f2xx_hal_flash.c ****   */
 215:Drivers/STM32F2xx_HAL_Driver/Src/stm32f2xx_hal_flash.c **** HAL_StatusTypeDef HAL_FLASH_Program_IT(uint32_t TypeProgram, uint32_t Address, uint64_t Data)
 216:Drivers/STM32F2xx_HAL_Driver/Src/stm32f2xx_hal_flash.c **** {
 217:Drivers/STM32F2xx_HAL_Driver/Src/stm32f2xx_hal_flash.c ****   HAL_StatusTypeDef status = HAL_OK;
 218:Drivers/STM32F2xx_HAL_Driver/Src/stm32f2xx_hal_flash.c **** 
 219:Drivers/STM32F2xx_HAL_Driver/Src/stm32f2xx_hal_flash.c ****   /* Check the parameters */
 220:Drivers/STM32F2xx_HAL_Driver/Src/stm32f2xx_hal_flash.c ****   assert_param(IS_FLASH_TYPEPROGRAM(TypeProgram));
 221:Drivers/STM32F2xx_HAL_Driver/Src/stm32f2xx_hal_flash.c **** 
 222:Drivers/STM32F2xx_HAL_Driver/Src/stm32f2xx_hal_flash.c ****   /* Enable End of FLASH Operation interrupt */
 223:Drivers/STM32F2xx_HAL_Driver/Src/stm32f2xx_hal_flash.c ****   __HAL_FLASH_ENABLE_IT(FLASH_IT_EOP);
 224:Drivers/STM32F2xx_HAL_Driver/Src/stm32f2xx_hal_flash.c ****   
 225:Drivers/STM32F2xx_HAL_Driver/Src/stm32f2xx_hal_flash.c ****   /* Enable Error source interrupt */
 226:Drivers/STM32F2xx_HAL_Driver/Src/stm32f2xx_hal_flash.c ****   __HAL_FLASH_ENABLE_IT(FLASH_IT_ERR);
 227:Drivers/STM32F2xx_HAL_Driver/Src/stm32f2xx_hal_flash.c **** 
 228:Drivers/STM32F2xx_HAL_Driver/Src/stm32f2xx_hal_flash.c ****   pFlash.ProcedureOnGoing = FLASH_PROC_PROGRAM;
 229:Drivers/STM32F2xx_HAL_Driver/Src/stm32f2xx_hal_flash.c ****   pFlash.Address = Address;
 230:Drivers/STM32F2xx_HAL_Driver/Src/stm32f2xx_hal_flash.c **** 
 231:Drivers/STM32F2xx_HAL_Driver/Src/stm32f2xx_hal_flash.c ****   if(TypeProgram == FLASH_TYPEPROGRAM_BYTE)
 232:Drivers/STM32F2xx_HAL_Driver/Src/stm32f2xx_hal_flash.c ****   {
 233:Drivers/STM32F2xx_HAL_Driver/Src/stm32f2xx_hal_flash.c ****     /*Program byte (8-bit) at a specified address.*/
 234:Drivers/STM32F2xx_HAL_Driver/Src/stm32f2xx_hal_flash.c ****       FLASH_Program_Byte(Address, (uint8_t) Data);
 235:Drivers/STM32F2xx_HAL_Driver/Src/stm32f2xx_hal_flash.c ****   }
 236:Drivers/STM32F2xx_HAL_Driver/Src/stm32f2xx_hal_flash.c ****   else if(TypeProgram == FLASH_TYPEPROGRAM_HALFWORD)
 237:Drivers/STM32F2xx_HAL_Driver/Src/stm32f2xx_hal_flash.c ****   {
 238:Drivers/STM32F2xx_HAL_Driver/Src/stm32f2xx_hal_flash.c ****     /*Program halfword (16-bit) at a specified address.*/
 239:Drivers/STM32F2xx_HAL_Driver/Src/stm32f2xx_hal_flash.c ****     FLASH_Program_HalfWord(Address, (uint16_t) Data);
 240:Drivers/STM32F2xx_HAL_Driver/Src/stm32f2xx_hal_flash.c ****   }
 241:Drivers/STM32F2xx_HAL_Driver/Src/stm32f2xx_hal_flash.c ****   else if(TypeProgram == FLASH_TYPEPROGRAM_WORD)
 242:Drivers/STM32F2xx_HAL_Driver/Src/stm32f2xx_hal_flash.c ****   {
 243:Drivers/STM32F2xx_HAL_Driver/Src/stm32f2xx_hal_flash.c ****     /*Program word (32-bit) at a specified address.*/
 244:Drivers/STM32F2xx_HAL_Driver/Src/stm32f2xx_hal_flash.c ****     FLASH_Program_Word(Address, (uint32_t) Data);
 245:Drivers/STM32F2xx_HAL_Driver/Src/stm32f2xx_hal_flash.c ****   }
 246:Drivers/STM32F2xx_HAL_Driver/Src/stm32f2xx_hal_flash.c ****   else
 247:Drivers/STM32F2xx_HAL_Driver/Src/stm32f2xx_hal_flash.c ****   {
 248:Drivers/STM32F2xx_HAL_Driver/Src/stm32f2xx_hal_flash.c ****     /*Program double word (64-bit) at a specified address.*/
 249:Drivers/STM32F2xx_HAL_Driver/Src/stm32f2xx_hal_flash.c ****     FLASH_Program_DoubleWord(Address, Data);
 250:Drivers/STM32F2xx_HAL_Driver/Src/stm32f2xx_hal_flash.c ****   }
 251:Drivers/STM32F2xx_HAL_Driver/Src/stm32f2xx_hal_flash.c **** 
 252:Drivers/STM32F2xx_HAL_Driver/Src/stm32f2xx_hal_flash.c ****   return status;
 253:Drivers/STM32F2xx_HAL_Driver/Src/stm32f2xx_hal_flash.c **** }
 254:Drivers/STM32F2xx_HAL_Driver/Src/stm32f2xx_hal_flash.c **** 
 255:Drivers/STM32F2xx_HAL_Driver/Src/stm32f2xx_hal_flash.c **** /**
 256:Drivers/STM32F2xx_HAL_Driver/Src/stm32f2xx_hal_flash.c ****   * @brief This function handles FLASH interrupt request.
 257:Drivers/STM32F2xx_HAL_Driver/Src/stm32f2xx_hal_flash.c ****   * @retval None
 258:Drivers/STM32F2xx_HAL_Driver/Src/stm32f2xx_hal_flash.c ****   */
 259:Drivers/STM32F2xx_HAL_Driver/Src/stm32f2xx_hal_flash.c **** void HAL_FLASH_IRQHandler(void)
 260:Drivers/STM32F2xx_HAL_Driver/Src/stm32f2xx_hal_flash.c **** {
ARM GAS  /tmp/ccML3nZz.s 			page 6


 261:Drivers/STM32F2xx_HAL_Driver/Src/stm32f2xx_hal_flash.c ****   uint32_t addresstmp = 0U;
 262:Drivers/STM32F2xx_HAL_Driver/Src/stm32f2xx_hal_flash.c ****   
 263:Drivers/STM32F2xx_HAL_Driver/Src/stm32f2xx_hal_flash.c ****   /* Check FLASH operation error flags */
 264:Drivers/STM32F2xx_HAL_Driver/Src/stm32f2xx_hal_flash.c ****   if(__HAL_FLASH_GET_FLAG((FLASH_FLAG_OPERR | FLASH_FLAG_WRPERR | FLASH_FLAG_PGAERR | \
 265:Drivers/STM32F2xx_HAL_Driver/Src/stm32f2xx_hal_flash.c ****     FLASH_FLAG_PGPERR | FLASH_FLAG_PGSERR )) != RESET)
 266:Drivers/STM32F2xx_HAL_Driver/Src/stm32f2xx_hal_flash.c ****   {
 267:Drivers/STM32F2xx_HAL_Driver/Src/stm32f2xx_hal_flash.c ****     if(pFlash.ProcedureOnGoing == FLASH_PROC_SECTERASE)
 268:Drivers/STM32F2xx_HAL_Driver/Src/stm32f2xx_hal_flash.c ****     {
 269:Drivers/STM32F2xx_HAL_Driver/Src/stm32f2xx_hal_flash.c ****       /*return the faulty sector*/
 270:Drivers/STM32F2xx_HAL_Driver/Src/stm32f2xx_hal_flash.c ****       addresstmp = pFlash.Sector;
 271:Drivers/STM32F2xx_HAL_Driver/Src/stm32f2xx_hal_flash.c ****       pFlash.Sector = 0xFFFFFFFFU;
 272:Drivers/STM32F2xx_HAL_Driver/Src/stm32f2xx_hal_flash.c ****     }
 273:Drivers/STM32F2xx_HAL_Driver/Src/stm32f2xx_hal_flash.c ****     else if(pFlash.ProcedureOnGoing == FLASH_PROC_MASSERASE)
 274:Drivers/STM32F2xx_HAL_Driver/Src/stm32f2xx_hal_flash.c ****     {
 275:Drivers/STM32F2xx_HAL_Driver/Src/stm32f2xx_hal_flash.c ****       /*return the faulty bank*/
 276:Drivers/STM32F2xx_HAL_Driver/Src/stm32f2xx_hal_flash.c ****       addresstmp = pFlash.Bank;
 277:Drivers/STM32F2xx_HAL_Driver/Src/stm32f2xx_hal_flash.c ****     }
 278:Drivers/STM32F2xx_HAL_Driver/Src/stm32f2xx_hal_flash.c ****     else
 279:Drivers/STM32F2xx_HAL_Driver/Src/stm32f2xx_hal_flash.c ****     {
 280:Drivers/STM32F2xx_HAL_Driver/Src/stm32f2xx_hal_flash.c ****       /*return the faulty address*/
 281:Drivers/STM32F2xx_HAL_Driver/Src/stm32f2xx_hal_flash.c ****       addresstmp = pFlash.Address;
 282:Drivers/STM32F2xx_HAL_Driver/Src/stm32f2xx_hal_flash.c ****     }
 283:Drivers/STM32F2xx_HAL_Driver/Src/stm32f2xx_hal_flash.c ****     
 284:Drivers/STM32F2xx_HAL_Driver/Src/stm32f2xx_hal_flash.c ****     /*Save the Error code*/
 285:Drivers/STM32F2xx_HAL_Driver/Src/stm32f2xx_hal_flash.c ****     FLASH_SetErrorCode();
 286:Drivers/STM32F2xx_HAL_Driver/Src/stm32f2xx_hal_flash.c ****     
 287:Drivers/STM32F2xx_HAL_Driver/Src/stm32f2xx_hal_flash.c ****     /* FLASH error interrupt user callback */
 288:Drivers/STM32F2xx_HAL_Driver/Src/stm32f2xx_hal_flash.c ****     HAL_FLASH_OperationErrorCallback(addresstmp);
 289:Drivers/STM32F2xx_HAL_Driver/Src/stm32f2xx_hal_flash.c ****     
 290:Drivers/STM32F2xx_HAL_Driver/Src/stm32f2xx_hal_flash.c ****     /*Stop the procedure ongoing*/
 291:Drivers/STM32F2xx_HAL_Driver/Src/stm32f2xx_hal_flash.c ****     pFlash.ProcedureOnGoing = FLASH_PROC_NONE;
 292:Drivers/STM32F2xx_HAL_Driver/Src/stm32f2xx_hal_flash.c ****   }
 293:Drivers/STM32F2xx_HAL_Driver/Src/stm32f2xx_hal_flash.c ****   
 294:Drivers/STM32F2xx_HAL_Driver/Src/stm32f2xx_hal_flash.c ****   /* Check FLASH End of Operation flag  */
 295:Drivers/STM32F2xx_HAL_Driver/Src/stm32f2xx_hal_flash.c ****   if(__HAL_FLASH_GET_FLAG(FLASH_FLAG_EOP) != RESET)
 296:Drivers/STM32F2xx_HAL_Driver/Src/stm32f2xx_hal_flash.c ****   {
 297:Drivers/STM32F2xx_HAL_Driver/Src/stm32f2xx_hal_flash.c ****     /* Clear FLASH End of Operation pending bit */
 298:Drivers/STM32F2xx_HAL_Driver/Src/stm32f2xx_hal_flash.c ****     __HAL_FLASH_CLEAR_FLAG(FLASH_FLAG_EOP);
 299:Drivers/STM32F2xx_HAL_Driver/Src/stm32f2xx_hal_flash.c ****     
 300:Drivers/STM32F2xx_HAL_Driver/Src/stm32f2xx_hal_flash.c ****     if(pFlash.ProcedureOnGoing == FLASH_PROC_SECTERASE)
 301:Drivers/STM32F2xx_HAL_Driver/Src/stm32f2xx_hal_flash.c ****     {
 302:Drivers/STM32F2xx_HAL_Driver/Src/stm32f2xx_hal_flash.c ****       /*Nb of sector to erased can be decreased*/
 303:Drivers/STM32F2xx_HAL_Driver/Src/stm32f2xx_hal_flash.c ****       pFlash.NbSectorsToErase--;
 304:Drivers/STM32F2xx_HAL_Driver/Src/stm32f2xx_hal_flash.c ****       
 305:Drivers/STM32F2xx_HAL_Driver/Src/stm32f2xx_hal_flash.c ****       /* Check if there are still sectors to erase*/
 306:Drivers/STM32F2xx_HAL_Driver/Src/stm32f2xx_hal_flash.c ****       if(pFlash.NbSectorsToErase != 0U)
 307:Drivers/STM32F2xx_HAL_Driver/Src/stm32f2xx_hal_flash.c ****       {
 308:Drivers/STM32F2xx_HAL_Driver/Src/stm32f2xx_hal_flash.c ****         addresstmp = pFlash.Sector;
 309:Drivers/STM32F2xx_HAL_Driver/Src/stm32f2xx_hal_flash.c ****         /*Indicate user which sector has been erased*/
 310:Drivers/STM32F2xx_HAL_Driver/Src/stm32f2xx_hal_flash.c ****         HAL_FLASH_EndOfOperationCallback(addresstmp);
 311:Drivers/STM32F2xx_HAL_Driver/Src/stm32f2xx_hal_flash.c ****         
 312:Drivers/STM32F2xx_HAL_Driver/Src/stm32f2xx_hal_flash.c ****         /*Increment sector number*/
 313:Drivers/STM32F2xx_HAL_Driver/Src/stm32f2xx_hal_flash.c ****         pFlash.Sector++;
 314:Drivers/STM32F2xx_HAL_Driver/Src/stm32f2xx_hal_flash.c ****         addresstmp = pFlash.Sector;
 315:Drivers/STM32F2xx_HAL_Driver/Src/stm32f2xx_hal_flash.c ****         FLASH_Erase_Sector(addresstmp, pFlash.VoltageForErase);
 316:Drivers/STM32F2xx_HAL_Driver/Src/stm32f2xx_hal_flash.c ****       }
 317:Drivers/STM32F2xx_HAL_Driver/Src/stm32f2xx_hal_flash.c ****       else
ARM GAS  /tmp/ccML3nZz.s 			page 7


 318:Drivers/STM32F2xx_HAL_Driver/Src/stm32f2xx_hal_flash.c ****       {
 319:Drivers/STM32F2xx_HAL_Driver/Src/stm32f2xx_hal_flash.c ****         /*No more sectors to Erase, user callback can be called.*/
 320:Drivers/STM32F2xx_HAL_Driver/Src/stm32f2xx_hal_flash.c ****         /*Reset Sector and stop Erase sectors procedure*/
 321:Drivers/STM32F2xx_HAL_Driver/Src/stm32f2xx_hal_flash.c ****         pFlash.Sector = addresstmp = 0xFFFFFFFFU;
 322:Drivers/STM32F2xx_HAL_Driver/Src/stm32f2xx_hal_flash.c ****         pFlash.ProcedureOnGoing = FLASH_PROC_NONE;
 323:Drivers/STM32F2xx_HAL_Driver/Src/stm32f2xx_hal_flash.c ****         
 324:Drivers/STM32F2xx_HAL_Driver/Src/stm32f2xx_hal_flash.c ****         /* Flush the caches to be sure of the data consistency */
 325:Drivers/STM32F2xx_HAL_Driver/Src/stm32f2xx_hal_flash.c ****         FLASH_FlushCaches() ;
 326:Drivers/STM32F2xx_HAL_Driver/Src/stm32f2xx_hal_flash.c ****                 
 327:Drivers/STM32F2xx_HAL_Driver/Src/stm32f2xx_hal_flash.c ****         /* FLASH EOP interrupt user callback */
 328:Drivers/STM32F2xx_HAL_Driver/Src/stm32f2xx_hal_flash.c ****         HAL_FLASH_EndOfOperationCallback(addresstmp);
 329:Drivers/STM32F2xx_HAL_Driver/Src/stm32f2xx_hal_flash.c ****       }
 330:Drivers/STM32F2xx_HAL_Driver/Src/stm32f2xx_hal_flash.c ****     }
 331:Drivers/STM32F2xx_HAL_Driver/Src/stm32f2xx_hal_flash.c ****     else 
 332:Drivers/STM32F2xx_HAL_Driver/Src/stm32f2xx_hal_flash.c ****     {
 333:Drivers/STM32F2xx_HAL_Driver/Src/stm32f2xx_hal_flash.c ****       if(pFlash.ProcedureOnGoing == FLASH_PROC_MASSERASE) 
 334:Drivers/STM32F2xx_HAL_Driver/Src/stm32f2xx_hal_flash.c ****       {
 335:Drivers/STM32F2xx_HAL_Driver/Src/stm32f2xx_hal_flash.c ****         /* MassErase ended. Return the selected bank */
 336:Drivers/STM32F2xx_HAL_Driver/Src/stm32f2xx_hal_flash.c ****         /* Flush the caches to be sure of the data consistency */
 337:Drivers/STM32F2xx_HAL_Driver/Src/stm32f2xx_hal_flash.c ****         FLASH_FlushCaches() ;
 338:Drivers/STM32F2xx_HAL_Driver/Src/stm32f2xx_hal_flash.c **** 
 339:Drivers/STM32F2xx_HAL_Driver/Src/stm32f2xx_hal_flash.c ****         /* FLASH EOP interrupt user callback */
 340:Drivers/STM32F2xx_HAL_Driver/Src/stm32f2xx_hal_flash.c ****         HAL_FLASH_EndOfOperationCallback(pFlash.Bank);
 341:Drivers/STM32F2xx_HAL_Driver/Src/stm32f2xx_hal_flash.c ****       }
 342:Drivers/STM32F2xx_HAL_Driver/Src/stm32f2xx_hal_flash.c ****       else
 343:Drivers/STM32F2xx_HAL_Driver/Src/stm32f2xx_hal_flash.c ****       {
 344:Drivers/STM32F2xx_HAL_Driver/Src/stm32f2xx_hal_flash.c ****         /*Program ended. Return the selected address*/
 345:Drivers/STM32F2xx_HAL_Driver/Src/stm32f2xx_hal_flash.c ****         /* FLASH EOP interrupt user callback */
 346:Drivers/STM32F2xx_HAL_Driver/Src/stm32f2xx_hal_flash.c ****         HAL_FLASH_EndOfOperationCallback(pFlash.Address);
 347:Drivers/STM32F2xx_HAL_Driver/Src/stm32f2xx_hal_flash.c ****       }
 348:Drivers/STM32F2xx_HAL_Driver/Src/stm32f2xx_hal_flash.c ****       pFlash.ProcedureOnGoing = FLASH_PROC_NONE;
 349:Drivers/STM32F2xx_HAL_Driver/Src/stm32f2xx_hal_flash.c ****     }
 350:Drivers/STM32F2xx_HAL_Driver/Src/stm32f2xx_hal_flash.c ****   }
 351:Drivers/STM32F2xx_HAL_Driver/Src/stm32f2xx_hal_flash.c ****   
 352:Drivers/STM32F2xx_HAL_Driver/Src/stm32f2xx_hal_flash.c ****   if(pFlash.ProcedureOnGoing == FLASH_PROC_NONE)
 353:Drivers/STM32F2xx_HAL_Driver/Src/stm32f2xx_hal_flash.c ****   {
 354:Drivers/STM32F2xx_HAL_Driver/Src/stm32f2xx_hal_flash.c ****     /* Operation is completed, disable the PG, SER, SNB and MER Bits */
 355:Drivers/STM32F2xx_HAL_Driver/Src/stm32f2xx_hal_flash.c ****     CLEAR_BIT(FLASH->CR, (FLASH_CR_PG | FLASH_CR_SER | FLASH_CR_SNB | FLASH_MER_BIT));
 356:Drivers/STM32F2xx_HAL_Driver/Src/stm32f2xx_hal_flash.c **** 
 357:Drivers/STM32F2xx_HAL_Driver/Src/stm32f2xx_hal_flash.c ****     /* Disable End of FLASH Operation interrupt */
 358:Drivers/STM32F2xx_HAL_Driver/Src/stm32f2xx_hal_flash.c ****     __HAL_FLASH_DISABLE_IT(FLASH_IT_EOP);
 359:Drivers/STM32F2xx_HAL_Driver/Src/stm32f2xx_hal_flash.c ****     
 360:Drivers/STM32F2xx_HAL_Driver/Src/stm32f2xx_hal_flash.c ****     /* Disable Error source interrupt */
 361:Drivers/STM32F2xx_HAL_Driver/Src/stm32f2xx_hal_flash.c ****     __HAL_FLASH_DISABLE_IT(FLASH_IT_ERR);
 362:Drivers/STM32F2xx_HAL_Driver/Src/stm32f2xx_hal_flash.c **** 
 363:Drivers/STM32F2xx_HAL_Driver/Src/stm32f2xx_hal_flash.c ****   }
 364:Drivers/STM32F2xx_HAL_Driver/Src/stm32f2xx_hal_flash.c **** }
 365:Drivers/STM32F2xx_HAL_Driver/Src/stm32f2xx_hal_flash.c **** 
 366:Drivers/STM32F2xx_HAL_Driver/Src/stm32f2xx_hal_flash.c **** /**
 367:Drivers/STM32F2xx_HAL_Driver/Src/stm32f2xx_hal_flash.c ****   * @brief  FLASH end of operation interrupt callback
 368:Drivers/STM32F2xx_HAL_Driver/Src/stm32f2xx_hal_flash.c ****   * @param  ReturnValue The value saved in this parameter depends on the ongoing procedure
 369:Drivers/STM32F2xx_HAL_Driver/Src/stm32f2xx_hal_flash.c ****   *                  Mass Erase: Bank number which has been requested to erase
 370:Drivers/STM32F2xx_HAL_Driver/Src/stm32f2xx_hal_flash.c ****   *                  Sectors Erase: Sector which has been erased 
 371:Drivers/STM32F2xx_HAL_Driver/Src/stm32f2xx_hal_flash.c ****   *                    (if 0xFFFFFFFF, it means that all the selected sectors have been erased)
 372:Drivers/STM32F2xx_HAL_Driver/Src/stm32f2xx_hal_flash.c ****   *                  Program: Address which was selected for data program
 373:Drivers/STM32F2xx_HAL_Driver/Src/stm32f2xx_hal_flash.c ****   * @retval None
 374:Drivers/STM32F2xx_HAL_Driver/Src/stm32f2xx_hal_flash.c ****   */
ARM GAS  /tmp/ccML3nZz.s 			page 8


 375:Drivers/STM32F2xx_HAL_Driver/Src/stm32f2xx_hal_flash.c **** __weak void HAL_FLASH_EndOfOperationCallback(uint32_t ReturnValue)
 376:Drivers/STM32F2xx_HAL_Driver/Src/stm32f2xx_hal_flash.c **** {
 377:Drivers/STM32F2xx_HAL_Driver/Src/stm32f2xx_hal_flash.c ****   /* Prevent unused argument(s) compilation warning */
 378:Drivers/STM32F2xx_HAL_Driver/Src/stm32f2xx_hal_flash.c ****   UNUSED(ReturnValue);
 379:Drivers/STM32F2xx_HAL_Driver/Src/stm32f2xx_hal_flash.c ****   /* NOTE : This function Should not be modified, when the callback is needed,
 380:Drivers/STM32F2xx_HAL_Driver/Src/stm32f2xx_hal_flash.c ****             the HAL_FLASH_EndOfOperationCallback could be implemented in the user file
 381:Drivers/STM32F2xx_HAL_Driver/Src/stm32f2xx_hal_flash.c ****    */ 
 382:Drivers/STM32F2xx_HAL_Driver/Src/stm32f2xx_hal_flash.c **** }
 383:Drivers/STM32F2xx_HAL_Driver/Src/stm32f2xx_hal_flash.c **** 
 384:Drivers/STM32F2xx_HAL_Driver/Src/stm32f2xx_hal_flash.c **** /**
 385:Drivers/STM32F2xx_HAL_Driver/Src/stm32f2xx_hal_flash.c ****   * @brief  FLASH operation error interrupt callback
 386:Drivers/STM32F2xx_HAL_Driver/Src/stm32f2xx_hal_flash.c ****   * @param  ReturnValue The value saved in this parameter depends on the ongoing procedure
 387:Drivers/STM32F2xx_HAL_Driver/Src/stm32f2xx_hal_flash.c ****   *                 Mass Erase: Bank number which has been requested to erase
 388:Drivers/STM32F2xx_HAL_Driver/Src/stm32f2xx_hal_flash.c ****   *                 Sectors Erase: Sector number which returned an error
 389:Drivers/STM32F2xx_HAL_Driver/Src/stm32f2xx_hal_flash.c ****   *                 Program: Address which was selected for data program
 390:Drivers/STM32F2xx_HAL_Driver/Src/stm32f2xx_hal_flash.c ****   * @retval None
 391:Drivers/STM32F2xx_HAL_Driver/Src/stm32f2xx_hal_flash.c ****   */
 392:Drivers/STM32F2xx_HAL_Driver/Src/stm32f2xx_hal_flash.c **** __weak void HAL_FLASH_OperationErrorCallback(uint32_t ReturnValue)
 393:Drivers/STM32F2xx_HAL_Driver/Src/stm32f2xx_hal_flash.c **** {
 394:Drivers/STM32F2xx_HAL_Driver/Src/stm32f2xx_hal_flash.c ****   /* Prevent unused argument(s) compilation warning */
 395:Drivers/STM32F2xx_HAL_Driver/Src/stm32f2xx_hal_flash.c ****   UNUSED(ReturnValue);
 396:Drivers/STM32F2xx_HAL_Driver/Src/stm32f2xx_hal_flash.c ****   /* NOTE : This function Should not be modified, when the callback is needed,
 397:Drivers/STM32F2xx_HAL_Driver/Src/stm32f2xx_hal_flash.c ****             the HAL_FLASH_OperationErrorCallback could be implemented in the user file
 398:Drivers/STM32F2xx_HAL_Driver/Src/stm32f2xx_hal_flash.c ****    */ 
 399:Drivers/STM32F2xx_HAL_Driver/Src/stm32f2xx_hal_flash.c **** }
 400:Drivers/STM32F2xx_HAL_Driver/Src/stm32f2xx_hal_flash.c **** 
 401:Drivers/STM32F2xx_HAL_Driver/Src/stm32f2xx_hal_flash.c **** /**
 402:Drivers/STM32F2xx_HAL_Driver/Src/stm32f2xx_hal_flash.c ****   * @}
 403:Drivers/STM32F2xx_HAL_Driver/Src/stm32f2xx_hal_flash.c ****   */
 404:Drivers/STM32F2xx_HAL_Driver/Src/stm32f2xx_hal_flash.c **** 
 405:Drivers/STM32F2xx_HAL_Driver/Src/stm32f2xx_hal_flash.c **** /** @defgroup FLASH_Exported_Functions_Group2 Peripheral Control functions 
 406:Drivers/STM32F2xx_HAL_Driver/Src/stm32f2xx_hal_flash.c ****  *  @brief   management functions 
 407:Drivers/STM32F2xx_HAL_Driver/Src/stm32f2xx_hal_flash.c ****  *
 408:Drivers/STM32F2xx_HAL_Driver/Src/stm32f2xx_hal_flash.c **** @verbatim   
 409:Drivers/STM32F2xx_HAL_Driver/Src/stm32f2xx_hal_flash.c ****  ===============================================================================
 410:Drivers/STM32F2xx_HAL_Driver/Src/stm32f2xx_hal_flash.c ****                       ##### Peripheral Control functions #####
 411:Drivers/STM32F2xx_HAL_Driver/Src/stm32f2xx_hal_flash.c ****  ===============================================================================  
 412:Drivers/STM32F2xx_HAL_Driver/Src/stm32f2xx_hal_flash.c ****     [..]
 413:Drivers/STM32F2xx_HAL_Driver/Src/stm32f2xx_hal_flash.c ****     This subsection provides a set of functions allowing to control the FLASH 
 414:Drivers/STM32F2xx_HAL_Driver/Src/stm32f2xx_hal_flash.c ****     memory operations.
 415:Drivers/STM32F2xx_HAL_Driver/Src/stm32f2xx_hal_flash.c **** 
 416:Drivers/STM32F2xx_HAL_Driver/Src/stm32f2xx_hal_flash.c **** @endverbatim
 417:Drivers/STM32F2xx_HAL_Driver/Src/stm32f2xx_hal_flash.c ****   * @{
 418:Drivers/STM32F2xx_HAL_Driver/Src/stm32f2xx_hal_flash.c ****   */
 419:Drivers/STM32F2xx_HAL_Driver/Src/stm32f2xx_hal_flash.c **** 
 420:Drivers/STM32F2xx_HAL_Driver/Src/stm32f2xx_hal_flash.c **** /**
 421:Drivers/STM32F2xx_HAL_Driver/Src/stm32f2xx_hal_flash.c ****   * @brief  Unlock the FLASH control register access
 422:Drivers/STM32F2xx_HAL_Driver/Src/stm32f2xx_hal_flash.c ****   * @retval HAL Status
 423:Drivers/STM32F2xx_HAL_Driver/Src/stm32f2xx_hal_flash.c ****   */
 424:Drivers/STM32F2xx_HAL_Driver/Src/stm32f2xx_hal_flash.c **** HAL_StatusTypeDef HAL_FLASH_Unlock(void)
 425:Drivers/STM32F2xx_HAL_Driver/Src/stm32f2xx_hal_flash.c **** {
 426:Drivers/STM32F2xx_HAL_Driver/Src/stm32f2xx_hal_flash.c ****   HAL_StatusTypeDef status = HAL_OK;
 427:Drivers/STM32F2xx_HAL_Driver/Src/stm32f2xx_hal_flash.c **** 
 428:Drivers/STM32F2xx_HAL_Driver/Src/stm32f2xx_hal_flash.c ****   if(READ_BIT(FLASH->CR, FLASH_CR_LOCK) != RESET)
 429:Drivers/STM32F2xx_HAL_Driver/Src/stm32f2xx_hal_flash.c ****   {
 430:Drivers/STM32F2xx_HAL_Driver/Src/stm32f2xx_hal_flash.c ****     /* Authorize the FLASH Registers access */
 431:Drivers/STM32F2xx_HAL_Driver/Src/stm32f2xx_hal_flash.c ****     WRITE_REG(FLASH->KEYR, FLASH_KEY1);
ARM GAS  /tmp/ccML3nZz.s 			page 9


 432:Drivers/STM32F2xx_HAL_Driver/Src/stm32f2xx_hal_flash.c ****     WRITE_REG(FLASH->KEYR, FLASH_KEY2);
 433:Drivers/STM32F2xx_HAL_Driver/Src/stm32f2xx_hal_flash.c **** 
 434:Drivers/STM32F2xx_HAL_Driver/Src/stm32f2xx_hal_flash.c ****     /* Verify Flash is unlocked */
 435:Drivers/STM32F2xx_HAL_Driver/Src/stm32f2xx_hal_flash.c ****     if(READ_BIT(FLASH->CR, FLASH_CR_LOCK) != RESET)
 436:Drivers/STM32F2xx_HAL_Driver/Src/stm32f2xx_hal_flash.c ****     {
 437:Drivers/STM32F2xx_HAL_Driver/Src/stm32f2xx_hal_flash.c ****       status = HAL_ERROR;
 438:Drivers/STM32F2xx_HAL_Driver/Src/stm32f2xx_hal_flash.c ****     }
 439:Drivers/STM32F2xx_HAL_Driver/Src/stm32f2xx_hal_flash.c ****   }
 440:Drivers/STM32F2xx_HAL_Driver/Src/stm32f2xx_hal_flash.c **** 
 441:Drivers/STM32F2xx_HAL_Driver/Src/stm32f2xx_hal_flash.c ****   return status;
 442:Drivers/STM32F2xx_HAL_Driver/Src/stm32f2xx_hal_flash.c **** }
 443:Drivers/STM32F2xx_HAL_Driver/Src/stm32f2xx_hal_flash.c **** 
 444:Drivers/STM32F2xx_HAL_Driver/Src/stm32f2xx_hal_flash.c **** /**
 445:Drivers/STM32F2xx_HAL_Driver/Src/stm32f2xx_hal_flash.c ****   * @brief  Locks the FLASH control register access
 446:Drivers/STM32F2xx_HAL_Driver/Src/stm32f2xx_hal_flash.c ****   * @retval HAL Status
 447:Drivers/STM32F2xx_HAL_Driver/Src/stm32f2xx_hal_flash.c ****   */
 448:Drivers/STM32F2xx_HAL_Driver/Src/stm32f2xx_hal_flash.c **** HAL_StatusTypeDef HAL_FLASH_Lock(void)
 449:Drivers/STM32F2xx_HAL_Driver/Src/stm32f2xx_hal_flash.c **** {
 450:Drivers/STM32F2xx_HAL_Driver/Src/stm32f2xx_hal_flash.c ****   /* Set the LOCK Bit to lock the FLASH Registers access */
 451:Drivers/STM32F2xx_HAL_Driver/Src/stm32f2xx_hal_flash.c ****   FLASH->CR |= FLASH_CR_LOCK;
 452:Drivers/STM32F2xx_HAL_Driver/Src/stm32f2xx_hal_flash.c ****   
 453:Drivers/STM32F2xx_HAL_Driver/Src/stm32f2xx_hal_flash.c ****   return HAL_OK;  
 454:Drivers/STM32F2xx_HAL_Driver/Src/stm32f2xx_hal_flash.c **** }
 455:Drivers/STM32F2xx_HAL_Driver/Src/stm32f2xx_hal_flash.c **** 
 456:Drivers/STM32F2xx_HAL_Driver/Src/stm32f2xx_hal_flash.c **** /**
 457:Drivers/STM32F2xx_HAL_Driver/Src/stm32f2xx_hal_flash.c ****   * @brief  Unlock the FLASH Option Control Registers access.
 458:Drivers/STM32F2xx_HAL_Driver/Src/stm32f2xx_hal_flash.c ****   * @retval HAL Status
 459:Drivers/STM32F2xx_HAL_Driver/Src/stm32f2xx_hal_flash.c ****   */
 460:Drivers/STM32F2xx_HAL_Driver/Src/stm32f2xx_hal_flash.c **** HAL_StatusTypeDef HAL_FLASH_OB_Unlock(void)
 461:Drivers/STM32F2xx_HAL_Driver/Src/stm32f2xx_hal_flash.c **** {
 462:Drivers/STM32F2xx_HAL_Driver/Src/stm32f2xx_hal_flash.c ****   if((FLASH->OPTCR & FLASH_OPTCR_OPTLOCK) != RESET)
 463:Drivers/STM32F2xx_HAL_Driver/Src/stm32f2xx_hal_flash.c ****   {
 464:Drivers/STM32F2xx_HAL_Driver/Src/stm32f2xx_hal_flash.c ****     /* Authorizes the Option Byte register programming */
 465:Drivers/STM32F2xx_HAL_Driver/Src/stm32f2xx_hal_flash.c ****     FLASH->OPTKEYR = FLASH_OPT_KEY1;
 466:Drivers/STM32F2xx_HAL_Driver/Src/stm32f2xx_hal_flash.c ****     FLASH->OPTKEYR = FLASH_OPT_KEY2;
 467:Drivers/STM32F2xx_HAL_Driver/Src/stm32f2xx_hal_flash.c ****   }
 468:Drivers/STM32F2xx_HAL_Driver/Src/stm32f2xx_hal_flash.c ****   else
 469:Drivers/STM32F2xx_HAL_Driver/Src/stm32f2xx_hal_flash.c ****   {
 470:Drivers/STM32F2xx_HAL_Driver/Src/stm32f2xx_hal_flash.c ****     return HAL_ERROR;
 471:Drivers/STM32F2xx_HAL_Driver/Src/stm32f2xx_hal_flash.c ****   }  
 472:Drivers/STM32F2xx_HAL_Driver/Src/stm32f2xx_hal_flash.c ****   
 473:Drivers/STM32F2xx_HAL_Driver/Src/stm32f2xx_hal_flash.c ****   return HAL_OK;  
 474:Drivers/STM32F2xx_HAL_Driver/Src/stm32f2xx_hal_flash.c **** }
 475:Drivers/STM32F2xx_HAL_Driver/Src/stm32f2xx_hal_flash.c **** 
 476:Drivers/STM32F2xx_HAL_Driver/Src/stm32f2xx_hal_flash.c **** /**
 477:Drivers/STM32F2xx_HAL_Driver/Src/stm32f2xx_hal_flash.c ****   * @brief  Lock the FLASH Option Control Registers access.
 478:Drivers/STM32F2xx_HAL_Driver/Src/stm32f2xx_hal_flash.c ****   * @retval HAL Status 
 479:Drivers/STM32F2xx_HAL_Driver/Src/stm32f2xx_hal_flash.c ****   */
 480:Drivers/STM32F2xx_HAL_Driver/Src/stm32f2xx_hal_flash.c **** HAL_StatusTypeDef HAL_FLASH_OB_Lock(void)
 481:Drivers/STM32F2xx_HAL_Driver/Src/stm32f2xx_hal_flash.c **** {
 482:Drivers/STM32F2xx_HAL_Driver/Src/stm32f2xx_hal_flash.c ****   /* Set the OPTLOCK Bit to lock the FLASH Option Byte Registers access */
 483:Drivers/STM32F2xx_HAL_Driver/Src/stm32f2xx_hal_flash.c ****   FLASH->OPTCR |= FLASH_OPTCR_OPTLOCK;
 484:Drivers/STM32F2xx_HAL_Driver/Src/stm32f2xx_hal_flash.c ****   
 485:Drivers/STM32F2xx_HAL_Driver/Src/stm32f2xx_hal_flash.c ****   return HAL_OK;  
 486:Drivers/STM32F2xx_HAL_Driver/Src/stm32f2xx_hal_flash.c **** }
 487:Drivers/STM32F2xx_HAL_Driver/Src/stm32f2xx_hal_flash.c **** 
 488:Drivers/STM32F2xx_HAL_Driver/Src/stm32f2xx_hal_flash.c **** /**
ARM GAS  /tmp/ccML3nZz.s 			page 10


 489:Drivers/STM32F2xx_HAL_Driver/Src/stm32f2xx_hal_flash.c ****   * @brief  Launch the option byte loading.
 490:Drivers/STM32F2xx_HAL_Driver/Src/stm32f2xx_hal_flash.c ****   * @retval HAL Status
 491:Drivers/STM32F2xx_HAL_Driver/Src/stm32f2xx_hal_flash.c ****   */
 492:Drivers/STM32F2xx_HAL_Driver/Src/stm32f2xx_hal_flash.c **** HAL_StatusTypeDef HAL_FLASH_OB_Launch(void)
 493:Drivers/STM32F2xx_HAL_Driver/Src/stm32f2xx_hal_flash.c **** {
 494:Drivers/STM32F2xx_HAL_Driver/Src/stm32f2xx_hal_flash.c ****   /* Set the OPTSTRT bit in OPTCR register */
 495:Drivers/STM32F2xx_HAL_Driver/Src/stm32f2xx_hal_flash.c ****   *(__IO uint8_t *)OPTCR_BYTE0_ADDRESS |= FLASH_OPTCR_OPTSTRT;
 496:Drivers/STM32F2xx_HAL_Driver/Src/stm32f2xx_hal_flash.c **** 
 497:Drivers/STM32F2xx_HAL_Driver/Src/stm32f2xx_hal_flash.c ****   /* Wait for last operation to be completed */
 498:Drivers/STM32F2xx_HAL_Driver/Src/stm32f2xx_hal_flash.c ****   return(FLASH_WaitForLastOperation((uint32_t)FLASH_TIMEOUT_VALUE)); 
 499:Drivers/STM32F2xx_HAL_Driver/Src/stm32f2xx_hal_flash.c **** }
 500:Drivers/STM32F2xx_HAL_Driver/Src/stm32f2xx_hal_flash.c **** 
 501:Drivers/STM32F2xx_HAL_Driver/Src/stm32f2xx_hal_flash.c **** /**
 502:Drivers/STM32F2xx_HAL_Driver/Src/stm32f2xx_hal_flash.c ****   * @}
 503:Drivers/STM32F2xx_HAL_Driver/Src/stm32f2xx_hal_flash.c ****   */
 504:Drivers/STM32F2xx_HAL_Driver/Src/stm32f2xx_hal_flash.c **** 
 505:Drivers/STM32F2xx_HAL_Driver/Src/stm32f2xx_hal_flash.c **** /** @defgroup FLASH_Exported_Functions_Group3 Peripheral State and Errors functions 
 506:Drivers/STM32F2xx_HAL_Driver/Src/stm32f2xx_hal_flash.c ****  *  @brief   Peripheral Errors functions 
 507:Drivers/STM32F2xx_HAL_Driver/Src/stm32f2xx_hal_flash.c ****  *
 508:Drivers/STM32F2xx_HAL_Driver/Src/stm32f2xx_hal_flash.c **** @verbatim   
 509:Drivers/STM32F2xx_HAL_Driver/Src/stm32f2xx_hal_flash.c ****  ===============================================================================
 510:Drivers/STM32F2xx_HAL_Driver/Src/stm32f2xx_hal_flash.c ****                 ##### Peripheral Errors functions #####
 511:Drivers/STM32F2xx_HAL_Driver/Src/stm32f2xx_hal_flash.c ****  ===============================================================================  
 512:Drivers/STM32F2xx_HAL_Driver/Src/stm32f2xx_hal_flash.c ****     [..]
 513:Drivers/STM32F2xx_HAL_Driver/Src/stm32f2xx_hal_flash.c ****     This subsection permits to get in run-time Errors of the FLASH peripheral.
 514:Drivers/STM32F2xx_HAL_Driver/Src/stm32f2xx_hal_flash.c **** 
 515:Drivers/STM32F2xx_HAL_Driver/Src/stm32f2xx_hal_flash.c **** @endverbatim
 516:Drivers/STM32F2xx_HAL_Driver/Src/stm32f2xx_hal_flash.c ****   * @{
 517:Drivers/STM32F2xx_HAL_Driver/Src/stm32f2xx_hal_flash.c ****   */
 518:Drivers/STM32F2xx_HAL_Driver/Src/stm32f2xx_hal_flash.c **** 
 519:Drivers/STM32F2xx_HAL_Driver/Src/stm32f2xx_hal_flash.c **** /**
 520:Drivers/STM32F2xx_HAL_Driver/Src/stm32f2xx_hal_flash.c ****   * @brief  Get the specific FLASH error flag.
 521:Drivers/STM32F2xx_HAL_Driver/Src/stm32f2xx_hal_flash.c ****   * @retval FLASH_ErrorCode: The returned value can be a combination of:
 522:Drivers/STM32F2xx_HAL_Driver/Src/stm32f2xx_hal_flash.c ****   *            @arg HAL_FLASH_ERROR_NONE: FLASH Programming Sequence error flag 
 523:Drivers/STM32F2xx_HAL_Driver/Src/stm32f2xx_hal_flash.c ****   *            @arg HAL_FLASH_ERROR_PGS: FLASH Programming Sequence error flag 
 524:Drivers/STM32F2xx_HAL_Driver/Src/stm32f2xx_hal_flash.c ****   *            @arg HAL_FLASH_ERROR_PGP: FLASH Programming Parallelism error flag  
 525:Drivers/STM32F2xx_HAL_Driver/Src/stm32f2xx_hal_flash.c ****   *            @arg HAL_FLASH_ERROR_PGA: FLASH Programming Alignment error flag
 526:Drivers/STM32F2xx_HAL_Driver/Src/stm32f2xx_hal_flash.c ****   *            @arg HAL_FLASH_ERROR_WRP: FLASH Write protected error flag
 527:Drivers/STM32F2xx_HAL_Driver/Src/stm32f2xx_hal_flash.c ****   *            @arg HAL_FLASH_ERROR_OPERATION: FLASH operation Error flag 
 528:Drivers/STM32F2xx_HAL_Driver/Src/stm32f2xx_hal_flash.c ****   */
 529:Drivers/STM32F2xx_HAL_Driver/Src/stm32f2xx_hal_flash.c **** uint32_t HAL_FLASH_GetError(void)
 530:Drivers/STM32F2xx_HAL_Driver/Src/stm32f2xx_hal_flash.c **** { 
 531:Drivers/STM32F2xx_HAL_Driver/Src/stm32f2xx_hal_flash.c ****    return pFlash.ErrorCode;
 532:Drivers/STM32F2xx_HAL_Driver/Src/stm32f2xx_hal_flash.c **** }  
 533:Drivers/STM32F2xx_HAL_Driver/Src/stm32f2xx_hal_flash.c ****   
 534:Drivers/STM32F2xx_HAL_Driver/Src/stm32f2xx_hal_flash.c **** /**
 535:Drivers/STM32F2xx_HAL_Driver/Src/stm32f2xx_hal_flash.c ****   * @}
 536:Drivers/STM32F2xx_HAL_Driver/Src/stm32f2xx_hal_flash.c ****   */    
 537:Drivers/STM32F2xx_HAL_Driver/Src/stm32f2xx_hal_flash.c **** 
 538:Drivers/STM32F2xx_HAL_Driver/Src/stm32f2xx_hal_flash.c **** /**
 539:Drivers/STM32F2xx_HAL_Driver/Src/stm32f2xx_hal_flash.c ****   * @brief  Wait for a FLASH operation to complete.
 540:Drivers/STM32F2xx_HAL_Driver/Src/stm32f2xx_hal_flash.c ****   * @param  Timeout maximum flash operationtimeout
 541:Drivers/STM32F2xx_HAL_Driver/Src/stm32f2xx_hal_flash.c ****   * @retval HAL Status
 542:Drivers/STM32F2xx_HAL_Driver/Src/stm32f2xx_hal_flash.c ****   */
 543:Drivers/STM32F2xx_HAL_Driver/Src/stm32f2xx_hal_flash.c **** HAL_StatusTypeDef FLASH_WaitForLastOperation(uint32_t Timeout)
 544:Drivers/STM32F2xx_HAL_Driver/Src/stm32f2xx_hal_flash.c **** { 
 545:Drivers/STM32F2xx_HAL_Driver/Src/stm32f2xx_hal_flash.c ****   uint32_t tickstart = 0U;
ARM GAS  /tmp/ccML3nZz.s 			page 11


 546:Drivers/STM32F2xx_HAL_Driver/Src/stm32f2xx_hal_flash.c ****   
 547:Drivers/STM32F2xx_HAL_Driver/Src/stm32f2xx_hal_flash.c ****   /* Clear Error Code */
 548:Drivers/STM32F2xx_HAL_Driver/Src/stm32f2xx_hal_flash.c ****   pFlash.ErrorCode = HAL_FLASH_ERROR_NONE;
 549:Drivers/STM32F2xx_HAL_Driver/Src/stm32f2xx_hal_flash.c ****   
 550:Drivers/STM32F2xx_HAL_Driver/Src/stm32f2xx_hal_flash.c ****   /* Wait for the FLASH operation to complete by polling on BUSY flag to be reset.
 551:Drivers/STM32F2xx_HAL_Driver/Src/stm32f2xx_hal_flash.c ****      Even if the FLASH operation fails, the BUSY flag will be reset and an error
 552:Drivers/STM32F2xx_HAL_Driver/Src/stm32f2xx_hal_flash.c ****      flag will be set */
 553:Drivers/STM32F2xx_HAL_Driver/Src/stm32f2xx_hal_flash.c ****   /* Get tick */
 554:Drivers/STM32F2xx_HAL_Driver/Src/stm32f2xx_hal_flash.c ****   tickstart = HAL_GetTick();
 555:Drivers/STM32F2xx_HAL_Driver/Src/stm32f2xx_hal_flash.c **** 
 556:Drivers/STM32F2xx_HAL_Driver/Src/stm32f2xx_hal_flash.c ****   while(__HAL_FLASH_GET_FLAG(FLASH_FLAG_BSY) != RESET) 
 557:Drivers/STM32F2xx_HAL_Driver/Src/stm32f2xx_hal_flash.c ****   { 
 558:Drivers/STM32F2xx_HAL_Driver/Src/stm32f2xx_hal_flash.c ****     if(Timeout != HAL_MAX_DELAY)
 559:Drivers/STM32F2xx_HAL_Driver/Src/stm32f2xx_hal_flash.c ****     {
 560:Drivers/STM32F2xx_HAL_Driver/Src/stm32f2xx_hal_flash.c ****       if((Timeout == 0U)||((HAL_GetTick() - tickstart ) > Timeout))
 561:Drivers/STM32F2xx_HAL_Driver/Src/stm32f2xx_hal_flash.c ****       {
 562:Drivers/STM32F2xx_HAL_Driver/Src/stm32f2xx_hal_flash.c ****         return HAL_TIMEOUT;
 563:Drivers/STM32F2xx_HAL_Driver/Src/stm32f2xx_hal_flash.c ****       }
 564:Drivers/STM32F2xx_HAL_Driver/Src/stm32f2xx_hal_flash.c ****     } 
 565:Drivers/STM32F2xx_HAL_Driver/Src/stm32f2xx_hal_flash.c ****   }
 566:Drivers/STM32F2xx_HAL_Driver/Src/stm32f2xx_hal_flash.c **** 
 567:Drivers/STM32F2xx_HAL_Driver/Src/stm32f2xx_hal_flash.c ****   /* Check FLASH End of Operation flag  */
 568:Drivers/STM32F2xx_HAL_Driver/Src/stm32f2xx_hal_flash.c ****   if (__HAL_FLASH_GET_FLAG(FLASH_FLAG_EOP) != RESET)
 569:Drivers/STM32F2xx_HAL_Driver/Src/stm32f2xx_hal_flash.c ****   {
 570:Drivers/STM32F2xx_HAL_Driver/Src/stm32f2xx_hal_flash.c ****     /* Clear FLASH End of Operation pending bit */
 571:Drivers/STM32F2xx_HAL_Driver/Src/stm32f2xx_hal_flash.c ****     __HAL_FLASH_CLEAR_FLAG(FLASH_FLAG_EOP);
 572:Drivers/STM32F2xx_HAL_Driver/Src/stm32f2xx_hal_flash.c ****   }
 573:Drivers/STM32F2xx_HAL_Driver/Src/stm32f2xx_hal_flash.c ****   
 574:Drivers/STM32F2xx_HAL_Driver/Src/stm32f2xx_hal_flash.c ****   if(__HAL_FLASH_GET_FLAG((FLASH_FLAG_OPERR | FLASH_FLAG_WRPERR | FLASH_FLAG_PGAERR | \
 575:Drivers/STM32F2xx_HAL_Driver/Src/stm32f2xx_hal_flash.c ****                            FLASH_FLAG_PGPERR | FLASH_FLAG_PGSERR)) != RESET)
 576:Drivers/STM32F2xx_HAL_Driver/Src/stm32f2xx_hal_flash.c ****   {
 577:Drivers/STM32F2xx_HAL_Driver/Src/stm32f2xx_hal_flash.c ****     /*Save the error code*/
 578:Drivers/STM32F2xx_HAL_Driver/Src/stm32f2xx_hal_flash.c ****     FLASH_SetErrorCode();
 579:Drivers/STM32F2xx_HAL_Driver/Src/stm32f2xx_hal_flash.c ****     return HAL_ERROR;
 580:Drivers/STM32F2xx_HAL_Driver/Src/stm32f2xx_hal_flash.c ****   }
 581:Drivers/STM32F2xx_HAL_Driver/Src/stm32f2xx_hal_flash.c **** 
 582:Drivers/STM32F2xx_HAL_Driver/Src/stm32f2xx_hal_flash.c ****   /* If there is no error flag set */
 583:Drivers/STM32F2xx_HAL_Driver/Src/stm32f2xx_hal_flash.c ****   return HAL_OK;
 584:Drivers/STM32F2xx_HAL_Driver/Src/stm32f2xx_hal_flash.c ****   
 585:Drivers/STM32F2xx_HAL_Driver/Src/stm32f2xx_hal_flash.c **** }  
 586:Drivers/STM32F2xx_HAL_Driver/Src/stm32f2xx_hal_flash.c **** 
 587:Drivers/STM32F2xx_HAL_Driver/Src/stm32f2xx_hal_flash.c **** /**
 588:Drivers/STM32F2xx_HAL_Driver/Src/stm32f2xx_hal_flash.c ****   * @brief  Program a double word (64-bit) at a specified address.
 589:Drivers/STM32F2xx_HAL_Driver/Src/stm32f2xx_hal_flash.c ****   * @note   This function must be used when the device voltage range is from
 590:Drivers/STM32F2xx_HAL_Driver/Src/stm32f2xx_hal_flash.c ****   *         2.7V to 3.6V and an External Vpp in the range 7V to 9V.
 591:Drivers/STM32F2xx_HAL_Driver/Src/stm32f2xx_hal_flash.c ****   *
 592:Drivers/STM32F2xx_HAL_Driver/Src/stm32f2xx_hal_flash.c ****   * @note   If an erase and a program operations are requested simultaneously,    
 593:Drivers/STM32F2xx_HAL_Driver/Src/stm32f2xx_hal_flash.c ****   *         the erase operation is performed before the program one.
 594:Drivers/STM32F2xx_HAL_Driver/Src/stm32f2xx_hal_flash.c ****   *  
 595:Drivers/STM32F2xx_HAL_Driver/Src/stm32f2xx_hal_flash.c ****   * @param  Address specifies the address to be programmed.
 596:Drivers/STM32F2xx_HAL_Driver/Src/stm32f2xx_hal_flash.c ****   * @param  Data specifies the data to be programmed.
 597:Drivers/STM32F2xx_HAL_Driver/Src/stm32f2xx_hal_flash.c ****   * @retval None
 598:Drivers/STM32F2xx_HAL_Driver/Src/stm32f2xx_hal_flash.c ****   */
 599:Drivers/STM32F2xx_HAL_Driver/Src/stm32f2xx_hal_flash.c **** static void FLASH_Program_DoubleWord(uint32_t Address, uint64_t Data)
 600:Drivers/STM32F2xx_HAL_Driver/Src/stm32f2xx_hal_flash.c **** {
  27              		.loc 1 600 1 view -0
  28              		.cfi_startproc
ARM GAS  /tmp/ccML3nZz.s 			page 12


  29              		@ args = 0, pretend = 0, frame = 0
  30              		@ frame_needed = 0, uses_anonymous_args = 0
  31              		@ link register save eliminated.
  32              		.loc 1 600 1 is_stmt 0 view .LVU1
  33 0000 10B4     		push	{r4}
  34              	.LCFI0:
  35              		.cfi_def_cfa_offset 4
  36              		.cfi_offset 4, -4
 601:Drivers/STM32F2xx_HAL_Driver/Src/stm32f2xx_hal_flash.c ****   /* Check the parameters */
 602:Drivers/STM32F2xx_HAL_Driver/Src/stm32f2xx_hal_flash.c ****   assert_param(IS_FLASH_ADDRESS(Address));
  37              		.loc 1 602 3 is_stmt 1 view .LVU2
 603:Drivers/STM32F2xx_HAL_Driver/Src/stm32f2xx_hal_flash.c ****   
 604:Drivers/STM32F2xx_HAL_Driver/Src/stm32f2xx_hal_flash.c ****   /* If the previous operation is completed, proceed to program the new data */
 605:Drivers/STM32F2xx_HAL_Driver/Src/stm32f2xx_hal_flash.c ****   CLEAR_BIT(FLASH->CR, FLASH_CR_PSIZE);
  38              		.loc 1 605 3 view .LVU3
  39 0002 0949     		ldr	r1, .L3
  40 0004 0C69     		ldr	r4, [r1, #16]
  41 0006 24F44074 		bic	r4, r4, #768
  42 000a 0C61     		str	r4, [r1, #16]
 606:Drivers/STM32F2xx_HAL_Driver/Src/stm32f2xx_hal_flash.c ****   FLASH->CR |= FLASH_PSIZE_DOUBLE_WORD;
  43              		.loc 1 606 3 view .LVU4
  44              		.loc 1 606 8 is_stmt 0 view .LVU5
  45 000c 0C69     		ldr	r4, [r1, #16]
  46              		.loc 1 606 13 view .LVU6
  47 000e 44F44074 		orr	r4, r4, #768
  48 0012 0C61     		str	r4, [r1, #16]
 607:Drivers/STM32F2xx_HAL_Driver/Src/stm32f2xx_hal_flash.c ****   FLASH->CR |= FLASH_CR_PG;
  49              		.loc 1 607 3 is_stmt 1 view .LVU7
  50              		.loc 1 607 8 is_stmt 0 view .LVU8
  51 0014 0C69     		ldr	r4, [r1, #16]
  52              		.loc 1 607 13 view .LVU9
  53 0016 44F00104 		orr	r4, r4, #1
  54 001a 0C61     		str	r4, [r1, #16]
 608:Drivers/STM32F2xx_HAL_Driver/Src/stm32f2xx_hal_flash.c **** 
 609:Drivers/STM32F2xx_HAL_Driver/Src/stm32f2xx_hal_flash.c ****   /* Program first word */
 610:Drivers/STM32F2xx_HAL_Driver/Src/stm32f2xx_hal_flash.c ****   *(__IO uint32_t*)Address = (uint32_t)Data;
  55              		.loc 1 610 3 is_stmt 1 view .LVU10
  56              		.loc 1 610 28 is_stmt 0 view .LVU11
  57 001c 0260     		str	r2, [r0]
 611:Drivers/STM32F2xx_HAL_Driver/Src/stm32f2xx_hal_flash.c **** 
 612:Drivers/STM32F2xx_HAL_Driver/Src/stm32f2xx_hal_flash.c ****   /* Barrier to ensure programming is performed in 2 steps, in right order
 613:Drivers/STM32F2xx_HAL_Driver/Src/stm32f2xx_hal_flash.c ****     (independently of compiler optimization behavior) */
 614:Drivers/STM32F2xx_HAL_Driver/Src/stm32f2xx_hal_flash.c ****   __ISB();
  58              		.loc 1 614 3 is_stmt 1 view .LVU12
  59              	.LBB4:
  60              	.LBI4:
  61              		.file 2 "Drivers/CMSIS/Include/cmsis_gcc.h"
   1:Drivers/CMSIS/Include/cmsis_gcc.h **** /**************************************************************************//**
   2:Drivers/CMSIS/Include/cmsis_gcc.h ****  * @file     cmsis_gcc.h
   3:Drivers/CMSIS/Include/cmsis_gcc.h ****  * @brief    CMSIS compiler GCC header file
   4:Drivers/CMSIS/Include/cmsis_gcc.h ****  * @version  V5.0.4
   5:Drivers/CMSIS/Include/cmsis_gcc.h ****  * @date     09. April 2018
   6:Drivers/CMSIS/Include/cmsis_gcc.h ****  ******************************************************************************/
   7:Drivers/CMSIS/Include/cmsis_gcc.h **** /*
   8:Drivers/CMSIS/Include/cmsis_gcc.h ****  * Copyright (c) 2009-2018 Arm Limited. All rights reserved.
   9:Drivers/CMSIS/Include/cmsis_gcc.h ****  *
  10:Drivers/CMSIS/Include/cmsis_gcc.h ****  * SPDX-License-Identifier: Apache-2.0
ARM GAS  /tmp/ccML3nZz.s 			page 13


  11:Drivers/CMSIS/Include/cmsis_gcc.h ****  *
  12:Drivers/CMSIS/Include/cmsis_gcc.h ****  * Licensed under the Apache License, Version 2.0 (the License); you may
  13:Drivers/CMSIS/Include/cmsis_gcc.h ****  * not use this file except in compliance with the License.
  14:Drivers/CMSIS/Include/cmsis_gcc.h ****  * You may obtain a copy of the License at
  15:Drivers/CMSIS/Include/cmsis_gcc.h ****  *
  16:Drivers/CMSIS/Include/cmsis_gcc.h ****  * www.apache.org/licenses/LICENSE-2.0
  17:Drivers/CMSIS/Include/cmsis_gcc.h ****  *
  18:Drivers/CMSIS/Include/cmsis_gcc.h ****  * Unless required by applicable law or agreed to in writing, software
  19:Drivers/CMSIS/Include/cmsis_gcc.h ****  * distributed under the License is distributed on an AS IS BASIS, WITHOUT
  20:Drivers/CMSIS/Include/cmsis_gcc.h ****  * WARRANTIES OR CONDITIONS OF ANY KIND, either express or implied.
  21:Drivers/CMSIS/Include/cmsis_gcc.h ****  * See the License for the specific language governing permissions and
  22:Drivers/CMSIS/Include/cmsis_gcc.h ****  * limitations under the License.
  23:Drivers/CMSIS/Include/cmsis_gcc.h ****  */
  24:Drivers/CMSIS/Include/cmsis_gcc.h **** 
  25:Drivers/CMSIS/Include/cmsis_gcc.h **** #ifndef __CMSIS_GCC_H
  26:Drivers/CMSIS/Include/cmsis_gcc.h **** #define __CMSIS_GCC_H
  27:Drivers/CMSIS/Include/cmsis_gcc.h **** 
  28:Drivers/CMSIS/Include/cmsis_gcc.h **** /* ignore some GCC warnings */
  29:Drivers/CMSIS/Include/cmsis_gcc.h **** #pragma GCC diagnostic push
  30:Drivers/CMSIS/Include/cmsis_gcc.h **** #pragma GCC diagnostic ignored "-Wsign-conversion"
  31:Drivers/CMSIS/Include/cmsis_gcc.h **** #pragma GCC diagnostic ignored "-Wconversion"
  32:Drivers/CMSIS/Include/cmsis_gcc.h **** #pragma GCC diagnostic ignored "-Wunused-parameter"
  33:Drivers/CMSIS/Include/cmsis_gcc.h **** 
  34:Drivers/CMSIS/Include/cmsis_gcc.h **** /* Fallback for __has_builtin */
  35:Drivers/CMSIS/Include/cmsis_gcc.h **** #ifndef __has_builtin
  36:Drivers/CMSIS/Include/cmsis_gcc.h ****   #define __has_builtin(x) (0)
  37:Drivers/CMSIS/Include/cmsis_gcc.h **** #endif
  38:Drivers/CMSIS/Include/cmsis_gcc.h **** 
  39:Drivers/CMSIS/Include/cmsis_gcc.h **** /* CMSIS compiler specific defines */
  40:Drivers/CMSIS/Include/cmsis_gcc.h **** #ifndef   __ASM
  41:Drivers/CMSIS/Include/cmsis_gcc.h ****   #define __ASM                                  __asm
  42:Drivers/CMSIS/Include/cmsis_gcc.h **** #endif
  43:Drivers/CMSIS/Include/cmsis_gcc.h **** #ifndef   __INLINE
  44:Drivers/CMSIS/Include/cmsis_gcc.h ****   #define __INLINE                               inline
  45:Drivers/CMSIS/Include/cmsis_gcc.h **** #endif
  46:Drivers/CMSIS/Include/cmsis_gcc.h **** #ifndef   __STATIC_INLINE
  47:Drivers/CMSIS/Include/cmsis_gcc.h ****   #define __STATIC_INLINE                        static inline
  48:Drivers/CMSIS/Include/cmsis_gcc.h **** #endif
  49:Drivers/CMSIS/Include/cmsis_gcc.h **** #ifndef   __STATIC_FORCEINLINE                 
  50:Drivers/CMSIS/Include/cmsis_gcc.h ****   #define __STATIC_FORCEINLINE                   __attribute__((always_inline)) static inline
  51:Drivers/CMSIS/Include/cmsis_gcc.h **** #endif                                           
  52:Drivers/CMSIS/Include/cmsis_gcc.h **** #ifndef   __NO_RETURN
  53:Drivers/CMSIS/Include/cmsis_gcc.h ****   #define __NO_RETURN                            __attribute__((__noreturn__))
  54:Drivers/CMSIS/Include/cmsis_gcc.h **** #endif
  55:Drivers/CMSIS/Include/cmsis_gcc.h **** #ifndef   __USED
  56:Drivers/CMSIS/Include/cmsis_gcc.h ****   #define __USED                                 __attribute__((used))
  57:Drivers/CMSIS/Include/cmsis_gcc.h **** #endif
  58:Drivers/CMSIS/Include/cmsis_gcc.h **** #ifndef   __WEAK
  59:Drivers/CMSIS/Include/cmsis_gcc.h ****   #define __WEAK                                 __attribute__((weak))
  60:Drivers/CMSIS/Include/cmsis_gcc.h **** #endif
  61:Drivers/CMSIS/Include/cmsis_gcc.h **** #ifndef   __PACKED
  62:Drivers/CMSIS/Include/cmsis_gcc.h ****   #define __PACKED                               __attribute__((packed, aligned(1)))
  63:Drivers/CMSIS/Include/cmsis_gcc.h **** #endif
  64:Drivers/CMSIS/Include/cmsis_gcc.h **** #ifndef   __PACKED_STRUCT
  65:Drivers/CMSIS/Include/cmsis_gcc.h ****   #define __PACKED_STRUCT                        struct __attribute__((packed, aligned(1)))
  66:Drivers/CMSIS/Include/cmsis_gcc.h **** #endif
  67:Drivers/CMSIS/Include/cmsis_gcc.h **** #ifndef   __PACKED_UNION
ARM GAS  /tmp/ccML3nZz.s 			page 14


  68:Drivers/CMSIS/Include/cmsis_gcc.h ****   #define __PACKED_UNION                         union __attribute__((packed, aligned(1)))
  69:Drivers/CMSIS/Include/cmsis_gcc.h **** #endif
  70:Drivers/CMSIS/Include/cmsis_gcc.h **** #ifndef   __UNALIGNED_UINT32        /* deprecated */
  71:Drivers/CMSIS/Include/cmsis_gcc.h ****   #pragma GCC diagnostic push
  72:Drivers/CMSIS/Include/cmsis_gcc.h ****   #pragma GCC diagnostic ignored "-Wpacked"
  73:Drivers/CMSIS/Include/cmsis_gcc.h ****   #pragma GCC diagnostic ignored "-Wattributes"
  74:Drivers/CMSIS/Include/cmsis_gcc.h ****   struct __attribute__((packed)) T_UINT32 { uint32_t v; };
  75:Drivers/CMSIS/Include/cmsis_gcc.h ****   #pragma GCC diagnostic pop
  76:Drivers/CMSIS/Include/cmsis_gcc.h ****   #define __UNALIGNED_UINT32(x)                  (((struct T_UINT32 *)(x))->v)
  77:Drivers/CMSIS/Include/cmsis_gcc.h **** #endif
  78:Drivers/CMSIS/Include/cmsis_gcc.h **** #ifndef   __UNALIGNED_UINT16_WRITE
  79:Drivers/CMSIS/Include/cmsis_gcc.h ****   #pragma GCC diagnostic push
  80:Drivers/CMSIS/Include/cmsis_gcc.h ****   #pragma GCC diagnostic ignored "-Wpacked"
  81:Drivers/CMSIS/Include/cmsis_gcc.h ****   #pragma GCC diagnostic ignored "-Wattributes"
  82:Drivers/CMSIS/Include/cmsis_gcc.h ****   __PACKED_STRUCT T_UINT16_WRITE { uint16_t v; };
  83:Drivers/CMSIS/Include/cmsis_gcc.h ****   #pragma GCC diagnostic pop
  84:Drivers/CMSIS/Include/cmsis_gcc.h ****   #define __UNALIGNED_UINT16_WRITE(addr, val)    (void)((((struct T_UINT16_WRITE *)(void *)(addr))-
  85:Drivers/CMSIS/Include/cmsis_gcc.h **** #endif
  86:Drivers/CMSIS/Include/cmsis_gcc.h **** #ifndef   __UNALIGNED_UINT16_READ
  87:Drivers/CMSIS/Include/cmsis_gcc.h ****   #pragma GCC diagnostic push
  88:Drivers/CMSIS/Include/cmsis_gcc.h ****   #pragma GCC diagnostic ignored "-Wpacked"
  89:Drivers/CMSIS/Include/cmsis_gcc.h ****   #pragma GCC diagnostic ignored "-Wattributes"
  90:Drivers/CMSIS/Include/cmsis_gcc.h ****   __PACKED_STRUCT T_UINT16_READ { uint16_t v; };
  91:Drivers/CMSIS/Include/cmsis_gcc.h ****   #pragma GCC diagnostic pop
  92:Drivers/CMSIS/Include/cmsis_gcc.h ****   #define __UNALIGNED_UINT16_READ(addr)          (((const struct T_UINT16_READ *)(const void *)(add
  93:Drivers/CMSIS/Include/cmsis_gcc.h **** #endif
  94:Drivers/CMSIS/Include/cmsis_gcc.h **** #ifndef   __UNALIGNED_UINT32_WRITE
  95:Drivers/CMSIS/Include/cmsis_gcc.h ****   #pragma GCC diagnostic push
  96:Drivers/CMSIS/Include/cmsis_gcc.h ****   #pragma GCC diagnostic ignored "-Wpacked"
  97:Drivers/CMSIS/Include/cmsis_gcc.h ****   #pragma GCC diagnostic ignored "-Wattributes"
  98:Drivers/CMSIS/Include/cmsis_gcc.h ****   __PACKED_STRUCT T_UINT32_WRITE { uint32_t v; };
  99:Drivers/CMSIS/Include/cmsis_gcc.h ****   #pragma GCC diagnostic pop
 100:Drivers/CMSIS/Include/cmsis_gcc.h ****   #define __UNALIGNED_UINT32_WRITE(addr, val)    (void)((((struct T_UINT32_WRITE *)(void *)(addr))-
 101:Drivers/CMSIS/Include/cmsis_gcc.h **** #endif
 102:Drivers/CMSIS/Include/cmsis_gcc.h **** #ifndef   __UNALIGNED_UINT32_READ
 103:Drivers/CMSIS/Include/cmsis_gcc.h ****   #pragma GCC diagnostic push
 104:Drivers/CMSIS/Include/cmsis_gcc.h ****   #pragma GCC diagnostic ignored "-Wpacked"
 105:Drivers/CMSIS/Include/cmsis_gcc.h ****   #pragma GCC diagnostic ignored "-Wattributes"
 106:Drivers/CMSIS/Include/cmsis_gcc.h ****   __PACKED_STRUCT T_UINT32_READ { uint32_t v; };
 107:Drivers/CMSIS/Include/cmsis_gcc.h ****   #pragma GCC diagnostic pop
 108:Drivers/CMSIS/Include/cmsis_gcc.h ****   #define __UNALIGNED_UINT32_READ(addr)          (((const struct T_UINT32_READ *)(const void *)(add
 109:Drivers/CMSIS/Include/cmsis_gcc.h **** #endif
 110:Drivers/CMSIS/Include/cmsis_gcc.h **** #ifndef   __ALIGNED
 111:Drivers/CMSIS/Include/cmsis_gcc.h ****   #define __ALIGNED(x)                           __attribute__((aligned(x)))
 112:Drivers/CMSIS/Include/cmsis_gcc.h **** #endif
 113:Drivers/CMSIS/Include/cmsis_gcc.h **** #ifndef   __RESTRICT
 114:Drivers/CMSIS/Include/cmsis_gcc.h ****   #define __RESTRICT                             __restrict
 115:Drivers/CMSIS/Include/cmsis_gcc.h **** #endif
 116:Drivers/CMSIS/Include/cmsis_gcc.h **** 
 117:Drivers/CMSIS/Include/cmsis_gcc.h **** 
 118:Drivers/CMSIS/Include/cmsis_gcc.h **** /* ###########################  Core Function Access  ########################### */
 119:Drivers/CMSIS/Include/cmsis_gcc.h **** /** \ingroup  CMSIS_Core_FunctionInterface
 120:Drivers/CMSIS/Include/cmsis_gcc.h ****     \defgroup CMSIS_Core_RegAccFunctions CMSIS Core Register Access Functions
 121:Drivers/CMSIS/Include/cmsis_gcc.h ****   @{
 122:Drivers/CMSIS/Include/cmsis_gcc.h ****  */
 123:Drivers/CMSIS/Include/cmsis_gcc.h **** 
 124:Drivers/CMSIS/Include/cmsis_gcc.h **** /**
ARM GAS  /tmp/ccML3nZz.s 			page 15


 125:Drivers/CMSIS/Include/cmsis_gcc.h ****   \brief   Enable IRQ Interrupts
 126:Drivers/CMSIS/Include/cmsis_gcc.h ****   \details Enables IRQ interrupts by clearing the I-bit in the CPSR.
 127:Drivers/CMSIS/Include/cmsis_gcc.h ****            Can only be executed in Privileged modes.
 128:Drivers/CMSIS/Include/cmsis_gcc.h ****  */
 129:Drivers/CMSIS/Include/cmsis_gcc.h **** __STATIC_FORCEINLINE void __enable_irq(void)
 130:Drivers/CMSIS/Include/cmsis_gcc.h **** {
 131:Drivers/CMSIS/Include/cmsis_gcc.h ****   __ASM volatile ("cpsie i" : : : "memory");
 132:Drivers/CMSIS/Include/cmsis_gcc.h **** }
 133:Drivers/CMSIS/Include/cmsis_gcc.h **** 
 134:Drivers/CMSIS/Include/cmsis_gcc.h **** 
 135:Drivers/CMSIS/Include/cmsis_gcc.h **** /**
 136:Drivers/CMSIS/Include/cmsis_gcc.h ****   \brief   Disable IRQ Interrupts
 137:Drivers/CMSIS/Include/cmsis_gcc.h ****   \details Disables IRQ interrupts by setting the I-bit in the CPSR.
 138:Drivers/CMSIS/Include/cmsis_gcc.h ****            Can only be executed in Privileged modes.
 139:Drivers/CMSIS/Include/cmsis_gcc.h ****  */
 140:Drivers/CMSIS/Include/cmsis_gcc.h **** __STATIC_FORCEINLINE void __disable_irq(void)
 141:Drivers/CMSIS/Include/cmsis_gcc.h **** {
 142:Drivers/CMSIS/Include/cmsis_gcc.h ****   __ASM volatile ("cpsid i" : : : "memory");
 143:Drivers/CMSIS/Include/cmsis_gcc.h **** }
 144:Drivers/CMSIS/Include/cmsis_gcc.h **** 
 145:Drivers/CMSIS/Include/cmsis_gcc.h **** 
 146:Drivers/CMSIS/Include/cmsis_gcc.h **** /**
 147:Drivers/CMSIS/Include/cmsis_gcc.h ****   \brief   Get Control Register
 148:Drivers/CMSIS/Include/cmsis_gcc.h ****   \details Returns the content of the Control Register.
 149:Drivers/CMSIS/Include/cmsis_gcc.h ****   \return               Control Register value
 150:Drivers/CMSIS/Include/cmsis_gcc.h ****  */
 151:Drivers/CMSIS/Include/cmsis_gcc.h **** __STATIC_FORCEINLINE uint32_t __get_CONTROL(void)
 152:Drivers/CMSIS/Include/cmsis_gcc.h **** {
 153:Drivers/CMSIS/Include/cmsis_gcc.h ****   uint32_t result;
 154:Drivers/CMSIS/Include/cmsis_gcc.h **** 
 155:Drivers/CMSIS/Include/cmsis_gcc.h ****   __ASM volatile ("MRS %0, control" : "=r" (result) );
 156:Drivers/CMSIS/Include/cmsis_gcc.h ****   return(result);
 157:Drivers/CMSIS/Include/cmsis_gcc.h **** }
 158:Drivers/CMSIS/Include/cmsis_gcc.h **** 
 159:Drivers/CMSIS/Include/cmsis_gcc.h **** 
 160:Drivers/CMSIS/Include/cmsis_gcc.h **** #if (defined (__ARM_FEATURE_CMSE ) && (__ARM_FEATURE_CMSE == 3))
 161:Drivers/CMSIS/Include/cmsis_gcc.h **** /**
 162:Drivers/CMSIS/Include/cmsis_gcc.h ****   \brief   Get Control Register (non-secure)
 163:Drivers/CMSIS/Include/cmsis_gcc.h ****   \details Returns the content of the non-secure Control Register when in secure mode.
 164:Drivers/CMSIS/Include/cmsis_gcc.h ****   \return               non-secure Control Register value
 165:Drivers/CMSIS/Include/cmsis_gcc.h ****  */
 166:Drivers/CMSIS/Include/cmsis_gcc.h **** __STATIC_FORCEINLINE uint32_t __TZ_get_CONTROL_NS(void)
 167:Drivers/CMSIS/Include/cmsis_gcc.h **** {
 168:Drivers/CMSIS/Include/cmsis_gcc.h ****   uint32_t result;
 169:Drivers/CMSIS/Include/cmsis_gcc.h **** 
 170:Drivers/CMSIS/Include/cmsis_gcc.h ****   __ASM volatile ("MRS %0, control_ns" : "=r" (result) );
 171:Drivers/CMSIS/Include/cmsis_gcc.h ****   return(result);
 172:Drivers/CMSIS/Include/cmsis_gcc.h **** }
 173:Drivers/CMSIS/Include/cmsis_gcc.h **** #endif
 174:Drivers/CMSIS/Include/cmsis_gcc.h **** 
 175:Drivers/CMSIS/Include/cmsis_gcc.h **** 
 176:Drivers/CMSIS/Include/cmsis_gcc.h **** /**
 177:Drivers/CMSIS/Include/cmsis_gcc.h ****   \brief   Set Control Register
 178:Drivers/CMSIS/Include/cmsis_gcc.h ****   \details Writes the given value to the Control Register.
 179:Drivers/CMSIS/Include/cmsis_gcc.h ****   \param [in]    control  Control Register value to set
 180:Drivers/CMSIS/Include/cmsis_gcc.h ****  */
 181:Drivers/CMSIS/Include/cmsis_gcc.h **** __STATIC_FORCEINLINE void __set_CONTROL(uint32_t control)
ARM GAS  /tmp/ccML3nZz.s 			page 16


 182:Drivers/CMSIS/Include/cmsis_gcc.h **** {
 183:Drivers/CMSIS/Include/cmsis_gcc.h ****   __ASM volatile ("MSR control, %0" : : "r" (control) : "memory");
 184:Drivers/CMSIS/Include/cmsis_gcc.h **** }
 185:Drivers/CMSIS/Include/cmsis_gcc.h **** 
 186:Drivers/CMSIS/Include/cmsis_gcc.h **** 
 187:Drivers/CMSIS/Include/cmsis_gcc.h **** #if (defined (__ARM_FEATURE_CMSE ) && (__ARM_FEATURE_CMSE == 3))
 188:Drivers/CMSIS/Include/cmsis_gcc.h **** /**
 189:Drivers/CMSIS/Include/cmsis_gcc.h ****   \brief   Set Control Register (non-secure)
 190:Drivers/CMSIS/Include/cmsis_gcc.h ****   \details Writes the given value to the non-secure Control Register when in secure state.
 191:Drivers/CMSIS/Include/cmsis_gcc.h ****   \param [in]    control  Control Register value to set
 192:Drivers/CMSIS/Include/cmsis_gcc.h ****  */
 193:Drivers/CMSIS/Include/cmsis_gcc.h **** __STATIC_FORCEINLINE void __TZ_set_CONTROL_NS(uint32_t control)
 194:Drivers/CMSIS/Include/cmsis_gcc.h **** {
 195:Drivers/CMSIS/Include/cmsis_gcc.h ****   __ASM volatile ("MSR control_ns, %0" : : "r" (control) : "memory");
 196:Drivers/CMSIS/Include/cmsis_gcc.h **** }
 197:Drivers/CMSIS/Include/cmsis_gcc.h **** #endif
 198:Drivers/CMSIS/Include/cmsis_gcc.h **** 
 199:Drivers/CMSIS/Include/cmsis_gcc.h **** 
 200:Drivers/CMSIS/Include/cmsis_gcc.h **** /**
 201:Drivers/CMSIS/Include/cmsis_gcc.h ****   \brief   Get IPSR Register
 202:Drivers/CMSIS/Include/cmsis_gcc.h ****   \details Returns the content of the IPSR Register.
 203:Drivers/CMSIS/Include/cmsis_gcc.h ****   \return               IPSR Register value
 204:Drivers/CMSIS/Include/cmsis_gcc.h ****  */
 205:Drivers/CMSIS/Include/cmsis_gcc.h **** __STATIC_FORCEINLINE uint32_t __get_IPSR(void)
 206:Drivers/CMSIS/Include/cmsis_gcc.h **** {
 207:Drivers/CMSIS/Include/cmsis_gcc.h ****   uint32_t result;
 208:Drivers/CMSIS/Include/cmsis_gcc.h **** 
 209:Drivers/CMSIS/Include/cmsis_gcc.h ****   __ASM volatile ("MRS %0, ipsr" : "=r" (result) );
 210:Drivers/CMSIS/Include/cmsis_gcc.h ****   return(result);
 211:Drivers/CMSIS/Include/cmsis_gcc.h **** }
 212:Drivers/CMSIS/Include/cmsis_gcc.h **** 
 213:Drivers/CMSIS/Include/cmsis_gcc.h **** 
 214:Drivers/CMSIS/Include/cmsis_gcc.h **** /**
 215:Drivers/CMSIS/Include/cmsis_gcc.h ****   \brief   Get APSR Register
 216:Drivers/CMSIS/Include/cmsis_gcc.h ****   \details Returns the content of the APSR Register.
 217:Drivers/CMSIS/Include/cmsis_gcc.h ****   \return               APSR Register value
 218:Drivers/CMSIS/Include/cmsis_gcc.h ****  */
 219:Drivers/CMSIS/Include/cmsis_gcc.h **** __STATIC_FORCEINLINE uint32_t __get_APSR(void)
 220:Drivers/CMSIS/Include/cmsis_gcc.h **** {
 221:Drivers/CMSIS/Include/cmsis_gcc.h ****   uint32_t result;
 222:Drivers/CMSIS/Include/cmsis_gcc.h **** 
 223:Drivers/CMSIS/Include/cmsis_gcc.h ****   __ASM volatile ("MRS %0, apsr" : "=r" (result) );
 224:Drivers/CMSIS/Include/cmsis_gcc.h ****   return(result);
 225:Drivers/CMSIS/Include/cmsis_gcc.h **** }
 226:Drivers/CMSIS/Include/cmsis_gcc.h **** 
 227:Drivers/CMSIS/Include/cmsis_gcc.h **** 
 228:Drivers/CMSIS/Include/cmsis_gcc.h **** /**
 229:Drivers/CMSIS/Include/cmsis_gcc.h ****   \brief   Get xPSR Register
 230:Drivers/CMSIS/Include/cmsis_gcc.h ****   \details Returns the content of the xPSR Register.
 231:Drivers/CMSIS/Include/cmsis_gcc.h ****   \return               xPSR Register value
 232:Drivers/CMSIS/Include/cmsis_gcc.h ****  */
 233:Drivers/CMSIS/Include/cmsis_gcc.h **** __STATIC_FORCEINLINE uint32_t __get_xPSR(void)
 234:Drivers/CMSIS/Include/cmsis_gcc.h **** {
 235:Drivers/CMSIS/Include/cmsis_gcc.h ****   uint32_t result;
 236:Drivers/CMSIS/Include/cmsis_gcc.h **** 
 237:Drivers/CMSIS/Include/cmsis_gcc.h ****   __ASM volatile ("MRS %0, xpsr" : "=r" (result) );
 238:Drivers/CMSIS/Include/cmsis_gcc.h ****   return(result);
ARM GAS  /tmp/ccML3nZz.s 			page 17


 239:Drivers/CMSIS/Include/cmsis_gcc.h **** }
 240:Drivers/CMSIS/Include/cmsis_gcc.h **** 
 241:Drivers/CMSIS/Include/cmsis_gcc.h **** 
 242:Drivers/CMSIS/Include/cmsis_gcc.h **** /**
 243:Drivers/CMSIS/Include/cmsis_gcc.h ****   \brief   Get Process Stack Pointer
 244:Drivers/CMSIS/Include/cmsis_gcc.h ****   \details Returns the current value of the Process Stack Pointer (PSP).
 245:Drivers/CMSIS/Include/cmsis_gcc.h ****   \return               PSP Register value
 246:Drivers/CMSIS/Include/cmsis_gcc.h ****  */
 247:Drivers/CMSIS/Include/cmsis_gcc.h **** __STATIC_FORCEINLINE uint32_t __get_PSP(void)
 248:Drivers/CMSIS/Include/cmsis_gcc.h **** {
 249:Drivers/CMSIS/Include/cmsis_gcc.h ****   uint32_t result;
 250:Drivers/CMSIS/Include/cmsis_gcc.h **** 
 251:Drivers/CMSIS/Include/cmsis_gcc.h ****   __ASM volatile ("MRS %0, psp"  : "=r" (result) );
 252:Drivers/CMSIS/Include/cmsis_gcc.h ****   return(result);
 253:Drivers/CMSIS/Include/cmsis_gcc.h **** }
 254:Drivers/CMSIS/Include/cmsis_gcc.h **** 
 255:Drivers/CMSIS/Include/cmsis_gcc.h **** 
 256:Drivers/CMSIS/Include/cmsis_gcc.h **** #if (defined (__ARM_FEATURE_CMSE ) && (__ARM_FEATURE_CMSE == 3))
 257:Drivers/CMSIS/Include/cmsis_gcc.h **** /**
 258:Drivers/CMSIS/Include/cmsis_gcc.h ****   \brief   Get Process Stack Pointer (non-secure)
 259:Drivers/CMSIS/Include/cmsis_gcc.h ****   \details Returns the current value of the non-secure Process Stack Pointer (PSP) when in secure s
 260:Drivers/CMSIS/Include/cmsis_gcc.h ****   \return               PSP Register value
 261:Drivers/CMSIS/Include/cmsis_gcc.h ****  */
 262:Drivers/CMSIS/Include/cmsis_gcc.h **** __STATIC_FORCEINLINE uint32_t __TZ_get_PSP_NS(void)
 263:Drivers/CMSIS/Include/cmsis_gcc.h **** {
 264:Drivers/CMSIS/Include/cmsis_gcc.h ****   uint32_t result;
 265:Drivers/CMSIS/Include/cmsis_gcc.h **** 
 266:Drivers/CMSIS/Include/cmsis_gcc.h ****   __ASM volatile ("MRS %0, psp_ns"  : "=r" (result) );
 267:Drivers/CMSIS/Include/cmsis_gcc.h ****   return(result);
 268:Drivers/CMSIS/Include/cmsis_gcc.h **** }
 269:Drivers/CMSIS/Include/cmsis_gcc.h **** #endif
 270:Drivers/CMSIS/Include/cmsis_gcc.h **** 
 271:Drivers/CMSIS/Include/cmsis_gcc.h **** 
 272:Drivers/CMSIS/Include/cmsis_gcc.h **** /**
 273:Drivers/CMSIS/Include/cmsis_gcc.h ****   \brief   Set Process Stack Pointer
 274:Drivers/CMSIS/Include/cmsis_gcc.h ****   \details Assigns the given value to the Process Stack Pointer (PSP).
 275:Drivers/CMSIS/Include/cmsis_gcc.h ****   \param [in]    topOfProcStack  Process Stack Pointer value to set
 276:Drivers/CMSIS/Include/cmsis_gcc.h ****  */
 277:Drivers/CMSIS/Include/cmsis_gcc.h **** __STATIC_FORCEINLINE void __set_PSP(uint32_t topOfProcStack)
 278:Drivers/CMSIS/Include/cmsis_gcc.h **** {
 279:Drivers/CMSIS/Include/cmsis_gcc.h ****   __ASM volatile ("MSR psp, %0" : : "r" (topOfProcStack) : );
 280:Drivers/CMSIS/Include/cmsis_gcc.h **** }
 281:Drivers/CMSIS/Include/cmsis_gcc.h **** 
 282:Drivers/CMSIS/Include/cmsis_gcc.h **** 
 283:Drivers/CMSIS/Include/cmsis_gcc.h **** #if (defined (__ARM_FEATURE_CMSE ) && (__ARM_FEATURE_CMSE == 3))
 284:Drivers/CMSIS/Include/cmsis_gcc.h **** /**
 285:Drivers/CMSIS/Include/cmsis_gcc.h ****   \brief   Set Process Stack Pointer (non-secure)
 286:Drivers/CMSIS/Include/cmsis_gcc.h ****   \details Assigns the given value to the non-secure Process Stack Pointer (PSP) when in secure sta
 287:Drivers/CMSIS/Include/cmsis_gcc.h ****   \param [in]    topOfProcStack  Process Stack Pointer value to set
 288:Drivers/CMSIS/Include/cmsis_gcc.h ****  */
 289:Drivers/CMSIS/Include/cmsis_gcc.h **** __STATIC_FORCEINLINE void __TZ_set_PSP_NS(uint32_t topOfProcStack)
 290:Drivers/CMSIS/Include/cmsis_gcc.h **** {
 291:Drivers/CMSIS/Include/cmsis_gcc.h ****   __ASM volatile ("MSR psp_ns, %0" : : "r" (topOfProcStack) : );
 292:Drivers/CMSIS/Include/cmsis_gcc.h **** }
 293:Drivers/CMSIS/Include/cmsis_gcc.h **** #endif
 294:Drivers/CMSIS/Include/cmsis_gcc.h **** 
 295:Drivers/CMSIS/Include/cmsis_gcc.h **** 
ARM GAS  /tmp/ccML3nZz.s 			page 18


 296:Drivers/CMSIS/Include/cmsis_gcc.h **** /**
 297:Drivers/CMSIS/Include/cmsis_gcc.h ****   \brief   Get Main Stack Pointer
 298:Drivers/CMSIS/Include/cmsis_gcc.h ****   \details Returns the current value of the Main Stack Pointer (MSP).
 299:Drivers/CMSIS/Include/cmsis_gcc.h ****   \return               MSP Register value
 300:Drivers/CMSIS/Include/cmsis_gcc.h ****  */
 301:Drivers/CMSIS/Include/cmsis_gcc.h **** __STATIC_FORCEINLINE uint32_t __get_MSP(void)
 302:Drivers/CMSIS/Include/cmsis_gcc.h **** {
 303:Drivers/CMSIS/Include/cmsis_gcc.h ****   uint32_t result;
 304:Drivers/CMSIS/Include/cmsis_gcc.h **** 
 305:Drivers/CMSIS/Include/cmsis_gcc.h ****   __ASM volatile ("MRS %0, msp" : "=r" (result) );
 306:Drivers/CMSIS/Include/cmsis_gcc.h ****   return(result);
 307:Drivers/CMSIS/Include/cmsis_gcc.h **** }
 308:Drivers/CMSIS/Include/cmsis_gcc.h **** 
 309:Drivers/CMSIS/Include/cmsis_gcc.h **** 
 310:Drivers/CMSIS/Include/cmsis_gcc.h **** #if (defined (__ARM_FEATURE_CMSE ) && (__ARM_FEATURE_CMSE == 3))
 311:Drivers/CMSIS/Include/cmsis_gcc.h **** /**
 312:Drivers/CMSIS/Include/cmsis_gcc.h ****   \brief   Get Main Stack Pointer (non-secure)
 313:Drivers/CMSIS/Include/cmsis_gcc.h ****   \details Returns the current value of the non-secure Main Stack Pointer (MSP) when in secure stat
 314:Drivers/CMSIS/Include/cmsis_gcc.h ****   \return               MSP Register value
 315:Drivers/CMSIS/Include/cmsis_gcc.h ****  */
 316:Drivers/CMSIS/Include/cmsis_gcc.h **** __STATIC_FORCEINLINE uint32_t __TZ_get_MSP_NS(void)
 317:Drivers/CMSIS/Include/cmsis_gcc.h **** {
 318:Drivers/CMSIS/Include/cmsis_gcc.h ****   uint32_t result;
 319:Drivers/CMSIS/Include/cmsis_gcc.h **** 
 320:Drivers/CMSIS/Include/cmsis_gcc.h ****   __ASM volatile ("MRS %0, msp_ns" : "=r" (result) );
 321:Drivers/CMSIS/Include/cmsis_gcc.h ****   return(result);
 322:Drivers/CMSIS/Include/cmsis_gcc.h **** }
 323:Drivers/CMSIS/Include/cmsis_gcc.h **** #endif
 324:Drivers/CMSIS/Include/cmsis_gcc.h **** 
 325:Drivers/CMSIS/Include/cmsis_gcc.h **** 
 326:Drivers/CMSIS/Include/cmsis_gcc.h **** /**
 327:Drivers/CMSIS/Include/cmsis_gcc.h ****   \brief   Set Main Stack Pointer
 328:Drivers/CMSIS/Include/cmsis_gcc.h ****   \details Assigns the given value to the Main Stack Pointer (MSP).
 329:Drivers/CMSIS/Include/cmsis_gcc.h ****   \param [in]    topOfMainStack  Main Stack Pointer value to set
 330:Drivers/CMSIS/Include/cmsis_gcc.h ****  */
 331:Drivers/CMSIS/Include/cmsis_gcc.h **** __STATIC_FORCEINLINE void __set_MSP(uint32_t topOfMainStack)
 332:Drivers/CMSIS/Include/cmsis_gcc.h **** {
 333:Drivers/CMSIS/Include/cmsis_gcc.h ****   __ASM volatile ("MSR msp, %0" : : "r" (topOfMainStack) : );
 334:Drivers/CMSIS/Include/cmsis_gcc.h **** }
 335:Drivers/CMSIS/Include/cmsis_gcc.h **** 
 336:Drivers/CMSIS/Include/cmsis_gcc.h **** 
 337:Drivers/CMSIS/Include/cmsis_gcc.h **** #if (defined (__ARM_FEATURE_CMSE ) && (__ARM_FEATURE_CMSE == 3))
 338:Drivers/CMSIS/Include/cmsis_gcc.h **** /**
 339:Drivers/CMSIS/Include/cmsis_gcc.h ****   \brief   Set Main Stack Pointer (non-secure)
 340:Drivers/CMSIS/Include/cmsis_gcc.h ****   \details Assigns the given value to the non-secure Main Stack Pointer (MSP) when in secure state.
 341:Drivers/CMSIS/Include/cmsis_gcc.h ****   \param [in]    topOfMainStack  Main Stack Pointer value to set
 342:Drivers/CMSIS/Include/cmsis_gcc.h ****  */
 343:Drivers/CMSIS/Include/cmsis_gcc.h **** __STATIC_FORCEINLINE void __TZ_set_MSP_NS(uint32_t topOfMainStack)
 344:Drivers/CMSIS/Include/cmsis_gcc.h **** {
 345:Drivers/CMSIS/Include/cmsis_gcc.h ****   __ASM volatile ("MSR msp_ns, %0" : : "r" (topOfMainStack) : );
 346:Drivers/CMSIS/Include/cmsis_gcc.h **** }
 347:Drivers/CMSIS/Include/cmsis_gcc.h **** #endif
 348:Drivers/CMSIS/Include/cmsis_gcc.h **** 
 349:Drivers/CMSIS/Include/cmsis_gcc.h **** 
 350:Drivers/CMSIS/Include/cmsis_gcc.h **** #if (defined (__ARM_FEATURE_CMSE ) && (__ARM_FEATURE_CMSE == 3))
 351:Drivers/CMSIS/Include/cmsis_gcc.h **** /**
 352:Drivers/CMSIS/Include/cmsis_gcc.h ****   \brief   Get Stack Pointer (non-secure)
ARM GAS  /tmp/ccML3nZz.s 			page 19


 353:Drivers/CMSIS/Include/cmsis_gcc.h ****   \details Returns the current value of the non-secure Stack Pointer (SP) when in secure state.
 354:Drivers/CMSIS/Include/cmsis_gcc.h ****   \return               SP Register value
 355:Drivers/CMSIS/Include/cmsis_gcc.h ****  */
 356:Drivers/CMSIS/Include/cmsis_gcc.h **** __STATIC_FORCEINLINE uint32_t __TZ_get_SP_NS(void)
 357:Drivers/CMSIS/Include/cmsis_gcc.h **** {
 358:Drivers/CMSIS/Include/cmsis_gcc.h ****   uint32_t result;
 359:Drivers/CMSIS/Include/cmsis_gcc.h **** 
 360:Drivers/CMSIS/Include/cmsis_gcc.h ****   __ASM volatile ("MRS %0, sp_ns" : "=r" (result) );
 361:Drivers/CMSIS/Include/cmsis_gcc.h ****   return(result);
 362:Drivers/CMSIS/Include/cmsis_gcc.h **** }
 363:Drivers/CMSIS/Include/cmsis_gcc.h **** 
 364:Drivers/CMSIS/Include/cmsis_gcc.h **** 
 365:Drivers/CMSIS/Include/cmsis_gcc.h **** /**
 366:Drivers/CMSIS/Include/cmsis_gcc.h ****   \brief   Set Stack Pointer (non-secure)
 367:Drivers/CMSIS/Include/cmsis_gcc.h ****   \details Assigns the given value to the non-secure Stack Pointer (SP) when in secure state.
 368:Drivers/CMSIS/Include/cmsis_gcc.h ****   \param [in]    topOfStack  Stack Pointer value to set
 369:Drivers/CMSIS/Include/cmsis_gcc.h ****  */
 370:Drivers/CMSIS/Include/cmsis_gcc.h **** __STATIC_FORCEINLINE void __TZ_set_SP_NS(uint32_t topOfStack)
 371:Drivers/CMSIS/Include/cmsis_gcc.h **** {
 372:Drivers/CMSIS/Include/cmsis_gcc.h ****   __ASM volatile ("MSR sp_ns, %0" : : "r" (topOfStack) : );
 373:Drivers/CMSIS/Include/cmsis_gcc.h **** }
 374:Drivers/CMSIS/Include/cmsis_gcc.h **** #endif
 375:Drivers/CMSIS/Include/cmsis_gcc.h **** 
 376:Drivers/CMSIS/Include/cmsis_gcc.h **** 
 377:Drivers/CMSIS/Include/cmsis_gcc.h **** /**
 378:Drivers/CMSIS/Include/cmsis_gcc.h ****   \brief   Get Priority Mask
 379:Drivers/CMSIS/Include/cmsis_gcc.h ****   \details Returns the current state of the priority mask bit from the Priority Mask Register.
 380:Drivers/CMSIS/Include/cmsis_gcc.h ****   \return               Priority Mask value
 381:Drivers/CMSIS/Include/cmsis_gcc.h ****  */
 382:Drivers/CMSIS/Include/cmsis_gcc.h **** __STATIC_FORCEINLINE uint32_t __get_PRIMASK(void)
 383:Drivers/CMSIS/Include/cmsis_gcc.h **** {
 384:Drivers/CMSIS/Include/cmsis_gcc.h ****   uint32_t result;
 385:Drivers/CMSIS/Include/cmsis_gcc.h **** 
 386:Drivers/CMSIS/Include/cmsis_gcc.h ****   __ASM volatile ("MRS %0, primask" : "=r" (result) :: "memory");
 387:Drivers/CMSIS/Include/cmsis_gcc.h ****   return(result);
 388:Drivers/CMSIS/Include/cmsis_gcc.h **** }
 389:Drivers/CMSIS/Include/cmsis_gcc.h **** 
 390:Drivers/CMSIS/Include/cmsis_gcc.h **** 
 391:Drivers/CMSIS/Include/cmsis_gcc.h **** #if (defined (__ARM_FEATURE_CMSE ) && (__ARM_FEATURE_CMSE == 3))
 392:Drivers/CMSIS/Include/cmsis_gcc.h **** /**
 393:Drivers/CMSIS/Include/cmsis_gcc.h ****   \brief   Get Priority Mask (non-secure)
 394:Drivers/CMSIS/Include/cmsis_gcc.h ****   \details Returns the current state of the non-secure priority mask bit from the Priority Mask Reg
 395:Drivers/CMSIS/Include/cmsis_gcc.h ****   \return               Priority Mask value
 396:Drivers/CMSIS/Include/cmsis_gcc.h ****  */
 397:Drivers/CMSIS/Include/cmsis_gcc.h **** __STATIC_FORCEINLINE uint32_t __TZ_get_PRIMASK_NS(void)
 398:Drivers/CMSIS/Include/cmsis_gcc.h **** {
 399:Drivers/CMSIS/Include/cmsis_gcc.h ****   uint32_t result;
 400:Drivers/CMSIS/Include/cmsis_gcc.h **** 
 401:Drivers/CMSIS/Include/cmsis_gcc.h ****   __ASM volatile ("MRS %0, primask_ns" : "=r" (result) :: "memory");
 402:Drivers/CMSIS/Include/cmsis_gcc.h ****   return(result);
 403:Drivers/CMSIS/Include/cmsis_gcc.h **** }
 404:Drivers/CMSIS/Include/cmsis_gcc.h **** #endif
 405:Drivers/CMSIS/Include/cmsis_gcc.h **** 
 406:Drivers/CMSIS/Include/cmsis_gcc.h **** 
 407:Drivers/CMSIS/Include/cmsis_gcc.h **** /**
 408:Drivers/CMSIS/Include/cmsis_gcc.h ****   \brief   Set Priority Mask
 409:Drivers/CMSIS/Include/cmsis_gcc.h ****   \details Assigns the given value to the Priority Mask Register.
ARM GAS  /tmp/ccML3nZz.s 			page 20


 410:Drivers/CMSIS/Include/cmsis_gcc.h ****   \param [in]    priMask  Priority Mask
 411:Drivers/CMSIS/Include/cmsis_gcc.h ****  */
 412:Drivers/CMSIS/Include/cmsis_gcc.h **** __STATIC_FORCEINLINE void __set_PRIMASK(uint32_t priMask)
 413:Drivers/CMSIS/Include/cmsis_gcc.h **** {
 414:Drivers/CMSIS/Include/cmsis_gcc.h ****   __ASM volatile ("MSR primask, %0" : : "r" (priMask) : "memory");
 415:Drivers/CMSIS/Include/cmsis_gcc.h **** }
 416:Drivers/CMSIS/Include/cmsis_gcc.h **** 
 417:Drivers/CMSIS/Include/cmsis_gcc.h **** 
 418:Drivers/CMSIS/Include/cmsis_gcc.h **** #if (defined (__ARM_FEATURE_CMSE ) && (__ARM_FEATURE_CMSE == 3))
 419:Drivers/CMSIS/Include/cmsis_gcc.h **** /**
 420:Drivers/CMSIS/Include/cmsis_gcc.h ****   \brief   Set Priority Mask (non-secure)
 421:Drivers/CMSIS/Include/cmsis_gcc.h ****   \details Assigns the given value to the non-secure Priority Mask Register when in secure state.
 422:Drivers/CMSIS/Include/cmsis_gcc.h ****   \param [in]    priMask  Priority Mask
 423:Drivers/CMSIS/Include/cmsis_gcc.h ****  */
 424:Drivers/CMSIS/Include/cmsis_gcc.h **** __STATIC_FORCEINLINE void __TZ_set_PRIMASK_NS(uint32_t priMask)
 425:Drivers/CMSIS/Include/cmsis_gcc.h **** {
 426:Drivers/CMSIS/Include/cmsis_gcc.h ****   __ASM volatile ("MSR primask_ns, %0" : : "r" (priMask) : "memory");
 427:Drivers/CMSIS/Include/cmsis_gcc.h **** }
 428:Drivers/CMSIS/Include/cmsis_gcc.h **** #endif
 429:Drivers/CMSIS/Include/cmsis_gcc.h **** 
 430:Drivers/CMSIS/Include/cmsis_gcc.h **** 
 431:Drivers/CMSIS/Include/cmsis_gcc.h **** #if ((defined (__ARM_ARCH_7M__      ) && (__ARM_ARCH_7M__      == 1)) || \
 432:Drivers/CMSIS/Include/cmsis_gcc.h ****      (defined (__ARM_ARCH_7EM__     ) && (__ARM_ARCH_7EM__     == 1)) || \
 433:Drivers/CMSIS/Include/cmsis_gcc.h ****      (defined (__ARM_ARCH_8M_MAIN__ ) && (__ARM_ARCH_8M_MAIN__ == 1))    )
 434:Drivers/CMSIS/Include/cmsis_gcc.h **** /**
 435:Drivers/CMSIS/Include/cmsis_gcc.h ****   \brief   Enable FIQ
 436:Drivers/CMSIS/Include/cmsis_gcc.h ****   \details Enables FIQ interrupts by clearing the F-bit in the CPSR.
 437:Drivers/CMSIS/Include/cmsis_gcc.h ****            Can only be executed in Privileged modes.
 438:Drivers/CMSIS/Include/cmsis_gcc.h ****  */
 439:Drivers/CMSIS/Include/cmsis_gcc.h **** __STATIC_FORCEINLINE void __enable_fault_irq(void)
 440:Drivers/CMSIS/Include/cmsis_gcc.h **** {
 441:Drivers/CMSIS/Include/cmsis_gcc.h ****   __ASM volatile ("cpsie f" : : : "memory");
 442:Drivers/CMSIS/Include/cmsis_gcc.h **** }
 443:Drivers/CMSIS/Include/cmsis_gcc.h **** 
 444:Drivers/CMSIS/Include/cmsis_gcc.h **** 
 445:Drivers/CMSIS/Include/cmsis_gcc.h **** /**
 446:Drivers/CMSIS/Include/cmsis_gcc.h ****   \brief   Disable FIQ
 447:Drivers/CMSIS/Include/cmsis_gcc.h ****   \details Disables FIQ interrupts by setting the F-bit in the CPSR.
 448:Drivers/CMSIS/Include/cmsis_gcc.h ****            Can only be executed in Privileged modes.
 449:Drivers/CMSIS/Include/cmsis_gcc.h ****  */
 450:Drivers/CMSIS/Include/cmsis_gcc.h **** __STATIC_FORCEINLINE void __disable_fault_irq(void)
 451:Drivers/CMSIS/Include/cmsis_gcc.h **** {
 452:Drivers/CMSIS/Include/cmsis_gcc.h ****   __ASM volatile ("cpsid f" : : : "memory");
 453:Drivers/CMSIS/Include/cmsis_gcc.h **** }
 454:Drivers/CMSIS/Include/cmsis_gcc.h **** 
 455:Drivers/CMSIS/Include/cmsis_gcc.h **** 
 456:Drivers/CMSIS/Include/cmsis_gcc.h **** /**
 457:Drivers/CMSIS/Include/cmsis_gcc.h ****   \brief   Get Base Priority
 458:Drivers/CMSIS/Include/cmsis_gcc.h ****   \details Returns the current value of the Base Priority register.
 459:Drivers/CMSIS/Include/cmsis_gcc.h ****   \return               Base Priority register value
 460:Drivers/CMSIS/Include/cmsis_gcc.h ****  */
 461:Drivers/CMSIS/Include/cmsis_gcc.h **** __STATIC_FORCEINLINE uint32_t __get_BASEPRI(void)
 462:Drivers/CMSIS/Include/cmsis_gcc.h **** {
 463:Drivers/CMSIS/Include/cmsis_gcc.h ****   uint32_t result;
 464:Drivers/CMSIS/Include/cmsis_gcc.h **** 
 465:Drivers/CMSIS/Include/cmsis_gcc.h ****   __ASM volatile ("MRS %0, basepri" : "=r" (result) );
 466:Drivers/CMSIS/Include/cmsis_gcc.h ****   return(result);
ARM GAS  /tmp/ccML3nZz.s 			page 21


 467:Drivers/CMSIS/Include/cmsis_gcc.h **** }
 468:Drivers/CMSIS/Include/cmsis_gcc.h **** 
 469:Drivers/CMSIS/Include/cmsis_gcc.h **** 
 470:Drivers/CMSIS/Include/cmsis_gcc.h **** #if (defined (__ARM_FEATURE_CMSE ) && (__ARM_FEATURE_CMSE == 3))
 471:Drivers/CMSIS/Include/cmsis_gcc.h **** /**
 472:Drivers/CMSIS/Include/cmsis_gcc.h ****   \brief   Get Base Priority (non-secure)
 473:Drivers/CMSIS/Include/cmsis_gcc.h ****   \details Returns the current value of the non-secure Base Priority register when in secure state.
 474:Drivers/CMSIS/Include/cmsis_gcc.h ****   \return               Base Priority register value
 475:Drivers/CMSIS/Include/cmsis_gcc.h ****  */
 476:Drivers/CMSIS/Include/cmsis_gcc.h **** __STATIC_FORCEINLINE uint32_t __TZ_get_BASEPRI_NS(void)
 477:Drivers/CMSIS/Include/cmsis_gcc.h **** {
 478:Drivers/CMSIS/Include/cmsis_gcc.h ****   uint32_t result;
 479:Drivers/CMSIS/Include/cmsis_gcc.h **** 
 480:Drivers/CMSIS/Include/cmsis_gcc.h ****   __ASM volatile ("MRS %0, basepri_ns" : "=r" (result) );
 481:Drivers/CMSIS/Include/cmsis_gcc.h ****   return(result);
 482:Drivers/CMSIS/Include/cmsis_gcc.h **** }
 483:Drivers/CMSIS/Include/cmsis_gcc.h **** #endif
 484:Drivers/CMSIS/Include/cmsis_gcc.h **** 
 485:Drivers/CMSIS/Include/cmsis_gcc.h **** 
 486:Drivers/CMSIS/Include/cmsis_gcc.h **** /**
 487:Drivers/CMSIS/Include/cmsis_gcc.h ****   \brief   Set Base Priority
 488:Drivers/CMSIS/Include/cmsis_gcc.h ****   \details Assigns the given value to the Base Priority register.
 489:Drivers/CMSIS/Include/cmsis_gcc.h ****   \param [in]    basePri  Base Priority value to set
 490:Drivers/CMSIS/Include/cmsis_gcc.h ****  */
 491:Drivers/CMSIS/Include/cmsis_gcc.h **** __STATIC_FORCEINLINE void __set_BASEPRI(uint32_t basePri)
 492:Drivers/CMSIS/Include/cmsis_gcc.h **** {
 493:Drivers/CMSIS/Include/cmsis_gcc.h ****   __ASM volatile ("MSR basepri, %0" : : "r" (basePri) : "memory");
 494:Drivers/CMSIS/Include/cmsis_gcc.h **** }
 495:Drivers/CMSIS/Include/cmsis_gcc.h **** 
 496:Drivers/CMSIS/Include/cmsis_gcc.h **** 
 497:Drivers/CMSIS/Include/cmsis_gcc.h **** #if (defined (__ARM_FEATURE_CMSE ) && (__ARM_FEATURE_CMSE == 3))
 498:Drivers/CMSIS/Include/cmsis_gcc.h **** /**
 499:Drivers/CMSIS/Include/cmsis_gcc.h ****   \brief   Set Base Priority (non-secure)
 500:Drivers/CMSIS/Include/cmsis_gcc.h ****   \details Assigns the given value to the non-secure Base Priority register when in secure state.
 501:Drivers/CMSIS/Include/cmsis_gcc.h ****   \param [in]    basePri  Base Priority value to set
 502:Drivers/CMSIS/Include/cmsis_gcc.h ****  */
 503:Drivers/CMSIS/Include/cmsis_gcc.h **** __STATIC_FORCEINLINE void __TZ_set_BASEPRI_NS(uint32_t basePri)
 504:Drivers/CMSIS/Include/cmsis_gcc.h **** {
 505:Drivers/CMSIS/Include/cmsis_gcc.h ****   __ASM volatile ("MSR basepri_ns, %0" : : "r" (basePri) : "memory");
 506:Drivers/CMSIS/Include/cmsis_gcc.h **** }
 507:Drivers/CMSIS/Include/cmsis_gcc.h **** #endif
 508:Drivers/CMSIS/Include/cmsis_gcc.h **** 
 509:Drivers/CMSIS/Include/cmsis_gcc.h **** 
 510:Drivers/CMSIS/Include/cmsis_gcc.h **** /**
 511:Drivers/CMSIS/Include/cmsis_gcc.h ****   \brief   Set Base Priority with condition
 512:Drivers/CMSIS/Include/cmsis_gcc.h ****   \details Assigns the given value to the Base Priority register only if BASEPRI masking is disable
 513:Drivers/CMSIS/Include/cmsis_gcc.h ****            or the new value increases the BASEPRI priority level.
 514:Drivers/CMSIS/Include/cmsis_gcc.h ****   \param [in]    basePri  Base Priority value to set
 515:Drivers/CMSIS/Include/cmsis_gcc.h ****  */
 516:Drivers/CMSIS/Include/cmsis_gcc.h **** __STATIC_FORCEINLINE void __set_BASEPRI_MAX(uint32_t basePri)
 517:Drivers/CMSIS/Include/cmsis_gcc.h **** {
 518:Drivers/CMSIS/Include/cmsis_gcc.h ****   __ASM volatile ("MSR basepri_max, %0" : : "r" (basePri) : "memory");
 519:Drivers/CMSIS/Include/cmsis_gcc.h **** }
 520:Drivers/CMSIS/Include/cmsis_gcc.h **** 
 521:Drivers/CMSIS/Include/cmsis_gcc.h **** 
 522:Drivers/CMSIS/Include/cmsis_gcc.h **** /**
 523:Drivers/CMSIS/Include/cmsis_gcc.h ****   \brief   Get Fault Mask
ARM GAS  /tmp/ccML3nZz.s 			page 22


 524:Drivers/CMSIS/Include/cmsis_gcc.h ****   \details Returns the current value of the Fault Mask register.
 525:Drivers/CMSIS/Include/cmsis_gcc.h ****   \return               Fault Mask register value
 526:Drivers/CMSIS/Include/cmsis_gcc.h ****  */
 527:Drivers/CMSIS/Include/cmsis_gcc.h **** __STATIC_FORCEINLINE uint32_t __get_FAULTMASK(void)
 528:Drivers/CMSIS/Include/cmsis_gcc.h **** {
 529:Drivers/CMSIS/Include/cmsis_gcc.h ****   uint32_t result;
 530:Drivers/CMSIS/Include/cmsis_gcc.h **** 
 531:Drivers/CMSIS/Include/cmsis_gcc.h ****   __ASM volatile ("MRS %0, faultmask" : "=r" (result) );
 532:Drivers/CMSIS/Include/cmsis_gcc.h ****   return(result);
 533:Drivers/CMSIS/Include/cmsis_gcc.h **** }
 534:Drivers/CMSIS/Include/cmsis_gcc.h **** 
 535:Drivers/CMSIS/Include/cmsis_gcc.h **** 
 536:Drivers/CMSIS/Include/cmsis_gcc.h **** #if (defined (__ARM_FEATURE_CMSE ) && (__ARM_FEATURE_CMSE == 3))
 537:Drivers/CMSIS/Include/cmsis_gcc.h **** /**
 538:Drivers/CMSIS/Include/cmsis_gcc.h ****   \brief   Get Fault Mask (non-secure)
 539:Drivers/CMSIS/Include/cmsis_gcc.h ****   \details Returns the current value of the non-secure Fault Mask register when in secure state.
 540:Drivers/CMSIS/Include/cmsis_gcc.h ****   \return               Fault Mask register value
 541:Drivers/CMSIS/Include/cmsis_gcc.h ****  */
 542:Drivers/CMSIS/Include/cmsis_gcc.h **** __STATIC_FORCEINLINE uint32_t __TZ_get_FAULTMASK_NS(void)
 543:Drivers/CMSIS/Include/cmsis_gcc.h **** {
 544:Drivers/CMSIS/Include/cmsis_gcc.h ****   uint32_t result;
 545:Drivers/CMSIS/Include/cmsis_gcc.h **** 
 546:Drivers/CMSIS/Include/cmsis_gcc.h ****   __ASM volatile ("MRS %0, faultmask_ns" : "=r" (result) );
 547:Drivers/CMSIS/Include/cmsis_gcc.h ****   return(result);
 548:Drivers/CMSIS/Include/cmsis_gcc.h **** }
 549:Drivers/CMSIS/Include/cmsis_gcc.h **** #endif
 550:Drivers/CMSIS/Include/cmsis_gcc.h **** 
 551:Drivers/CMSIS/Include/cmsis_gcc.h **** 
 552:Drivers/CMSIS/Include/cmsis_gcc.h **** /**
 553:Drivers/CMSIS/Include/cmsis_gcc.h ****   \brief   Set Fault Mask
 554:Drivers/CMSIS/Include/cmsis_gcc.h ****   \details Assigns the given value to the Fault Mask register.
 555:Drivers/CMSIS/Include/cmsis_gcc.h ****   \param [in]    faultMask  Fault Mask value to set
 556:Drivers/CMSIS/Include/cmsis_gcc.h ****  */
 557:Drivers/CMSIS/Include/cmsis_gcc.h **** __STATIC_FORCEINLINE void __set_FAULTMASK(uint32_t faultMask)
 558:Drivers/CMSIS/Include/cmsis_gcc.h **** {
 559:Drivers/CMSIS/Include/cmsis_gcc.h ****   __ASM volatile ("MSR faultmask, %0" : : "r" (faultMask) : "memory");
 560:Drivers/CMSIS/Include/cmsis_gcc.h **** }
 561:Drivers/CMSIS/Include/cmsis_gcc.h **** 
 562:Drivers/CMSIS/Include/cmsis_gcc.h **** 
 563:Drivers/CMSIS/Include/cmsis_gcc.h **** #if (defined (__ARM_FEATURE_CMSE ) && (__ARM_FEATURE_CMSE == 3))
 564:Drivers/CMSIS/Include/cmsis_gcc.h **** /**
 565:Drivers/CMSIS/Include/cmsis_gcc.h ****   \brief   Set Fault Mask (non-secure)
 566:Drivers/CMSIS/Include/cmsis_gcc.h ****   \details Assigns the given value to the non-secure Fault Mask register when in secure state.
 567:Drivers/CMSIS/Include/cmsis_gcc.h ****   \param [in]    faultMask  Fault Mask value to set
 568:Drivers/CMSIS/Include/cmsis_gcc.h ****  */
 569:Drivers/CMSIS/Include/cmsis_gcc.h **** __STATIC_FORCEINLINE void __TZ_set_FAULTMASK_NS(uint32_t faultMask)
 570:Drivers/CMSIS/Include/cmsis_gcc.h **** {
 571:Drivers/CMSIS/Include/cmsis_gcc.h ****   __ASM volatile ("MSR faultmask_ns, %0" : : "r" (faultMask) : "memory");
 572:Drivers/CMSIS/Include/cmsis_gcc.h **** }
 573:Drivers/CMSIS/Include/cmsis_gcc.h **** #endif
 574:Drivers/CMSIS/Include/cmsis_gcc.h **** 
 575:Drivers/CMSIS/Include/cmsis_gcc.h **** #endif /* ((defined (__ARM_ARCH_7M__      ) && (__ARM_ARCH_7M__      == 1)) || \
 576:Drivers/CMSIS/Include/cmsis_gcc.h ****            (defined (__ARM_ARCH_7EM__     ) && (__ARM_ARCH_7EM__     == 1)) || \
 577:Drivers/CMSIS/Include/cmsis_gcc.h ****            (defined (__ARM_ARCH_8M_MAIN__ ) && (__ARM_ARCH_8M_MAIN__ == 1))    ) */
 578:Drivers/CMSIS/Include/cmsis_gcc.h **** 
 579:Drivers/CMSIS/Include/cmsis_gcc.h **** 
 580:Drivers/CMSIS/Include/cmsis_gcc.h **** #if ((defined (__ARM_ARCH_8M_MAIN__ ) && (__ARM_ARCH_8M_MAIN__ == 1)) || \
ARM GAS  /tmp/ccML3nZz.s 			page 23


 581:Drivers/CMSIS/Include/cmsis_gcc.h ****      (defined (__ARM_ARCH_8M_BASE__ ) && (__ARM_ARCH_8M_BASE__ == 1))    )
 582:Drivers/CMSIS/Include/cmsis_gcc.h **** 
 583:Drivers/CMSIS/Include/cmsis_gcc.h **** /**
 584:Drivers/CMSIS/Include/cmsis_gcc.h ****   \brief   Get Process Stack Pointer Limit
 585:Drivers/CMSIS/Include/cmsis_gcc.h ****   Devices without ARMv8-M Main Extensions (i.e. Cortex-M23) lack the non-secure
 586:Drivers/CMSIS/Include/cmsis_gcc.h ****   Stack Pointer Limit register hence zero is returned always in non-secure
 587:Drivers/CMSIS/Include/cmsis_gcc.h ****   mode.
 588:Drivers/CMSIS/Include/cmsis_gcc.h ****   
 589:Drivers/CMSIS/Include/cmsis_gcc.h ****   \details Returns the current value of the Process Stack Pointer Limit (PSPLIM).
 590:Drivers/CMSIS/Include/cmsis_gcc.h ****   \return               PSPLIM Register value
 591:Drivers/CMSIS/Include/cmsis_gcc.h ****  */
 592:Drivers/CMSIS/Include/cmsis_gcc.h **** __STATIC_FORCEINLINE uint32_t __get_PSPLIM(void)
 593:Drivers/CMSIS/Include/cmsis_gcc.h **** {
 594:Drivers/CMSIS/Include/cmsis_gcc.h **** #if (!(defined (__ARM_ARCH_8M_MAIN__ ) && (__ARM_ARCH_8M_MAIN__ == 1)) && \
 595:Drivers/CMSIS/Include/cmsis_gcc.h ****     (!defined (__ARM_FEATURE_CMSE) || (__ARM_FEATURE_CMSE < 3)))
 596:Drivers/CMSIS/Include/cmsis_gcc.h ****     // without main extensions, the non-secure PSPLIM is RAZ/WI
 597:Drivers/CMSIS/Include/cmsis_gcc.h ****   return 0U;
 598:Drivers/CMSIS/Include/cmsis_gcc.h **** #else
 599:Drivers/CMSIS/Include/cmsis_gcc.h ****   uint32_t result;
 600:Drivers/CMSIS/Include/cmsis_gcc.h ****   __ASM volatile ("MRS %0, psplim"  : "=r" (result) );
 601:Drivers/CMSIS/Include/cmsis_gcc.h ****   return result;
 602:Drivers/CMSIS/Include/cmsis_gcc.h **** #endif
 603:Drivers/CMSIS/Include/cmsis_gcc.h **** }
 604:Drivers/CMSIS/Include/cmsis_gcc.h **** 
 605:Drivers/CMSIS/Include/cmsis_gcc.h **** #if (defined (__ARM_FEATURE_CMSE) && (__ARM_FEATURE_CMSE == 3))
 606:Drivers/CMSIS/Include/cmsis_gcc.h **** /**
 607:Drivers/CMSIS/Include/cmsis_gcc.h ****   \brief   Get Process Stack Pointer Limit (non-secure)
 608:Drivers/CMSIS/Include/cmsis_gcc.h ****   Devices without ARMv8-M Main Extensions (i.e. Cortex-M23) lack the non-secure
 609:Drivers/CMSIS/Include/cmsis_gcc.h ****   Stack Pointer Limit register hence zero is returned always.
 610:Drivers/CMSIS/Include/cmsis_gcc.h **** 
 611:Drivers/CMSIS/Include/cmsis_gcc.h ****   \details Returns the current value of the non-secure Process Stack Pointer Limit (PSPLIM) when in
 612:Drivers/CMSIS/Include/cmsis_gcc.h ****   \return               PSPLIM Register value
 613:Drivers/CMSIS/Include/cmsis_gcc.h ****  */
 614:Drivers/CMSIS/Include/cmsis_gcc.h **** __STATIC_FORCEINLINE uint32_t __TZ_get_PSPLIM_NS(void)
 615:Drivers/CMSIS/Include/cmsis_gcc.h **** {
 616:Drivers/CMSIS/Include/cmsis_gcc.h **** #if (!(defined (__ARM_ARCH_8M_MAIN__ ) && (__ARM_ARCH_8M_MAIN__ == 1)))
 617:Drivers/CMSIS/Include/cmsis_gcc.h ****   // without main extensions, the non-secure PSPLIM is RAZ/WI
 618:Drivers/CMSIS/Include/cmsis_gcc.h ****   return 0U;
 619:Drivers/CMSIS/Include/cmsis_gcc.h **** #else
 620:Drivers/CMSIS/Include/cmsis_gcc.h ****   uint32_t result;
 621:Drivers/CMSIS/Include/cmsis_gcc.h ****   __ASM volatile ("MRS %0, psplim_ns"  : "=r" (result) );
 622:Drivers/CMSIS/Include/cmsis_gcc.h ****   return result;
 623:Drivers/CMSIS/Include/cmsis_gcc.h **** #endif
 624:Drivers/CMSIS/Include/cmsis_gcc.h **** }
 625:Drivers/CMSIS/Include/cmsis_gcc.h **** #endif
 626:Drivers/CMSIS/Include/cmsis_gcc.h **** 
 627:Drivers/CMSIS/Include/cmsis_gcc.h **** 
 628:Drivers/CMSIS/Include/cmsis_gcc.h **** /**
 629:Drivers/CMSIS/Include/cmsis_gcc.h ****   \brief   Set Process Stack Pointer Limit
 630:Drivers/CMSIS/Include/cmsis_gcc.h ****   Devices without ARMv8-M Main Extensions (i.e. Cortex-M23) lack the non-secure
 631:Drivers/CMSIS/Include/cmsis_gcc.h ****   Stack Pointer Limit register hence the write is silently ignored in non-secure
 632:Drivers/CMSIS/Include/cmsis_gcc.h ****   mode.
 633:Drivers/CMSIS/Include/cmsis_gcc.h ****   
 634:Drivers/CMSIS/Include/cmsis_gcc.h ****   \details Assigns the given value to the Process Stack Pointer Limit (PSPLIM).
 635:Drivers/CMSIS/Include/cmsis_gcc.h ****   \param [in]    ProcStackPtrLimit  Process Stack Pointer Limit value to set
 636:Drivers/CMSIS/Include/cmsis_gcc.h ****  */
 637:Drivers/CMSIS/Include/cmsis_gcc.h **** __STATIC_FORCEINLINE void __set_PSPLIM(uint32_t ProcStackPtrLimit)
ARM GAS  /tmp/ccML3nZz.s 			page 24


 638:Drivers/CMSIS/Include/cmsis_gcc.h **** {
 639:Drivers/CMSIS/Include/cmsis_gcc.h **** #if (!(defined (__ARM_ARCH_8M_MAIN__ ) && (__ARM_ARCH_8M_MAIN__ == 1)) && \
 640:Drivers/CMSIS/Include/cmsis_gcc.h ****     (!defined (__ARM_FEATURE_CMSE) || (__ARM_FEATURE_CMSE < 3)))
 641:Drivers/CMSIS/Include/cmsis_gcc.h ****   // without main extensions, the non-secure PSPLIM is RAZ/WI
 642:Drivers/CMSIS/Include/cmsis_gcc.h ****   (void)ProcStackPtrLimit;
 643:Drivers/CMSIS/Include/cmsis_gcc.h **** #else
 644:Drivers/CMSIS/Include/cmsis_gcc.h ****   __ASM volatile ("MSR psplim, %0" : : "r" (ProcStackPtrLimit));
 645:Drivers/CMSIS/Include/cmsis_gcc.h **** #endif
 646:Drivers/CMSIS/Include/cmsis_gcc.h **** }
 647:Drivers/CMSIS/Include/cmsis_gcc.h **** 
 648:Drivers/CMSIS/Include/cmsis_gcc.h **** 
 649:Drivers/CMSIS/Include/cmsis_gcc.h **** #if (defined (__ARM_FEATURE_CMSE  ) && (__ARM_FEATURE_CMSE   == 3))
 650:Drivers/CMSIS/Include/cmsis_gcc.h **** /**
 651:Drivers/CMSIS/Include/cmsis_gcc.h ****   \brief   Set Process Stack Pointer (non-secure)
 652:Drivers/CMSIS/Include/cmsis_gcc.h ****   Devices without ARMv8-M Main Extensions (i.e. Cortex-M23) lack the non-secure
 653:Drivers/CMSIS/Include/cmsis_gcc.h ****   Stack Pointer Limit register hence the write is silently ignored.
 654:Drivers/CMSIS/Include/cmsis_gcc.h **** 
 655:Drivers/CMSIS/Include/cmsis_gcc.h ****   \details Assigns the given value to the non-secure Process Stack Pointer Limit (PSPLIM) when in s
 656:Drivers/CMSIS/Include/cmsis_gcc.h ****   \param [in]    ProcStackPtrLimit  Process Stack Pointer Limit value to set
 657:Drivers/CMSIS/Include/cmsis_gcc.h ****  */
 658:Drivers/CMSIS/Include/cmsis_gcc.h **** __STATIC_FORCEINLINE void __TZ_set_PSPLIM_NS(uint32_t ProcStackPtrLimit)
 659:Drivers/CMSIS/Include/cmsis_gcc.h **** {
 660:Drivers/CMSIS/Include/cmsis_gcc.h **** #if (!(defined (__ARM_ARCH_8M_MAIN__ ) && (__ARM_ARCH_8M_MAIN__ == 1)))
 661:Drivers/CMSIS/Include/cmsis_gcc.h ****   // without main extensions, the non-secure PSPLIM is RAZ/WI
 662:Drivers/CMSIS/Include/cmsis_gcc.h ****   (void)ProcStackPtrLimit;
 663:Drivers/CMSIS/Include/cmsis_gcc.h **** #else
 664:Drivers/CMSIS/Include/cmsis_gcc.h ****   __ASM volatile ("MSR psplim_ns, %0\n" : : "r" (ProcStackPtrLimit));
 665:Drivers/CMSIS/Include/cmsis_gcc.h **** #endif
 666:Drivers/CMSIS/Include/cmsis_gcc.h **** }
 667:Drivers/CMSIS/Include/cmsis_gcc.h **** #endif
 668:Drivers/CMSIS/Include/cmsis_gcc.h **** 
 669:Drivers/CMSIS/Include/cmsis_gcc.h **** 
 670:Drivers/CMSIS/Include/cmsis_gcc.h **** /**
 671:Drivers/CMSIS/Include/cmsis_gcc.h ****   \brief   Get Main Stack Pointer Limit
 672:Drivers/CMSIS/Include/cmsis_gcc.h ****   Devices without ARMv8-M Main Extensions (i.e. Cortex-M23) lack the non-secure
 673:Drivers/CMSIS/Include/cmsis_gcc.h ****   Stack Pointer Limit register hence zero is returned always in non-secure
 674:Drivers/CMSIS/Include/cmsis_gcc.h ****   mode.
 675:Drivers/CMSIS/Include/cmsis_gcc.h **** 
 676:Drivers/CMSIS/Include/cmsis_gcc.h ****   \details Returns the current value of the Main Stack Pointer Limit (MSPLIM).
 677:Drivers/CMSIS/Include/cmsis_gcc.h ****   \return               MSPLIM Register value
 678:Drivers/CMSIS/Include/cmsis_gcc.h ****  */
 679:Drivers/CMSIS/Include/cmsis_gcc.h **** __STATIC_FORCEINLINE uint32_t __get_MSPLIM(void)
 680:Drivers/CMSIS/Include/cmsis_gcc.h **** {
 681:Drivers/CMSIS/Include/cmsis_gcc.h **** #if (!(defined (__ARM_ARCH_8M_MAIN__ ) && (__ARM_ARCH_8M_MAIN__ == 1)) && \
 682:Drivers/CMSIS/Include/cmsis_gcc.h ****     (!defined (__ARM_FEATURE_CMSE) || (__ARM_FEATURE_CMSE < 3)))
 683:Drivers/CMSIS/Include/cmsis_gcc.h ****   // without main extensions, the non-secure MSPLIM is RAZ/WI
 684:Drivers/CMSIS/Include/cmsis_gcc.h ****   return 0U;
 685:Drivers/CMSIS/Include/cmsis_gcc.h **** #else
 686:Drivers/CMSIS/Include/cmsis_gcc.h ****   uint32_t result;
 687:Drivers/CMSIS/Include/cmsis_gcc.h ****   __ASM volatile ("MRS %0, msplim" : "=r" (result) );
 688:Drivers/CMSIS/Include/cmsis_gcc.h ****   return result;
 689:Drivers/CMSIS/Include/cmsis_gcc.h **** #endif
 690:Drivers/CMSIS/Include/cmsis_gcc.h **** }
 691:Drivers/CMSIS/Include/cmsis_gcc.h **** 
 692:Drivers/CMSIS/Include/cmsis_gcc.h **** 
 693:Drivers/CMSIS/Include/cmsis_gcc.h **** #if (defined (__ARM_FEATURE_CMSE  ) && (__ARM_FEATURE_CMSE   == 3))
 694:Drivers/CMSIS/Include/cmsis_gcc.h **** /**
ARM GAS  /tmp/ccML3nZz.s 			page 25


 695:Drivers/CMSIS/Include/cmsis_gcc.h ****   \brief   Get Main Stack Pointer Limit (non-secure)
 696:Drivers/CMSIS/Include/cmsis_gcc.h ****   Devices without ARMv8-M Main Extensions (i.e. Cortex-M23) lack the non-secure
 697:Drivers/CMSIS/Include/cmsis_gcc.h ****   Stack Pointer Limit register hence zero is returned always.
 698:Drivers/CMSIS/Include/cmsis_gcc.h **** 
 699:Drivers/CMSIS/Include/cmsis_gcc.h ****   \details Returns the current value of the non-secure Main Stack Pointer Limit(MSPLIM) when in sec
 700:Drivers/CMSIS/Include/cmsis_gcc.h ****   \return               MSPLIM Register value
 701:Drivers/CMSIS/Include/cmsis_gcc.h ****  */
 702:Drivers/CMSIS/Include/cmsis_gcc.h **** __STATIC_FORCEINLINE uint32_t __TZ_get_MSPLIM_NS(void)
 703:Drivers/CMSIS/Include/cmsis_gcc.h **** {
 704:Drivers/CMSIS/Include/cmsis_gcc.h **** #if (!(defined (__ARM_ARCH_8M_MAIN__ ) && (__ARM_ARCH_8M_MAIN__ == 1)))
 705:Drivers/CMSIS/Include/cmsis_gcc.h ****   // without main extensions, the non-secure MSPLIM is RAZ/WI
 706:Drivers/CMSIS/Include/cmsis_gcc.h ****   return 0U;
 707:Drivers/CMSIS/Include/cmsis_gcc.h **** #else
 708:Drivers/CMSIS/Include/cmsis_gcc.h ****   uint32_t result;
 709:Drivers/CMSIS/Include/cmsis_gcc.h ****   __ASM volatile ("MRS %0, msplim_ns" : "=r" (result) );
 710:Drivers/CMSIS/Include/cmsis_gcc.h ****   return result;
 711:Drivers/CMSIS/Include/cmsis_gcc.h **** #endif
 712:Drivers/CMSIS/Include/cmsis_gcc.h **** }
 713:Drivers/CMSIS/Include/cmsis_gcc.h **** #endif
 714:Drivers/CMSIS/Include/cmsis_gcc.h **** 
 715:Drivers/CMSIS/Include/cmsis_gcc.h **** 
 716:Drivers/CMSIS/Include/cmsis_gcc.h **** /**
 717:Drivers/CMSIS/Include/cmsis_gcc.h ****   \brief   Set Main Stack Pointer Limit
 718:Drivers/CMSIS/Include/cmsis_gcc.h ****   Devices without ARMv8-M Main Extensions (i.e. Cortex-M23) lack the non-secure
 719:Drivers/CMSIS/Include/cmsis_gcc.h ****   Stack Pointer Limit register hence the write is silently ignored in non-secure
 720:Drivers/CMSIS/Include/cmsis_gcc.h ****   mode.
 721:Drivers/CMSIS/Include/cmsis_gcc.h **** 
 722:Drivers/CMSIS/Include/cmsis_gcc.h ****   \details Assigns the given value to the Main Stack Pointer Limit (MSPLIM).
 723:Drivers/CMSIS/Include/cmsis_gcc.h ****   \param [in]    MainStackPtrLimit  Main Stack Pointer Limit value to set
 724:Drivers/CMSIS/Include/cmsis_gcc.h ****  */
 725:Drivers/CMSIS/Include/cmsis_gcc.h **** __STATIC_FORCEINLINE void __set_MSPLIM(uint32_t MainStackPtrLimit)
 726:Drivers/CMSIS/Include/cmsis_gcc.h **** {
 727:Drivers/CMSIS/Include/cmsis_gcc.h **** #if (!(defined (__ARM_ARCH_8M_MAIN__ ) && (__ARM_ARCH_8M_MAIN__ == 1)) && \
 728:Drivers/CMSIS/Include/cmsis_gcc.h ****     (!defined (__ARM_FEATURE_CMSE) || (__ARM_FEATURE_CMSE < 3)))
 729:Drivers/CMSIS/Include/cmsis_gcc.h ****   // without main extensions, the non-secure MSPLIM is RAZ/WI
 730:Drivers/CMSIS/Include/cmsis_gcc.h ****   (void)MainStackPtrLimit;
 731:Drivers/CMSIS/Include/cmsis_gcc.h **** #else
 732:Drivers/CMSIS/Include/cmsis_gcc.h ****   __ASM volatile ("MSR msplim, %0" : : "r" (MainStackPtrLimit));
 733:Drivers/CMSIS/Include/cmsis_gcc.h **** #endif
 734:Drivers/CMSIS/Include/cmsis_gcc.h **** }
 735:Drivers/CMSIS/Include/cmsis_gcc.h **** 
 736:Drivers/CMSIS/Include/cmsis_gcc.h **** 
 737:Drivers/CMSIS/Include/cmsis_gcc.h **** #if (defined (__ARM_FEATURE_CMSE  ) && (__ARM_FEATURE_CMSE   == 3))
 738:Drivers/CMSIS/Include/cmsis_gcc.h **** /**
 739:Drivers/CMSIS/Include/cmsis_gcc.h ****   \brief   Set Main Stack Pointer Limit (non-secure)
 740:Drivers/CMSIS/Include/cmsis_gcc.h ****   Devices without ARMv8-M Main Extensions (i.e. Cortex-M23) lack the non-secure
 741:Drivers/CMSIS/Include/cmsis_gcc.h ****   Stack Pointer Limit register hence the write is silently ignored.
 742:Drivers/CMSIS/Include/cmsis_gcc.h **** 
 743:Drivers/CMSIS/Include/cmsis_gcc.h ****   \details Assigns the given value to the non-secure Main Stack Pointer Limit (MSPLIM) when in secu
 744:Drivers/CMSIS/Include/cmsis_gcc.h ****   \param [in]    MainStackPtrLimit  Main Stack Pointer value to set
 745:Drivers/CMSIS/Include/cmsis_gcc.h ****  */
 746:Drivers/CMSIS/Include/cmsis_gcc.h **** __STATIC_FORCEINLINE void __TZ_set_MSPLIM_NS(uint32_t MainStackPtrLimit)
 747:Drivers/CMSIS/Include/cmsis_gcc.h **** {
 748:Drivers/CMSIS/Include/cmsis_gcc.h **** #if (!(defined (__ARM_ARCH_8M_MAIN__ ) && (__ARM_ARCH_8M_MAIN__ == 1)))
 749:Drivers/CMSIS/Include/cmsis_gcc.h ****   // without main extensions, the non-secure MSPLIM is RAZ/WI
 750:Drivers/CMSIS/Include/cmsis_gcc.h ****   (void)MainStackPtrLimit;
 751:Drivers/CMSIS/Include/cmsis_gcc.h **** #else
ARM GAS  /tmp/ccML3nZz.s 			page 26


 752:Drivers/CMSIS/Include/cmsis_gcc.h ****   __ASM volatile ("MSR msplim_ns, %0" : : "r" (MainStackPtrLimit));
 753:Drivers/CMSIS/Include/cmsis_gcc.h **** #endif
 754:Drivers/CMSIS/Include/cmsis_gcc.h **** }
 755:Drivers/CMSIS/Include/cmsis_gcc.h **** #endif
 756:Drivers/CMSIS/Include/cmsis_gcc.h **** 
 757:Drivers/CMSIS/Include/cmsis_gcc.h **** #endif /* ((defined (__ARM_ARCH_8M_MAIN__ ) && (__ARM_ARCH_8M_MAIN__ == 1)) || \
 758:Drivers/CMSIS/Include/cmsis_gcc.h ****            (defined (__ARM_ARCH_8M_BASE__ ) && (__ARM_ARCH_8M_BASE__ == 1))    ) */
 759:Drivers/CMSIS/Include/cmsis_gcc.h **** 
 760:Drivers/CMSIS/Include/cmsis_gcc.h **** 
 761:Drivers/CMSIS/Include/cmsis_gcc.h **** /**
 762:Drivers/CMSIS/Include/cmsis_gcc.h ****   \brief   Get FPSCR
 763:Drivers/CMSIS/Include/cmsis_gcc.h ****   \details Returns the current value of the Floating Point Status/Control register.
 764:Drivers/CMSIS/Include/cmsis_gcc.h ****   \return               Floating Point Status/Control register value
 765:Drivers/CMSIS/Include/cmsis_gcc.h ****  */
 766:Drivers/CMSIS/Include/cmsis_gcc.h **** __STATIC_FORCEINLINE uint32_t __get_FPSCR(void)
 767:Drivers/CMSIS/Include/cmsis_gcc.h **** {
 768:Drivers/CMSIS/Include/cmsis_gcc.h **** #if ((defined (__FPU_PRESENT) && (__FPU_PRESENT == 1U)) && \
 769:Drivers/CMSIS/Include/cmsis_gcc.h ****      (defined (__FPU_USED   ) && (__FPU_USED    == 1U))     )
 770:Drivers/CMSIS/Include/cmsis_gcc.h **** #if __has_builtin(__builtin_arm_get_fpscr) 
 771:Drivers/CMSIS/Include/cmsis_gcc.h **** // Re-enable using built-in when GCC has been fixed
 772:Drivers/CMSIS/Include/cmsis_gcc.h **** // || (__GNUC__ > 7) || (__GNUC__ == 7 && __GNUC_MINOR__ >= 2)
 773:Drivers/CMSIS/Include/cmsis_gcc.h ****   /* see https://gcc.gnu.org/ml/gcc-patches/2017-04/msg00443.html */
 774:Drivers/CMSIS/Include/cmsis_gcc.h ****   return __builtin_arm_get_fpscr();
 775:Drivers/CMSIS/Include/cmsis_gcc.h **** #else
 776:Drivers/CMSIS/Include/cmsis_gcc.h ****   uint32_t result;
 777:Drivers/CMSIS/Include/cmsis_gcc.h **** 
 778:Drivers/CMSIS/Include/cmsis_gcc.h ****   __ASM volatile ("VMRS %0, fpscr" : "=r" (result) );
 779:Drivers/CMSIS/Include/cmsis_gcc.h ****   return(result);
 780:Drivers/CMSIS/Include/cmsis_gcc.h **** #endif
 781:Drivers/CMSIS/Include/cmsis_gcc.h **** #else
 782:Drivers/CMSIS/Include/cmsis_gcc.h ****   return(0U);
 783:Drivers/CMSIS/Include/cmsis_gcc.h **** #endif
 784:Drivers/CMSIS/Include/cmsis_gcc.h **** }
 785:Drivers/CMSIS/Include/cmsis_gcc.h **** 
 786:Drivers/CMSIS/Include/cmsis_gcc.h **** 
 787:Drivers/CMSIS/Include/cmsis_gcc.h **** /**
 788:Drivers/CMSIS/Include/cmsis_gcc.h ****   \brief   Set FPSCR
 789:Drivers/CMSIS/Include/cmsis_gcc.h ****   \details Assigns the given value to the Floating Point Status/Control register.
 790:Drivers/CMSIS/Include/cmsis_gcc.h ****   \param [in]    fpscr  Floating Point Status/Control value to set
 791:Drivers/CMSIS/Include/cmsis_gcc.h ****  */
 792:Drivers/CMSIS/Include/cmsis_gcc.h **** __STATIC_FORCEINLINE void __set_FPSCR(uint32_t fpscr)
 793:Drivers/CMSIS/Include/cmsis_gcc.h **** {
 794:Drivers/CMSIS/Include/cmsis_gcc.h **** #if ((defined (__FPU_PRESENT) && (__FPU_PRESENT == 1U)) && \
 795:Drivers/CMSIS/Include/cmsis_gcc.h ****      (defined (__FPU_USED   ) && (__FPU_USED    == 1U))     )
 796:Drivers/CMSIS/Include/cmsis_gcc.h **** #if __has_builtin(__builtin_arm_set_fpscr)
 797:Drivers/CMSIS/Include/cmsis_gcc.h **** // Re-enable using built-in when GCC has been fixed
 798:Drivers/CMSIS/Include/cmsis_gcc.h **** // || (__GNUC__ > 7) || (__GNUC__ == 7 && __GNUC_MINOR__ >= 2)
 799:Drivers/CMSIS/Include/cmsis_gcc.h ****   /* see https://gcc.gnu.org/ml/gcc-patches/2017-04/msg00443.html */
 800:Drivers/CMSIS/Include/cmsis_gcc.h ****   __builtin_arm_set_fpscr(fpscr);
 801:Drivers/CMSIS/Include/cmsis_gcc.h **** #else
 802:Drivers/CMSIS/Include/cmsis_gcc.h ****   __ASM volatile ("VMSR fpscr, %0" : : "r" (fpscr) : "vfpcc", "memory");
 803:Drivers/CMSIS/Include/cmsis_gcc.h **** #endif
 804:Drivers/CMSIS/Include/cmsis_gcc.h **** #else
 805:Drivers/CMSIS/Include/cmsis_gcc.h ****   (void)fpscr;
 806:Drivers/CMSIS/Include/cmsis_gcc.h **** #endif
 807:Drivers/CMSIS/Include/cmsis_gcc.h **** }
 808:Drivers/CMSIS/Include/cmsis_gcc.h **** 
ARM GAS  /tmp/ccML3nZz.s 			page 27


 809:Drivers/CMSIS/Include/cmsis_gcc.h **** 
 810:Drivers/CMSIS/Include/cmsis_gcc.h **** /*@} end of CMSIS_Core_RegAccFunctions */
 811:Drivers/CMSIS/Include/cmsis_gcc.h **** 
 812:Drivers/CMSIS/Include/cmsis_gcc.h **** 
 813:Drivers/CMSIS/Include/cmsis_gcc.h **** /* ##########################  Core Instruction Access  ######################### */
 814:Drivers/CMSIS/Include/cmsis_gcc.h **** /** \defgroup CMSIS_Core_InstructionInterface CMSIS Core Instruction Interface
 815:Drivers/CMSIS/Include/cmsis_gcc.h ****   Access to dedicated instructions
 816:Drivers/CMSIS/Include/cmsis_gcc.h ****   @{
 817:Drivers/CMSIS/Include/cmsis_gcc.h **** */
 818:Drivers/CMSIS/Include/cmsis_gcc.h **** 
 819:Drivers/CMSIS/Include/cmsis_gcc.h **** /* Define macros for porting to both thumb1 and thumb2.
 820:Drivers/CMSIS/Include/cmsis_gcc.h ****  * For thumb1, use low register (r0-r7), specified by constraint "l"
 821:Drivers/CMSIS/Include/cmsis_gcc.h ****  * Otherwise, use general registers, specified by constraint "r" */
 822:Drivers/CMSIS/Include/cmsis_gcc.h **** #if defined (__thumb__) && !defined (__thumb2__)
 823:Drivers/CMSIS/Include/cmsis_gcc.h **** #define __CMSIS_GCC_OUT_REG(r) "=l" (r)
 824:Drivers/CMSIS/Include/cmsis_gcc.h **** #define __CMSIS_GCC_RW_REG(r) "+l" (r)
 825:Drivers/CMSIS/Include/cmsis_gcc.h **** #define __CMSIS_GCC_USE_REG(r) "l" (r)
 826:Drivers/CMSIS/Include/cmsis_gcc.h **** #else
 827:Drivers/CMSIS/Include/cmsis_gcc.h **** #define __CMSIS_GCC_OUT_REG(r) "=r" (r)
 828:Drivers/CMSIS/Include/cmsis_gcc.h **** #define __CMSIS_GCC_RW_REG(r) "+r" (r)
 829:Drivers/CMSIS/Include/cmsis_gcc.h **** #define __CMSIS_GCC_USE_REG(r) "r" (r)
 830:Drivers/CMSIS/Include/cmsis_gcc.h **** #endif
 831:Drivers/CMSIS/Include/cmsis_gcc.h **** 
 832:Drivers/CMSIS/Include/cmsis_gcc.h **** /**
 833:Drivers/CMSIS/Include/cmsis_gcc.h ****   \brief   No Operation
 834:Drivers/CMSIS/Include/cmsis_gcc.h ****   \details No Operation does nothing. This instruction can be used for code alignment purposes.
 835:Drivers/CMSIS/Include/cmsis_gcc.h ****  */
 836:Drivers/CMSIS/Include/cmsis_gcc.h **** #define __NOP()                             __ASM volatile ("nop")
 837:Drivers/CMSIS/Include/cmsis_gcc.h **** 
 838:Drivers/CMSIS/Include/cmsis_gcc.h **** /**
 839:Drivers/CMSIS/Include/cmsis_gcc.h ****   \brief   Wait For Interrupt
 840:Drivers/CMSIS/Include/cmsis_gcc.h ****   \details Wait For Interrupt is a hint instruction that suspends execution until one of a number o
 841:Drivers/CMSIS/Include/cmsis_gcc.h ****  */
 842:Drivers/CMSIS/Include/cmsis_gcc.h **** #define __WFI()                             __ASM volatile ("wfi")
 843:Drivers/CMSIS/Include/cmsis_gcc.h **** 
 844:Drivers/CMSIS/Include/cmsis_gcc.h **** 
 845:Drivers/CMSIS/Include/cmsis_gcc.h **** /**
 846:Drivers/CMSIS/Include/cmsis_gcc.h ****   \brief   Wait For Event
 847:Drivers/CMSIS/Include/cmsis_gcc.h ****   \details Wait For Event is a hint instruction that permits the processor to enter
 848:Drivers/CMSIS/Include/cmsis_gcc.h ****            a low-power state until one of a number of events occurs.
 849:Drivers/CMSIS/Include/cmsis_gcc.h ****  */
 850:Drivers/CMSIS/Include/cmsis_gcc.h **** #define __WFE()                             __ASM volatile ("wfe")
 851:Drivers/CMSIS/Include/cmsis_gcc.h **** 
 852:Drivers/CMSIS/Include/cmsis_gcc.h **** 
 853:Drivers/CMSIS/Include/cmsis_gcc.h **** /**
 854:Drivers/CMSIS/Include/cmsis_gcc.h ****   \brief   Send Event
 855:Drivers/CMSIS/Include/cmsis_gcc.h ****   \details Send Event is a hint instruction. It causes an event to be signaled to the CPU.
 856:Drivers/CMSIS/Include/cmsis_gcc.h ****  */
 857:Drivers/CMSIS/Include/cmsis_gcc.h **** #define __SEV()                             __ASM volatile ("sev")
 858:Drivers/CMSIS/Include/cmsis_gcc.h **** 
 859:Drivers/CMSIS/Include/cmsis_gcc.h **** 
 860:Drivers/CMSIS/Include/cmsis_gcc.h **** /**
 861:Drivers/CMSIS/Include/cmsis_gcc.h ****   \brief   Instruction Synchronization Barrier
 862:Drivers/CMSIS/Include/cmsis_gcc.h ****   \details Instruction Synchronization Barrier flushes the pipeline in the processor,
 863:Drivers/CMSIS/Include/cmsis_gcc.h ****            so that all instructions following the ISB are fetched from cache or memory,
 864:Drivers/CMSIS/Include/cmsis_gcc.h ****            after the instruction has been completed.
 865:Drivers/CMSIS/Include/cmsis_gcc.h ****  */
ARM GAS  /tmp/ccML3nZz.s 			page 28


 866:Drivers/CMSIS/Include/cmsis_gcc.h **** __STATIC_FORCEINLINE void __ISB(void)
  62              		.loc 2 866 27 view .LVU13
  63              	.LBB5:
 867:Drivers/CMSIS/Include/cmsis_gcc.h **** {
 868:Drivers/CMSIS/Include/cmsis_gcc.h ****   __ASM volatile ("isb 0xF":::"memory");
  64              		.loc 2 868 3 view .LVU14
  65              		.syntax unified
  66              	@ 868 "Drivers/CMSIS/Include/cmsis_gcc.h" 1
  67 001e BFF36F8F 		isb 0xF
  68              	@ 0 "" 2
  69              		.thumb
  70              		.syntax unified
  71              	.LBE5:
  72              	.LBE4:
 615:Drivers/STM32F2xx_HAL_Driver/Src/stm32f2xx_hal_flash.c **** 
 616:Drivers/STM32F2xx_HAL_Driver/Src/stm32f2xx_hal_flash.c ****   /* Program second word */
 617:Drivers/STM32F2xx_HAL_Driver/Src/stm32f2xx_hal_flash.c ****   *(__IO uint32_t*)(Address+4) = (uint32_t)(Data >> 32);
  73              		.loc 1 617 3 view .LVU15
  74              		.loc 1 617 32 is_stmt 0 view .LVU16
  75 0022 4360     		str	r3, [r0, #4]
 618:Drivers/STM32F2xx_HAL_Driver/Src/stm32f2xx_hal_flash.c **** }
  76              		.loc 1 618 1 view .LVU17
  77 0024 10BC     		pop	{r4}
  78              	.LCFI1:
  79              		.cfi_restore 4
  80              		.cfi_def_cfa_offset 0
  81 0026 7047     		bx	lr
  82              	.L4:
  83              		.align	2
  84              	.L3:
  85 0028 003C0240 		.word	1073888256
  86              		.cfi_endproc
  87              	.LFE84:
  89              		.section	.text.FLASH_Program_Word,"ax",%progbits
  90              		.align	1
  91              		.syntax unified
  92              		.thumb
  93              		.thumb_func
  95              	FLASH_Program_Word:
  96              	.LVL1:
  97              	.LFB85:
 619:Drivers/STM32F2xx_HAL_Driver/Src/stm32f2xx_hal_flash.c **** 
 620:Drivers/STM32F2xx_HAL_Driver/Src/stm32f2xx_hal_flash.c **** /**
 621:Drivers/STM32F2xx_HAL_Driver/Src/stm32f2xx_hal_flash.c ****   * @brief  Program word (32-bit) at a specified address.
 622:Drivers/STM32F2xx_HAL_Driver/Src/stm32f2xx_hal_flash.c ****   * @note   This function must be used when the device voltage range is from
 623:Drivers/STM32F2xx_HAL_Driver/Src/stm32f2xx_hal_flash.c ****   *         2.7V to 3.6V.
 624:Drivers/STM32F2xx_HAL_Driver/Src/stm32f2xx_hal_flash.c ****   *
 625:Drivers/STM32F2xx_HAL_Driver/Src/stm32f2xx_hal_flash.c ****   * @note   If an erase and a program operations are requested simultaneously,    
 626:Drivers/STM32F2xx_HAL_Driver/Src/stm32f2xx_hal_flash.c ****   *         the erase operation is performed before the program one.
 627:Drivers/STM32F2xx_HAL_Driver/Src/stm32f2xx_hal_flash.c ****   *  
 628:Drivers/STM32F2xx_HAL_Driver/Src/stm32f2xx_hal_flash.c ****   * @param  Address specifies the address to be programmed.
 629:Drivers/STM32F2xx_HAL_Driver/Src/stm32f2xx_hal_flash.c ****   * @param  Data specifies the data to be programmed.
 630:Drivers/STM32F2xx_HAL_Driver/Src/stm32f2xx_hal_flash.c ****   * @retval None
 631:Drivers/STM32F2xx_HAL_Driver/Src/stm32f2xx_hal_flash.c ****   */
 632:Drivers/STM32F2xx_HAL_Driver/Src/stm32f2xx_hal_flash.c **** static void FLASH_Program_Word(uint32_t Address, uint32_t Data)
 633:Drivers/STM32F2xx_HAL_Driver/Src/stm32f2xx_hal_flash.c **** {
  98              		.loc 1 633 1 is_stmt 1 view -0
ARM GAS  /tmp/ccML3nZz.s 			page 29


  99              		.cfi_startproc
 100              		@ args = 0, pretend = 0, frame = 0
 101              		@ frame_needed = 0, uses_anonymous_args = 0
 102              		@ link register save eliminated.
 634:Drivers/STM32F2xx_HAL_Driver/Src/stm32f2xx_hal_flash.c ****   /* Check the parameters */
 635:Drivers/STM32F2xx_HAL_Driver/Src/stm32f2xx_hal_flash.c ****   assert_param(IS_FLASH_ADDRESS(Address));
 103              		.loc 1 635 3 view .LVU19
 636:Drivers/STM32F2xx_HAL_Driver/Src/stm32f2xx_hal_flash.c ****   
 637:Drivers/STM32F2xx_HAL_Driver/Src/stm32f2xx_hal_flash.c ****   /* If the previous operation is completed, proceed to program the new data */
 638:Drivers/STM32F2xx_HAL_Driver/Src/stm32f2xx_hal_flash.c ****   CLEAR_BIT(FLASH->CR, FLASH_CR_PSIZE);
 104              		.loc 1 638 3 view .LVU20
 105 0000 074B     		ldr	r3, .L6
 106 0002 1A69     		ldr	r2, [r3, #16]
 107 0004 22F44072 		bic	r2, r2, #768
 108 0008 1A61     		str	r2, [r3, #16]
 639:Drivers/STM32F2xx_HAL_Driver/Src/stm32f2xx_hal_flash.c ****   FLASH->CR |= FLASH_PSIZE_WORD;
 109              		.loc 1 639 3 view .LVU21
 110              		.loc 1 639 8 is_stmt 0 view .LVU22
 111 000a 1A69     		ldr	r2, [r3, #16]
 112              		.loc 1 639 13 view .LVU23
 113 000c 42F40072 		orr	r2, r2, #512
 114 0010 1A61     		str	r2, [r3, #16]
 640:Drivers/STM32F2xx_HAL_Driver/Src/stm32f2xx_hal_flash.c ****   FLASH->CR |= FLASH_CR_PG;
 115              		.loc 1 640 3 is_stmt 1 view .LVU24
 116              		.loc 1 640 8 is_stmt 0 view .LVU25
 117 0012 1A69     		ldr	r2, [r3, #16]
 118              		.loc 1 640 13 view .LVU26
 119 0014 42F00102 		orr	r2, r2, #1
 120 0018 1A61     		str	r2, [r3, #16]
 641:Drivers/STM32F2xx_HAL_Driver/Src/stm32f2xx_hal_flash.c **** 
 642:Drivers/STM32F2xx_HAL_Driver/Src/stm32f2xx_hal_flash.c ****   *(__IO uint32_t*)Address = Data;
 121              		.loc 1 642 3 is_stmt 1 view .LVU27
 122              		.loc 1 642 28 is_stmt 0 view .LVU28
 123 001a 0160     		str	r1, [r0]
 643:Drivers/STM32F2xx_HAL_Driver/Src/stm32f2xx_hal_flash.c **** }
 124              		.loc 1 643 1 view .LVU29
 125 001c 7047     		bx	lr
 126              	.L7:
 127 001e 00BF     		.align	2
 128              	.L6:
 129 0020 003C0240 		.word	1073888256
 130              		.cfi_endproc
 131              	.LFE85:
 133              		.section	.text.FLASH_Program_HalfWord,"ax",%progbits
 134              		.align	1
 135              		.syntax unified
 136              		.thumb
 137              		.thumb_func
 139              	FLASH_Program_HalfWord:
 140              	.LVL2:
 141              	.LFB86:
 644:Drivers/STM32F2xx_HAL_Driver/Src/stm32f2xx_hal_flash.c **** 
 645:Drivers/STM32F2xx_HAL_Driver/Src/stm32f2xx_hal_flash.c **** /**
 646:Drivers/STM32F2xx_HAL_Driver/Src/stm32f2xx_hal_flash.c ****   * @brief  Program a half-word (16-bit) at a specified address.
 647:Drivers/STM32F2xx_HAL_Driver/Src/stm32f2xx_hal_flash.c ****   * @note   This function must be used when the device voltage range is from
 648:Drivers/STM32F2xx_HAL_Driver/Src/stm32f2xx_hal_flash.c ****   *         2.1V to 2.7V.
 649:Drivers/STM32F2xx_HAL_Driver/Src/stm32f2xx_hal_flash.c ****   *
ARM GAS  /tmp/ccML3nZz.s 			page 30


 650:Drivers/STM32F2xx_HAL_Driver/Src/stm32f2xx_hal_flash.c ****   * @note   If an erase and a program operations are requested simultaneously,    
 651:Drivers/STM32F2xx_HAL_Driver/Src/stm32f2xx_hal_flash.c ****   *         the erase operation is performed before the program one.
 652:Drivers/STM32F2xx_HAL_Driver/Src/stm32f2xx_hal_flash.c ****   *  
 653:Drivers/STM32F2xx_HAL_Driver/Src/stm32f2xx_hal_flash.c ****   * @param  Address specifies the address to be programmed.
 654:Drivers/STM32F2xx_HAL_Driver/Src/stm32f2xx_hal_flash.c ****   * @param  Data specifies the data to be programmed.
 655:Drivers/STM32F2xx_HAL_Driver/Src/stm32f2xx_hal_flash.c ****   * @retval None
 656:Drivers/STM32F2xx_HAL_Driver/Src/stm32f2xx_hal_flash.c ****   */
 657:Drivers/STM32F2xx_HAL_Driver/Src/stm32f2xx_hal_flash.c **** static void FLASH_Program_HalfWord(uint32_t Address, uint16_t Data)
 658:Drivers/STM32F2xx_HAL_Driver/Src/stm32f2xx_hal_flash.c **** {
 142              		.loc 1 658 1 is_stmt 1 view -0
 143              		.cfi_startproc
 144              		@ args = 0, pretend = 0, frame = 0
 145              		@ frame_needed = 0, uses_anonymous_args = 0
 146              		@ link register save eliminated.
 659:Drivers/STM32F2xx_HAL_Driver/Src/stm32f2xx_hal_flash.c ****   /* Check the parameters */
 660:Drivers/STM32F2xx_HAL_Driver/Src/stm32f2xx_hal_flash.c ****   assert_param(IS_FLASH_ADDRESS(Address));
 147              		.loc 1 660 3 view .LVU31
 661:Drivers/STM32F2xx_HAL_Driver/Src/stm32f2xx_hal_flash.c ****   
 662:Drivers/STM32F2xx_HAL_Driver/Src/stm32f2xx_hal_flash.c ****   /* If the previous operation is completed, proceed to program the new data */
 663:Drivers/STM32F2xx_HAL_Driver/Src/stm32f2xx_hal_flash.c ****   CLEAR_BIT(FLASH->CR, FLASH_CR_PSIZE);
 148              		.loc 1 663 3 view .LVU32
 149 0000 074B     		ldr	r3, .L9
 150 0002 1A69     		ldr	r2, [r3, #16]
 151 0004 22F44072 		bic	r2, r2, #768
 152 0008 1A61     		str	r2, [r3, #16]
 664:Drivers/STM32F2xx_HAL_Driver/Src/stm32f2xx_hal_flash.c ****   FLASH->CR |= FLASH_PSIZE_HALF_WORD;
 153              		.loc 1 664 3 view .LVU33
 154              		.loc 1 664 8 is_stmt 0 view .LVU34
 155 000a 1A69     		ldr	r2, [r3, #16]
 156              		.loc 1 664 13 view .LVU35
 157 000c 42F48072 		orr	r2, r2, #256
 158 0010 1A61     		str	r2, [r3, #16]
 665:Drivers/STM32F2xx_HAL_Driver/Src/stm32f2xx_hal_flash.c ****   FLASH->CR |= FLASH_CR_PG;
 159              		.loc 1 665 3 is_stmt 1 view .LVU36
 160              		.loc 1 665 8 is_stmt 0 view .LVU37
 161 0012 1A69     		ldr	r2, [r3, #16]
 162              		.loc 1 665 13 view .LVU38
 163 0014 42F00102 		orr	r2, r2, #1
 164 0018 1A61     		str	r2, [r3, #16]
 666:Drivers/STM32F2xx_HAL_Driver/Src/stm32f2xx_hal_flash.c **** 
 667:Drivers/STM32F2xx_HAL_Driver/Src/stm32f2xx_hal_flash.c ****   *(__IO uint16_t*)Address = Data;
 165              		.loc 1 667 3 is_stmt 1 view .LVU39
 166              		.loc 1 667 28 is_stmt 0 view .LVU40
 167 001a 0180     		strh	r1, [r0]	@ movhi
 668:Drivers/STM32F2xx_HAL_Driver/Src/stm32f2xx_hal_flash.c **** }
 168              		.loc 1 668 1 view .LVU41
 169 001c 7047     		bx	lr
 170              	.L10:
 171 001e 00BF     		.align	2
 172              	.L9:
 173 0020 003C0240 		.word	1073888256
 174              		.cfi_endproc
 175              	.LFE86:
 177              		.section	.text.FLASH_Program_Byte,"ax",%progbits
 178              		.align	1
 179              		.syntax unified
 180              		.thumb
ARM GAS  /tmp/ccML3nZz.s 			page 31


 181              		.thumb_func
 183              	FLASH_Program_Byte:
 184              	.LVL3:
 185              	.LFB87:
 669:Drivers/STM32F2xx_HAL_Driver/Src/stm32f2xx_hal_flash.c **** 
 670:Drivers/STM32F2xx_HAL_Driver/Src/stm32f2xx_hal_flash.c **** /**
 671:Drivers/STM32F2xx_HAL_Driver/Src/stm32f2xx_hal_flash.c ****   * @brief  Program byte (8-bit) at a specified address.
 672:Drivers/STM32F2xx_HAL_Driver/Src/stm32f2xx_hal_flash.c ****   * @note   This function must be used when the device voltage range is from
 673:Drivers/STM32F2xx_HAL_Driver/Src/stm32f2xx_hal_flash.c ****   *         1.8V to 2.1V.
 674:Drivers/STM32F2xx_HAL_Driver/Src/stm32f2xx_hal_flash.c ****   *
 675:Drivers/STM32F2xx_HAL_Driver/Src/stm32f2xx_hal_flash.c ****   * @note   If an erase and a program operations are requested simultaneously,    
 676:Drivers/STM32F2xx_HAL_Driver/Src/stm32f2xx_hal_flash.c ****   *         the erase operation is performed before the program one.
 677:Drivers/STM32F2xx_HAL_Driver/Src/stm32f2xx_hal_flash.c ****   *  
 678:Drivers/STM32F2xx_HAL_Driver/Src/stm32f2xx_hal_flash.c ****   * @param  Address specifies the address to be programmed.
 679:Drivers/STM32F2xx_HAL_Driver/Src/stm32f2xx_hal_flash.c ****   * @param  Data specifies the data to be programmed.
 680:Drivers/STM32F2xx_HAL_Driver/Src/stm32f2xx_hal_flash.c ****   * @retval None
 681:Drivers/STM32F2xx_HAL_Driver/Src/stm32f2xx_hal_flash.c ****   */
 682:Drivers/STM32F2xx_HAL_Driver/Src/stm32f2xx_hal_flash.c **** static void FLASH_Program_Byte(uint32_t Address, uint8_t Data)
 683:Drivers/STM32F2xx_HAL_Driver/Src/stm32f2xx_hal_flash.c **** {
 186              		.loc 1 683 1 is_stmt 1 view -0
 187              		.cfi_startproc
 188              		@ args = 0, pretend = 0, frame = 0
 189              		@ frame_needed = 0, uses_anonymous_args = 0
 190              		@ link register save eliminated.
 684:Drivers/STM32F2xx_HAL_Driver/Src/stm32f2xx_hal_flash.c ****   /* Check the parameters */
 685:Drivers/STM32F2xx_HAL_Driver/Src/stm32f2xx_hal_flash.c ****   assert_param(IS_FLASH_ADDRESS(Address));
 191              		.loc 1 685 3 view .LVU43
 686:Drivers/STM32F2xx_HAL_Driver/Src/stm32f2xx_hal_flash.c ****   
 687:Drivers/STM32F2xx_HAL_Driver/Src/stm32f2xx_hal_flash.c ****   /* If the previous operation is completed, proceed to program the new data */
 688:Drivers/STM32F2xx_HAL_Driver/Src/stm32f2xx_hal_flash.c ****   CLEAR_BIT(FLASH->CR, FLASH_CR_PSIZE);
 192              		.loc 1 688 3 view .LVU44
 193 0000 064B     		ldr	r3, .L12
 194 0002 1A69     		ldr	r2, [r3, #16]
 195 0004 22F44072 		bic	r2, r2, #768
 196 0008 1A61     		str	r2, [r3, #16]
 689:Drivers/STM32F2xx_HAL_Driver/Src/stm32f2xx_hal_flash.c ****   FLASH->CR |= FLASH_PSIZE_BYTE;
 197              		.loc 1 689 3 view .LVU45
 198              		.loc 1 689 8 is_stmt 0 view .LVU46
 199 000a 1A69     		ldr	r2, [r3, #16]
 200              		.loc 1 689 13 view .LVU47
 201 000c 1A61     		str	r2, [r3, #16]
 690:Drivers/STM32F2xx_HAL_Driver/Src/stm32f2xx_hal_flash.c ****   FLASH->CR |= FLASH_CR_PG;
 202              		.loc 1 690 3 is_stmt 1 view .LVU48
 203              		.loc 1 690 8 is_stmt 0 view .LVU49
 204 000e 1A69     		ldr	r2, [r3, #16]
 205              		.loc 1 690 13 view .LVU50
 206 0010 42F00102 		orr	r2, r2, #1
 207 0014 1A61     		str	r2, [r3, #16]
 691:Drivers/STM32F2xx_HAL_Driver/Src/stm32f2xx_hal_flash.c **** 
 692:Drivers/STM32F2xx_HAL_Driver/Src/stm32f2xx_hal_flash.c ****   *(__IO uint8_t*)Address = Data;
 208              		.loc 1 692 3 is_stmt 1 view .LVU51
 209              		.loc 1 692 27 is_stmt 0 view .LVU52
 210 0016 0170     		strb	r1, [r0]
 693:Drivers/STM32F2xx_HAL_Driver/Src/stm32f2xx_hal_flash.c **** }
 211              		.loc 1 693 1 view .LVU53
 212 0018 7047     		bx	lr
 213              	.L13:
ARM GAS  /tmp/ccML3nZz.s 			page 32


 214 001a 00BF     		.align	2
 215              	.L12:
 216 001c 003C0240 		.word	1073888256
 217              		.cfi_endproc
 218              	.LFE87:
 220              		.section	.text.FLASH_SetErrorCode,"ax",%progbits
 221              		.align	1
 222              		.syntax unified
 223              		.thumb
 224              		.thumb_func
 226              	FLASH_SetErrorCode:
 227              	.LFB88:
 694:Drivers/STM32F2xx_HAL_Driver/Src/stm32f2xx_hal_flash.c **** 
 695:Drivers/STM32F2xx_HAL_Driver/Src/stm32f2xx_hal_flash.c **** /**
 696:Drivers/STM32F2xx_HAL_Driver/Src/stm32f2xx_hal_flash.c ****   * @brief  Set the specific FLASH error flag.
 697:Drivers/STM32F2xx_HAL_Driver/Src/stm32f2xx_hal_flash.c ****   * @retval None
 698:Drivers/STM32F2xx_HAL_Driver/Src/stm32f2xx_hal_flash.c ****   */
 699:Drivers/STM32F2xx_HAL_Driver/Src/stm32f2xx_hal_flash.c **** static void FLASH_SetErrorCode(void)
 700:Drivers/STM32F2xx_HAL_Driver/Src/stm32f2xx_hal_flash.c **** { 
 228              		.loc 1 700 1 is_stmt 1 view -0
 229              		.cfi_startproc
 230              		@ args = 0, pretend = 0, frame = 0
 231              		@ frame_needed = 0, uses_anonymous_args = 0
 232              		@ link register save eliminated.
 701:Drivers/STM32F2xx_HAL_Driver/Src/stm32f2xx_hal_flash.c ****   if(__HAL_FLASH_GET_FLAG(FLASH_FLAG_WRPERR) != RESET)
 233              		.loc 1 701 3 view .LVU55
 234              		.loc 1 701 6 is_stmt 0 view .LVU56
 235 0000 204B     		ldr	r3, .L20
 236 0002 DB68     		ldr	r3, [r3, #12]
 237              		.loc 1 701 5 view .LVU57
 238 0004 13F0100F 		tst	r3, #16
 239 0008 07D0     		beq	.L15
 702:Drivers/STM32F2xx_HAL_Driver/Src/stm32f2xx_hal_flash.c ****   {
 703:Drivers/STM32F2xx_HAL_Driver/Src/stm32f2xx_hal_flash.c ****    pFlash.ErrorCode |= HAL_FLASH_ERROR_WRP;
 240              		.loc 1 703 4 is_stmt 1 view .LVU58
 241              		.loc 1 703 10 is_stmt 0 view .LVU59
 242 000a 1F4A     		ldr	r2, .L20+4
 243 000c D369     		ldr	r3, [r2, #28]
 244              		.loc 1 703 21 view .LVU60
 245 000e 43F00803 		orr	r3, r3, #8
 246 0012 D361     		str	r3, [r2, #28]
 704:Drivers/STM32F2xx_HAL_Driver/Src/stm32f2xx_hal_flash.c ****    
 705:Drivers/STM32F2xx_HAL_Driver/Src/stm32f2xx_hal_flash.c ****    /* Clear FLASH write protection error pending bit */
 706:Drivers/STM32F2xx_HAL_Driver/Src/stm32f2xx_hal_flash.c ****    __HAL_FLASH_CLEAR_FLAG(FLASH_FLAG_WRPERR);
 247              		.loc 1 706 4 is_stmt 1 view .LVU61
 248 0014 1B4B     		ldr	r3, .L20
 249 0016 1022     		movs	r2, #16
 250 0018 DA60     		str	r2, [r3, #12]
 251              	.L15:
 707:Drivers/STM32F2xx_HAL_Driver/Src/stm32f2xx_hal_flash.c ****   }
 708:Drivers/STM32F2xx_HAL_Driver/Src/stm32f2xx_hal_flash.c ****   
 709:Drivers/STM32F2xx_HAL_Driver/Src/stm32f2xx_hal_flash.c ****   if(__HAL_FLASH_GET_FLAG(FLASH_FLAG_PGAERR) != RESET)
 252              		.loc 1 709 3 view .LVU62
 253              		.loc 1 709 6 is_stmt 0 view .LVU63
 254 001a 1A4B     		ldr	r3, .L20
 255 001c DB68     		ldr	r3, [r3, #12]
 256              		.loc 1 709 5 view .LVU64
ARM GAS  /tmp/ccML3nZz.s 			page 33


 257 001e 13F0200F 		tst	r3, #32
 258 0022 07D0     		beq	.L16
 710:Drivers/STM32F2xx_HAL_Driver/Src/stm32f2xx_hal_flash.c ****   {
 711:Drivers/STM32F2xx_HAL_Driver/Src/stm32f2xx_hal_flash.c ****    pFlash.ErrorCode |= HAL_FLASH_ERROR_PGA;
 259              		.loc 1 711 4 is_stmt 1 view .LVU65
 260              		.loc 1 711 10 is_stmt 0 view .LVU66
 261 0024 184A     		ldr	r2, .L20+4
 262 0026 D369     		ldr	r3, [r2, #28]
 263              		.loc 1 711 21 view .LVU67
 264 0028 43F00403 		orr	r3, r3, #4
 265 002c D361     		str	r3, [r2, #28]
 712:Drivers/STM32F2xx_HAL_Driver/Src/stm32f2xx_hal_flash.c ****    
 713:Drivers/STM32F2xx_HAL_Driver/Src/stm32f2xx_hal_flash.c ****    /* Clear FLASH Programming alignment error pending bit */
 714:Drivers/STM32F2xx_HAL_Driver/Src/stm32f2xx_hal_flash.c ****    __HAL_FLASH_CLEAR_FLAG(FLASH_FLAG_PGAERR);
 266              		.loc 1 714 4 is_stmt 1 view .LVU68
 267 002e 154B     		ldr	r3, .L20
 268 0030 2022     		movs	r2, #32
 269 0032 DA60     		str	r2, [r3, #12]
 270              	.L16:
 715:Drivers/STM32F2xx_HAL_Driver/Src/stm32f2xx_hal_flash.c ****   }
 716:Drivers/STM32F2xx_HAL_Driver/Src/stm32f2xx_hal_flash.c ****   
 717:Drivers/STM32F2xx_HAL_Driver/Src/stm32f2xx_hal_flash.c ****   if(__HAL_FLASH_GET_FLAG(FLASH_FLAG_PGPERR) != RESET)
 271              		.loc 1 717 3 view .LVU69
 272              		.loc 1 717 6 is_stmt 0 view .LVU70
 273 0034 134B     		ldr	r3, .L20
 274 0036 DB68     		ldr	r3, [r3, #12]
 275              		.loc 1 717 5 view .LVU71
 276 0038 13F0400F 		tst	r3, #64
 277 003c 07D0     		beq	.L17
 718:Drivers/STM32F2xx_HAL_Driver/Src/stm32f2xx_hal_flash.c ****   {
 719:Drivers/STM32F2xx_HAL_Driver/Src/stm32f2xx_hal_flash.c ****     pFlash.ErrorCode |= HAL_FLASH_ERROR_PGP;
 278              		.loc 1 719 5 is_stmt 1 view .LVU72
 279              		.loc 1 719 11 is_stmt 0 view .LVU73
 280 003e 124A     		ldr	r2, .L20+4
 281 0040 D369     		ldr	r3, [r2, #28]
 282              		.loc 1 719 22 view .LVU74
 283 0042 43F00203 		orr	r3, r3, #2
 284 0046 D361     		str	r3, [r2, #28]
 720:Drivers/STM32F2xx_HAL_Driver/Src/stm32f2xx_hal_flash.c ****     
 721:Drivers/STM32F2xx_HAL_Driver/Src/stm32f2xx_hal_flash.c ****     /* Clear FLASH Programming parallelism error pending bit */
 722:Drivers/STM32F2xx_HAL_Driver/Src/stm32f2xx_hal_flash.c ****     __HAL_FLASH_CLEAR_FLAG(FLASH_FLAG_PGPERR);
 285              		.loc 1 722 5 is_stmt 1 view .LVU75
 286 0048 0E4B     		ldr	r3, .L20
 287 004a 4022     		movs	r2, #64
 288 004c DA60     		str	r2, [r3, #12]
 289              	.L17:
 723:Drivers/STM32F2xx_HAL_Driver/Src/stm32f2xx_hal_flash.c ****   }
 724:Drivers/STM32F2xx_HAL_Driver/Src/stm32f2xx_hal_flash.c ****   
 725:Drivers/STM32F2xx_HAL_Driver/Src/stm32f2xx_hal_flash.c ****   if(__HAL_FLASH_GET_FLAG(FLASH_FLAG_PGSERR) != RESET)
 290              		.loc 1 725 3 view .LVU76
 291              		.loc 1 725 6 is_stmt 0 view .LVU77
 292 004e 0D4B     		ldr	r3, .L20
 293 0050 DB68     		ldr	r3, [r3, #12]
 294              		.loc 1 725 5 view .LVU78
 295 0052 13F0800F 		tst	r3, #128
 296 0056 07D0     		beq	.L18
 726:Drivers/STM32F2xx_HAL_Driver/Src/stm32f2xx_hal_flash.c ****   {
ARM GAS  /tmp/ccML3nZz.s 			page 34


 727:Drivers/STM32F2xx_HAL_Driver/Src/stm32f2xx_hal_flash.c ****     pFlash.ErrorCode |= HAL_FLASH_ERROR_PGS;
 297              		.loc 1 727 5 is_stmt 1 view .LVU79
 298              		.loc 1 727 11 is_stmt 0 view .LVU80
 299 0058 0B4A     		ldr	r2, .L20+4
 300 005a D369     		ldr	r3, [r2, #28]
 301              		.loc 1 727 22 view .LVU81
 302 005c 43F00103 		orr	r3, r3, #1
 303 0060 D361     		str	r3, [r2, #28]
 728:Drivers/STM32F2xx_HAL_Driver/Src/stm32f2xx_hal_flash.c ****     
 729:Drivers/STM32F2xx_HAL_Driver/Src/stm32f2xx_hal_flash.c ****     /* Clear FLASH Programming sequence error pending bit */
 730:Drivers/STM32F2xx_HAL_Driver/Src/stm32f2xx_hal_flash.c ****     __HAL_FLASH_CLEAR_FLAG(FLASH_FLAG_PGSERR);
 304              		.loc 1 730 5 is_stmt 1 view .LVU82
 305 0062 084B     		ldr	r3, .L20
 306 0064 8022     		movs	r2, #128
 307 0066 DA60     		str	r2, [r3, #12]
 308              	.L18:
 731:Drivers/STM32F2xx_HAL_Driver/Src/stm32f2xx_hal_flash.c ****   }
 732:Drivers/STM32F2xx_HAL_Driver/Src/stm32f2xx_hal_flash.c ****     
 733:Drivers/STM32F2xx_HAL_Driver/Src/stm32f2xx_hal_flash.c ****   if(__HAL_FLASH_GET_FLAG(FLASH_FLAG_OPERR) != RESET)
 309              		.loc 1 733 3 view .LVU83
 310              		.loc 1 733 6 is_stmt 0 view .LVU84
 311 0068 064B     		ldr	r3, .L20
 312 006a DB68     		ldr	r3, [r3, #12]
 313              		.loc 1 733 5 view .LVU85
 314 006c 13F0020F 		tst	r3, #2
 315 0070 07D0     		beq	.L14
 734:Drivers/STM32F2xx_HAL_Driver/Src/stm32f2xx_hal_flash.c ****   {
 735:Drivers/STM32F2xx_HAL_Driver/Src/stm32f2xx_hal_flash.c ****     pFlash.ErrorCode |= HAL_FLASH_ERROR_OPERATION;
 316              		.loc 1 735 5 is_stmt 1 view .LVU86
 317              		.loc 1 735 11 is_stmt 0 view .LVU87
 318 0072 054A     		ldr	r2, .L20+4
 319 0074 D369     		ldr	r3, [r2, #28]
 320              		.loc 1 735 22 view .LVU88
 321 0076 43F01003 		orr	r3, r3, #16
 322 007a D361     		str	r3, [r2, #28]
 736:Drivers/STM32F2xx_HAL_Driver/Src/stm32f2xx_hal_flash.c ****     
 737:Drivers/STM32F2xx_HAL_Driver/Src/stm32f2xx_hal_flash.c ****     /* Clear FLASH Operation error pending bit */
 738:Drivers/STM32F2xx_HAL_Driver/Src/stm32f2xx_hal_flash.c ****     __HAL_FLASH_CLEAR_FLAG(FLASH_FLAG_OPERR);
 323              		.loc 1 738 5 is_stmt 1 view .LVU89
 324 007c 014B     		ldr	r3, .L20
 325 007e 0222     		movs	r2, #2
 326 0080 DA60     		str	r2, [r3, #12]
 327              	.L14:
 739:Drivers/STM32F2xx_HAL_Driver/Src/stm32f2xx_hal_flash.c ****   }
 740:Drivers/STM32F2xx_HAL_Driver/Src/stm32f2xx_hal_flash.c **** }
 328              		.loc 1 740 1 is_stmt 0 view .LVU90
 329 0082 7047     		bx	lr
 330              	.L21:
 331              		.align	2
 332              	.L20:
 333 0084 003C0240 		.word	1073888256
 334 0088 00000000 		.word	pFlash
 335              		.cfi_endproc
 336              	.LFE88:
 338              		.section	.text.HAL_FLASH_Program_IT,"ax",%progbits
 339              		.align	1
 340              		.global	HAL_FLASH_Program_IT
ARM GAS  /tmp/ccML3nZz.s 			page 35


 341              		.syntax unified
 342              		.thumb
 343              		.thumb_func
 345              	HAL_FLASH_Program_IT:
 346              	.LVL4:
 347              	.LFB73:
 216:Drivers/STM32F2xx_HAL_Driver/Src/stm32f2xx_hal_flash.c ****   HAL_StatusTypeDef status = HAL_OK;
 348              		.loc 1 216 1 is_stmt 1 view -0
 349              		.cfi_startproc
 350              		@ args = 0, pretend = 0, frame = 0
 351              		@ frame_needed = 0, uses_anonymous_args = 0
 216:Drivers/STM32F2xx_HAL_Driver/Src/stm32f2xx_hal_flash.c ****   HAL_StatusTypeDef status = HAL_OK;
 352              		.loc 1 216 1 is_stmt 0 view .LVU92
 353 0000 70B5     		push	{r4, r5, r6, lr}
 354              	.LCFI2:
 355              		.cfi_def_cfa_offset 16
 356              		.cfi_offset 4, -16
 357              		.cfi_offset 5, -12
 358              		.cfi_offset 6, -8
 359              		.cfi_offset 14, -4
 360 0002 0646     		mov	r6, r0
 361 0004 0846     		mov	r0, r1
 362              	.LVL5:
 217:Drivers/STM32F2xx_HAL_Driver/Src/stm32f2xx_hal_flash.c **** 
 363              		.loc 1 217 3 is_stmt 1 view .LVU93
 220:Drivers/STM32F2xx_HAL_Driver/Src/stm32f2xx_hal_flash.c **** 
 364              		.loc 1 220 3 view .LVU94
 223:Drivers/STM32F2xx_HAL_Driver/Src/stm32f2xx_hal_flash.c ****   
 365              		.loc 1 223 3 view .LVU95
 366 0006 114C     		ldr	r4, .L31
 367 0008 2569     		ldr	r5, [r4, #16]
 368 000a 45F08075 		orr	r5, r5, #16777216
 369 000e 2561     		str	r5, [r4, #16]
 226:Drivers/STM32F2xx_HAL_Driver/Src/stm32f2xx_hal_flash.c **** 
 370              		.loc 1 226 3 view .LVU96
 371 0010 2569     		ldr	r5, [r4, #16]
 372 0012 45F00075 		orr	r5, r5, #33554432
 373 0016 2561     		str	r5, [r4, #16]
 228:Drivers/STM32F2xx_HAL_Driver/Src/stm32f2xx_hal_flash.c ****   pFlash.Address = Address;
 374              		.loc 1 228 3 view .LVU97
 228:Drivers/STM32F2xx_HAL_Driver/Src/stm32f2xx_hal_flash.c ****   pFlash.Address = Address;
 375              		.loc 1 228 27 is_stmt 0 view .LVU98
 376 0018 0D49     		ldr	r1, .L31+4
 377              	.LVL6:
 228:Drivers/STM32F2xx_HAL_Driver/Src/stm32f2xx_hal_flash.c ****   pFlash.Address = Address;
 378              		.loc 1 228 27 view .LVU99
 379 001a 0324     		movs	r4, #3
 380 001c 0C70     		strb	r4, [r1]
 229:Drivers/STM32F2xx_HAL_Driver/Src/stm32f2xx_hal_flash.c **** 
 381              		.loc 1 229 3 is_stmt 1 view .LVU100
 229:Drivers/STM32F2xx_HAL_Driver/Src/stm32f2xx_hal_flash.c **** 
 382              		.loc 1 229 18 is_stmt 0 view .LVU101
 383 001e 4861     		str	r0, [r1, #20]
 231:Drivers/STM32F2xx_HAL_Driver/Src/stm32f2xx_hal_flash.c ****   {
 384              		.loc 1 231 3 is_stmt 1 view .LVU102
 231:Drivers/STM32F2xx_HAL_Driver/Src/stm32f2xx_hal_flash.c ****   {
 385              		.loc 1 231 5 is_stmt 0 view .LVU103
ARM GAS  /tmp/ccML3nZz.s 			page 36


 386 0020 3EB1     		cbz	r6, .L28
 236:Drivers/STM32F2xx_HAL_Driver/Src/stm32f2xx_hal_flash.c ****   {
 387              		.loc 1 236 8 is_stmt 1 view .LVU104
 236:Drivers/STM32F2xx_HAL_Driver/Src/stm32f2xx_hal_flash.c ****   {
 388              		.loc 1 236 10 is_stmt 0 view .LVU105
 389 0022 012E     		cmp	r6, #1
 390 0024 09D0     		beq	.L29
 241:Drivers/STM32F2xx_HAL_Driver/Src/stm32f2xx_hal_flash.c ****   {
 391              		.loc 1 241 8 is_stmt 1 view .LVU106
 241:Drivers/STM32F2xx_HAL_Driver/Src/stm32f2xx_hal_flash.c ****   {
 392              		.loc 1 241 10 is_stmt 0 view .LVU107
 393 0026 022E     		cmp	r6, #2
 394 0028 0BD0     		beq	.L30
 249:Drivers/STM32F2xx_HAL_Driver/Src/stm32f2xx_hal_flash.c ****   }
 395              		.loc 1 249 5 is_stmt 1 view .LVU108
 396 002a FFF7FEFF 		bl	FLASH_Program_DoubleWord
 397              	.LVL7:
 398              	.L24:
 252:Drivers/STM32F2xx_HAL_Driver/Src/stm32f2xx_hal_flash.c **** }
 399              		.loc 1 252 3 view .LVU109
 253:Drivers/STM32F2xx_HAL_Driver/Src/stm32f2xx_hal_flash.c **** 
 400              		.loc 1 253 1 is_stmt 0 view .LVU110
 401 002e 0020     		movs	r0, #0
 402 0030 70BD     		pop	{r4, r5, r6, pc}
 403              	.LVL8:
 404              	.L28:
 234:Drivers/STM32F2xx_HAL_Driver/Src/stm32f2xx_hal_flash.c ****   }
 405              		.loc 1 234 7 is_stmt 1 view .LVU111
 406 0032 D1B2     		uxtb	r1, r2
 407 0034 FFF7FEFF 		bl	FLASH_Program_Byte
 408              	.LVL9:
 234:Drivers/STM32F2xx_HAL_Driver/Src/stm32f2xx_hal_flash.c ****   }
 409              		.loc 1 234 7 is_stmt 0 view .LVU112
 410 0038 F9E7     		b	.L24
 411              	.LVL10:
 412              	.L29:
 239:Drivers/STM32F2xx_HAL_Driver/Src/stm32f2xx_hal_flash.c ****   }
 413              		.loc 1 239 5 is_stmt 1 view .LVU113
 414 003a 91B2     		uxth	r1, r2
 415 003c FFF7FEFF 		bl	FLASH_Program_HalfWord
 416              	.LVL11:
 239:Drivers/STM32F2xx_HAL_Driver/Src/stm32f2xx_hal_flash.c ****   }
 417              		.loc 1 239 5 is_stmt 0 view .LVU114
 418 0040 F5E7     		b	.L24
 419              	.LVL12:
 420              	.L30:
 244:Drivers/STM32F2xx_HAL_Driver/Src/stm32f2xx_hal_flash.c ****   }
 421              		.loc 1 244 5 is_stmt 1 view .LVU115
 422 0042 1146     		mov	r1, r2
 423 0044 FFF7FEFF 		bl	FLASH_Program_Word
 424              	.LVL13:
 244:Drivers/STM32F2xx_HAL_Driver/Src/stm32f2xx_hal_flash.c ****   }
 425              		.loc 1 244 5 is_stmt 0 view .LVU116
 426 0048 F1E7     		b	.L24
 427              	.L32:
 428 004a 00BF     		.align	2
 429              	.L31:
ARM GAS  /tmp/ccML3nZz.s 			page 37


 430 004c 003C0240 		.word	1073888256
 431 0050 00000000 		.word	pFlash
 432              		.cfi_endproc
 433              	.LFE73:
 435              		.section	.text.HAL_FLASH_EndOfOperationCallback,"ax",%progbits
 436              		.align	1
 437              		.weak	HAL_FLASH_EndOfOperationCallback
 438              		.syntax unified
 439              		.thumb
 440              		.thumb_func
 442              	HAL_FLASH_EndOfOperationCallback:
 443              	.LVL14:
 444              	.LFB75:
 376:Drivers/STM32F2xx_HAL_Driver/Src/stm32f2xx_hal_flash.c ****   /* Prevent unused argument(s) compilation warning */
 445              		.loc 1 376 1 is_stmt 1 view -0
 446              		.cfi_startproc
 447              		@ args = 0, pretend = 0, frame = 0
 448              		@ frame_needed = 0, uses_anonymous_args = 0
 449              		@ link register save eliminated.
 378:Drivers/STM32F2xx_HAL_Driver/Src/stm32f2xx_hal_flash.c ****   /* NOTE : This function Should not be modified, when the callback is needed,
 450              		.loc 1 378 3 view .LVU118
 382:Drivers/STM32F2xx_HAL_Driver/Src/stm32f2xx_hal_flash.c **** 
 451              		.loc 1 382 1 is_stmt 0 view .LVU119
 452 0000 7047     		bx	lr
 453              		.cfi_endproc
 454              	.LFE75:
 456              		.section	.text.HAL_FLASH_OperationErrorCallback,"ax",%progbits
 457              		.align	1
 458              		.weak	HAL_FLASH_OperationErrorCallback
 459              		.syntax unified
 460              		.thumb
 461              		.thumb_func
 463              	HAL_FLASH_OperationErrorCallback:
 464              	.LVL15:
 465              	.LFB76:
 393:Drivers/STM32F2xx_HAL_Driver/Src/stm32f2xx_hal_flash.c ****   /* Prevent unused argument(s) compilation warning */
 466              		.loc 1 393 1 is_stmt 1 view -0
 467              		.cfi_startproc
 468              		@ args = 0, pretend = 0, frame = 0
 469              		@ frame_needed = 0, uses_anonymous_args = 0
 470              		@ link register save eliminated.
 395:Drivers/STM32F2xx_HAL_Driver/Src/stm32f2xx_hal_flash.c ****   /* NOTE : This function Should not be modified, when the callback is needed,
 471              		.loc 1 395 3 view .LVU121
 399:Drivers/STM32F2xx_HAL_Driver/Src/stm32f2xx_hal_flash.c **** 
 472              		.loc 1 399 1 is_stmt 0 view .LVU122
 473 0000 7047     		bx	lr
 474              		.cfi_endproc
 475              	.LFE76:
 477              		.section	.text.HAL_FLASH_IRQHandler,"ax",%progbits
 478              		.align	1
 479              		.global	HAL_FLASH_IRQHandler
 480              		.syntax unified
 481              		.thumb
 482              		.thumb_func
 484              	HAL_FLASH_IRQHandler:
 485              	.LFB74:
 260:Drivers/STM32F2xx_HAL_Driver/Src/stm32f2xx_hal_flash.c ****   uint32_t addresstmp = 0U;
ARM GAS  /tmp/ccML3nZz.s 			page 38


 486              		.loc 1 260 1 is_stmt 1 view -0
 487              		.cfi_startproc
 488              		@ args = 0, pretend = 0, frame = 0
 489              		@ frame_needed = 0, uses_anonymous_args = 0
 490 0000 10B5     		push	{r4, lr}
 491              	.LCFI3:
 492              		.cfi_def_cfa_offset 8
 493              		.cfi_offset 4, -8
 494              		.cfi_offset 14, -4
 261:Drivers/STM32F2xx_HAL_Driver/Src/stm32f2xx_hal_flash.c ****   
 495              		.loc 1 261 3 view .LVU124
 496              	.LVL16:
 264:Drivers/STM32F2xx_HAL_Driver/Src/stm32f2xx_hal_flash.c ****     FLASH_FLAG_PGPERR | FLASH_FLAG_PGSERR )) != RESET)
 497              		.loc 1 264 3 view .LVU125
 264:Drivers/STM32F2xx_HAL_Driver/Src/stm32f2xx_hal_flash.c ****     FLASH_FLAG_PGPERR | FLASH_FLAG_PGSERR )) != RESET)
 498              		.loc 1 264 6 is_stmt 0 view .LVU126
 499 0002 364B     		ldr	r3, .L51
 500 0004 DB68     		ldr	r3, [r3, #12]
 264:Drivers/STM32F2xx_HAL_Driver/Src/stm32f2xx_hal_flash.c ****     FLASH_FLAG_PGPERR | FLASH_FLAG_PGSERR )) != RESET)
 501              		.loc 1 264 5 view .LVU127
 502 0006 13F0F20F 		tst	r3, #242
 503 000a 11D0     		beq	.L36
 267:Drivers/STM32F2xx_HAL_Driver/Src/stm32f2xx_hal_flash.c ****     {
 504              		.loc 1 267 5 is_stmt 1 view .LVU128
 267:Drivers/STM32F2xx_HAL_Driver/Src/stm32f2xx_hal_flash.c ****     {
 505              		.loc 1 267 14 is_stmt 0 view .LVU129
 506 000c 344B     		ldr	r3, .L51+4
 507 000e 1B78     		ldrb	r3, [r3]	@ zero_extendqisi2
 267:Drivers/STM32F2xx_HAL_Driver/Src/stm32f2xx_hal_flash.c ****     {
 508              		.loc 1 267 7 view .LVU130
 509 0010 012B     		cmp	r3, #1
 510 0012 35D0     		beq	.L47
 273:Drivers/STM32F2xx_HAL_Driver/Src/stm32f2xx_hal_flash.c ****     {
 511              		.loc 1 273 10 is_stmt 1 view .LVU131
 273:Drivers/STM32F2xx_HAL_Driver/Src/stm32f2xx_hal_flash.c ****     {
 512              		.loc 1 273 19 is_stmt 0 view .LVU132
 513 0014 324B     		ldr	r3, .L51+4
 514 0016 1B78     		ldrb	r3, [r3]	@ zero_extendqisi2
 273:Drivers/STM32F2xx_HAL_Driver/Src/stm32f2xx_hal_flash.c ****     {
 515              		.loc 1 273 12 view .LVU133
 516 0018 022B     		cmp	r3, #2
 517 001a 37D0     		beq	.L48
 281:Drivers/STM32F2xx_HAL_Driver/Src/stm32f2xx_hal_flash.c ****     }
 518              		.loc 1 281 7 is_stmt 1 view .LVU134
 281:Drivers/STM32F2xx_HAL_Driver/Src/stm32f2xx_hal_flash.c ****     }
 519              		.loc 1 281 18 is_stmt 0 view .LVU135
 520 001c 304B     		ldr	r3, .L51+4
 521 001e 5C69     		ldr	r4, [r3, #20]
 522              	.LVL17:
 523              	.L38:
 285:Drivers/STM32F2xx_HAL_Driver/Src/stm32f2xx_hal_flash.c ****     
 524              		.loc 1 285 5 is_stmt 1 view .LVU136
 525 0020 FFF7FEFF 		bl	FLASH_SetErrorCode
 526              	.LVL18:
 288:Drivers/STM32F2xx_HAL_Driver/Src/stm32f2xx_hal_flash.c ****     
 527              		.loc 1 288 5 view .LVU137
 528 0024 2046     		mov	r0, r4
ARM GAS  /tmp/ccML3nZz.s 			page 39


 529 0026 FFF7FEFF 		bl	HAL_FLASH_OperationErrorCallback
 530              	.LVL19:
 291:Drivers/STM32F2xx_HAL_Driver/Src/stm32f2xx_hal_flash.c ****   }
 531              		.loc 1 291 5 view .LVU138
 291:Drivers/STM32F2xx_HAL_Driver/Src/stm32f2xx_hal_flash.c ****   }
 532              		.loc 1 291 29 is_stmt 0 view .LVU139
 533 002a 2D4B     		ldr	r3, .L51+4
 534 002c 0022     		movs	r2, #0
 535 002e 1A70     		strb	r2, [r3]
 536              	.LVL20:
 537              	.L36:
 295:Drivers/STM32F2xx_HAL_Driver/Src/stm32f2xx_hal_flash.c ****   {
 538              		.loc 1 295 3 is_stmt 1 view .LVU140
 295:Drivers/STM32F2xx_HAL_Driver/Src/stm32f2xx_hal_flash.c ****   {
 539              		.loc 1 295 6 is_stmt 0 view .LVU141
 540 0030 2A4B     		ldr	r3, .L51
 541 0032 DB68     		ldr	r3, [r3, #12]
 295:Drivers/STM32F2xx_HAL_Driver/Src/stm32f2xx_hal_flash.c ****   {
 542              		.loc 1 295 5 view .LVU142
 543 0034 13F0010F 		tst	r3, #1
 544 0038 11D0     		beq	.L40
 298:Drivers/STM32F2xx_HAL_Driver/Src/stm32f2xx_hal_flash.c ****     
 545              		.loc 1 298 5 is_stmt 1 view .LVU143
 546 003a 284B     		ldr	r3, .L51
 547 003c 0122     		movs	r2, #1
 548 003e DA60     		str	r2, [r3, #12]
 300:Drivers/STM32F2xx_HAL_Driver/Src/stm32f2xx_hal_flash.c ****     {
 549              		.loc 1 300 5 view .LVU144
 300:Drivers/STM32F2xx_HAL_Driver/Src/stm32f2xx_hal_flash.c ****     {
 550              		.loc 1 300 14 is_stmt 0 view .LVU145
 551 0040 274B     		ldr	r3, .L51+4
 552 0042 1B78     		ldrb	r3, [r3]	@ zero_extendqisi2
 300:Drivers/STM32F2xx_HAL_Driver/Src/stm32f2xx_hal_flash.c ****     {
 553              		.loc 1 300 7 view .LVU146
 554 0044 9342     		cmp	r3, r2
 555 0046 24D0     		beq	.L49
 333:Drivers/STM32F2xx_HAL_Driver/Src/stm32f2xx_hal_flash.c ****       {
 556              		.loc 1 333 7 is_stmt 1 view .LVU147
 333:Drivers/STM32F2xx_HAL_Driver/Src/stm32f2xx_hal_flash.c ****       {
 557              		.loc 1 333 16 is_stmt 0 view .LVU148
 558 0048 254B     		ldr	r3, .L51+4
 559 004a 1B78     		ldrb	r3, [r3]	@ zero_extendqisi2
 333:Drivers/STM32F2xx_HAL_Driver/Src/stm32f2xx_hal_flash.c ****       {
 560              		.loc 1 333 9 view .LVU149
 561 004c 022B     		cmp	r3, #2
 562 004e 3ED0     		beq	.L50
 346:Drivers/STM32F2xx_HAL_Driver/Src/stm32f2xx_hal_flash.c ****       }
 563              		.loc 1 346 9 is_stmt 1 view .LVU150
 346:Drivers/STM32F2xx_HAL_Driver/Src/stm32f2xx_hal_flash.c ****       }
 564              		.loc 1 346 48 is_stmt 0 view .LVU151
 565 0050 234B     		ldr	r3, .L51+4
 566 0052 5869     		ldr	r0, [r3, #20]
 346:Drivers/STM32F2xx_HAL_Driver/Src/stm32f2xx_hal_flash.c ****       }
 567              		.loc 1 346 9 view .LVU152
 568 0054 FFF7FEFF 		bl	HAL_FLASH_EndOfOperationCallback
 569              	.LVL21:
 570              	.L44:
ARM GAS  /tmp/ccML3nZz.s 			page 40


 348:Drivers/STM32F2xx_HAL_Driver/Src/stm32f2xx_hal_flash.c ****     }
 571              		.loc 1 348 7 is_stmt 1 view .LVU153
 348:Drivers/STM32F2xx_HAL_Driver/Src/stm32f2xx_hal_flash.c ****     }
 572              		.loc 1 348 31 is_stmt 0 view .LVU154
 573 0058 214B     		ldr	r3, .L51+4
 574 005a 0022     		movs	r2, #0
 575 005c 1A70     		strb	r2, [r3]
 576              	.L40:
 352:Drivers/STM32F2xx_HAL_Driver/Src/stm32f2xx_hal_flash.c ****   {
 577              		.loc 1 352 3 is_stmt 1 view .LVU155
 352:Drivers/STM32F2xx_HAL_Driver/Src/stm32f2xx_hal_flash.c ****   {
 578              		.loc 1 352 12 is_stmt 0 view .LVU156
 579 005e 204B     		ldr	r3, .L51+4
 580 0060 1B78     		ldrb	r3, [r3]	@ zero_extendqisi2
 352:Drivers/STM32F2xx_HAL_Driver/Src/stm32f2xx_hal_flash.c ****   {
 581              		.loc 1 352 5 view .LVU157
 582 0062 63B9     		cbnz	r3, .L35
 355:Drivers/STM32F2xx_HAL_Driver/Src/stm32f2xx_hal_flash.c **** 
 583              		.loc 1 355 5 is_stmt 1 view .LVU158
 584 0064 1D4B     		ldr	r3, .L51
 585 0066 1A69     		ldr	r2, [r3, #16]
 586 0068 22F0FF02 		bic	r2, r2, #255
 587 006c 1A61     		str	r2, [r3, #16]
 358:Drivers/STM32F2xx_HAL_Driver/Src/stm32f2xx_hal_flash.c ****     
 588              		.loc 1 358 5 view .LVU159
 589 006e 1A69     		ldr	r2, [r3, #16]
 590 0070 22F08072 		bic	r2, r2, #16777216
 591 0074 1A61     		str	r2, [r3, #16]
 361:Drivers/STM32F2xx_HAL_Driver/Src/stm32f2xx_hal_flash.c **** 
 592              		.loc 1 361 5 view .LVU160
 593 0076 1A69     		ldr	r2, [r3, #16]
 594 0078 22F00072 		bic	r2, r2, #33554432
 595 007c 1A61     		str	r2, [r3, #16]
 596              	.L35:
 364:Drivers/STM32F2xx_HAL_Driver/Src/stm32f2xx_hal_flash.c **** 
 597              		.loc 1 364 1 is_stmt 0 view .LVU161
 598 007e 10BD     		pop	{r4, pc}
 599              	.LVL22:
 600              	.L47:
 270:Drivers/STM32F2xx_HAL_Driver/Src/stm32f2xx_hal_flash.c ****       pFlash.Sector = 0xFFFFFFFFU;
 601              		.loc 1 270 7 is_stmt 1 view .LVU162
 270:Drivers/STM32F2xx_HAL_Driver/Src/stm32f2xx_hal_flash.c ****       pFlash.Sector = 0xFFFFFFFFU;
 602              		.loc 1 270 18 is_stmt 0 view .LVU163
 603 0080 174B     		ldr	r3, .L51+4
 604 0082 DC68     		ldr	r4, [r3, #12]
 605              	.LVL23:
 271:Drivers/STM32F2xx_HAL_Driver/Src/stm32f2xx_hal_flash.c ****     }
 606              		.loc 1 271 7 is_stmt 1 view .LVU164
 271:Drivers/STM32F2xx_HAL_Driver/Src/stm32f2xx_hal_flash.c ****     }
 607              		.loc 1 271 21 is_stmt 0 view .LVU165
 608 0084 4FF0FF32 		mov	r2, #-1
 609 0088 DA60     		str	r2, [r3, #12]
 610 008a C9E7     		b	.L38
 611              	.LVL24:
 612              	.L48:
 276:Drivers/STM32F2xx_HAL_Driver/Src/stm32f2xx_hal_flash.c ****     }
 613              		.loc 1 276 7 is_stmt 1 view .LVU166
ARM GAS  /tmp/ccML3nZz.s 			page 41


 276:Drivers/STM32F2xx_HAL_Driver/Src/stm32f2xx_hal_flash.c ****     }
 614              		.loc 1 276 18 is_stmt 0 view .LVU167
 615 008c 144B     		ldr	r3, .L51+4
 616 008e 1C69     		ldr	r4, [r3, #16]
 617              	.LVL25:
 276:Drivers/STM32F2xx_HAL_Driver/Src/stm32f2xx_hal_flash.c ****     }
 618              		.loc 1 276 18 view .LVU168
 619 0090 C6E7     		b	.L38
 620              	.LVL26:
 621              	.L49:
 303:Drivers/STM32F2xx_HAL_Driver/Src/stm32f2xx_hal_flash.c ****       
 622              		.loc 1 303 7 is_stmt 1 view .LVU169
 303:Drivers/STM32F2xx_HAL_Driver/Src/stm32f2xx_hal_flash.c ****       
 623              		.loc 1 303 13 is_stmt 0 view .LVU170
 624 0092 134B     		ldr	r3, .L51+4
 625 0094 5A68     		ldr	r2, [r3, #4]
 303:Drivers/STM32F2xx_HAL_Driver/Src/stm32f2xx_hal_flash.c ****       
 626              		.loc 1 303 30 view .LVU171
 627 0096 013A     		subs	r2, r2, #1
 628 0098 5A60     		str	r2, [r3, #4]
 306:Drivers/STM32F2xx_HAL_Driver/Src/stm32f2xx_hal_flash.c ****       {
 629              		.loc 1 306 7 is_stmt 1 view .LVU172
 306:Drivers/STM32F2xx_HAL_Driver/Src/stm32f2xx_hal_flash.c ****       {
 630              		.loc 1 306 16 is_stmt 0 view .LVU173
 631 009a 5B68     		ldr	r3, [r3, #4]
 306:Drivers/STM32F2xx_HAL_Driver/Src/stm32f2xx_hal_flash.c ****       {
 632              		.loc 1 306 9 view .LVU174
 633 009c 5BB1     		cbz	r3, .L42
 308:Drivers/STM32F2xx_HAL_Driver/Src/stm32f2xx_hal_flash.c ****         /*Indicate user which sector has been erased*/
 634              		.loc 1 308 9 is_stmt 1 view .LVU175
 308:Drivers/STM32F2xx_HAL_Driver/Src/stm32f2xx_hal_flash.c ****         /*Indicate user which sector has been erased*/
 635              		.loc 1 308 20 is_stmt 0 view .LVU176
 636 009e 104C     		ldr	r4, .L51+4
 637 00a0 E068     		ldr	r0, [r4, #12]
 638              	.LVL27:
 310:Drivers/STM32F2xx_HAL_Driver/Src/stm32f2xx_hal_flash.c ****         
 639              		.loc 1 310 9 is_stmt 1 view .LVU177
 640 00a2 FFF7FEFF 		bl	HAL_FLASH_EndOfOperationCallback
 641              	.LVL28:
 313:Drivers/STM32F2xx_HAL_Driver/Src/stm32f2xx_hal_flash.c ****         addresstmp = pFlash.Sector;
 642              		.loc 1 313 9 view .LVU178
 313:Drivers/STM32F2xx_HAL_Driver/Src/stm32f2xx_hal_flash.c ****         addresstmp = pFlash.Sector;
 643              		.loc 1 313 15 is_stmt 0 view .LVU179
 644 00a6 E368     		ldr	r3, [r4, #12]
 313:Drivers/STM32F2xx_HAL_Driver/Src/stm32f2xx_hal_flash.c ****         addresstmp = pFlash.Sector;
 645              		.loc 1 313 22 view .LVU180
 646 00a8 0133     		adds	r3, r3, #1
 647 00aa E360     		str	r3, [r4, #12]
 314:Drivers/STM32F2xx_HAL_Driver/Src/stm32f2xx_hal_flash.c ****         FLASH_Erase_Sector(addresstmp, pFlash.VoltageForErase);
 648              		.loc 1 314 9 is_stmt 1 view .LVU181
 314:Drivers/STM32F2xx_HAL_Driver/Src/stm32f2xx_hal_flash.c ****         FLASH_Erase_Sector(addresstmp, pFlash.VoltageForErase);
 649              		.loc 1 314 20 is_stmt 0 view .LVU182
 650 00ac E068     		ldr	r0, [r4, #12]
 651              	.LVL29:
 315:Drivers/STM32F2xx_HAL_Driver/Src/stm32f2xx_hal_flash.c ****       }
 652              		.loc 1 315 9 is_stmt 1 view .LVU183
 315:Drivers/STM32F2xx_HAL_Driver/Src/stm32f2xx_hal_flash.c ****       }
ARM GAS  /tmp/ccML3nZz.s 			page 42


 653              		.loc 1 315 46 is_stmt 0 view .LVU184
 654 00ae 217A     		ldrb	r1, [r4, #8]	@ zero_extendqisi2
 315:Drivers/STM32F2xx_HAL_Driver/Src/stm32f2xx_hal_flash.c ****       }
 655              		.loc 1 315 9 view .LVU185
 656 00b0 FFF7FEFF 		bl	FLASH_Erase_Sector
 657              	.LVL30:
 315:Drivers/STM32F2xx_HAL_Driver/Src/stm32f2xx_hal_flash.c ****       }
 658              		.loc 1 315 9 view .LVU186
 659 00b4 D3E7     		b	.L40
 660              	.LVL31:
 661              	.L42:
 321:Drivers/STM32F2xx_HAL_Driver/Src/stm32f2xx_hal_flash.c ****         pFlash.ProcedureOnGoing = FLASH_PROC_NONE;
 662              		.loc 1 321 9 is_stmt 1 view .LVU187
 321:Drivers/STM32F2xx_HAL_Driver/Src/stm32f2xx_hal_flash.c ****         pFlash.ProcedureOnGoing = FLASH_PROC_NONE;
 663              		.loc 1 321 23 is_stmt 0 view .LVU188
 664 00b6 0A4B     		ldr	r3, .L51+4
 665 00b8 4FF0FF34 		mov	r4, #-1
 666 00bc DC60     		str	r4, [r3, #12]
 322:Drivers/STM32F2xx_HAL_Driver/Src/stm32f2xx_hal_flash.c ****         
 667              		.loc 1 322 9 is_stmt 1 view .LVU189
 322:Drivers/STM32F2xx_HAL_Driver/Src/stm32f2xx_hal_flash.c ****         
 668              		.loc 1 322 33 is_stmt 0 view .LVU190
 669 00be 0022     		movs	r2, #0
 670 00c0 1A70     		strb	r2, [r3]
 325:Drivers/STM32F2xx_HAL_Driver/Src/stm32f2xx_hal_flash.c ****                 
 671              		.loc 1 325 9 is_stmt 1 view .LVU191
 672 00c2 FFF7FEFF 		bl	FLASH_FlushCaches
 673              	.LVL32:
 328:Drivers/STM32F2xx_HAL_Driver/Src/stm32f2xx_hal_flash.c ****       }
 674              		.loc 1 328 9 view .LVU192
 675 00c6 2046     		mov	r0, r4
 676 00c8 FFF7FEFF 		bl	HAL_FLASH_EndOfOperationCallback
 677              	.LVL33:
 678 00cc C7E7     		b	.L40
 679              	.LVL34:
 680              	.L50:
 337:Drivers/STM32F2xx_HAL_Driver/Src/stm32f2xx_hal_flash.c **** 
 681              		.loc 1 337 9 view .LVU193
 682 00ce FFF7FEFF 		bl	FLASH_FlushCaches
 683              	.LVL35:
 340:Drivers/STM32F2xx_HAL_Driver/Src/stm32f2xx_hal_flash.c ****       }
 684              		.loc 1 340 9 view .LVU194
 340:Drivers/STM32F2xx_HAL_Driver/Src/stm32f2xx_hal_flash.c ****       }
 685              		.loc 1 340 48 is_stmt 0 view .LVU195
 686 00d2 034B     		ldr	r3, .L51+4
 687 00d4 1869     		ldr	r0, [r3, #16]
 340:Drivers/STM32F2xx_HAL_Driver/Src/stm32f2xx_hal_flash.c ****       }
 688              		.loc 1 340 9 view .LVU196
 689 00d6 FFF7FEFF 		bl	HAL_FLASH_EndOfOperationCallback
 690              	.LVL36:
 691 00da BDE7     		b	.L44
 692              	.L52:
 693              		.align	2
 694              	.L51:
 695 00dc 003C0240 		.word	1073888256
 696 00e0 00000000 		.word	pFlash
 697              		.cfi_endproc
ARM GAS  /tmp/ccML3nZz.s 			page 43


 698              	.LFE74:
 700              		.section	.text.HAL_FLASH_Unlock,"ax",%progbits
 701              		.align	1
 702              		.global	HAL_FLASH_Unlock
 703              		.syntax unified
 704              		.thumb
 705              		.thumb_func
 707              	HAL_FLASH_Unlock:
 708              	.LFB77:
 425:Drivers/STM32F2xx_HAL_Driver/Src/stm32f2xx_hal_flash.c ****   HAL_StatusTypeDef status = HAL_OK;
 709              		.loc 1 425 1 is_stmt 1 view -0
 710              		.cfi_startproc
 711              		@ args = 0, pretend = 0, frame = 0
 712              		@ frame_needed = 0, uses_anonymous_args = 0
 713              		@ link register save eliminated.
 426:Drivers/STM32F2xx_HAL_Driver/Src/stm32f2xx_hal_flash.c **** 
 714              		.loc 1 426 3 view .LVU198
 715              	.LVL37:
 428:Drivers/STM32F2xx_HAL_Driver/Src/stm32f2xx_hal_flash.c ****   {
 716              		.loc 1 428 3 view .LVU199
 428:Drivers/STM32F2xx_HAL_Driver/Src/stm32f2xx_hal_flash.c ****   {
 717              		.loc 1 428 6 is_stmt 0 view .LVU200
 718 0000 094B     		ldr	r3, .L58
 719 0002 1B69     		ldr	r3, [r3, #16]
 428:Drivers/STM32F2xx_HAL_Driver/Src/stm32f2xx_hal_flash.c ****   {
 720              		.loc 1 428 5 view .LVU201
 721 0004 002B     		cmp	r3, #0
 722 0006 01DB     		blt	.L57
 426:Drivers/STM32F2xx_HAL_Driver/Src/stm32f2xx_hal_flash.c **** 
 723              		.loc 1 426 21 view .LVU202
 724 0008 0020     		movs	r0, #0
 725 000a 7047     		bx	lr
 726              	.L57:
 431:Drivers/STM32F2xx_HAL_Driver/Src/stm32f2xx_hal_flash.c ****     WRITE_REG(FLASH->KEYR, FLASH_KEY2);
 727              		.loc 1 431 5 is_stmt 1 view .LVU203
 728 000c 064B     		ldr	r3, .L58
 729 000e 074A     		ldr	r2, .L58+4
 730 0010 5A60     		str	r2, [r3, #4]
 432:Drivers/STM32F2xx_HAL_Driver/Src/stm32f2xx_hal_flash.c **** 
 731              		.loc 1 432 5 view .LVU204
 732 0012 02F18832 		add	r2, r2, #-2004318072
 733 0016 5A60     		str	r2, [r3, #4]
 435:Drivers/STM32F2xx_HAL_Driver/Src/stm32f2xx_hal_flash.c ****     {
 734              		.loc 1 435 5 view .LVU205
 435:Drivers/STM32F2xx_HAL_Driver/Src/stm32f2xx_hal_flash.c ****     {
 735              		.loc 1 435 8 is_stmt 0 view .LVU206
 736 0018 1B69     		ldr	r3, [r3, #16]
 435:Drivers/STM32F2xx_HAL_Driver/Src/stm32f2xx_hal_flash.c ****     {
 737              		.loc 1 435 7 view .LVU207
 738 001a 002B     		cmp	r3, #0
 739 001c 01DB     		blt	.L56
 426:Drivers/STM32F2xx_HAL_Driver/Src/stm32f2xx_hal_flash.c **** 
 740              		.loc 1 426 21 view .LVU208
 741 001e 0020     		movs	r0, #0
 742 0020 7047     		bx	lr
 743              	.L56:
 437:Drivers/STM32F2xx_HAL_Driver/Src/stm32f2xx_hal_flash.c ****     }
ARM GAS  /tmp/ccML3nZz.s 			page 44


 744              		.loc 1 437 14 view .LVU209
 745 0022 0120     		movs	r0, #1
 746              	.LVL38:
 441:Drivers/STM32F2xx_HAL_Driver/Src/stm32f2xx_hal_flash.c **** }
 747              		.loc 1 441 3 is_stmt 1 view .LVU210
 442:Drivers/STM32F2xx_HAL_Driver/Src/stm32f2xx_hal_flash.c **** 
 748              		.loc 1 442 1 is_stmt 0 view .LVU211
 749 0024 7047     		bx	lr
 750              	.L59:
 751 0026 00BF     		.align	2
 752              	.L58:
 753 0028 003C0240 		.word	1073888256
 754 002c 23016745 		.word	1164378403
 755              		.cfi_endproc
 756              	.LFE77:
 758              		.section	.text.HAL_FLASH_Lock,"ax",%progbits
 759              		.align	1
 760              		.global	HAL_FLASH_Lock
 761              		.syntax unified
 762              		.thumb
 763              		.thumb_func
 765              	HAL_FLASH_Lock:
 766              	.LFB78:
 449:Drivers/STM32F2xx_HAL_Driver/Src/stm32f2xx_hal_flash.c ****   /* Set the LOCK Bit to lock the FLASH Registers access */
 767              		.loc 1 449 1 is_stmt 1 view -0
 768              		.cfi_startproc
 769              		@ args = 0, pretend = 0, frame = 0
 770              		@ frame_needed = 0, uses_anonymous_args = 0
 771              		@ link register save eliminated.
 451:Drivers/STM32F2xx_HAL_Driver/Src/stm32f2xx_hal_flash.c ****   
 772              		.loc 1 451 3 view .LVU213
 451:Drivers/STM32F2xx_HAL_Driver/Src/stm32f2xx_hal_flash.c ****   
 773              		.loc 1 451 8 is_stmt 0 view .LVU214
 774 0000 034A     		ldr	r2, .L61
 775 0002 1369     		ldr	r3, [r2, #16]
 451:Drivers/STM32F2xx_HAL_Driver/Src/stm32f2xx_hal_flash.c ****   
 776              		.loc 1 451 13 view .LVU215
 777 0004 43F00043 		orr	r3, r3, #-2147483648
 778 0008 1361     		str	r3, [r2, #16]
 453:Drivers/STM32F2xx_HAL_Driver/Src/stm32f2xx_hal_flash.c **** }
 779              		.loc 1 453 3 is_stmt 1 view .LVU216
 454:Drivers/STM32F2xx_HAL_Driver/Src/stm32f2xx_hal_flash.c **** 
 780              		.loc 1 454 1 is_stmt 0 view .LVU217
 781 000a 0020     		movs	r0, #0
 782 000c 7047     		bx	lr
 783              	.L62:
 784 000e 00BF     		.align	2
 785              	.L61:
 786 0010 003C0240 		.word	1073888256
 787              		.cfi_endproc
 788              	.LFE78:
 790              		.section	.text.HAL_FLASH_OB_Unlock,"ax",%progbits
 791              		.align	1
 792              		.global	HAL_FLASH_OB_Unlock
 793              		.syntax unified
 794              		.thumb
 795              		.thumb_func
ARM GAS  /tmp/ccML3nZz.s 			page 45


 797              	HAL_FLASH_OB_Unlock:
 798              	.LFB79:
 461:Drivers/STM32F2xx_HAL_Driver/Src/stm32f2xx_hal_flash.c ****   if((FLASH->OPTCR & FLASH_OPTCR_OPTLOCK) != RESET)
 799              		.loc 1 461 1 is_stmt 1 view -0
 800              		.cfi_startproc
 801              		@ args = 0, pretend = 0, frame = 0
 802              		@ frame_needed = 0, uses_anonymous_args = 0
 803              		@ link register save eliminated.
 462:Drivers/STM32F2xx_HAL_Driver/Src/stm32f2xx_hal_flash.c ****   {
 804              		.loc 1 462 3 view .LVU219
 462:Drivers/STM32F2xx_HAL_Driver/Src/stm32f2xx_hal_flash.c ****   {
 805              		.loc 1 462 12 is_stmt 0 view .LVU220
 806 0000 074B     		ldr	r3, .L66
 807 0002 5B69     		ldr	r3, [r3, #20]
 462:Drivers/STM32F2xx_HAL_Driver/Src/stm32f2xx_hal_flash.c ****   {
 808              		.loc 1 462 5 view .LVU221
 809 0004 13F0010F 		tst	r3, #1
 810 0008 07D0     		beq	.L65
 465:Drivers/STM32F2xx_HAL_Driver/Src/stm32f2xx_hal_flash.c ****     FLASH->OPTKEYR = FLASH_OPT_KEY2;
 811              		.loc 1 465 5 is_stmt 1 view .LVU222
 465:Drivers/STM32F2xx_HAL_Driver/Src/stm32f2xx_hal_flash.c ****     FLASH->OPTKEYR = FLASH_OPT_KEY2;
 812              		.loc 1 465 20 is_stmt 0 view .LVU223
 813 000a 054B     		ldr	r3, .L66
 814 000c 054A     		ldr	r2, .L66+4
 815 000e 9A60     		str	r2, [r3, #8]
 466:Drivers/STM32F2xx_HAL_Driver/Src/stm32f2xx_hal_flash.c ****   }
 816              		.loc 1 466 5 is_stmt 1 view .LVU224
 466:Drivers/STM32F2xx_HAL_Driver/Src/stm32f2xx_hal_flash.c ****   }
 817              		.loc 1 466 20 is_stmt 0 view .LVU225
 818 0010 02F14432 		add	r2, r2, #1145324612
 819 0014 9A60     		str	r2, [r3, #8]
 473:Drivers/STM32F2xx_HAL_Driver/Src/stm32f2xx_hal_flash.c **** }
 820              		.loc 1 473 3 is_stmt 1 view .LVU226
 473:Drivers/STM32F2xx_HAL_Driver/Src/stm32f2xx_hal_flash.c **** }
 821              		.loc 1 473 10 is_stmt 0 view .LVU227
 822 0016 0020     		movs	r0, #0
 823 0018 7047     		bx	lr
 824              	.L65:
 470:Drivers/STM32F2xx_HAL_Driver/Src/stm32f2xx_hal_flash.c ****   }  
 825              		.loc 1 470 12 view .LVU228
 826 001a 0120     		movs	r0, #1
 474:Drivers/STM32F2xx_HAL_Driver/Src/stm32f2xx_hal_flash.c **** 
 827              		.loc 1 474 1 view .LVU229
 828 001c 7047     		bx	lr
 829              	.L67:
 830 001e 00BF     		.align	2
 831              	.L66:
 832 0020 003C0240 		.word	1073888256
 833 0024 3B2A1908 		.word	135866939
 834              		.cfi_endproc
 835              	.LFE79:
 837              		.section	.text.HAL_FLASH_OB_Lock,"ax",%progbits
 838              		.align	1
 839              		.global	HAL_FLASH_OB_Lock
 840              		.syntax unified
 841              		.thumb
 842              		.thumb_func
ARM GAS  /tmp/ccML3nZz.s 			page 46


 844              	HAL_FLASH_OB_Lock:
 845              	.LFB80:
 481:Drivers/STM32F2xx_HAL_Driver/Src/stm32f2xx_hal_flash.c ****   /* Set the OPTLOCK Bit to lock the FLASH Option Byte Registers access */
 846              		.loc 1 481 1 is_stmt 1 view -0
 847              		.cfi_startproc
 848              		@ args = 0, pretend = 0, frame = 0
 849              		@ frame_needed = 0, uses_anonymous_args = 0
 850              		@ link register save eliminated.
 483:Drivers/STM32F2xx_HAL_Driver/Src/stm32f2xx_hal_flash.c ****   
 851              		.loc 1 483 3 view .LVU231
 483:Drivers/STM32F2xx_HAL_Driver/Src/stm32f2xx_hal_flash.c ****   
 852              		.loc 1 483 8 is_stmt 0 view .LVU232
 853 0000 034A     		ldr	r2, .L69
 854 0002 5369     		ldr	r3, [r2, #20]
 483:Drivers/STM32F2xx_HAL_Driver/Src/stm32f2xx_hal_flash.c ****   
 855              		.loc 1 483 16 view .LVU233
 856 0004 43F00103 		orr	r3, r3, #1
 857 0008 5361     		str	r3, [r2, #20]
 485:Drivers/STM32F2xx_HAL_Driver/Src/stm32f2xx_hal_flash.c **** }
 858              		.loc 1 485 3 is_stmt 1 view .LVU234
 486:Drivers/STM32F2xx_HAL_Driver/Src/stm32f2xx_hal_flash.c **** 
 859              		.loc 1 486 1 is_stmt 0 view .LVU235
 860 000a 0020     		movs	r0, #0
 861 000c 7047     		bx	lr
 862              	.L70:
 863 000e 00BF     		.align	2
 864              	.L69:
 865 0010 003C0240 		.word	1073888256
 866              		.cfi_endproc
 867              	.LFE80:
 869              		.section	.text.HAL_FLASH_GetError,"ax",%progbits
 870              		.align	1
 871              		.global	HAL_FLASH_GetError
 872              		.syntax unified
 873              		.thumb
 874              		.thumb_func
 876              	HAL_FLASH_GetError:
 877              	.LFB82:
 530:Drivers/STM32F2xx_HAL_Driver/Src/stm32f2xx_hal_flash.c ****    return pFlash.ErrorCode;
 878              		.loc 1 530 1 is_stmt 1 view -0
 879              		.cfi_startproc
 880              		@ args = 0, pretend = 0, frame = 0
 881              		@ frame_needed = 0, uses_anonymous_args = 0
 882              		@ link register save eliminated.
 531:Drivers/STM32F2xx_HAL_Driver/Src/stm32f2xx_hal_flash.c **** }  
 883              		.loc 1 531 4 view .LVU237
 531:Drivers/STM32F2xx_HAL_Driver/Src/stm32f2xx_hal_flash.c **** }  
 884              		.loc 1 531 17 is_stmt 0 view .LVU238
 885 0000 014B     		ldr	r3, .L72
 886 0002 D869     		ldr	r0, [r3, #28]
 532:Drivers/STM32F2xx_HAL_Driver/Src/stm32f2xx_hal_flash.c ****   
 887              		.loc 1 532 1 view .LVU239
 888 0004 7047     		bx	lr
 889              	.L73:
 890 0006 00BF     		.align	2
 891              	.L72:
 892 0008 00000000 		.word	pFlash
ARM GAS  /tmp/ccML3nZz.s 			page 47


 893              		.cfi_endproc
 894              	.LFE82:
 896              		.section	.text.FLASH_WaitForLastOperation,"ax",%progbits
 897              		.align	1
 898              		.global	FLASH_WaitForLastOperation
 899              		.syntax unified
 900              		.thumb
 901              		.thumb_func
 903              	FLASH_WaitForLastOperation:
 904              	.LVL39:
 905              	.LFB83:
 544:Drivers/STM32F2xx_HAL_Driver/Src/stm32f2xx_hal_flash.c ****   uint32_t tickstart = 0U;
 906              		.loc 1 544 1 is_stmt 1 view -0
 907              		.cfi_startproc
 908              		@ args = 0, pretend = 0, frame = 0
 909              		@ frame_needed = 0, uses_anonymous_args = 0
 544:Drivers/STM32F2xx_HAL_Driver/Src/stm32f2xx_hal_flash.c ****   uint32_t tickstart = 0U;
 910              		.loc 1 544 1 is_stmt 0 view .LVU241
 911 0000 38B5     		push	{r3, r4, r5, lr}
 912              	.LCFI4:
 913              		.cfi_def_cfa_offset 16
 914              		.cfi_offset 3, -16
 915              		.cfi_offset 4, -12
 916              		.cfi_offset 5, -8
 917              		.cfi_offset 14, -4
 918 0002 0446     		mov	r4, r0
 545:Drivers/STM32F2xx_HAL_Driver/Src/stm32f2xx_hal_flash.c ****   
 919              		.loc 1 545 3 is_stmt 1 view .LVU242
 920              	.LVL40:
 548:Drivers/STM32F2xx_HAL_Driver/Src/stm32f2xx_hal_flash.c ****   
 921              		.loc 1 548 3 view .LVU243
 548:Drivers/STM32F2xx_HAL_Driver/Src/stm32f2xx_hal_flash.c ****   
 922              		.loc 1 548 20 is_stmt 0 view .LVU244
 923 0004 144B     		ldr	r3, .L85
 924 0006 0022     		movs	r2, #0
 925 0008 DA61     		str	r2, [r3, #28]
 554:Drivers/STM32F2xx_HAL_Driver/Src/stm32f2xx_hal_flash.c **** 
 926              		.loc 1 554 3 is_stmt 1 view .LVU245
 554:Drivers/STM32F2xx_HAL_Driver/Src/stm32f2xx_hal_flash.c **** 
 927              		.loc 1 554 15 is_stmt 0 view .LVU246
 928 000a FFF7FEFF 		bl	HAL_GetTick
 929              	.LVL41:
 554:Drivers/STM32F2xx_HAL_Driver/Src/stm32f2xx_hal_flash.c **** 
 930              		.loc 1 554 15 view .LVU247
 931 000e 0546     		mov	r5, r0
 932              	.LVL42:
 556:Drivers/STM32F2xx_HAL_Driver/Src/stm32f2xx_hal_flash.c ****   { 
 933              		.loc 1 556 3 is_stmt 1 view .LVU248
 934              	.L76:
 556:Drivers/STM32F2xx_HAL_Driver/Src/stm32f2xx_hal_flash.c ****   { 
 935              		.loc 1 556 46 view .LVU249
 556:Drivers/STM32F2xx_HAL_Driver/Src/stm32f2xx_hal_flash.c ****   { 
 936              		.loc 1 556 9 is_stmt 0 view .LVU250
 937 0010 124B     		ldr	r3, .L85+4
 938 0012 DB68     		ldr	r3, [r3, #12]
 556:Drivers/STM32F2xx_HAL_Driver/Src/stm32f2xx_hal_flash.c ****   { 
 939              		.loc 1 556 46 view .LVU251
ARM GAS  /tmp/ccML3nZz.s 			page 48


 940 0014 13F4803F 		tst	r3, #65536
 941 0018 0AD0     		beq	.L83
 558:Drivers/STM32F2xx_HAL_Driver/Src/stm32f2xx_hal_flash.c ****     {
 942              		.loc 1 558 5 is_stmt 1 view .LVU252
 558:Drivers/STM32F2xx_HAL_Driver/Src/stm32f2xx_hal_flash.c ****     {
 943              		.loc 1 558 7 is_stmt 0 view .LVU253
 944 001a B4F1FF3F 		cmp	r4, #-1
 945 001e F7D0     		beq	.L76
 560:Drivers/STM32F2xx_HAL_Driver/Src/stm32f2xx_hal_flash.c ****       {
 946              		.loc 1 560 7 is_stmt 1 view .LVU254
 560:Drivers/STM32F2xx_HAL_Driver/Src/stm32f2xx_hal_flash.c ****       {
 947              		.loc 1 560 9 is_stmt 0 view .LVU255
 948 0020 24B1     		cbz	r4, .L77
 560:Drivers/STM32F2xx_HAL_Driver/Src/stm32f2xx_hal_flash.c ****       {
 949              		.loc 1 560 29 discriminator 1 view .LVU256
 950 0022 FFF7FEFF 		bl	HAL_GetTick
 951              	.LVL43:
 560:Drivers/STM32F2xx_HAL_Driver/Src/stm32f2xx_hal_flash.c ****       {
 952              		.loc 1 560 43 discriminator 1 view .LVU257
 953 0026 401B     		subs	r0, r0, r5
 560:Drivers/STM32F2xx_HAL_Driver/Src/stm32f2xx_hal_flash.c ****       {
 954              		.loc 1 560 25 discriminator 1 view .LVU258
 955 0028 A042     		cmp	r0, r4
 956 002a F1D9     		bls	.L76
 957              	.L77:
 562:Drivers/STM32F2xx_HAL_Driver/Src/stm32f2xx_hal_flash.c ****       }
 958              		.loc 1 562 9 is_stmt 1 view .LVU259
 562:Drivers/STM32F2xx_HAL_Driver/Src/stm32f2xx_hal_flash.c ****       }
 959              		.loc 1 562 16 is_stmt 0 view .LVU260
 960 002c 0320     		movs	r0, #3
 961 002e 0DE0     		b	.L78
 962              	.L83:
 568:Drivers/STM32F2xx_HAL_Driver/Src/stm32f2xx_hal_flash.c ****   {
 963              		.loc 1 568 3 is_stmt 1 view .LVU261
 568:Drivers/STM32F2xx_HAL_Driver/Src/stm32f2xx_hal_flash.c ****   {
 964              		.loc 1 568 7 is_stmt 0 view .LVU262
 965 0030 0A4B     		ldr	r3, .L85+4
 966 0032 DB68     		ldr	r3, [r3, #12]
 568:Drivers/STM32F2xx_HAL_Driver/Src/stm32f2xx_hal_flash.c ****   {
 967              		.loc 1 568 6 view .LVU263
 968 0034 13F0010F 		tst	r3, #1
 969 0038 02D0     		beq	.L80
 571:Drivers/STM32F2xx_HAL_Driver/Src/stm32f2xx_hal_flash.c ****   }
 970              		.loc 1 571 5 is_stmt 1 view .LVU264
 971 003a 084B     		ldr	r3, .L85+4
 972 003c 0122     		movs	r2, #1
 973 003e DA60     		str	r2, [r3, #12]
 974              	.L80:
 574:Drivers/STM32F2xx_HAL_Driver/Src/stm32f2xx_hal_flash.c ****                            FLASH_FLAG_PGPERR | FLASH_FLAG_PGSERR)) != RESET)
 975              		.loc 1 574 3 view .LVU265
 574:Drivers/STM32F2xx_HAL_Driver/Src/stm32f2xx_hal_flash.c ****                            FLASH_FLAG_PGPERR | FLASH_FLAG_PGSERR)) != RESET)
 976              		.loc 1 574 6 is_stmt 0 view .LVU266
 977 0040 064B     		ldr	r3, .L85+4
 978 0042 DB68     		ldr	r3, [r3, #12]
 574:Drivers/STM32F2xx_HAL_Driver/Src/stm32f2xx_hal_flash.c ****                            FLASH_FLAG_PGPERR | FLASH_FLAG_PGSERR)) != RESET)
 979              		.loc 1 574 5 view .LVU267
 980 0044 13F0F20F 		tst	r3, #242
ARM GAS  /tmp/ccML3nZz.s 			page 49


 981 0048 01D1     		bne	.L84
 583:Drivers/STM32F2xx_HAL_Driver/Src/stm32f2xx_hal_flash.c ****   
 982              		.loc 1 583 10 view .LVU268
 983 004a 0020     		movs	r0, #0
 984              	.L78:
 585:Drivers/STM32F2xx_HAL_Driver/Src/stm32f2xx_hal_flash.c **** 
 985              		.loc 1 585 1 view .LVU269
 986 004c 38BD     		pop	{r3, r4, r5, pc}
 987              	.LVL44:
 988              	.L84:
 578:Drivers/STM32F2xx_HAL_Driver/Src/stm32f2xx_hal_flash.c ****     return HAL_ERROR;
 989              		.loc 1 578 5 is_stmt 1 view .LVU270
 990 004e FFF7FEFF 		bl	FLASH_SetErrorCode
 991              	.LVL45:
 579:Drivers/STM32F2xx_HAL_Driver/Src/stm32f2xx_hal_flash.c ****   }
 992              		.loc 1 579 5 view .LVU271
 579:Drivers/STM32F2xx_HAL_Driver/Src/stm32f2xx_hal_flash.c ****   }
 993              		.loc 1 579 12 is_stmt 0 view .LVU272
 994 0052 0120     		movs	r0, #1
 995 0054 FAE7     		b	.L78
 996              	.L86:
 997 0056 00BF     		.align	2
 998              	.L85:
 999 0058 00000000 		.word	pFlash
 1000 005c 003C0240 		.word	1073888256
 1001              		.cfi_endproc
 1002              	.LFE83:
 1004              		.section	.text.HAL_FLASH_Program,"ax",%progbits
 1005              		.align	1
 1006              		.global	HAL_FLASH_Program
 1007              		.syntax unified
 1008              		.thumb
 1009              		.thumb_func
 1011              	HAL_FLASH_Program:
 1012              	.LVL46:
 1013              	.LFB72:
 158:Drivers/STM32F2xx_HAL_Driver/Src/stm32f2xx_hal_flash.c ****   HAL_StatusTypeDef status = HAL_ERROR;
 1014              		.loc 1 158 1 is_stmt 1 view -0
 1015              		.cfi_startproc
 1016              		@ args = 0, pretend = 0, frame = 0
 1017              		@ frame_needed = 0, uses_anonymous_args = 0
 158:Drivers/STM32F2xx_HAL_Driver/Src/stm32f2xx_hal_flash.c ****   HAL_StatusTypeDef status = HAL_ERROR;
 1018              		.loc 1 158 1 is_stmt 0 view .LVU274
 1019 0000 F8B5     		push	{r3, r4, r5, r6, r7, lr}
 1020              	.LCFI5:
 1021              		.cfi_def_cfa_offset 24
 1022              		.cfi_offset 3, -24
 1023              		.cfi_offset 4, -20
 1024              		.cfi_offset 5, -16
 1025              		.cfi_offset 6, -12
 1026              		.cfi_offset 7, -8
 1027              		.cfi_offset 14, -4
 1028 0002 1646     		mov	r6, r2
 159:Drivers/STM32F2xx_HAL_Driver/Src/stm32f2xx_hal_flash.c ****   
 1029              		.loc 1 159 3 is_stmt 1 view .LVU275
 1030              	.LVL47:
 162:Drivers/STM32F2xx_HAL_Driver/Src/stm32f2xx_hal_flash.c ****   
ARM GAS  /tmp/ccML3nZz.s 			page 50


 1031              		.loc 1 162 3 view .LVU276
 162:Drivers/STM32F2xx_HAL_Driver/Src/stm32f2xx_hal_flash.c ****   
 1032              		.loc 1 162 3 view .LVU277
 1033 0004 1B4A     		ldr	r2, .L99
 1034              	.LVL48:
 162:Drivers/STM32F2xx_HAL_Driver/Src/stm32f2xx_hal_flash.c ****   
 1035              		.loc 1 162 3 is_stmt 0 view .LVU278
 1036 0006 127E     		ldrb	r2, [r2, #24]	@ zero_extendqisi2
 1037 0008 012A     		cmp	r2, #1
 1038 000a 30D0     		beq	.L94
 1039 000c 0446     		mov	r4, r0
 1040 000e 0D46     		mov	r5, r1
 1041 0010 1F46     		mov	r7, r3
 162:Drivers/STM32F2xx_HAL_Driver/Src/stm32f2xx_hal_flash.c ****   
 1042              		.loc 1 162 3 is_stmt 1 discriminator 2 view .LVU279
 1043 0012 184B     		ldr	r3, .L99
 1044 0014 0122     		movs	r2, #1
 1045 0016 1A76     		strb	r2, [r3, #24]
 162:Drivers/STM32F2xx_HAL_Driver/Src/stm32f2xx_hal_flash.c ****   
 1046              		.loc 1 162 3 view .LVU280
 165:Drivers/STM32F2xx_HAL_Driver/Src/stm32f2xx_hal_flash.c ****   
 1047              		.loc 1 165 3 view .LVU281
 168:Drivers/STM32F2xx_HAL_Driver/Src/stm32f2xx_hal_flash.c ****   
 1048              		.loc 1 168 3 view .LVU282
 168:Drivers/STM32F2xx_HAL_Driver/Src/stm32f2xx_hal_flash.c ****   
 1049              		.loc 1 168 12 is_stmt 0 view .LVU283
 1050 0018 4CF25030 		movw	r0, #50000
 1051              	.LVL49:
 168:Drivers/STM32F2xx_HAL_Driver/Src/stm32f2xx_hal_flash.c ****   
 1052              		.loc 1 168 12 view .LVU284
 1053 001c FFF7FEFF 		bl	FLASH_WaitForLastOperation
 1054              	.LVL50:
 170:Drivers/STM32F2xx_HAL_Driver/Src/stm32f2xx_hal_flash.c ****   {
 1055              		.loc 1 170 3 is_stmt 1 view .LVU285
 170:Drivers/STM32F2xx_HAL_Driver/Src/stm32f2xx_hal_flash.c ****   {
 1056              		.loc 1 170 5 is_stmt 0 view .LVU286
 1057 0020 90B9     		cbnz	r0, .L89
 172:Drivers/STM32F2xx_HAL_Driver/Src/stm32f2xx_hal_flash.c ****     {
 1058              		.loc 1 172 5 is_stmt 1 view .LVU287
 172:Drivers/STM32F2xx_HAL_Driver/Src/stm32f2xx_hal_flash.c ****     {
 1059              		.loc 1 172 7 is_stmt 0 view .LVU288
 1060 0022 ACB1     		cbz	r4, .L96
 177:Drivers/STM32F2xx_HAL_Driver/Src/stm32f2xx_hal_flash.c ****     {
 1061              		.loc 1 177 10 is_stmt 1 view .LVU289
 177:Drivers/STM32F2xx_HAL_Driver/Src/stm32f2xx_hal_flash.c ****     {
 1062              		.loc 1 177 12 is_stmt 0 view .LVU290
 1063 0024 012C     		cmp	r4, #1
 1064 0026 18D0     		beq	.L97
 182:Drivers/STM32F2xx_HAL_Driver/Src/stm32f2xx_hal_flash.c ****     {
 1065              		.loc 1 182 10 is_stmt 1 view .LVU291
 182:Drivers/STM32F2xx_HAL_Driver/Src/stm32f2xx_hal_flash.c ****     {
 1066              		.loc 1 182 12 is_stmt 0 view .LVU292
 1067 0028 022C     		cmp	r4, #2
 1068 002a 1BD0     		beq	.L98
 190:Drivers/STM32F2xx_HAL_Driver/Src/stm32f2xx_hal_flash.c ****     }
 1069              		.loc 1 190 7 is_stmt 1 view .LVU293
 1070 002c 3246     		mov	r2, r6
ARM GAS  /tmp/ccML3nZz.s 			page 51


 1071 002e 3B46     		mov	r3, r7
 1072 0030 2846     		mov	r0, r5
 1073              	.LVL51:
 190:Drivers/STM32F2xx_HAL_Driver/Src/stm32f2xx_hal_flash.c ****     }
 1074              		.loc 1 190 7 is_stmt 0 view .LVU294
 1075 0032 FFF7FEFF 		bl	FLASH_Program_DoubleWord
 1076              	.LVL52:
 1077              	.L91:
 194:Drivers/STM32F2xx_HAL_Driver/Src/stm32f2xx_hal_flash.c ****     
 1078              		.loc 1 194 5 is_stmt 1 view .LVU295
 194:Drivers/STM32F2xx_HAL_Driver/Src/stm32f2xx_hal_flash.c ****     
 1079              		.loc 1 194 14 is_stmt 0 view .LVU296
 1080 0036 4CF25030 		movw	r0, #50000
 1081 003a FFF7FEFF 		bl	FLASH_WaitForLastOperation
 1082              	.LVL53:
 197:Drivers/STM32F2xx_HAL_Driver/Src/stm32f2xx_hal_flash.c ****   }
 1083              		.loc 1 197 5 is_stmt 1 view .LVU297
 197:Drivers/STM32F2xx_HAL_Driver/Src/stm32f2xx_hal_flash.c ****   }
 1084              		.loc 1 197 10 is_stmt 0 view .LVU298
 1085 003e 0E4A     		ldr	r2, .L99+4
 1086 0040 1369     		ldr	r3, [r2, #16]
 197:Drivers/STM32F2xx_HAL_Driver/Src/stm32f2xx_hal_flash.c ****   }
 1087              		.loc 1 197 15 view .LVU299
 1088 0042 23F00103 		bic	r3, r3, #1
 1089 0046 1361     		str	r3, [r2, #16]
 1090              	.L89:
 201:Drivers/STM32F2xx_HAL_Driver/Src/stm32f2xx_hal_flash.c ****   
 1091              		.loc 1 201 3 is_stmt 1 view .LVU300
 201:Drivers/STM32F2xx_HAL_Driver/Src/stm32f2xx_hal_flash.c ****   
 1092              		.loc 1 201 3 view .LVU301
 1093 0048 0A4B     		ldr	r3, .L99
 1094 004a 0022     		movs	r2, #0
 1095 004c 1A76     		strb	r2, [r3, #24]
 201:Drivers/STM32F2xx_HAL_Driver/Src/stm32f2xx_hal_flash.c ****   
 1096              		.loc 1 201 3 view .LVU302
 203:Drivers/STM32F2xx_HAL_Driver/Src/stm32f2xx_hal_flash.c **** }
 1097              		.loc 1 203 3 view .LVU303
 1098              	.LVL54:
 1099              	.L88:
 204:Drivers/STM32F2xx_HAL_Driver/Src/stm32f2xx_hal_flash.c **** 
 1100              		.loc 1 204 1 is_stmt 0 view .LVU304
 1101 004e F8BD     		pop	{r3, r4, r5, r6, r7, pc}
 1102              	.LVL55:
 1103              	.L96:
 175:Drivers/STM32F2xx_HAL_Driver/Src/stm32f2xx_hal_flash.c ****     }
 1104              		.loc 1 175 7 is_stmt 1 view .LVU305
 1105 0050 F1B2     		uxtb	r1, r6
 1106 0052 2846     		mov	r0, r5
 1107              	.LVL56:
 175:Drivers/STM32F2xx_HAL_Driver/Src/stm32f2xx_hal_flash.c ****     }
 1108              		.loc 1 175 7 is_stmt 0 view .LVU306
 1109 0054 FFF7FEFF 		bl	FLASH_Program_Byte
 1110              	.LVL57:
 1111 0058 EDE7     		b	.L91
 1112              	.LVL58:
 1113              	.L97:
 180:Drivers/STM32F2xx_HAL_Driver/Src/stm32f2xx_hal_flash.c ****     }
ARM GAS  /tmp/ccML3nZz.s 			page 52


 1114              		.loc 1 180 7 is_stmt 1 view .LVU307
 1115 005a B1B2     		uxth	r1, r6
 1116 005c 2846     		mov	r0, r5
 1117              	.LVL59:
 180:Drivers/STM32F2xx_HAL_Driver/Src/stm32f2xx_hal_flash.c ****     }
 1118              		.loc 1 180 7 is_stmt 0 view .LVU308
 1119 005e FFF7FEFF 		bl	FLASH_Program_HalfWord
 1120              	.LVL60:
 1121 0062 E8E7     		b	.L91
 1122              	.LVL61:
 1123              	.L98:
 185:Drivers/STM32F2xx_HAL_Driver/Src/stm32f2xx_hal_flash.c ****     }
 1124              		.loc 1 185 7 is_stmt 1 view .LVU309
 1125 0064 3146     		mov	r1, r6
 1126 0066 2846     		mov	r0, r5
 1127              	.LVL62:
 185:Drivers/STM32F2xx_HAL_Driver/Src/stm32f2xx_hal_flash.c ****     }
 1128              		.loc 1 185 7 is_stmt 0 view .LVU310
 1129 0068 FFF7FEFF 		bl	FLASH_Program_Word
 1130              	.LVL63:
 1131 006c E3E7     		b	.L91
 1132              	.LVL64:
 1133              	.L94:
 162:Drivers/STM32F2xx_HAL_Driver/Src/stm32f2xx_hal_flash.c ****   
 1134              		.loc 1 162 3 discriminator 1 view .LVU311
 1135 006e 0220     		movs	r0, #2
 1136              	.LVL65:
 162:Drivers/STM32F2xx_HAL_Driver/Src/stm32f2xx_hal_flash.c ****   
 1137              		.loc 1 162 3 discriminator 1 view .LVU312
 1138 0070 EDE7     		b	.L88
 1139              	.L100:
 1140 0072 00BF     		.align	2
 1141              	.L99:
 1142 0074 00000000 		.word	pFlash
 1143 0078 003C0240 		.word	1073888256
 1144              		.cfi_endproc
 1145              	.LFE72:
 1147              		.section	.text.HAL_FLASH_OB_Launch,"ax",%progbits
 1148              		.align	1
 1149              		.global	HAL_FLASH_OB_Launch
 1150              		.syntax unified
 1151              		.thumb
 1152              		.thumb_func
 1154              	HAL_FLASH_OB_Launch:
 1155              	.LFB81:
 493:Drivers/STM32F2xx_HAL_Driver/Src/stm32f2xx_hal_flash.c ****   /* Set the OPTSTRT bit in OPTCR register */
 1156              		.loc 1 493 1 is_stmt 1 view -0
 1157              		.cfi_startproc
 1158              		@ args = 0, pretend = 0, frame = 0
 1159              		@ frame_needed = 0, uses_anonymous_args = 0
 1160 0000 08B5     		push	{r3, lr}
 1161              	.LCFI6:
 1162              		.cfi_def_cfa_offset 8
 1163              		.cfi_offset 3, -8
 1164              		.cfi_offset 14, -4
 495:Drivers/STM32F2xx_HAL_Driver/Src/stm32f2xx_hal_flash.c **** 
 1165              		.loc 1 495 3 view .LVU314
ARM GAS  /tmp/ccML3nZz.s 			page 53


 1166 0002 054A     		ldr	r2, .L103
 1167 0004 137D     		ldrb	r3, [r2, #20]	@ zero_extendqisi2
 495:Drivers/STM32F2xx_HAL_Driver/Src/stm32f2xx_hal_flash.c **** 
 1168              		.loc 1 495 40 is_stmt 0 view .LVU315
 1169 0006 43F00203 		orr	r3, r3, #2
 1170 000a 1375     		strb	r3, [r2, #20]
 498:Drivers/STM32F2xx_HAL_Driver/Src/stm32f2xx_hal_flash.c **** }
 1171              		.loc 1 498 3 is_stmt 1 view .LVU316
 498:Drivers/STM32F2xx_HAL_Driver/Src/stm32f2xx_hal_flash.c **** }
 1172              		.loc 1 498 10 is_stmt 0 view .LVU317
 1173 000c 4CF25030 		movw	r0, #50000
 1174 0010 FFF7FEFF 		bl	FLASH_WaitForLastOperation
 1175              	.LVL66:
 499:Drivers/STM32F2xx_HAL_Driver/Src/stm32f2xx_hal_flash.c **** 
 1176              		.loc 1 499 1 view .LVU318
 1177 0014 08BD     		pop	{r3, pc}
 1178              	.L104:
 1179 0016 00BF     		.align	2
 1180              	.L103:
 1181 0018 003C0240 		.word	1073888256
 1182              		.cfi_endproc
 1183              	.LFE81:
 1185              		.global	pFlash
 1186              		.section	.bss.pFlash,"aw",%nobits
 1187              		.align	2
 1190              	pFlash:
 1191 0000 00000000 		.space	32
 1191      00000000 
 1191      00000000 
 1191      00000000 
 1191      00000000 
 1192              		.text
 1193              	.Letext0:
 1194              		.file 3 "/home/sru/.local/xPacks/arm-none-eabi-gcc/xpack-arm-none-eabi-gcc-14.2.1-1.1/arm-none-eab
 1195              		.file 4 "/home/sru/.local/xPacks/arm-none-eabi-gcc/xpack-arm-none-eabi-gcc-14.2.1-1.1/arm-none-eab
 1196              		.file 5 "Drivers/CMSIS/Device/ST/STM32F2xx/Include/stm32f207xx.h"
 1197              		.file 6 "Drivers/CMSIS/Device/ST/STM32F2xx/Include/stm32f2xx.h"
 1198              		.file 7 "Drivers/STM32F2xx_HAL_Driver/Inc/stm32f2xx_hal_def.h"
 1199              		.file 8 "Drivers/STM32F2xx_HAL_Driver/Inc/stm32f2xx_hal_flash.h"
 1200              		.file 9 "Drivers/STM32F2xx_HAL_Driver/Inc/stm32f2xx_hal.h"
 1201              		.file 10 "Drivers/STM32F2xx_HAL_Driver/Inc/stm32f2xx_hal_flash_ex.h"
ARM GAS  /tmp/ccML3nZz.s 			page 54


DEFINED SYMBOLS
                            *ABS*:00000000 stm32f2xx_hal_flash.c
     /tmp/ccML3nZz.s:19     .text.FLASH_Program_DoubleWord:00000000 $t
     /tmp/ccML3nZz.s:24     .text.FLASH_Program_DoubleWord:00000000 FLASH_Program_DoubleWord
     /tmp/ccML3nZz.s:85     .text.FLASH_Program_DoubleWord:00000028 $d
     /tmp/ccML3nZz.s:90     .text.FLASH_Program_Word:00000000 $t
     /tmp/ccML3nZz.s:95     .text.FLASH_Program_Word:00000000 FLASH_Program_Word
     /tmp/ccML3nZz.s:129    .text.FLASH_Program_Word:00000020 $d
     /tmp/ccML3nZz.s:134    .text.FLASH_Program_HalfWord:00000000 $t
     /tmp/ccML3nZz.s:139    .text.FLASH_Program_HalfWord:00000000 FLASH_Program_HalfWord
     /tmp/ccML3nZz.s:173    .text.FLASH_Program_HalfWord:00000020 $d
     /tmp/ccML3nZz.s:178    .text.FLASH_Program_Byte:00000000 $t
     /tmp/ccML3nZz.s:183    .text.FLASH_Program_Byte:00000000 FLASH_Program_Byte
     /tmp/ccML3nZz.s:216    .text.FLASH_Program_Byte:0000001c $d
     /tmp/ccML3nZz.s:221    .text.FLASH_SetErrorCode:00000000 $t
     /tmp/ccML3nZz.s:226    .text.FLASH_SetErrorCode:00000000 FLASH_SetErrorCode
     /tmp/ccML3nZz.s:333    .text.FLASH_SetErrorCode:00000084 $d
     /tmp/ccML3nZz.s:1190   .bss.pFlash:00000000 pFlash
     /tmp/ccML3nZz.s:339    .text.HAL_FLASH_Program_IT:00000000 $t
     /tmp/ccML3nZz.s:345    .text.HAL_FLASH_Program_IT:00000000 HAL_FLASH_Program_IT
     /tmp/ccML3nZz.s:430    .text.HAL_FLASH_Program_IT:0000004c $d
     /tmp/ccML3nZz.s:436    .text.HAL_FLASH_EndOfOperationCallback:00000000 $t
     /tmp/ccML3nZz.s:442    .text.HAL_FLASH_EndOfOperationCallback:00000000 HAL_FLASH_EndOfOperationCallback
     /tmp/ccML3nZz.s:457    .text.HAL_FLASH_OperationErrorCallback:00000000 $t
     /tmp/ccML3nZz.s:463    .text.HAL_FLASH_OperationErrorCallback:00000000 HAL_FLASH_OperationErrorCallback
     /tmp/ccML3nZz.s:478    .text.HAL_FLASH_IRQHandler:00000000 $t
     /tmp/ccML3nZz.s:484    .text.HAL_FLASH_IRQHandler:00000000 HAL_FLASH_IRQHandler
     /tmp/ccML3nZz.s:695    .text.HAL_FLASH_IRQHandler:000000dc $d
     /tmp/ccML3nZz.s:701    .text.HAL_FLASH_Unlock:00000000 $t
     /tmp/ccML3nZz.s:707    .text.HAL_FLASH_Unlock:00000000 HAL_FLASH_Unlock
     /tmp/ccML3nZz.s:753    .text.HAL_FLASH_Unlock:00000028 $d
     /tmp/ccML3nZz.s:759    .text.HAL_FLASH_Lock:00000000 $t
     /tmp/ccML3nZz.s:765    .text.HAL_FLASH_Lock:00000000 HAL_FLASH_Lock
     /tmp/ccML3nZz.s:786    .text.HAL_FLASH_Lock:00000010 $d
     /tmp/ccML3nZz.s:791    .text.HAL_FLASH_OB_Unlock:00000000 $t
     /tmp/ccML3nZz.s:797    .text.HAL_FLASH_OB_Unlock:00000000 HAL_FLASH_OB_Unlock
     /tmp/ccML3nZz.s:832    .text.HAL_FLASH_OB_Unlock:00000020 $d
     /tmp/ccML3nZz.s:838    .text.HAL_FLASH_OB_Lock:00000000 $t
     /tmp/ccML3nZz.s:844    .text.HAL_FLASH_OB_Lock:00000000 HAL_FLASH_OB_Lock
     /tmp/ccML3nZz.s:865    .text.HAL_FLASH_OB_Lock:00000010 $d
     /tmp/ccML3nZz.s:870    .text.HAL_FLASH_GetError:00000000 $t
     /tmp/ccML3nZz.s:876    .text.HAL_FLASH_GetError:00000000 HAL_FLASH_GetError
     /tmp/ccML3nZz.s:892    .text.HAL_FLASH_GetError:00000008 $d
     /tmp/ccML3nZz.s:897    .text.FLASH_WaitForLastOperation:00000000 $t
     /tmp/ccML3nZz.s:903    .text.FLASH_WaitForLastOperation:00000000 FLASH_WaitForLastOperation
     /tmp/ccML3nZz.s:999    .text.FLASH_WaitForLastOperation:00000058 $d
     /tmp/ccML3nZz.s:1005   .text.HAL_FLASH_Program:00000000 $t
     /tmp/ccML3nZz.s:1011   .text.HAL_FLASH_Program:00000000 HAL_FLASH_Program
     /tmp/ccML3nZz.s:1142   .text.HAL_FLASH_Program:00000074 $d
     /tmp/ccML3nZz.s:1148   .text.HAL_FLASH_OB_Launch:00000000 $t
     /tmp/ccML3nZz.s:1154   .text.HAL_FLASH_OB_Launch:00000000 HAL_FLASH_OB_Launch
     /tmp/ccML3nZz.s:1181   .text.HAL_FLASH_OB_Launch:00000018 $d
     /tmp/ccML3nZz.s:1187   .bss.pFlash:00000000 $d

UNDEFINED SYMBOLS
FLASH_Erase_Sector
FLASH_FlushCaches
ARM GAS  /tmp/ccML3nZz.s 			page 55


HAL_GetTick
