ARM GAS  /tmp/ccWw9kAG.s 			page 1


   1              		.cpu cortex-m3
   2              		.arch armv7-m
   3              		.fpu softvfp
   4              		.eabi_attribute 20, 1
   5              		.eabi_attribute 21, 1
   6              		.eabi_attribute 23, 3
   7              		.eabi_attribute 24, 1
   8              		.eabi_attribute 25, 1
   9              		.eabi_attribute 26, 1
  10              		.eabi_attribute 30, 1
  11              		.eabi_attribute 34, 1
  12              		.eabi_attribute 18, 4
  13              		.file	"stm32f2xx_hal_flash_ex.c"
  14              		.text
  15              	.Ltext0:
  16              		.cfi_sections	.debug_frame
  17              		.file 1 "Drivers/STM32F2xx_HAL_Driver/Src/stm32f2xx_hal_flash_ex.c"
  18              		.section	.text.FLASH_MassErase,"ax",%progbits
  19              		.align	1
  20              		.syntax unified
  21              		.thumb
  22              		.thumb_func
  24              	FLASH_MassErase:
  25              	.LVL0:
  26              	.LFB78:
   1:Drivers/STM32F2xx_HAL_Driver/Src/stm32f2xx_hal_flash_ex.c **** /**
   2:Drivers/STM32F2xx_HAL_Driver/Src/stm32f2xx_hal_flash_ex.c ****   ******************************************************************************
   3:Drivers/STM32F2xx_HAL_Driver/Src/stm32f2xx_hal_flash_ex.c ****   * @file    stm32f2xx_hal_flash_ex.c
   4:Drivers/STM32F2xx_HAL_Driver/Src/stm32f2xx_hal_flash_ex.c ****   * @author  MCD Application Team
   5:Drivers/STM32F2xx_HAL_Driver/Src/stm32f2xx_hal_flash_ex.c ****   * @brief   Extended FLASH HAL module driver.
   6:Drivers/STM32F2xx_HAL_Driver/Src/stm32f2xx_hal_flash_ex.c ****   *          This file provides firmware functions to manage the following 
   7:Drivers/STM32F2xx_HAL_Driver/Src/stm32f2xx_hal_flash_ex.c ****   *          functionalities of the FLASH extension peripheral:
   8:Drivers/STM32F2xx_HAL_Driver/Src/stm32f2xx_hal_flash_ex.c ****   *           + Extended programming operations functions
   9:Drivers/STM32F2xx_HAL_Driver/Src/stm32f2xx_hal_flash_ex.c ****   *  
  10:Drivers/STM32F2xx_HAL_Driver/Src/stm32f2xx_hal_flash_ex.c ****   ******************************************************************************
  11:Drivers/STM32F2xx_HAL_Driver/Src/stm32f2xx_hal_flash_ex.c ****   * @attention
  12:Drivers/STM32F2xx_HAL_Driver/Src/stm32f2xx_hal_flash_ex.c ****   *
  13:Drivers/STM32F2xx_HAL_Driver/Src/stm32f2xx_hal_flash_ex.c ****   * Copyright (c) 2017 STMicroelectronics.
  14:Drivers/STM32F2xx_HAL_Driver/Src/stm32f2xx_hal_flash_ex.c ****   * All rights reserved.
  15:Drivers/STM32F2xx_HAL_Driver/Src/stm32f2xx_hal_flash_ex.c ****   *
  16:Drivers/STM32F2xx_HAL_Driver/Src/stm32f2xx_hal_flash_ex.c ****   * This software is licensed under terms that can be found in the LICENSE file in
  17:Drivers/STM32F2xx_HAL_Driver/Src/stm32f2xx_hal_flash_ex.c ****   * the root directory of this software component.
  18:Drivers/STM32F2xx_HAL_Driver/Src/stm32f2xx_hal_flash_ex.c ****   * If no LICENSE file comes with this software, it is provided AS-IS.
  19:Drivers/STM32F2xx_HAL_Driver/Src/stm32f2xx_hal_flash_ex.c ****   *
  20:Drivers/STM32F2xx_HAL_Driver/Src/stm32f2xx_hal_flash_ex.c ****   ******************************************************************************
  21:Drivers/STM32F2xx_HAL_Driver/Src/stm32f2xx_hal_flash_ex.c ****   @verbatim
  22:Drivers/STM32F2xx_HAL_Driver/Src/stm32f2xx_hal_flash_ex.c ****   ==============================================================================
  23:Drivers/STM32F2xx_HAL_Driver/Src/stm32f2xx_hal_flash_ex.c ****                    ##### Flash Extension features #####
  24:Drivers/STM32F2xx_HAL_Driver/Src/stm32f2xx_hal_flash_ex.c ****   ==============================================================================
  25:Drivers/STM32F2xx_HAL_Driver/Src/stm32f2xx_hal_flash_ex.c ****            
  26:Drivers/STM32F2xx_HAL_Driver/Src/stm32f2xx_hal_flash_ex.c ****                       ##### How to use this driver #####
  27:Drivers/STM32F2xx_HAL_Driver/Src/stm32f2xx_hal_flash_ex.c ****   ==============================================================================
  28:Drivers/STM32F2xx_HAL_Driver/Src/stm32f2xx_hal_flash_ex.c ****   [..] This driver provides functions to configure and program the FLASH memory 
  29:Drivers/STM32F2xx_HAL_Driver/Src/stm32f2xx_hal_flash_ex.c ****        of all STM32F2xx devices. It includes
  30:Drivers/STM32F2xx_HAL_Driver/Src/stm32f2xx_hal_flash_ex.c ****       (#) FLASH Memory Erase functions: 
  31:Drivers/STM32F2xx_HAL_Driver/Src/stm32f2xx_hal_flash_ex.c ****            (++) Lock and Unlock the FLASH interface using HAL_FLASH_Unlock() and 
  32:Drivers/STM32F2xx_HAL_Driver/Src/stm32f2xx_hal_flash_ex.c ****                 HAL_FLASH_Lock() functions
ARM GAS  /tmp/ccWw9kAG.s 			page 2


  33:Drivers/STM32F2xx_HAL_Driver/Src/stm32f2xx_hal_flash_ex.c ****            (++) Erase function: Erase sector, erase all sectors
  34:Drivers/STM32F2xx_HAL_Driver/Src/stm32f2xx_hal_flash_ex.c ****            (++) There are two modes of erase :
  35:Drivers/STM32F2xx_HAL_Driver/Src/stm32f2xx_hal_flash_ex.c ****              (+++) Polling Mode using HAL_FLASHEx_Erase()
  36:Drivers/STM32F2xx_HAL_Driver/Src/stm32f2xx_hal_flash_ex.c ****              (+++) Interrupt Mode using HAL_FLASHEx_Erase_IT()
  37:Drivers/STM32F2xx_HAL_Driver/Src/stm32f2xx_hal_flash_ex.c ****              
  38:Drivers/STM32F2xx_HAL_Driver/Src/stm32f2xx_hal_flash_ex.c ****       (#) Option Bytes Programming functions: Use HAL_FLASHEx_OBProgram() to :
  39:Drivers/STM32F2xx_HAL_Driver/Src/stm32f2xx_hal_flash_ex.c ****            (++) Set/Reset the write protection
  40:Drivers/STM32F2xx_HAL_Driver/Src/stm32f2xx_hal_flash_ex.c ****            (++) Set the Read protection Level
  41:Drivers/STM32F2xx_HAL_Driver/Src/stm32f2xx_hal_flash_ex.c ****            (++) Set the BOR level
  42:Drivers/STM32F2xx_HAL_Driver/Src/stm32f2xx_hal_flash_ex.c ****            (++) Program the user Option Bytes
  43:Drivers/STM32F2xx_HAL_Driver/Src/stm32f2xx_hal_flash_ex.c ****   
  44:Drivers/STM32F2xx_HAL_Driver/Src/stm32f2xx_hal_flash_ex.c ****   @endverbatim
  45:Drivers/STM32F2xx_HAL_Driver/Src/stm32f2xx_hal_flash_ex.c ****   ******************************************************************************
  46:Drivers/STM32F2xx_HAL_Driver/Src/stm32f2xx_hal_flash_ex.c ****   */
  47:Drivers/STM32F2xx_HAL_Driver/Src/stm32f2xx_hal_flash_ex.c **** 
  48:Drivers/STM32F2xx_HAL_Driver/Src/stm32f2xx_hal_flash_ex.c **** /* Includes ------------------------------------------------------------------*/
  49:Drivers/STM32F2xx_HAL_Driver/Src/stm32f2xx_hal_flash_ex.c **** #include "stm32f2xx_hal.h"
  50:Drivers/STM32F2xx_HAL_Driver/Src/stm32f2xx_hal_flash_ex.c **** 
  51:Drivers/STM32F2xx_HAL_Driver/Src/stm32f2xx_hal_flash_ex.c **** /** @addtogroup STM32F2xx_HAL_Driver
  52:Drivers/STM32F2xx_HAL_Driver/Src/stm32f2xx_hal_flash_ex.c ****   * @{
  53:Drivers/STM32F2xx_HAL_Driver/Src/stm32f2xx_hal_flash_ex.c ****   */
  54:Drivers/STM32F2xx_HAL_Driver/Src/stm32f2xx_hal_flash_ex.c **** 
  55:Drivers/STM32F2xx_HAL_Driver/Src/stm32f2xx_hal_flash_ex.c **** /** @defgroup FLASHEx FLASHEx
  56:Drivers/STM32F2xx_HAL_Driver/Src/stm32f2xx_hal_flash_ex.c ****   * @brief FLASH HAL Extension module driver
  57:Drivers/STM32F2xx_HAL_Driver/Src/stm32f2xx_hal_flash_ex.c ****   * @{
  58:Drivers/STM32F2xx_HAL_Driver/Src/stm32f2xx_hal_flash_ex.c ****   */
  59:Drivers/STM32F2xx_HAL_Driver/Src/stm32f2xx_hal_flash_ex.c **** 
  60:Drivers/STM32F2xx_HAL_Driver/Src/stm32f2xx_hal_flash_ex.c **** #ifdef HAL_FLASH_MODULE_ENABLED
  61:Drivers/STM32F2xx_HAL_Driver/Src/stm32f2xx_hal_flash_ex.c **** 
  62:Drivers/STM32F2xx_HAL_Driver/Src/stm32f2xx_hal_flash_ex.c **** /* Private typedef -----------------------------------------------------------*/
  63:Drivers/STM32F2xx_HAL_Driver/Src/stm32f2xx_hal_flash_ex.c **** /* Private define ------------------------------------------------------------*/
  64:Drivers/STM32F2xx_HAL_Driver/Src/stm32f2xx_hal_flash_ex.c **** /** @addtogroup FLASHEx_Private_Constants
  65:Drivers/STM32F2xx_HAL_Driver/Src/stm32f2xx_hal_flash_ex.c ****   * @{
  66:Drivers/STM32F2xx_HAL_Driver/Src/stm32f2xx_hal_flash_ex.c ****   */
  67:Drivers/STM32F2xx_HAL_Driver/Src/stm32f2xx_hal_flash_ex.c **** #define FLASH_TIMEOUT_VALUE       50000U   /* 50 s */
  68:Drivers/STM32F2xx_HAL_Driver/Src/stm32f2xx_hal_flash_ex.c **** /**
  69:Drivers/STM32F2xx_HAL_Driver/Src/stm32f2xx_hal_flash_ex.c ****   * @}
  70:Drivers/STM32F2xx_HAL_Driver/Src/stm32f2xx_hal_flash_ex.c ****   */
  71:Drivers/STM32F2xx_HAL_Driver/Src/stm32f2xx_hal_flash_ex.c ****     
  72:Drivers/STM32F2xx_HAL_Driver/Src/stm32f2xx_hal_flash_ex.c **** /* Private macro -------------------------------------------------------------*/
  73:Drivers/STM32F2xx_HAL_Driver/Src/stm32f2xx_hal_flash_ex.c **** /* Private variables ---------------------------------------------------------*/
  74:Drivers/STM32F2xx_HAL_Driver/Src/stm32f2xx_hal_flash_ex.c **** /** @addtogroup FLASHEx_Private_Variables
  75:Drivers/STM32F2xx_HAL_Driver/Src/stm32f2xx_hal_flash_ex.c ****   * @{
  76:Drivers/STM32F2xx_HAL_Driver/Src/stm32f2xx_hal_flash_ex.c ****   */    
  77:Drivers/STM32F2xx_HAL_Driver/Src/stm32f2xx_hal_flash_ex.c **** extern FLASH_ProcessTypeDef pFlash;
  78:Drivers/STM32F2xx_HAL_Driver/Src/stm32f2xx_hal_flash_ex.c **** /**
  79:Drivers/STM32F2xx_HAL_Driver/Src/stm32f2xx_hal_flash_ex.c ****   * @}
  80:Drivers/STM32F2xx_HAL_Driver/Src/stm32f2xx_hal_flash_ex.c ****   */
  81:Drivers/STM32F2xx_HAL_Driver/Src/stm32f2xx_hal_flash_ex.c **** 
  82:Drivers/STM32F2xx_HAL_Driver/Src/stm32f2xx_hal_flash_ex.c **** /* Private function prototypes -----------------------------------------------*/
  83:Drivers/STM32F2xx_HAL_Driver/Src/stm32f2xx_hal_flash_ex.c **** /** @addtogroup FLASHEx_Private_Functions
  84:Drivers/STM32F2xx_HAL_Driver/Src/stm32f2xx_hal_flash_ex.c ****   * @{
  85:Drivers/STM32F2xx_HAL_Driver/Src/stm32f2xx_hal_flash_ex.c ****   */
  86:Drivers/STM32F2xx_HAL_Driver/Src/stm32f2xx_hal_flash_ex.c **** /* Option bytes control */
  87:Drivers/STM32F2xx_HAL_Driver/Src/stm32f2xx_hal_flash_ex.c **** static void               FLASH_MassErase(uint8_t VoltageRange, uint32_t Banks);
  88:Drivers/STM32F2xx_HAL_Driver/Src/stm32f2xx_hal_flash_ex.c **** static HAL_StatusTypeDef  FLASH_OB_EnableWRP(uint32_t WRPSector, uint32_t Banks);
  89:Drivers/STM32F2xx_HAL_Driver/Src/stm32f2xx_hal_flash_ex.c **** static HAL_StatusTypeDef  FLASH_OB_DisableWRP(uint32_t WRPSector, uint32_t Banks);
ARM GAS  /tmp/ccWw9kAG.s 			page 3


  90:Drivers/STM32F2xx_HAL_Driver/Src/stm32f2xx_hal_flash_ex.c **** static HAL_StatusTypeDef  FLASH_OB_RDP_LevelConfig(uint8_t Level);
  91:Drivers/STM32F2xx_HAL_Driver/Src/stm32f2xx_hal_flash_ex.c **** static HAL_StatusTypeDef  FLASH_OB_UserConfig(uint8_t Iwdg, uint8_t Stop, uint8_t Stdby);
  92:Drivers/STM32F2xx_HAL_Driver/Src/stm32f2xx_hal_flash_ex.c **** static HAL_StatusTypeDef  FLASH_OB_BOR_LevelConfig(uint8_t Level);
  93:Drivers/STM32F2xx_HAL_Driver/Src/stm32f2xx_hal_flash_ex.c **** static uint8_t            FLASH_OB_GetUser(void);
  94:Drivers/STM32F2xx_HAL_Driver/Src/stm32f2xx_hal_flash_ex.c **** static uint16_t           FLASH_OB_GetWRP(void);
  95:Drivers/STM32F2xx_HAL_Driver/Src/stm32f2xx_hal_flash_ex.c **** static uint8_t            FLASH_OB_GetRDP(void);
  96:Drivers/STM32F2xx_HAL_Driver/Src/stm32f2xx_hal_flash_ex.c **** static uint8_t            FLASH_OB_GetBOR(void);
  97:Drivers/STM32F2xx_HAL_Driver/Src/stm32f2xx_hal_flash_ex.c **** 
  98:Drivers/STM32F2xx_HAL_Driver/Src/stm32f2xx_hal_flash_ex.c **** extern HAL_StatusTypeDef         FLASH_WaitForLastOperation(uint32_t Timeout);
  99:Drivers/STM32F2xx_HAL_Driver/Src/stm32f2xx_hal_flash_ex.c **** /**
 100:Drivers/STM32F2xx_HAL_Driver/Src/stm32f2xx_hal_flash_ex.c ****   * @}
 101:Drivers/STM32F2xx_HAL_Driver/Src/stm32f2xx_hal_flash_ex.c ****   */
 102:Drivers/STM32F2xx_HAL_Driver/Src/stm32f2xx_hal_flash_ex.c **** 
 103:Drivers/STM32F2xx_HAL_Driver/Src/stm32f2xx_hal_flash_ex.c **** /* Exported functions --------------------------------------------------------*/
 104:Drivers/STM32F2xx_HAL_Driver/Src/stm32f2xx_hal_flash_ex.c **** /** @defgroup FLASHEx_Exported_Functions FLASH Exported Functions
 105:Drivers/STM32F2xx_HAL_Driver/Src/stm32f2xx_hal_flash_ex.c ****   * @{
 106:Drivers/STM32F2xx_HAL_Driver/Src/stm32f2xx_hal_flash_ex.c ****   */
 107:Drivers/STM32F2xx_HAL_Driver/Src/stm32f2xx_hal_flash_ex.c **** 
 108:Drivers/STM32F2xx_HAL_Driver/Src/stm32f2xx_hal_flash_ex.c **** /** @defgroup FLASHEx_Exported_Functions_Group1 Extended IO operation functions
 109:Drivers/STM32F2xx_HAL_Driver/Src/stm32f2xx_hal_flash_ex.c ****   *  @brief   Extended IO operation functions 
 110:Drivers/STM32F2xx_HAL_Driver/Src/stm32f2xx_hal_flash_ex.c ****   *
 111:Drivers/STM32F2xx_HAL_Driver/Src/stm32f2xx_hal_flash_ex.c **** @verbatim   
 112:Drivers/STM32F2xx_HAL_Driver/Src/stm32f2xx_hal_flash_ex.c ****  ===============================================================================
 113:Drivers/STM32F2xx_HAL_Driver/Src/stm32f2xx_hal_flash_ex.c ****                 ##### Extended programming operation functions #####
 114:Drivers/STM32F2xx_HAL_Driver/Src/stm32f2xx_hal_flash_ex.c ****  ===============================================================================  
 115:Drivers/STM32F2xx_HAL_Driver/Src/stm32f2xx_hal_flash_ex.c ****     [..]
 116:Drivers/STM32F2xx_HAL_Driver/Src/stm32f2xx_hal_flash_ex.c ****     This subsection provides a set of functions allowing to manage the Extension FLASH 
 117:Drivers/STM32F2xx_HAL_Driver/Src/stm32f2xx_hal_flash_ex.c ****     programming operations.
 118:Drivers/STM32F2xx_HAL_Driver/Src/stm32f2xx_hal_flash_ex.c **** 
 119:Drivers/STM32F2xx_HAL_Driver/Src/stm32f2xx_hal_flash_ex.c **** @endverbatim
 120:Drivers/STM32F2xx_HAL_Driver/Src/stm32f2xx_hal_flash_ex.c ****   * @{
 121:Drivers/STM32F2xx_HAL_Driver/Src/stm32f2xx_hal_flash_ex.c ****   */
 122:Drivers/STM32F2xx_HAL_Driver/Src/stm32f2xx_hal_flash_ex.c **** /**
 123:Drivers/STM32F2xx_HAL_Driver/Src/stm32f2xx_hal_flash_ex.c ****   * @brief  Perform a mass erase or erase the specified FLASH memory sectors 
 124:Drivers/STM32F2xx_HAL_Driver/Src/stm32f2xx_hal_flash_ex.c ****   * @param[in]  pEraseInit pointer to an FLASH_EraseInitTypeDef structure that
 125:Drivers/STM32F2xx_HAL_Driver/Src/stm32f2xx_hal_flash_ex.c ****   *         contains the configuration information for the erasing.
 126:Drivers/STM32F2xx_HAL_Driver/Src/stm32f2xx_hal_flash_ex.c ****   * 
 127:Drivers/STM32F2xx_HAL_Driver/Src/stm32f2xx_hal_flash_ex.c ****   * @param[out]  SectorError pointer to variable  that
 128:Drivers/STM32F2xx_HAL_Driver/Src/stm32f2xx_hal_flash_ex.c ****   *         contains the configuration information on faulty sector in case of error 
 129:Drivers/STM32F2xx_HAL_Driver/Src/stm32f2xx_hal_flash_ex.c ****   *         (0xFFFFFFFF means that all the sectors have been correctly erased)
 130:Drivers/STM32F2xx_HAL_Driver/Src/stm32f2xx_hal_flash_ex.c ****   * 
 131:Drivers/STM32F2xx_HAL_Driver/Src/stm32f2xx_hal_flash_ex.c ****   * @retval HAL Status
 132:Drivers/STM32F2xx_HAL_Driver/Src/stm32f2xx_hal_flash_ex.c ****   */
 133:Drivers/STM32F2xx_HAL_Driver/Src/stm32f2xx_hal_flash_ex.c **** HAL_StatusTypeDef HAL_FLASHEx_Erase(FLASH_EraseInitTypeDef *pEraseInit, uint32_t *SectorError)
 134:Drivers/STM32F2xx_HAL_Driver/Src/stm32f2xx_hal_flash_ex.c **** {
 135:Drivers/STM32F2xx_HAL_Driver/Src/stm32f2xx_hal_flash_ex.c ****   HAL_StatusTypeDef status = HAL_ERROR;
 136:Drivers/STM32F2xx_HAL_Driver/Src/stm32f2xx_hal_flash_ex.c ****   uint32_t index = 0U;
 137:Drivers/STM32F2xx_HAL_Driver/Src/stm32f2xx_hal_flash_ex.c ****   
 138:Drivers/STM32F2xx_HAL_Driver/Src/stm32f2xx_hal_flash_ex.c ****   /* Process Locked */
 139:Drivers/STM32F2xx_HAL_Driver/Src/stm32f2xx_hal_flash_ex.c ****   __HAL_LOCK(&pFlash);
 140:Drivers/STM32F2xx_HAL_Driver/Src/stm32f2xx_hal_flash_ex.c **** 
 141:Drivers/STM32F2xx_HAL_Driver/Src/stm32f2xx_hal_flash_ex.c ****   /* Check the parameters */
 142:Drivers/STM32F2xx_HAL_Driver/Src/stm32f2xx_hal_flash_ex.c ****   assert_param(IS_FLASH_TYPEERASE(pEraseInit->TypeErase));
 143:Drivers/STM32F2xx_HAL_Driver/Src/stm32f2xx_hal_flash_ex.c **** 
 144:Drivers/STM32F2xx_HAL_Driver/Src/stm32f2xx_hal_flash_ex.c ****   /* Wait for last operation to be completed */
 145:Drivers/STM32F2xx_HAL_Driver/Src/stm32f2xx_hal_flash_ex.c ****   status = FLASH_WaitForLastOperation((uint32_t)FLASH_TIMEOUT_VALUE);
 146:Drivers/STM32F2xx_HAL_Driver/Src/stm32f2xx_hal_flash_ex.c **** 
ARM GAS  /tmp/ccWw9kAG.s 			page 4


 147:Drivers/STM32F2xx_HAL_Driver/Src/stm32f2xx_hal_flash_ex.c ****   if(status == HAL_OK)
 148:Drivers/STM32F2xx_HAL_Driver/Src/stm32f2xx_hal_flash_ex.c ****   {
 149:Drivers/STM32F2xx_HAL_Driver/Src/stm32f2xx_hal_flash_ex.c ****     /*Initialization of SectorError variable*/
 150:Drivers/STM32F2xx_HAL_Driver/Src/stm32f2xx_hal_flash_ex.c ****     *SectorError = 0xFFFFFFFFU;
 151:Drivers/STM32F2xx_HAL_Driver/Src/stm32f2xx_hal_flash_ex.c ****     
 152:Drivers/STM32F2xx_HAL_Driver/Src/stm32f2xx_hal_flash_ex.c ****     if(pEraseInit->TypeErase == FLASH_TYPEERASE_MASSERASE)
 153:Drivers/STM32F2xx_HAL_Driver/Src/stm32f2xx_hal_flash_ex.c ****     {
 154:Drivers/STM32F2xx_HAL_Driver/Src/stm32f2xx_hal_flash_ex.c ****       /*Mass erase to be done*/
 155:Drivers/STM32F2xx_HAL_Driver/Src/stm32f2xx_hal_flash_ex.c ****       FLASH_MassErase((uint8_t) pEraseInit->VoltageRange, pEraseInit->Banks);
 156:Drivers/STM32F2xx_HAL_Driver/Src/stm32f2xx_hal_flash_ex.c **** 
 157:Drivers/STM32F2xx_HAL_Driver/Src/stm32f2xx_hal_flash_ex.c ****       /* Wait for last operation to be completed */
 158:Drivers/STM32F2xx_HAL_Driver/Src/stm32f2xx_hal_flash_ex.c ****       status = FLASH_WaitForLastOperation((uint32_t)FLASH_TIMEOUT_VALUE);
 159:Drivers/STM32F2xx_HAL_Driver/Src/stm32f2xx_hal_flash_ex.c ****       
 160:Drivers/STM32F2xx_HAL_Driver/Src/stm32f2xx_hal_flash_ex.c ****       /* if the erase operation is completed, disable the MER Bit */
 161:Drivers/STM32F2xx_HAL_Driver/Src/stm32f2xx_hal_flash_ex.c ****       FLASH->CR &= (~FLASH_MER_BIT);
 162:Drivers/STM32F2xx_HAL_Driver/Src/stm32f2xx_hal_flash_ex.c ****     }
 163:Drivers/STM32F2xx_HAL_Driver/Src/stm32f2xx_hal_flash_ex.c ****     else
 164:Drivers/STM32F2xx_HAL_Driver/Src/stm32f2xx_hal_flash_ex.c ****     {
 165:Drivers/STM32F2xx_HAL_Driver/Src/stm32f2xx_hal_flash_ex.c ****       /* Check the parameters */
 166:Drivers/STM32F2xx_HAL_Driver/Src/stm32f2xx_hal_flash_ex.c ****       assert_param(IS_FLASH_NBSECTORS(pEraseInit->NbSectors + pEraseInit->Sector));
 167:Drivers/STM32F2xx_HAL_Driver/Src/stm32f2xx_hal_flash_ex.c **** 
 168:Drivers/STM32F2xx_HAL_Driver/Src/stm32f2xx_hal_flash_ex.c ****       /* Erase by sector by sector to be done*/
 169:Drivers/STM32F2xx_HAL_Driver/Src/stm32f2xx_hal_flash_ex.c ****       for(index = pEraseInit->Sector; index < (pEraseInit->NbSectors + pEraseInit->Sector); index++
 170:Drivers/STM32F2xx_HAL_Driver/Src/stm32f2xx_hal_flash_ex.c ****       {
 171:Drivers/STM32F2xx_HAL_Driver/Src/stm32f2xx_hal_flash_ex.c ****         FLASH_Erase_Sector(index, (uint8_t) pEraseInit->VoltageRange);
 172:Drivers/STM32F2xx_HAL_Driver/Src/stm32f2xx_hal_flash_ex.c **** 
 173:Drivers/STM32F2xx_HAL_Driver/Src/stm32f2xx_hal_flash_ex.c ****         /* Wait for last operation to be completed */
 174:Drivers/STM32F2xx_HAL_Driver/Src/stm32f2xx_hal_flash_ex.c ****         status = FLASH_WaitForLastOperation((uint32_t)FLASH_TIMEOUT_VALUE);
 175:Drivers/STM32F2xx_HAL_Driver/Src/stm32f2xx_hal_flash_ex.c ****         
 176:Drivers/STM32F2xx_HAL_Driver/Src/stm32f2xx_hal_flash_ex.c ****         /* If the erase operation is completed, disable the SER and SNB Bits */
 177:Drivers/STM32F2xx_HAL_Driver/Src/stm32f2xx_hal_flash_ex.c ****         CLEAR_BIT(FLASH->CR, (FLASH_CR_SER | FLASH_CR_SNB));
 178:Drivers/STM32F2xx_HAL_Driver/Src/stm32f2xx_hal_flash_ex.c **** 
 179:Drivers/STM32F2xx_HAL_Driver/Src/stm32f2xx_hal_flash_ex.c ****         if(status != HAL_OK) 
 180:Drivers/STM32F2xx_HAL_Driver/Src/stm32f2xx_hal_flash_ex.c ****         {
 181:Drivers/STM32F2xx_HAL_Driver/Src/stm32f2xx_hal_flash_ex.c ****           /* In case of error, stop erase procedure and return the faulty sector*/
 182:Drivers/STM32F2xx_HAL_Driver/Src/stm32f2xx_hal_flash_ex.c ****           *SectorError = index;
 183:Drivers/STM32F2xx_HAL_Driver/Src/stm32f2xx_hal_flash_ex.c ****           break;
 184:Drivers/STM32F2xx_HAL_Driver/Src/stm32f2xx_hal_flash_ex.c ****         }
 185:Drivers/STM32F2xx_HAL_Driver/Src/stm32f2xx_hal_flash_ex.c ****       }
 186:Drivers/STM32F2xx_HAL_Driver/Src/stm32f2xx_hal_flash_ex.c ****     }
 187:Drivers/STM32F2xx_HAL_Driver/Src/stm32f2xx_hal_flash_ex.c ****     /* Flush the caches to be sure of the data consistency */
 188:Drivers/STM32F2xx_HAL_Driver/Src/stm32f2xx_hal_flash_ex.c ****     FLASH_FlushCaches();    
 189:Drivers/STM32F2xx_HAL_Driver/Src/stm32f2xx_hal_flash_ex.c ****   }
 190:Drivers/STM32F2xx_HAL_Driver/Src/stm32f2xx_hal_flash_ex.c **** 
 191:Drivers/STM32F2xx_HAL_Driver/Src/stm32f2xx_hal_flash_ex.c ****   /* Process Unlocked */
 192:Drivers/STM32F2xx_HAL_Driver/Src/stm32f2xx_hal_flash_ex.c ****   __HAL_UNLOCK(&pFlash);
 193:Drivers/STM32F2xx_HAL_Driver/Src/stm32f2xx_hal_flash_ex.c **** 
 194:Drivers/STM32F2xx_HAL_Driver/Src/stm32f2xx_hal_flash_ex.c ****   return status;
 195:Drivers/STM32F2xx_HAL_Driver/Src/stm32f2xx_hal_flash_ex.c **** }
 196:Drivers/STM32F2xx_HAL_Driver/Src/stm32f2xx_hal_flash_ex.c **** 
 197:Drivers/STM32F2xx_HAL_Driver/Src/stm32f2xx_hal_flash_ex.c **** /**
 198:Drivers/STM32F2xx_HAL_Driver/Src/stm32f2xx_hal_flash_ex.c ****   * @brief  Perform a mass erase or erase the specified FLASH memory sectors  with interrupt enable
 199:Drivers/STM32F2xx_HAL_Driver/Src/stm32f2xx_hal_flash_ex.c ****   * @param  pEraseInit pointer to an FLASH_EraseInitTypeDef structure that
 200:Drivers/STM32F2xx_HAL_Driver/Src/stm32f2xx_hal_flash_ex.c ****   *         contains the configuration information for the erasing.
 201:Drivers/STM32F2xx_HAL_Driver/Src/stm32f2xx_hal_flash_ex.c ****   * 
 202:Drivers/STM32F2xx_HAL_Driver/Src/stm32f2xx_hal_flash_ex.c ****   * @retval HAL Status
 203:Drivers/STM32F2xx_HAL_Driver/Src/stm32f2xx_hal_flash_ex.c ****   */
ARM GAS  /tmp/ccWw9kAG.s 			page 5


 204:Drivers/STM32F2xx_HAL_Driver/Src/stm32f2xx_hal_flash_ex.c **** HAL_StatusTypeDef HAL_FLASHEx_Erase_IT(FLASH_EraseInitTypeDef *pEraseInit)
 205:Drivers/STM32F2xx_HAL_Driver/Src/stm32f2xx_hal_flash_ex.c **** {
 206:Drivers/STM32F2xx_HAL_Driver/Src/stm32f2xx_hal_flash_ex.c ****   HAL_StatusTypeDef status = HAL_OK;
 207:Drivers/STM32F2xx_HAL_Driver/Src/stm32f2xx_hal_flash_ex.c **** 
 208:Drivers/STM32F2xx_HAL_Driver/Src/stm32f2xx_hal_flash_ex.c ****   /* Check the parameters */
 209:Drivers/STM32F2xx_HAL_Driver/Src/stm32f2xx_hal_flash_ex.c ****   assert_param(IS_FLASH_TYPEERASE(pEraseInit->TypeErase));
 210:Drivers/STM32F2xx_HAL_Driver/Src/stm32f2xx_hal_flash_ex.c **** 
 211:Drivers/STM32F2xx_HAL_Driver/Src/stm32f2xx_hal_flash_ex.c ****   /* Enable End of FLASH Operation interrupt */
 212:Drivers/STM32F2xx_HAL_Driver/Src/stm32f2xx_hal_flash_ex.c ****   __HAL_FLASH_ENABLE_IT(FLASH_IT_EOP);
 213:Drivers/STM32F2xx_HAL_Driver/Src/stm32f2xx_hal_flash_ex.c ****   
 214:Drivers/STM32F2xx_HAL_Driver/Src/stm32f2xx_hal_flash_ex.c ****   /* Enable Error source interrupt */
 215:Drivers/STM32F2xx_HAL_Driver/Src/stm32f2xx_hal_flash_ex.c ****   __HAL_FLASH_ENABLE_IT(FLASH_IT_ERR);
 216:Drivers/STM32F2xx_HAL_Driver/Src/stm32f2xx_hal_flash_ex.c ****   
 217:Drivers/STM32F2xx_HAL_Driver/Src/stm32f2xx_hal_flash_ex.c ****   /* Clear pending flags (if any) */  
 218:Drivers/STM32F2xx_HAL_Driver/Src/stm32f2xx_hal_flash_ex.c ****   __HAL_FLASH_CLEAR_FLAG(FLASH_FLAG_EOP    | FLASH_FLAG_OPERR | FLASH_FLAG_WRPERR |\
 219:Drivers/STM32F2xx_HAL_Driver/Src/stm32f2xx_hal_flash_ex.c ****                          FLASH_FLAG_PGAERR | FLASH_FLAG_PGPERR| FLASH_FLAG_PGSERR);  
 220:Drivers/STM32F2xx_HAL_Driver/Src/stm32f2xx_hal_flash_ex.c ****   
 221:Drivers/STM32F2xx_HAL_Driver/Src/stm32f2xx_hal_flash_ex.c ****   if(pEraseInit->TypeErase == FLASH_TYPEERASE_MASSERASE)
 222:Drivers/STM32F2xx_HAL_Driver/Src/stm32f2xx_hal_flash_ex.c ****   {
 223:Drivers/STM32F2xx_HAL_Driver/Src/stm32f2xx_hal_flash_ex.c ****     /*Mass erase to be done*/
 224:Drivers/STM32F2xx_HAL_Driver/Src/stm32f2xx_hal_flash_ex.c ****     pFlash.ProcedureOnGoing = FLASH_PROC_MASSERASE;
 225:Drivers/STM32F2xx_HAL_Driver/Src/stm32f2xx_hal_flash_ex.c ****     pFlash.Bank = pEraseInit->Banks;
 226:Drivers/STM32F2xx_HAL_Driver/Src/stm32f2xx_hal_flash_ex.c ****     FLASH_MassErase((uint8_t) pEraseInit->VoltageRange, pEraseInit->Banks);
 227:Drivers/STM32F2xx_HAL_Driver/Src/stm32f2xx_hal_flash_ex.c ****   }
 228:Drivers/STM32F2xx_HAL_Driver/Src/stm32f2xx_hal_flash_ex.c ****   else
 229:Drivers/STM32F2xx_HAL_Driver/Src/stm32f2xx_hal_flash_ex.c ****   {
 230:Drivers/STM32F2xx_HAL_Driver/Src/stm32f2xx_hal_flash_ex.c ****     /* Erase by sector to be done*/
 231:Drivers/STM32F2xx_HAL_Driver/Src/stm32f2xx_hal_flash_ex.c **** 
 232:Drivers/STM32F2xx_HAL_Driver/Src/stm32f2xx_hal_flash_ex.c ****     /* Check the parameters */
 233:Drivers/STM32F2xx_HAL_Driver/Src/stm32f2xx_hal_flash_ex.c ****     assert_param(IS_FLASH_NBSECTORS(pEraseInit->NbSectors + pEraseInit->Sector));
 234:Drivers/STM32F2xx_HAL_Driver/Src/stm32f2xx_hal_flash_ex.c **** 
 235:Drivers/STM32F2xx_HAL_Driver/Src/stm32f2xx_hal_flash_ex.c ****     pFlash.ProcedureOnGoing = FLASH_PROC_SECTERASE;
 236:Drivers/STM32F2xx_HAL_Driver/Src/stm32f2xx_hal_flash_ex.c ****     pFlash.NbSectorsToErase = pEraseInit->NbSectors;
 237:Drivers/STM32F2xx_HAL_Driver/Src/stm32f2xx_hal_flash_ex.c ****     pFlash.Sector = pEraseInit->Sector;
 238:Drivers/STM32F2xx_HAL_Driver/Src/stm32f2xx_hal_flash_ex.c ****     pFlash.VoltageForErase = (uint8_t)pEraseInit->VoltageRange;
 239:Drivers/STM32F2xx_HAL_Driver/Src/stm32f2xx_hal_flash_ex.c **** 
 240:Drivers/STM32F2xx_HAL_Driver/Src/stm32f2xx_hal_flash_ex.c ****     /*Erase 1st sector and wait for IT*/
 241:Drivers/STM32F2xx_HAL_Driver/Src/stm32f2xx_hal_flash_ex.c ****     FLASH_Erase_Sector(pEraseInit->Sector, pEraseInit->VoltageRange);
 242:Drivers/STM32F2xx_HAL_Driver/Src/stm32f2xx_hal_flash_ex.c ****   }
 243:Drivers/STM32F2xx_HAL_Driver/Src/stm32f2xx_hal_flash_ex.c **** 
 244:Drivers/STM32F2xx_HAL_Driver/Src/stm32f2xx_hal_flash_ex.c ****   return status;
 245:Drivers/STM32F2xx_HAL_Driver/Src/stm32f2xx_hal_flash_ex.c **** }
 246:Drivers/STM32F2xx_HAL_Driver/Src/stm32f2xx_hal_flash_ex.c **** 
 247:Drivers/STM32F2xx_HAL_Driver/Src/stm32f2xx_hal_flash_ex.c **** /**
 248:Drivers/STM32F2xx_HAL_Driver/Src/stm32f2xx_hal_flash_ex.c ****   * @brief   Program option bytes
 249:Drivers/STM32F2xx_HAL_Driver/Src/stm32f2xx_hal_flash_ex.c ****   * @param  pOBInit pointer to an FLASH_OBInitStruct structure that
 250:Drivers/STM32F2xx_HAL_Driver/Src/stm32f2xx_hal_flash_ex.c ****   *         contains the configuration information for the programming.
 251:Drivers/STM32F2xx_HAL_Driver/Src/stm32f2xx_hal_flash_ex.c ****   * 
 252:Drivers/STM32F2xx_HAL_Driver/Src/stm32f2xx_hal_flash_ex.c ****   * @retval HAL Status
 253:Drivers/STM32F2xx_HAL_Driver/Src/stm32f2xx_hal_flash_ex.c ****   */
 254:Drivers/STM32F2xx_HAL_Driver/Src/stm32f2xx_hal_flash_ex.c **** HAL_StatusTypeDef HAL_FLASHEx_OBProgram(FLASH_OBProgramInitTypeDef *pOBInit)
 255:Drivers/STM32F2xx_HAL_Driver/Src/stm32f2xx_hal_flash_ex.c **** {
 256:Drivers/STM32F2xx_HAL_Driver/Src/stm32f2xx_hal_flash_ex.c ****   HAL_StatusTypeDef status = HAL_ERROR;
 257:Drivers/STM32F2xx_HAL_Driver/Src/stm32f2xx_hal_flash_ex.c ****   
 258:Drivers/STM32F2xx_HAL_Driver/Src/stm32f2xx_hal_flash_ex.c ****   /* Process Locked */
 259:Drivers/STM32F2xx_HAL_Driver/Src/stm32f2xx_hal_flash_ex.c ****   __HAL_LOCK(&pFlash);
 260:Drivers/STM32F2xx_HAL_Driver/Src/stm32f2xx_hal_flash_ex.c **** 
ARM GAS  /tmp/ccWw9kAG.s 			page 6


 261:Drivers/STM32F2xx_HAL_Driver/Src/stm32f2xx_hal_flash_ex.c ****   /* Check the parameters */
 262:Drivers/STM32F2xx_HAL_Driver/Src/stm32f2xx_hal_flash_ex.c ****   assert_param(IS_OPTIONBYTE(pOBInit->OptionType));
 263:Drivers/STM32F2xx_HAL_Driver/Src/stm32f2xx_hal_flash_ex.c **** 
 264:Drivers/STM32F2xx_HAL_Driver/Src/stm32f2xx_hal_flash_ex.c ****   /*Write protection configuration*/
 265:Drivers/STM32F2xx_HAL_Driver/Src/stm32f2xx_hal_flash_ex.c ****   if((pOBInit->OptionType & OPTIONBYTE_WRP) == OPTIONBYTE_WRP)
 266:Drivers/STM32F2xx_HAL_Driver/Src/stm32f2xx_hal_flash_ex.c ****   {
 267:Drivers/STM32F2xx_HAL_Driver/Src/stm32f2xx_hal_flash_ex.c ****     assert_param(IS_WRPSTATE(pOBInit->WRPState));
 268:Drivers/STM32F2xx_HAL_Driver/Src/stm32f2xx_hal_flash_ex.c ****     if(pOBInit->WRPState == OB_WRPSTATE_ENABLE)
 269:Drivers/STM32F2xx_HAL_Driver/Src/stm32f2xx_hal_flash_ex.c ****     {
 270:Drivers/STM32F2xx_HAL_Driver/Src/stm32f2xx_hal_flash_ex.c ****       /*Enable of Write protection on the selected Sector*/
 271:Drivers/STM32F2xx_HAL_Driver/Src/stm32f2xx_hal_flash_ex.c ****       status = FLASH_OB_EnableWRP(pOBInit->WRPSector, pOBInit->Banks);
 272:Drivers/STM32F2xx_HAL_Driver/Src/stm32f2xx_hal_flash_ex.c ****     }
 273:Drivers/STM32F2xx_HAL_Driver/Src/stm32f2xx_hal_flash_ex.c ****     else
 274:Drivers/STM32F2xx_HAL_Driver/Src/stm32f2xx_hal_flash_ex.c ****     {
 275:Drivers/STM32F2xx_HAL_Driver/Src/stm32f2xx_hal_flash_ex.c ****       /*Disable of Write protection on the selected Sector*/
 276:Drivers/STM32F2xx_HAL_Driver/Src/stm32f2xx_hal_flash_ex.c ****       status = FLASH_OB_DisableWRP(pOBInit->WRPSector, pOBInit->Banks);
 277:Drivers/STM32F2xx_HAL_Driver/Src/stm32f2xx_hal_flash_ex.c ****     }
 278:Drivers/STM32F2xx_HAL_Driver/Src/stm32f2xx_hal_flash_ex.c ****   }
 279:Drivers/STM32F2xx_HAL_Driver/Src/stm32f2xx_hal_flash_ex.c **** 
 280:Drivers/STM32F2xx_HAL_Driver/Src/stm32f2xx_hal_flash_ex.c ****   /*Read protection configuration*/
 281:Drivers/STM32F2xx_HAL_Driver/Src/stm32f2xx_hal_flash_ex.c ****   if((pOBInit->OptionType & OPTIONBYTE_RDP) == OPTIONBYTE_RDP)
 282:Drivers/STM32F2xx_HAL_Driver/Src/stm32f2xx_hal_flash_ex.c ****   {
 283:Drivers/STM32F2xx_HAL_Driver/Src/stm32f2xx_hal_flash_ex.c ****     status = FLASH_OB_RDP_LevelConfig(pOBInit->RDPLevel);
 284:Drivers/STM32F2xx_HAL_Driver/Src/stm32f2xx_hal_flash_ex.c ****   }
 285:Drivers/STM32F2xx_HAL_Driver/Src/stm32f2xx_hal_flash_ex.c **** 
 286:Drivers/STM32F2xx_HAL_Driver/Src/stm32f2xx_hal_flash_ex.c ****   /*USER  configuration*/
 287:Drivers/STM32F2xx_HAL_Driver/Src/stm32f2xx_hal_flash_ex.c ****   if((pOBInit->OptionType & OPTIONBYTE_USER) == OPTIONBYTE_USER)
 288:Drivers/STM32F2xx_HAL_Driver/Src/stm32f2xx_hal_flash_ex.c ****   {
 289:Drivers/STM32F2xx_HAL_Driver/Src/stm32f2xx_hal_flash_ex.c ****     status = FLASH_OB_UserConfig(pOBInit->USERConfig&OB_IWDG_SW, 
 290:Drivers/STM32F2xx_HAL_Driver/Src/stm32f2xx_hal_flash_ex.c ****                                      pOBInit->USERConfig&OB_STOP_NO_RST,
 291:Drivers/STM32F2xx_HAL_Driver/Src/stm32f2xx_hal_flash_ex.c ****                                      pOBInit->USERConfig&OB_STDBY_NO_RST);
 292:Drivers/STM32F2xx_HAL_Driver/Src/stm32f2xx_hal_flash_ex.c ****   }
 293:Drivers/STM32F2xx_HAL_Driver/Src/stm32f2xx_hal_flash_ex.c **** 
 294:Drivers/STM32F2xx_HAL_Driver/Src/stm32f2xx_hal_flash_ex.c ****   /*BOR Level  configuration*/
 295:Drivers/STM32F2xx_HAL_Driver/Src/stm32f2xx_hal_flash_ex.c ****   if((pOBInit->OptionType & OPTIONBYTE_BOR) == OPTIONBYTE_BOR)
 296:Drivers/STM32F2xx_HAL_Driver/Src/stm32f2xx_hal_flash_ex.c ****   {
 297:Drivers/STM32F2xx_HAL_Driver/Src/stm32f2xx_hal_flash_ex.c ****     status = FLASH_OB_BOR_LevelConfig(pOBInit->BORLevel);
 298:Drivers/STM32F2xx_HAL_Driver/Src/stm32f2xx_hal_flash_ex.c ****   }
 299:Drivers/STM32F2xx_HAL_Driver/Src/stm32f2xx_hal_flash_ex.c **** 
 300:Drivers/STM32F2xx_HAL_Driver/Src/stm32f2xx_hal_flash_ex.c ****   /* Process Unlocked */
 301:Drivers/STM32F2xx_HAL_Driver/Src/stm32f2xx_hal_flash_ex.c ****   __HAL_UNLOCK(&pFlash);
 302:Drivers/STM32F2xx_HAL_Driver/Src/stm32f2xx_hal_flash_ex.c **** 
 303:Drivers/STM32F2xx_HAL_Driver/Src/stm32f2xx_hal_flash_ex.c ****   return status;
 304:Drivers/STM32F2xx_HAL_Driver/Src/stm32f2xx_hal_flash_ex.c **** }
 305:Drivers/STM32F2xx_HAL_Driver/Src/stm32f2xx_hal_flash_ex.c **** 
 306:Drivers/STM32F2xx_HAL_Driver/Src/stm32f2xx_hal_flash_ex.c **** /**
 307:Drivers/STM32F2xx_HAL_Driver/Src/stm32f2xx_hal_flash_ex.c ****   * @brief   Get the Option byte configuration
 308:Drivers/STM32F2xx_HAL_Driver/Src/stm32f2xx_hal_flash_ex.c ****   * @param  pOBInit pointer to an FLASH_OBInitStruct structure that
 309:Drivers/STM32F2xx_HAL_Driver/Src/stm32f2xx_hal_flash_ex.c ****   *         contains the configuration information for the programming.
 310:Drivers/STM32F2xx_HAL_Driver/Src/stm32f2xx_hal_flash_ex.c ****   * 
 311:Drivers/STM32F2xx_HAL_Driver/Src/stm32f2xx_hal_flash_ex.c ****   * @retval None
 312:Drivers/STM32F2xx_HAL_Driver/Src/stm32f2xx_hal_flash_ex.c ****   */
 313:Drivers/STM32F2xx_HAL_Driver/Src/stm32f2xx_hal_flash_ex.c **** void HAL_FLASHEx_OBGetConfig(FLASH_OBProgramInitTypeDef *pOBInit)
 314:Drivers/STM32F2xx_HAL_Driver/Src/stm32f2xx_hal_flash_ex.c **** {
 315:Drivers/STM32F2xx_HAL_Driver/Src/stm32f2xx_hal_flash_ex.c ****   pOBInit->OptionType = OPTIONBYTE_WRP | OPTIONBYTE_RDP | OPTIONBYTE_USER | OPTIONBYTE_BOR;
 316:Drivers/STM32F2xx_HAL_Driver/Src/stm32f2xx_hal_flash_ex.c **** 
 317:Drivers/STM32F2xx_HAL_Driver/Src/stm32f2xx_hal_flash_ex.c ****   /*Get WRP*/
ARM GAS  /tmp/ccWw9kAG.s 			page 7


 318:Drivers/STM32F2xx_HAL_Driver/Src/stm32f2xx_hal_flash_ex.c ****   pOBInit->WRPSector = (uint32_t)FLASH_OB_GetWRP();
 319:Drivers/STM32F2xx_HAL_Driver/Src/stm32f2xx_hal_flash_ex.c **** 
 320:Drivers/STM32F2xx_HAL_Driver/Src/stm32f2xx_hal_flash_ex.c ****   /*Get RDP Level*/
 321:Drivers/STM32F2xx_HAL_Driver/Src/stm32f2xx_hal_flash_ex.c ****   pOBInit->RDPLevel = (uint32_t)FLASH_OB_GetRDP();
 322:Drivers/STM32F2xx_HAL_Driver/Src/stm32f2xx_hal_flash_ex.c **** 
 323:Drivers/STM32F2xx_HAL_Driver/Src/stm32f2xx_hal_flash_ex.c ****   /*Get USER*/
 324:Drivers/STM32F2xx_HAL_Driver/Src/stm32f2xx_hal_flash_ex.c ****   pOBInit->USERConfig = (uint8_t)FLASH_OB_GetUser();
 325:Drivers/STM32F2xx_HAL_Driver/Src/stm32f2xx_hal_flash_ex.c **** 
 326:Drivers/STM32F2xx_HAL_Driver/Src/stm32f2xx_hal_flash_ex.c ****   /*Get BOR Level*/
 327:Drivers/STM32F2xx_HAL_Driver/Src/stm32f2xx_hal_flash_ex.c ****   pOBInit->BORLevel = (uint32_t)FLASH_OB_GetBOR();
 328:Drivers/STM32F2xx_HAL_Driver/Src/stm32f2xx_hal_flash_ex.c **** }
 329:Drivers/STM32F2xx_HAL_Driver/Src/stm32f2xx_hal_flash_ex.c **** 
 330:Drivers/STM32F2xx_HAL_Driver/Src/stm32f2xx_hal_flash_ex.c **** /**
 331:Drivers/STM32F2xx_HAL_Driver/Src/stm32f2xx_hal_flash_ex.c ****   * @}
 332:Drivers/STM32F2xx_HAL_Driver/Src/stm32f2xx_hal_flash_ex.c ****   */
 333:Drivers/STM32F2xx_HAL_Driver/Src/stm32f2xx_hal_flash_ex.c **** 
 334:Drivers/STM32F2xx_HAL_Driver/Src/stm32f2xx_hal_flash_ex.c **** /**
 335:Drivers/STM32F2xx_HAL_Driver/Src/stm32f2xx_hal_flash_ex.c ****   * @brief  Erase the specified FLASH memory sector
 336:Drivers/STM32F2xx_HAL_Driver/Src/stm32f2xx_hal_flash_ex.c ****   * @param  Sector FLASH sector to erase
 337:Drivers/STM32F2xx_HAL_Driver/Src/stm32f2xx_hal_flash_ex.c ****   *         The value of this parameter depend on device used within the same series      
 338:Drivers/STM32F2xx_HAL_Driver/Src/stm32f2xx_hal_flash_ex.c ****   * @param  VoltageRange The device voltage range which defines the erase parallelism.  
 339:Drivers/STM32F2xx_HAL_Driver/Src/stm32f2xx_hal_flash_ex.c ****   *          This parameter can be one of the following values:
 340:Drivers/STM32F2xx_HAL_Driver/Src/stm32f2xx_hal_flash_ex.c ****   *            @arg FLASH_VOLTAGE_RANGE_1: when the device voltage range is 1.8V to 2.1V, 
 341:Drivers/STM32F2xx_HAL_Driver/Src/stm32f2xx_hal_flash_ex.c ****   *                                  the operation will be done by byte (8-bit) 
 342:Drivers/STM32F2xx_HAL_Driver/Src/stm32f2xx_hal_flash_ex.c ****   *            @arg FLASH_VOLTAGE_RANGE_2: when the device voltage range is 2.1V to 2.7V,
 343:Drivers/STM32F2xx_HAL_Driver/Src/stm32f2xx_hal_flash_ex.c ****   *                                  the operation will be done by half word (16-bit)
 344:Drivers/STM32F2xx_HAL_Driver/Src/stm32f2xx_hal_flash_ex.c ****   *            @arg FLASH_VOLTAGE_RANGE_3: when the device voltage range is 2.7V to 3.6V,
 345:Drivers/STM32F2xx_HAL_Driver/Src/stm32f2xx_hal_flash_ex.c ****   *                                  the operation will be done by word (32-bit)
 346:Drivers/STM32F2xx_HAL_Driver/Src/stm32f2xx_hal_flash_ex.c ****   *            @arg FLASH_VOLTAGE_RANGE_4: when the device voltage range is 2.7V to 3.6V + External
 347:Drivers/STM32F2xx_HAL_Driver/Src/stm32f2xx_hal_flash_ex.c ****   *                                  the operation will be done by double word (64-bit)
 348:Drivers/STM32F2xx_HAL_Driver/Src/stm32f2xx_hal_flash_ex.c ****   * 
 349:Drivers/STM32F2xx_HAL_Driver/Src/stm32f2xx_hal_flash_ex.c ****   * @retval None
 350:Drivers/STM32F2xx_HAL_Driver/Src/stm32f2xx_hal_flash_ex.c ****   */
 351:Drivers/STM32F2xx_HAL_Driver/Src/stm32f2xx_hal_flash_ex.c **** void FLASH_Erase_Sector(uint32_t Sector, uint8_t VoltageRange)
 352:Drivers/STM32F2xx_HAL_Driver/Src/stm32f2xx_hal_flash_ex.c **** {
 353:Drivers/STM32F2xx_HAL_Driver/Src/stm32f2xx_hal_flash_ex.c ****   uint32_t tmp_psize = 0U;
 354:Drivers/STM32F2xx_HAL_Driver/Src/stm32f2xx_hal_flash_ex.c **** 
 355:Drivers/STM32F2xx_HAL_Driver/Src/stm32f2xx_hal_flash_ex.c ****   /* Check the parameters */
 356:Drivers/STM32F2xx_HAL_Driver/Src/stm32f2xx_hal_flash_ex.c ****   assert_param(IS_FLASH_SECTOR(Sector));
 357:Drivers/STM32F2xx_HAL_Driver/Src/stm32f2xx_hal_flash_ex.c ****   assert_param(IS_VOLTAGERANGE(VoltageRange));
 358:Drivers/STM32F2xx_HAL_Driver/Src/stm32f2xx_hal_flash_ex.c ****   
 359:Drivers/STM32F2xx_HAL_Driver/Src/stm32f2xx_hal_flash_ex.c ****   if(VoltageRange == FLASH_VOLTAGE_RANGE_1)
 360:Drivers/STM32F2xx_HAL_Driver/Src/stm32f2xx_hal_flash_ex.c ****   {
 361:Drivers/STM32F2xx_HAL_Driver/Src/stm32f2xx_hal_flash_ex.c ****      tmp_psize = FLASH_PSIZE_BYTE;
 362:Drivers/STM32F2xx_HAL_Driver/Src/stm32f2xx_hal_flash_ex.c ****   }
 363:Drivers/STM32F2xx_HAL_Driver/Src/stm32f2xx_hal_flash_ex.c ****   else if(VoltageRange == FLASH_VOLTAGE_RANGE_2)
 364:Drivers/STM32F2xx_HAL_Driver/Src/stm32f2xx_hal_flash_ex.c ****   {
 365:Drivers/STM32F2xx_HAL_Driver/Src/stm32f2xx_hal_flash_ex.c ****     tmp_psize = FLASH_PSIZE_HALF_WORD;
 366:Drivers/STM32F2xx_HAL_Driver/Src/stm32f2xx_hal_flash_ex.c ****   }
 367:Drivers/STM32F2xx_HAL_Driver/Src/stm32f2xx_hal_flash_ex.c ****   else if(VoltageRange == FLASH_VOLTAGE_RANGE_3)
 368:Drivers/STM32F2xx_HAL_Driver/Src/stm32f2xx_hal_flash_ex.c ****   {
 369:Drivers/STM32F2xx_HAL_Driver/Src/stm32f2xx_hal_flash_ex.c ****     tmp_psize = FLASH_PSIZE_WORD;
 370:Drivers/STM32F2xx_HAL_Driver/Src/stm32f2xx_hal_flash_ex.c ****   }
 371:Drivers/STM32F2xx_HAL_Driver/Src/stm32f2xx_hal_flash_ex.c ****   else
 372:Drivers/STM32F2xx_HAL_Driver/Src/stm32f2xx_hal_flash_ex.c ****   {
 373:Drivers/STM32F2xx_HAL_Driver/Src/stm32f2xx_hal_flash_ex.c ****     tmp_psize = FLASH_PSIZE_DOUBLE_WORD;
 374:Drivers/STM32F2xx_HAL_Driver/Src/stm32f2xx_hal_flash_ex.c ****   }
ARM GAS  /tmp/ccWw9kAG.s 			page 8


 375:Drivers/STM32F2xx_HAL_Driver/Src/stm32f2xx_hal_flash_ex.c **** 
 376:Drivers/STM32F2xx_HAL_Driver/Src/stm32f2xx_hal_flash_ex.c ****   /* If the previous operation is completed, proceed to erase the sector */
 377:Drivers/STM32F2xx_HAL_Driver/Src/stm32f2xx_hal_flash_ex.c ****   CLEAR_BIT(FLASH->CR, FLASH_CR_PSIZE);
 378:Drivers/STM32F2xx_HAL_Driver/Src/stm32f2xx_hal_flash_ex.c ****   FLASH->CR |= tmp_psize;
 379:Drivers/STM32F2xx_HAL_Driver/Src/stm32f2xx_hal_flash_ex.c ****   CLEAR_BIT(FLASH->CR, FLASH_CR_SNB);
 380:Drivers/STM32F2xx_HAL_Driver/Src/stm32f2xx_hal_flash_ex.c ****   FLASH->CR |= FLASH_CR_SER | (Sector << POSITION_VAL(FLASH_CR_SNB));
 381:Drivers/STM32F2xx_HAL_Driver/Src/stm32f2xx_hal_flash_ex.c ****   FLASH->CR |= FLASH_CR_STRT;
 382:Drivers/STM32F2xx_HAL_Driver/Src/stm32f2xx_hal_flash_ex.c **** }
 383:Drivers/STM32F2xx_HAL_Driver/Src/stm32f2xx_hal_flash_ex.c **** 
 384:Drivers/STM32F2xx_HAL_Driver/Src/stm32f2xx_hal_flash_ex.c **** /**
 385:Drivers/STM32F2xx_HAL_Driver/Src/stm32f2xx_hal_flash_ex.c ****   * @brief  Flush the instruction and data caches
 386:Drivers/STM32F2xx_HAL_Driver/Src/stm32f2xx_hal_flash_ex.c ****   * @retval None
 387:Drivers/STM32F2xx_HAL_Driver/Src/stm32f2xx_hal_flash_ex.c ****   */
 388:Drivers/STM32F2xx_HAL_Driver/Src/stm32f2xx_hal_flash_ex.c **** void FLASH_FlushCaches(void)
 389:Drivers/STM32F2xx_HAL_Driver/Src/stm32f2xx_hal_flash_ex.c **** {
 390:Drivers/STM32F2xx_HAL_Driver/Src/stm32f2xx_hal_flash_ex.c ****   /* Flush instruction cache  */
 391:Drivers/STM32F2xx_HAL_Driver/Src/stm32f2xx_hal_flash_ex.c ****   if(READ_BIT(FLASH->ACR, FLASH_ACR_ICEN) != RESET)
 392:Drivers/STM32F2xx_HAL_Driver/Src/stm32f2xx_hal_flash_ex.c ****   {
 393:Drivers/STM32F2xx_HAL_Driver/Src/stm32f2xx_hal_flash_ex.c ****     /* Disable instruction cache  */
 394:Drivers/STM32F2xx_HAL_Driver/Src/stm32f2xx_hal_flash_ex.c ****     __HAL_FLASH_INSTRUCTION_CACHE_DISABLE();
 395:Drivers/STM32F2xx_HAL_Driver/Src/stm32f2xx_hal_flash_ex.c ****     /* Reset instruction cache */
 396:Drivers/STM32F2xx_HAL_Driver/Src/stm32f2xx_hal_flash_ex.c ****     __HAL_FLASH_INSTRUCTION_CACHE_RESET();
 397:Drivers/STM32F2xx_HAL_Driver/Src/stm32f2xx_hal_flash_ex.c ****     /* Enable instruction cache */
 398:Drivers/STM32F2xx_HAL_Driver/Src/stm32f2xx_hal_flash_ex.c ****     __HAL_FLASH_INSTRUCTION_CACHE_ENABLE();
 399:Drivers/STM32F2xx_HAL_Driver/Src/stm32f2xx_hal_flash_ex.c ****   }
 400:Drivers/STM32F2xx_HAL_Driver/Src/stm32f2xx_hal_flash_ex.c ****   
 401:Drivers/STM32F2xx_HAL_Driver/Src/stm32f2xx_hal_flash_ex.c ****   /* Flush data cache */
 402:Drivers/STM32F2xx_HAL_Driver/Src/stm32f2xx_hal_flash_ex.c ****   if(READ_BIT(FLASH->ACR, FLASH_ACR_DCEN) != RESET)
 403:Drivers/STM32F2xx_HAL_Driver/Src/stm32f2xx_hal_flash_ex.c ****   {
 404:Drivers/STM32F2xx_HAL_Driver/Src/stm32f2xx_hal_flash_ex.c ****     /* Disable data cache  */
 405:Drivers/STM32F2xx_HAL_Driver/Src/stm32f2xx_hal_flash_ex.c ****     __HAL_FLASH_DATA_CACHE_DISABLE();
 406:Drivers/STM32F2xx_HAL_Driver/Src/stm32f2xx_hal_flash_ex.c ****     /* Reset data cache */
 407:Drivers/STM32F2xx_HAL_Driver/Src/stm32f2xx_hal_flash_ex.c ****     __HAL_FLASH_DATA_CACHE_RESET();
 408:Drivers/STM32F2xx_HAL_Driver/Src/stm32f2xx_hal_flash_ex.c ****     /* Enable data cache */
 409:Drivers/STM32F2xx_HAL_Driver/Src/stm32f2xx_hal_flash_ex.c ****     __HAL_FLASH_DATA_CACHE_ENABLE();
 410:Drivers/STM32F2xx_HAL_Driver/Src/stm32f2xx_hal_flash_ex.c ****   }
 411:Drivers/STM32F2xx_HAL_Driver/Src/stm32f2xx_hal_flash_ex.c **** }
 412:Drivers/STM32F2xx_HAL_Driver/Src/stm32f2xx_hal_flash_ex.c **** 
 413:Drivers/STM32F2xx_HAL_Driver/Src/stm32f2xx_hal_flash_ex.c **** /**
 414:Drivers/STM32F2xx_HAL_Driver/Src/stm32f2xx_hal_flash_ex.c ****   * @brief  Mass erase of FLASH memory
 415:Drivers/STM32F2xx_HAL_Driver/Src/stm32f2xx_hal_flash_ex.c ****   * @param  VoltageRange The device voltage range which defines the erase parallelism.  
 416:Drivers/STM32F2xx_HAL_Driver/Src/stm32f2xx_hal_flash_ex.c ****   *          This parameter can be one of the following values:
 417:Drivers/STM32F2xx_HAL_Driver/Src/stm32f2xx_hal_flash_ex.c ****   *            @arg FLASH_VOLTAGE_RANGE_1: when the device voltage range is 1.8V to 2.1V, 
 418:Drivers/STM32F2xx_HAL_Driver/Src/stm32f2xx_hal_flash_ex.c ****   *                                  the operation will be done by byte (8-bit) 
 419:Drivers/STM32F2xx_HAL_Driver/Src/stm32f2xx_hal_flash_ex.c ****   *            @arg FLASH_VOLTAGE_RANGE_2: when the device voltage range is 2.1V to 2.7V,
 420:Drivers/STM32F2xx_HAL_Driver/Src/stm32f2xx_hal_flash_ex.c ****   *                                  the operation will be done by half word (16-bit)
 421:Drivers/STM32F2xx_HAL_Driver/Src/stm32f2xx_hal_flash_ex.c ****   *            @arg FLASH_VOLTAGE_RANGE_3: when the device voltage range is 2.7V to 3.6V,
 422:Drivers/STM32F2xx_HAL_Driver/Src/stm32f2xx_hal_flash_ex.c ****   *                                  the operation will be done by word (32-bit)
 423:Drivers/STM32F2xx_HAL_Driver/Src/stm32f2xx_hal_flash_ex.c ****   *            @arg FLASH_VOLTAGE_RANGE_4: when the device voltage range is 2.7V to 3.6V + External
 424:Drivers/STM32F2xx_HAL_Driver/Src/stm32f2xx_hal_flash_ex.c ****   *                                  the operation will be done by double word (64-bit)
 425:Drivers/STM32F2xx_HAL_Driver/Src/stm32f2xx_hal_flash_ex.c ****   * 
 426:Drivers/STM32F2xx_HAL_Driver/Src/stm32f2xx_hal_flash_ex.c ****   * @param  Banks Banks to be erased
 427:Drivers/STM32F2xx_HAL_Driver/Src/stm32f2xx_hal_flash_ex.c ****   *          This parameter can be one of the following values:
 428:Drivers/STM32F2xx_HAL_Driver/Src/stm32f2xx_hal_flash_ex.c ****   *            @arg FLASH_BANK_1: Bank1 to be erased
 429:Drivers/STM32F2xx_HAL_Driver/Src/stm32f2xx_hal_flash_ex.c ****   *
 430:Drivers/STM32F2xx_HAL_Driver/Src/stm32f2xx_hal_flash_ex.c ****   * @retval None
 431:Drivers/STM32F2xx_HAL_Driver/Src/stm32f2xx_hal_flash_ex.c ****   */
ARM GAS  /tmp/ccWw9kAG.s 			page 9


 432:Drivers/STM32F2xx_HAL_Driver/Src/stm32f2xx_hal_flash_ex.c **** static void FLASH_MassErase(uint8_t VoltageRange, uint32_t Banks)
 433:Drivers/STM32F2xx_HAL_Driver/Src/stm32f2xx_hal_flash_ex.c **** { 
  27              		.loc 1 433 1 view -0
  28              		.cfi_startproc
  29              		@ args = 0, pretend = 0, frame = 0
  30              		@ frame_needed = 0, uses_anonymous_args = 0
  31              		@ link register save eliminated.
 434:Drivers/STM32F2xx_HAL_Driver/Src/stm32f2xx_hal_flash_ex.c ****   /* Prevent unused argument(s) compilation warning */
 435:Drivers/STM32F2xx_HAL_Driver/Src/stm32f2xx_hal_flash_ex.c ****   UNUSED(Banks);
  32              		.loc 1 435 3 view .LVU1
 436:Drivers/STM32F2xx_HAL_Driver/Src/stm32f2xx_hal_flash_ex.c **** 
 437:Drivers/STM32F2xx_HAL_Driver/Src/stm32f2xx_hal_flash_ex.c ****   /* Check the parameters */
 438:Drivers/STM32F2xx_HAL_Driver/Src/stm32f2xx_hal_flash_ex.c ****   assert_param(IS_VOLTAGERANGE(VoltageRange));
  33              		.loc 1 438 3 view .LVU2
 439:Drivers/STM32F2xx_HAL_Driver/Src/stm32f2xx_hal_flash_ex.c ****   assert_param(IS_FLASH_BANK(Banks));
  34              		.loc 1 439 3 view .LVU3
 440:Drivers/STM32F2xx_HAL_Driver/Src/stm32f2xx_hal_flash_ex.c ****   
 441:Drivers/STM32F2xx_HAL_Driver/Src/stm32f2xx_hal_flash_ex.c ****   /* If the previous operation is completed, proceed to erase all sectors */
 442:Drivers/STM32F2xx_HAL_Driver/Src/stm32f2xx_hal_flash_ex.c ****   CLEAR_BIT(FLASH->CR, FLASH_CR_PSIZE);
  35              		.loc 1 442 3 view .LVU4
  36 0000 074B     		ldr	r3, .L2
  37 0002 1A69     		ldr	r2, [r3, #16]
  38 0004 22F44072 		bic	r2, r2, #768
  39 0008 1A61     		str	r2, [r3, #16]
 443:Drivers/STM32F2xx_HAL_Driver/Src/stm32f2xx_hal_flash_ex.c ****   FLASH->CR |= FLASH_CR_MER;
  40              		.loc 1 443 3 view .LVU5
  41              		.loc 1 443 8 is_stmt 0 view .LVU6
  42 000a 1A69     		ldr	r2, [r3, #16]
  43              		.loc 1 443 13 view .LVU7
  44 000c 42F00402 		orr	r2, r2, #4
  45 0010 1A61     		str	r2, [r3, #16]
 444:Drivers/STM32F2xx_HAL_Driver/Src/stm32f2xx_hal_flash_ex.c ****   FLASH->CR |= FLASH_CR_STRT | ((uint32_t)VoltageRange <<8U);
  46              		.loc 1 444 3 is_stmt 1 view .LVU8
  47              		.loc 1 444 8 is_stmt 0 view .LVU9
  48 0012 1A69     		ldr	r2, [r3, #16]
  49              		.loc 1 444 13 view .LVU10
  50 0014 42EA0022 		orr	r2, r2, r0, lsl #8
  51 0018 42F48032 		orr	r2, r2, #65536
  52 001c 1A61     		str	r2, [r3, #16]
 445:Drivers/STM32F2xx_HAL_Driver/Src/stm32f2xx_hal_flash_ex.c **** }
  53              		.loc 1 445 1 view .LVU11
  54 001e 7047     		bx	lr
  55              	.L3:
  56              		.align	2
  57              	.L2:
  58 0020 003C0240 		.word	1073888256
  59              		.cfi_endproc
  60              	.LFE78:
  62              		.section	.text.FLASH_OB_BOR_LevelConfig,"ax",%progbits
  63              		.align	1
  64              		.syntax unified
  65              		.thumb
  66              		.thumb_func
  68              	FLASH_OB_BOR_LevelConfig:
  69              	.LVL1:
  70              	.LFB83:
 446:Drivers/STM32F2xx_HAL_Driver/Src/stm32f2xx_hal_flash_ex.c **** 
ARM GAS  /tmp/ccWw9kAG.s 			page 10


 447:Drivers/STM32F2xx_HAL_Driver/Src/stm32f2xx_hal_flash_ex.c **** /**
 448:Drivers/STM32F2xx_HAL_Driver/Src/stm32f2xx_hal_flash_ex.c ****   * @brief  Enable the write protection of the desired bank 1 sectors
 449:Drivers/STM32F2xx_HAL_Driver/Src/stm32f2xx_hal_flash_ex.c ****   *
 450:Drivers/STM32F2xx_HAL_Driver/Src/stm32f2xx_hal_flash_ex.c ****   * @note   When the memory read protection level is selected (RDP level = 1), 
 451:Drivers/STM32F2xx_HAL_Driver/Src/stm32f2xx_hal_flash_ex.c ****   *         it is not possible to program or erase the flash sector i if CortexM3  
 452:Drivers/STM32F2xx_HAL_Driver/Src/stm32f2xx_hal_flash_ex.c ****   *         debug features are connected or boot code is executed in RAM, even if nWRPi = 1 
 453:Drivers/STM32F2xx_HAL_Driver/Src/stm32f2xx_hal_flash_ex.c ****   * 
 454:Drivers/STM32F2xx_HAL_Driver/Src/stm32f2xx_hal_flash_ex.c ****   * @param  WRPSector specifies the sector(s) to be write protected.
 455:Drivers/STM32F2xx_HAL_Driver/Src/stm32f2xx_hal_flash_ex.c ****   *         The value of this parameter depend on device used within the same series 
 456:Drivers/STM32F2xx_HAL_Driver/Src/stm32f2xx_hal_flash_ex.c ****   * 
 457:Drivers/STM32F2xx_HAL_Driver/Src/stm32f2xx_hal_flash_ex.c ****   * @param  Banks Enable write protection on all the sectors for the specific bank
 458:Drivers/STM32F2xx_HAL_Driver/Src/stm32f2xx_hal_flash_ex.c ****   *          This parameter can be one of the following values:
 459:Drivers/STM32F2xx_HAL_Driver/Src/stm32f2xx_hal_flash_ex.c ****   *            @arg FLASH_BANK_1: WRP on all sectors of bank1
 460:Drivers/STM32F2xx_HAL_Driver/Src/stm32f2xx_hal_flash_ex.c ****   *
 461:Drivers/STM32F2xx_HAL_Driver/Src/stm32f2xx_hal_flash_ex.c ****   * @retval HAL Status 
 462:Drivers/STM32F2xx_HAL_Driver/Src/stm32f2xx_hal_flash_ex.c ****   */
 463:Drivers/STM32F2xx_HAL_Driver/Src/stm32f2xx_hal_flash_ex.c **** static HAL_StatusTypeDef FLASH_OB_EnableWRP(uint32_t WRPSector, uint32_t Banks)
 464:Drivers/STM32F2xx_HAL_Driver/Src/stm32f2xx_hal_flash_ex.c **** {
 465:Drivers/STM32F2xx_HAL_Driver/Src/stm32f2xx_hal_flash_ex.c ****   HAL_StatusTypeDef status = HAL_OK;
 466:Drivers/STM32F2xx_HAL_Driver/Src/stm32f2xx_hal_flash_ex.c **** 
 467:Drivers/STM32F2xx_HAL_Driver/Src/stm32f2xx_hal_flash_ex.c ****   /* Prevent unused argument(s) compilation warning */
 468:Drivers/STM32F2xx_HAL_Driver/Src/stm32f2xx_hal_flash_ex.c ****   UNUSED(Banks);
 469:Drivers/STM32F2xx_HAL_Driver/Src/stm32f2xx_hal_flash_ex.c **** 
 470:Drivers/STM32F2xx_HAL_Driver/Src/stm32f2xx_hal_flash_ex.c ****   /* Check the parameters */
 471:Drivers/STM32F2xx_HAL_Driver/Src/stm32f2xx_hal_flash_ex.c ****   assert_param(IS_OB_WRP_SECTOR(WRPSector));
 472:Drivers/STM32F2xx_HAL_Driver/Src/stm32f2xx_hal_flash_ex.c ****   assert_param(IS_FLASH_BANK(Banks));
 473:Drivers/STM32F2xx_HAL_Driver/Src/stm32f2xx_hal_flash_ex.c ****     
 474:Drivers/STM32F2xx_HAL_Driver/Src/stm32f2xx_hal_flash_ex.c ****   /* Wait for last operation to be completed */
 475:Drivers/STM32F2xx_HAL_Driver/Src/stm32f2xx_hal_flash_ex.c ****   status = FLASH_WaitForLastOperation((uint32_t)FLASH_TIMEOUT_VALUE);
 476:Drivers/STM32F2xx_HAL_Driver/Src/stm32f2xx_hal_flash_ex.c **** 
 477:Drivers/STM32F2xx_HAL_Driver/Src/stm32f2xx_hal_flash_ex.c ****   if(status == HAL_OK)
 478:Drivers/STM32F2xx_HAL_Driver/Src/stm32f2xx_hal_flash_ex.c ****   { 
 479:Drivers/STM32F2xx_HAL_Driver/Src/stm32f2xx_hal_flash_ex.c ****     *(__IO uint16_t*)OPTCR_BYTE2_ADDRESS &= (~WRPSector);  
 480:Drivers/STM32F2xx_HAL_Driver/Src/stm32f2xx_hal_flash_ex.c ****   }
 481:Drivers/STM32F2xx_HAL_Driver/Src/stm32f2xx_hal_flash_ex.c ****   
 482:Drivers/STM32F2xx_HAL_Driver/Src/stm32f2xx_hal_flash_ex.c ****   return status;
 483:Drivers/STM32F2xx_HAL_Driver/Src/stm32f2xx_hal_flash_ex.c **** }
 484:Drivers/STM32F2xx_HAL_Driver/Src/stm32f2xx_hal_flash_ex.c **** 
 485:Drivers/STM32F2xx_HAL_Driver/Src/stm32f2xx_hal_flash_ex.c **** /**
 486:Drivers/STM32F2xx_HAL_Driver/Src/stm32f2xx_hal_flash_ex.c ****   * @brief  Disable the write protection of the desired bank 1 sectors
 487:Drivers/STM32F2xx_HAL_Driver/Src/stm32f2xx_hal_flash_ex.c ****   *
 488:Drivers/STM32F2xx_HAL_Driver/Src/stm32f2xx_hal_flash_ex.c ****   * @note   When the memory read protection level is selected (RDP level = 1), 
 489:Drivers/STM32F2xx_HAL_Driver/Src/stm32f2xx_hal_flash_ex.c ****   *         it is not possible to program or erase the flash sector if CortexM3  
 490:Drivers/STM32F2xx_HAL_Driver/Src/stm32f2xx_hal_flash_ex.c ****   *         debug features are connected or boot code is executed in RAM, even if nWRPi = 1 
 491:Drivers/STM32F2xx_HAL_Driver/Src/stm32f2xx_hal_flash_ex.c ****   * 
 492:Drivers/STM32F2xx_HAL_Driver/Src/stm32f2xx_hal_flash_ex.c ****   * @param  WRPSector specifies the sector(s) to be write protected.
 493:Drivers/STM32F2xx_HAL_Driver/Src/stm32f2xx_hal_flash_ex.c ****   *         The value of this parameter depend on device used within the same series 
 494:Drivers/STM32F2xx_HAL_Driver/Src/stm32f2xx_hal_flash_ex.c ****   * 
 495:Drivers/STM32F2xx_HAL_Driver/Src/stm32f2xx_hal_flash_ex.c ****   * @param  Banks Enable write protection on all the sectors for the specific bank
 496:Drivers/STM32F2xx_HAL_Driver/Src/stm32f2xx_hal_flash_ex.c ****   *          This parameter can be one of the following values:
 497:Drivers/STM32F2xx_HAL_Driver/Src/stm32f2xx_hal_flash_ex.c ****   *            @arg FLASH_BANK_1: WRP on all sectors of bank1
 498:Drivers/STM32F2xx_HAL_Driver/Src/stm32f2xx_hal_flash_ex.c ****   *
 499:Drivers/STM32F2xx_HAL_Driver/Src/stm32f2xx_hal_flash_ex.c ****   * @retval HAL Status 
 500:Drivers/STM32F2xx_HAL_Driver/Src/stm32f2xx_hal_flash_ex.c ****   */
 501:Drivers/STM32F2xx_HAL_Driver/Src/stm32f2xx_hal_flash_ex.c **** static HAL_StatusTypeDef FLASH_OB_DisableWRP(uint32_t WRPSector, uint32_t Banks)
 502:Drivers/STM32F2xx_HAL_Driver/Src/stm32f2xx_hal_flash_ex.c **** {
 503:Drivers/STM32F2xx_HAL_Driver/Src/stm32f2xx_hal_flash_ex.c ****   HAL_StatusTypeDef status = HAL_OK;
ARM GAS  /tmp/ccWw9kAG.s 			page 11


 504:Drivers/STM32F2xx_HAL_Driver/Src/stm32f2xx_hal_flash_ex.c **** 
 505:Drivers/STM32F2xx_HAL_Driver/Src/stm32f2xx_hal_flash_ex.c ****   /* Prevent unused argument(s) compilation warning */
 506:Drivers/STM32F2xx_HAL_Driver/Src/stm32f2xx_hal_flash_ex.c ****   UNUSED(Banks);
 507:Drivers/STM32F2xx_HAL_Driver/Src/stm32f2xx_hal_flash_ex.c **** 
 508:Drivers/STM32F2xx_HAL_Driver/Src/stm32f2xx_hal_flash_ex.c ****   /* Check the parameters */
 509:Drivers/STM32F2xx_HAL_Driver/Src/stm32f2xx_hal_flash_ex.c ****   assert_param(IS_OB_WRP_SECTOR(WRPSector));
 510:Drivers/STM32F2xx_HAL_Driver/Src/stm32f2xx_hal_flash_ex.c ****   assert_param(IS_FLASH_BANK(Banks));
 511:Drivers/STM32F2xx_HAL_Driver/Src/stm32f2xx_hal_flash_ex.c ****     
 512:Drivers/STM32F2xx_HAL_Driver/Src/stm32f2xx_hal_flash_ex.c ****   /* Wait for last operation to be completed */
 513:Drivers/STM32F2xx_HAL_Driver/Src/stm32f2xx_hal_flash_ex.c ****   status = FLASH_WaitForLastOperation((uint32_t)FLASH_TIMEOUT_VALUE);
 514:Drivers/STM32F2xx_HAL_Driver/Src/stm32f2xx_hal_flash_ex.c **** 
 515:Drivers/STM32F2xx_HAL_Driver/Src/stm32f2xx_hal_flash_ex.c ****   if(status == HAL_OK)
 516:Drivers/STM32F2xx_HAL_Driver/Src/stm32f2xx_hal_flash_ex.c ****   { 
 517:Drivers/STM32F2xx_HAL_Driver/Src/stm32f2xx_hal_flash_ex.c ****     *(__IO uint16_t*)OPTCR_BYTE2_ADDRESS |= (uint16_t)WRPSector; 
 518:Drivers/STM32F2xx_HAL_Driver/Src/stm32f2xx_hal_flash_ex.c ****   }
 519:Drivers/STM32F2xx_HAL_Driver/Src/stm32f2xx_hal_flash_ex.c ****   
 520:Drivers/STM32F2xx_HAL_Driver/Src/stm32f2xx_hal_flash_ex.c ****   return status;
 521:Drivers/STM32F2xx_HAL_Driver/Src/stm32f2xx_hal_flash_ex.c **** }
 522:Drivers/STM32F2xx_HAL_Driver/Src/stm32f2xx_hal_flash_ex.c **** 
 523:Drivers/STM32F2xx_HAL_Driver/Src/stm32f2xx_hal_flash_ex.c **** /**
 524:Drivers/STM32F2xx_HAL_Driver/Src/stm32f2xx_hal_flash_ex.c ****   * @brief  Set the read protection level.
 525:Drivers/STM32F2xx_HAL_Driver/Src/stm32f2xx_hal_flash_ex.c ****   * @param  Level specifies the read protection level.
 526:Drivers/STM32F2xx_HAL_Driver/Src/stm32f2xx_hal_flash_ex.c ****   *          This parameter can be one of the following values:
 527:Drivers/STM32F2xx_HAL_Driver/Src/stm32f2xx_hal_flash_ex.c ****   *            @arg OB_RDP_LEVEL_0: No protection
 528:Drivers/STM32F2xx_HAL_Driver/Src/stm32f2xx_hal_flash_ex.c ****   *            @arg OB_RDP_LEVEL_1: Read protection of the memory
 529:Drivers/STM32F2xx_HAL_Driver/Src/stm32f2xx_hal_flash_ex.c ****   *            @arg OB_RDP_LEVEL_2: Full chip protection
 530:Drivers/STM32F2xx_HAL_Driver/Src/stm32f2xx_hal_flash_ex.c ****   *   
 531:Drivers/STM32F2xx_HAL_Driver/Src/stm32f2xx_hal_flash_ex.c ****   * @note WARNING: When enabling OB_RDP level 2 it's no more possible to go back to level 1 or 0
 532:Drivers/STM32F2xx_HAL_Driver/Src/stm32f2xx_hal_flash_ex.c ****   *    
 533:Drivers/STM32F2xx_HAL_Driver/Src/stm32f2xx_hal_flash_ex.c ****   * @retval HAL Status
 534:Drivers/STM32F2xx_HAL_Driver/Src/stm32f2xx_hal_flash_ex.c ****   */
 535:Drivers/STM32F2xx_HAL_Driver/Src/stm32f2xx_hal_flash_ex.c **** static HAL_StatusTypeDef FLASH_OB_RDP_LevelConfig(uint8_t Level)
 536:Drivers/STM32F2xx_HAL_Driver/Src/stm32f2xx_hal_flash_ex.c **** {
 537:Drivers/STM32F2xx_HAL_Driver/Src/stm32f2xx_hal_flash_ex.c ****   HAL_StatusTypeDef status = HAL_OK;
 538:Drivers/STM32F2xx_HAL_Driver/Src/stm32f2xx_hal_flash_ex.c ****   
 539:Drivers/STM32F2xx_HAL_Driver/Src/stm32f2xx_hal_flash_ex.c ****   /* Check the parameters */
 540:Drivers/STM32F2xx_HAL_Driver/Src/stm32f2xx_hal_flash_ex.c ****   assert_param(IS_OB_RDP_LEVEL(Level));
 541:Drivers/STM32F2xx_HAL_Driver/Src/stm32f2xx_hal_flash_ex.c ****     
 542:Drivers/STM32F2xx_HAL_Driver/Src/stm32f2xx_hal_flash_ex.c ****   /* Wait for last operation to be completed */
 543:Drivers/STM32F2xx_HAL_Driver/Src/stm32f2xx_hal_flash_ex.c ****   status = FLASH_WaitForLastOperation((uint32_t)FLASH_TIMEOUT_VALUE);
 544:Drivers/STM32F2xx_HAL_Driver/Src/stm32f2xx_hal_flash_ex.c **** 
 545:Drivers/STM32F2xx_HAL_Driver/Src/stm32f2xx_hal_flash_ex.c ****   if(status == HAL_OK)
 546:Drivers/STM32F2xx_HAL_Driver/Src/stm32f2xx_hal_flash_ex.c ****   { 
 547:Drivers/STM32F2xx_HAL_Driver/Src/stm32f2xx_hal_flash_ex.c ****     *(__IO uint8_t*)OPTCR_BYTE1_ADDRESS = Level;
 548:Drivers/STM32F2xx_HAL_Driver/Src/stm32f2xx_hal_flash_ex.c ****   }
 549:Drivers/STM32F2xx_HAL_Driver/Src/stm32f2xx_hal_flash_ex.c ****   
 550:Drivers/STM32F2xx_HAL_Driver/Src/stm32f2xx_hal_flash_ex.c ****   return status;
 551:Drivers/STM32F2xx_HAL_Driver/Src/stm32f2xx_hal_flash_ex.c **** }
 552:Drivers/STM32F2xx_HAL_Driver/Src/stm32f2xx_hal_flash_ex.c **** 
 553:Drivers/STM32F2xx_HAL_Driver/Src/stm32f2xx_hal_flash_ex.c **** /**
 554:Drivers/STM32F2xx_HAL_Driver/Src/stm32f2xx_hal_flash_ex.c ****   * @brief  Program the FLASH User Option Byte: IWDG_SW / RST_STOP / RST_STDBY.    
 555:Drivers/STM32F2xx_HAL_Driver/Src/stm32f2xx_hal_flash_ex.c ****   * @param  Iwdg Selects the IWDG mode
 556:Drivers/STM32F2xx_HAL_Driver/Src/stm32f2xx_hal_flash_ex.c ****   *          This parameter can be one of the following values:
 557:Drivers/STM32F2xx_HAL_Driver/Src/stm32f2xx_hal_flash_ex.c ****   *            @arg OB_IWDG_SW: Software IWDG selected
 558:Drivers/STM32F2xx_HAL_Driver/Src/stm32f2xx_hal_flash_ex.c ****   *            @arg OB_IWDG_HW: Hardware IWDG selected
 559:Drivers/STM32F2xx_HAL_Driver/Src/stm32f2xx_hal_flash_ex.c ****   * @param  Stop Reset event when entering STOP mode.
 560:Drivers/STM32F2xx_HAL_Driver/Src/stm32f2xx_hal_flash_ex.c ****   *          This parameter  can be one of the following values:
ARM GAS  /tmp/ccWw9kAG.s 			page 12


 561:Drivers/STM32F2xx_HAL_Driver/Src/stm32f2xx_hal_flash_ex.c ****   *            @arg OB_STOP_NO_RST: No reset generated when entering in STOP
 562:Drivers/STM32F2xx_HAL_Driver/Src/stm32f2xx_hal_flash_ex.c ****   *            @arg OB_STOP_RST: Reset generated when entering in STOP
 563:Drivers/STM32F2xx_HAL_Driver/Src/stm32f2xx_hal_flash_ex.c ****   * @param  Stdby Reset event when entering Standby mode.
 564:Drivers/STM32F2xx_HAL_Driver/Src/stm32f2xx_hal_flash_ex.c ****   *          This parameter  can be one of the following values:
 565:Drivers/STM32F2xx_HAL_Driver/Src/stm32f2xx_hal_flash_ex.c ****   *            @arg OB_STDBY_NO_RST: No reset generated when entering in STANDBY
 566:Drivers/STM32F2xx_HAL_Driver/Src/stm32f2xx_hal_flash_ex.c ****   *            @arg OB_STDBY_RST: Reset generated when entering in STANDBY
 567:Drivers/STM32F2xx_HAL_Driver/Src/stm32f2xx_hal_flash_ex.c ****   * @retval HAL Status
 568:Drivers/STM32F2xx_HAL_Driver/Src/stm32f2xx_hal_flash_ex.c ****   */
 569:Drivers/STM32F2xx_HAL_Driver/Src/stm32f2xx_hal_flash_ex.c **** static HAL_StatusTypeDef FLASH_OB_UserConfig(uint8_t Iwdg, uint8_t Stop, uint8_t Stdby)
 570:Drivers/STM32F2xx_HAL_Driver/Src/stm32f2xx_hal_flash_ex.c **** {
 571:Drivers/STM32F2xx_HAL_Driver/Src/stm32f2xx_hal_flash_ex.c ****   uint8_t optiontmp = 0xFF;
 572:Drivers/STM32F2xx_HAL_Driver/Src/stm32f2xx_hal_flash_ex.c ****   HAL_StatusTypeDef status = HAL_OK;
 573:Drivers/STM32F2xx_HAL_Driver/Src/stm32f2xx_hal_flash_ex.c **** 
 574:Drivers/STM32F2xx_HAL_Driver/Src/stm32f2xx_hal_flash_ex.c ****   /* Check the parameters */
 575:Drivers/STM32F2xx_HAL_Driver/Src/stm32f2xx_hal_flash_ex.c ****   assert_param(IS_OB_IWDG_SOURCE(Iwdg));
 576:Drivers/STM32F2xx_HAL_Driver/Src/stm32f2xx_hal_flash_ex.c ****   assert_param(IS_OB_STOP_SOURCE(Stop));
 577:Drivers/STM32F2xx_HAL_Driver/Src/stm32f2xx_hal_flash_ex.c ****   assert_param(IS_OB_STDBY_SOURCE(Stdby));
 578:Drivers/STM32F2xx_HAL_Driver/Src/stm32f2xx_hal_flash_ex.c **** 
 579:Drivers/STM32F2xx_HAL_Driver/Src/stm32f2xx_hal_flash_ex.c ****   /* Wait for last operation to be completed */
 580:Drivers/STM32F2xx_HAL_Driver/Src/stm32f2xx_hal_flash_ex.c ****   status = FLASH_WaitForLastOperation((uint32_t)FLASH_TIMEOUT_VALUE);
 581:Drivers/STM32F2xx_HAL_Driver/Src/stm32f2xx_hal_flash_ex.c ****   
 582:Drivers/STM32F2xx_HAL_Driver/Src/stm32f2xx_hal_flash_ex.c ****   if(status == HAL_OK)
 583:Drivers/STM32F2xx_HAL_Driver/Src/stm32f2xx_hal_flash_ex.c ****   {     
 584:Drivers/STM32F2xx_HAL_Driver/Src/stm32f2xx_hal_flash_ex.c ****     /* Mask OPTLOCK, OPTSTRT, BOR_LEV and BFB2 bits */
 585:Drivers/STM32F2xx_HAL_Driver/Src/stm32f2xx_hal_flash_ex.c ****     optiontmp =  (uint8_t)((*(__IO uint8_t *)OPTCR_BYTE0_ADDRESS) & (uint8_t)0x1F);
 586:Drivers/STM32F2xx_HAL_Driver/Src/stm32f2xx_hal_flash_ex.c **** 
 587:Drivers/STM32F2xx_HAL_Driver/Src/stm32f2xx_hal_flash_ex.c ****     /* Update User Option Byte */
 588:Drivers/STM32F2xx_HAL_Driver/Src/stm32f2xx_hal_flash_ex.c ****     *(__IO uint8_t *)OPTCR_BYTE0_ADDRESS = Iwdg | (uint8_t)(Stdby | (uint8_t)(Stop | ((uint8_t)opti
 589:Drivers/STM32F2xx_HAL_Driver/Src/stm32f2xx_hal_flash_ex.c ****   }
 590:Drivers/STM32F2xx_HAL_Driver/Src/stm32f2xx_hal_flash_ex.c ****   
 591:Drivers/STM32F2xx_HAL_Driver/Src/stm32f2xx_hal_flash_ex.c ****   return status; 
 592:Drivers/STM32F2xx_HAL_Driver/Src/stm32f2xx_hal_flash_ex.c **** }
 593:Drivers/STM32F2xx_HAL_Driver/Src/stm32f2xx_hal_flash_ex.c **** 
 594:Drivers/STM32F2xx_HAL_Driver/Src/stm32f2xx_hal_flash_ex.c **** /**
 595:Drivers/STM32F2xx_HAL_Driver/Src/stm32f2xx_hal_flash_ex.c ****   * @brief  Set the BOR Level. 
 596:Drivers/STM32F2xx_HAL_Driver/Src/stm32f2xx_hal_flash_ex.c ****   * @param  Level specifies the Option Bytes BOR Reset Level.
 597:Drivers/STM32F2xx_HAL_Driver/Src/stm32f2xx_hal_flash_ex.c ****   *          This parameter can be one of the following values:
 598:Drivers/STM32F2xx_HAL_Driver/Src/stm32f2xx_hal_flash_ex.c ****   *            @arg OB_BOR_LEVEL3: Supply voltage ranges from 2.7 to 3.6 V
 599:Drivers/STM32F2xx_HAL_Driver/Src/stm32f2xx_hal_flash_ex.c ****   *            @arg OB_BOR_LEVEL2: Supply voltage ranges from 2.4 to 2.7 V
 600:Drivers/STM32F2xx_HAL_Driver/Src/stm32f2xx_hal_flash_ex.c ****   *            @arg OB_BOR_LEVEL1: Supply voltage ranges from 2.1 to 2.4 V
 601:Drivers/STM32F2xx_HAL_Driver/Src/stm32f2xx_hal_flash_ex.c ****   *            @arg OB_BOR_OFF: Supply voltage ranges from 1.62 to 2.1 V
 602:Drivers/STM32F2xx_HAL_Driver/Src/stm32f2xx_hal_flash_ex.c ****   * @retval HAL Status
 603:Drivers/STM32F2xx_HAL_Driver/Src/stm32f2xx_hal_flash_ex.c ****   */
 604:Drivers/STM32F2xx_HAL_Driver/Src/stm32f2xx_hal_flash_ex.c **** static HAL_StatusTypeDef FLASH_OB_BOR_LevelConfig(uint8_t Level)
 605:Drivers/STM32F2xx_HAL_Driver/Src/stm32f2xx_hal_flash_ex.c **** {
  71              		.loc 1 605 1 is_stmt 1 view -0
  72              		.cfi_startproc
  73              		@ args = 0, pretend = 0, frame = 0
  74              		@ frame_needed = 0, uses_anonymous_args = 0
  75              		@ link register save eliminated.
 606:Drivers/STM32F2xx_HAL_Driver/Src/stm32f2xx_hal_flash_ex.c ****   /* Check the parameters */
 607:Drivers/STM32F2xx_HAL_Driver/Src/stm32f2xx_hal_flash_ex.c ****   assert_param(IS_OB_BOR_LEVEL(Level));
  76              		.loc 1 607 3 view .LVU13
 608:Drivers/STM32F2xx_HAL_Driver/Src/stm32f2xx_hal_flash_ex.c **** 
 609:Drivers/STM32F2xx_HAL_Driver/Src/stm32f2xx_hal_flash_ex.c ****   /* Set the BOR Level */
 610:Drivers/STM32F2xx_HAL_Driver/Src/stm32f2xx_hal_flash_ex.c ****   *(__IO uint8_t *)OPTCR_BYTE0_ADDRESS &= (~FLASH_OPTCR_BOR_LEV);
  77              		.loc 1 610 3 view .LVU14
ARM GAS  /tmp/ccWw9kAG.s 			page 13


  78 0000 044B     		ldr	r3, .L5
  79 0002 1A7D     		ldrb	r2, [r3, #20]	@ zero_extendqisi2
  80              		.loc 1 610 40 is_stmt 0 view .LVU15
  81 0004 02F0F302 		and	r2, r2, #243
  82 0008 1A75     		strb	r2, [r3, #20]
 611:Drivers/STM32F2xx_HAL_Driver/Src/stm32f2xx_hal_flash_ex.c ****   *(__IO uint8_t *)OPTCR_BYTE0_ADDRESS |= Level;
  83              		.loc 1 611 3 is_stmt 1 view .LVU16
  84 000a 1A7D     		ldrb	r2, [r3, #20]	@ zero_extendqisi2
  85              		.loc 1 611 40 is_stmt 0 view .LVU17
  86 000c 0243     		orrs	r2, r2, r0
  87 000e 1A75     		strb	r2, [r3, #20]
 612:Drivers/STM32F2xx_HAL_Driver/Src/stm32f2xx_hal_flash_ex.c ****   
 613:Drivers/STM32F2xx_HAL_Driver/Src/stm32f2xx_hal_flash_ex.c ****   return HAL_OK;
  88              		.loc 1 613 3 is_stmt 1 view .LVU18
 614:Drivers/STM32F2xx_HAL_Driver/Src/stm32f2xx_hal_flash_ex.c ****   
 615:Drivers/STM32F2xx_HAL_Driver/Src/stm32f2xx_hal_flash_ex.c **** }
  89              		.loc 1 615 1 is_stmt 0 view .LVU19
  90 0010 0020     		movs	r0, #0
  91              	.LVL2:
  92              		.loc 1 615 1 view .LVU20
  93 0012 7047     		bx	lr
  94              	.L6:
  95              		.align	2
  96              	.L5:
  97 0014 003C0240 		.word	1073888256
  98              		.cfi_endproc
  99              	.LFE83:
 101              		.section	.text.FLASH_OB_GetUser,"ax",%progbits
 102              		.align	1
 103              		.syntax unified
 104              		.thumb
 105              		.thumb_func
 107              	FLASH_OB_GetUser:
 108              	.LFB84:
 616:Drivers/STM32F2xx_HAL_Driver/Src/stm32f2xx_hal_flash_ex.c **** 
 617:Drivers/STM32F2xx_HAL_Driver/Src/stm32f2xx_hal_flash_ex.c **** /**
 618:Drivers/STM32F2xx_HAL_Driver/Src/stm32f2xx_hal_flash_ex.c ****   * @brief  Return the FLASH User Option Byte value.
 619:Drivers/STM32F2xx_HAL_Driver/Src/stm32f2xx_hal_flash_ex.c ****   * @retval uint8_t FLASH User Option Bytes values: IWDG_SW(Bit0), RST_STOP(Bit1)
 620:Drivers/STM32F2xx_HAL_Driver/Src/stm32f2xx_hal_flash_ex.c ****   *         and RST_STDBY(Bit2).
 621:Drivers/STM32F2xx_HAL_Driver/Src/stm32f2xx_hal_flash_ex.c ****   */
 622:Drivers/STM32F2xx_HAL_Driver/Src/stm32f2xx_hal_flash_ex.c **** static uint8_t FLASH_OB_GetUser(void)
 623:Drivers/STM32F2xx_HAL_Driver/Src/stm32f2xx_hal_flash_ex.c **** {
 109              		.loc 1 623 1 is_stmt 1 view -0
 110              		.cfi_startproc
 111              		@ args = 0, pretend = 0, frame = 0
 112              		@ frame_needed = 0, uses_anonymous_args = 0
 113              		@ link register save eliminated.
 624:Drivers/STM32F2xx_HAL_Driver/Src/stm32f2xx_hal_flash_ex.c ****   /* Return the User Option Byte */
 625:Drivers/STM32F2xx_HAL_Driver/Src/stm32f2xx_hal_flash_ex.c ****   return ((uint8_t)(FLASH->OPTCR & 0xE0));
 114              		.loc 1 625 3 view .LVU22
 115              		.loc 1 625 26 is_stmt 0 view .LVU23
 116 0000 024B     		ldr	r3, .L8
 117 0002 5869     		ldr	r0, [r3, #20]
 626:Drivers/STM32F2xx_HAL_Driver/Src/stm32f2xx_hal_flash_ex.c **** }
 118              		.loc 1 626 1 view .LVU24
 119 0004 00F0E000 		and	r0, r0, #224
 120 0008 7047     		bx	lr
ARM GAS  /tmp/ccWw9kAG.s 			page 14


 121              	.L9:
 122 000a 00BF     		.align	2
 123              	.L8:
 124 000c 003C0240 		.word	1073888256
 125              		.cfi_endproc
 126              	.LFE84:
 128              		.section	.text.FLASH_OB_GetWRP,"ax",%progbits
 129              		.align	1
 130              		.syntax unified
 131              		.thumb
 132              		.thumb_func
 134              	FLASH_OB_GetWRP:
 135              	.LFB85:
 627:Drivers/STM32F2xx_HAL_Driver/Src/stm32f2xx_hal_flash_ex.c **** 
 628:Drivers/STM32F2xx_HAL_Driver/Src/stm32f2xx_hal_flash_ex.c **** /**
 629:Drivers/STM32F2xx_HAL_Driver/Src/stm32f2xx_hal_flash_ex.c ****   * @brief  Return the FLASH Write Protection Option Bytes value.
 630:Drivers/STM32F2xx_HAL_Driver/Src/stm32f2xx_hal_flash_ex.c ****   * @retval uint16_t FLASH Write Protection Option Bytes value
 631:Drivers/STM32F2xx_HAL_Driver/Src/stm32f2xx_hal_flash_ex.c ****   */
 632:Drivers/STM32F2xx_HAL_Driver/Src/stm32f2xx_hal_flash_ex.c **** static uint16_t FLASH_OB_GetWRP(void)
 633:Drivers/STM32F2xx_HAL_Driver/Src/stm32f2xx_hal_flash_ex.c **** {
 136              		.loc 1 633 1 is_stmt 1 view -0
 137              		.cfi_startproc
 138              		@ args = 0, pretend = 0, frame = 0
 139              		@ frame_needed = 0, uses_anonymous_args = 0
 140              		@ link register save eliminated.
 634:Drivers/STM32F2xx_HAL_Driver/Src/stm32f2xx_hal_flash_ex.c ****   /* Return the FLASH write protection Register value */
 635:Drivers/STM32F2xx_HAL_Driver/Src/stm32f2xx_hal_flash_ex.c ****   return (*(__IO uint16_t *)(OPTCR_BYTE2_ADDRESS));
 141              		.loc 1 635 3 view .LVU26
 142              		.loc 1 635 11 is_stmt 0 view .LVU27
 143 0000 014B     		ldr	r3, .L11
 144 0002 D88A     		ldrh	r0, [r3, #22]
 636:Drivers/STM32F2xx_HAL_Driver/Src/stm32f2xx_hal_flash_ex.c **** }
 145              		.loc 1 636 1 view .LVU28
 146 0004 80B2     		uxth	r0, r0
 147 0006 7047     		bx	lr
 148              	.L12:
 149              		.align	2
 150              	.L11:
 151 0008 003C0240 		.word	1073888256
 152              		.cfi_endproc
 153              	.LFE85:
 155              		.section	.text.FLASH_OB_GetRDP,"ax",%progbits
 156              		.align	1
 157              		.syntax unified
 158              		.thumb
 159              		.thumb_func
 161              	FLASH_OB_GetRDP:
 162              	.LFB86:
 637:Drivers/STM32F2xx_HAL_Driver/Src/stm32f2xx_hal_flash_ex.c **** 
 638:Drivers/STM32F2xx_HAL_Driver/Src/stm32f2xx_hal_flash_ex.c **** /**
 639:Drivers/STM32F2xx_HAL_Driver/Src/stm32f2xx_hal_flash_ex.c ****   * @brief  Returns the FLASH Read Protection level.
 640:Drivers/STM32F2xx_HAL_Driver/Src/stm32f2xx_hal_flash_ex.c ****   * @retval FLASH ReadOut Protection Status:
 641:Drivers/STM32F2xx_HAL_Driver/Src/stm32f2xx_hal_flash_ex.c ****   *         This parameter can be one of the following values:
 642:Drivers/STM32F2xx_HAL_Driver/Src/stm32f2xx_hal_flash_ex.c ****   *            @arg OB_RDP_LEVEL_0: No protection
 643:Drivers/STM32F2xx_HAL_Driver/Src/stm32f2xx_hal_flash_ex.c ****   *            @arg OB_RDP_LEVEL_1: Read protection of the memory
 644:Drivers/STM32F2xx_HAL_Driver/Src/stm32f2xx_hal_flash_ex.c ****   *            @arg OB_RDP_LEVEL_2: Full chip protection
 645:Drivers/STM32F2xx_HAL_Driver/Src/stm32f2xx_hal_flash_ex.c ****   */
ARM GAS  /tmp/ccWw9kAG.s 			page 15


 646:Drivers/STM32F2xx_HAL_Driver/Src/stm32f2xx_hal_flash_ex.c **** static uint8_t FLASH_OB_GetRDP(void)
 647:Drivers/STM32F2xx_HAL_Driver/Src/stm32f2xx_hal_flash_ex.c **** {
 163              		.loc 1 647 1 is_stmt 1 view -0
 164              		.cfi_startproc
 165              		@ args = 0, pretend = 0, frame = 0
 166              		@ frame_needed = 0, uses_anonymous_args = 0
 167              		@ link register save eliminated.
 648:Drivers/STM32F2xx_HAL_Driver/Src/stm32f2xx_hal_flash_ex.c ****   uint8_t readstatus = OB_RDP_LEVEL_0;
 168              		.loc 1 648 3 view .LVU30
 169              	.LVL3:
 649:Drivers/STM32F2xx_HAL_Driver/Src/stm32f2xx_hal_flash_ex.c **** 
 650:Drivers/STM32F2xx_HAL_Driver/Src/stm32f2xx_hal_flash_ex.c ****   if((*(__IO uint8_t*)(OPTCR_BYTE1_ADDRESS) == (uint8_t)OB_RDP_LEVEL_2))
 170              		.loc 1 650 3 view .LVU31
 171              		.loc 1 650 7 is_stmt 0 view .LVU32
 172 0000 054B     		ldr	r3, .L16
 173 0002 5B7D     		ldrb	r3, [r3, #21]	@ zero_extendqisi2
 174 0004 D8B2     		uxtb	r0, r3
 175              		.loc 1 650 5 view .LVU33
 176 0006 CC2B     		cmp	r3, #204
 177 0008 05D0     		beq	.L14
 651:Drivers/STM32F2xx_HAL_Driver/Src/stm32f2xx_hal_flash_ex.c ****   {
 652:Drivers/STM32F2xx_HAL_Driver/Src/stm32f2xx_hal_flash_ex.c ****     readstatus = OB_RDP_LEVEL_2;
 653:Drivers/STM32F2xx_HAL_Driver/Src/stm32f2xx_hal_flash_ex.c ****   }
 654:Drivers/STM32F2xx_HAL_Driver/Src/stm32f2xx_hal_flash_ex.c ****   else if((*(__IO uint8_t*)(OPTCR_BYTE1_ADDRESS) == (uint8_t)OB_RDP_LEVEL_0))
 178              		.loc 1 654 8 is_stmt 1 view .LVU34
 179              		.loc 1 654 12 is_stmt 0 view .LVU35
 180 000a 034B     		ldr	r3, .L16
 181 000c 5B7D     		ldrb	r3, [r3, #21]	@ zero_extendqisi2
 182 000e D8B2     		uxtb	r0, r3
 183              		.loc 1 654 10 view .LVU36
 184 0010 AA2B     		cmp	r3, #170
 185 0012 00D0     		beq	.L14
 655:Drivers/STM32F2xx_HAL_Driver/Src/stm32f2xx_hal_flash_ex.c ****   {
 656:Drivers/STM32F2xx_HAL_Driver/Src/stm32f2xx_hal_flash_ex.c ****     readstatus = OB_RDP_LEVEL_0;
 657:Drivers/STM32F2xx_HAL_Driver/Src/stm32f2xx_hal_flash_ex.c ****   }
 658:Drivers/STM32F2xx_HAL_Driver/Src/stm32f2xx_hal_flash_ex.c ****   else 
 659:Drivers/STM32F2xx_HAL_Driver/Src/stm32f2xx_hal_flash_ex.c ****   {
 660:Drivers/STM32F2xx_HAL_Driver/Src/stm32f2xx_hal_flash_ex.c ****     readstatus = OB_RDP_LEVEL_1;
 186              		.loc 1 660 16 view .LVU37
 187 0014 5520     		movs	r0, #85
 188              	.L14:
 189              	.LVL4:
 661:Drivers/STM32F2xx_HAL_Driver/Src/stm32f2xx_hal_flash_ex.c ****   }
 662:Drivers/STM32F2xx_HAL_Driver/Src/stm32f2xx_hal_flash_ex.c **** 
 663:Drivers/STM32F2xx_HAL_Driver/Src/stm32f2xx_hal_flash_ex.c ****   return readstatus;
 190              		.loc 1 663 3 is_stmt 1 view .LVU38
 664:Drivers/STM32F2xx_HAL_Driver/Src/stm32f2xx_hal_flash_ex.c **** }
 191              		.loc 1 664 1 is_stmt 0 view .LVU39
 192 0016 7047     		bx	lr
 193              	.L17:
 194              		.align	2
 195              	.L16:
 196 0018 003C0240 		.word	1073888256
 197              		.cfi_endproc
 198              	.LFE86:
 200              		.section	.text.FLASH_OB_GetBOR,"ax",%progbits
 201              		.align	1
ARM GAS  /tmp/ccWw9kAG.s 			page 16


 202              		.syntax unified
 203              		.thumb
 204              		.thumb_func
 206              	FLASH_OB_GetBOR:
 207              	.LFB87:
 665:Drivers/STM32F2xx_HAL_Driver/Src/stm32f2xx_hal_flash_ex.c **** 
 666:Drivers/STM32F2xx_HAL_Driver/Src/stm32f2xx_hal_flash_ex.c **** /**
 667:Drivers/STM32F2xx_HAL_Driver/Src/stm32f2xx_hal_flash_ex.c ****   * @brief  Returns the FLASH BOR level.
 668:Drivers/STM32F2xx_HAL_Driver/Src/stm32f2xx_hal_flash_ex.c ****   * @retval uint8_t The FLASH BOR level:
 669:Drivers/STM32F2xx_HAL_Driver/Src/stm32f2xx_hal_flash_ex.c ****   *           - OB_BOR_LEVEL3: Supply voltage ranges from 2.7 to 3.6 V
 670:Drivers/STM32F2xx_HAL_Driver/Src/stm32f2xx_hal_flash_ex.c ****   *           - OB_BOR_LEVEL2: Supply voltage ranges from 2.4 to 2.7 V
 671:Drivers/STM32F2xx_HAL_Driver/Src/stm32f2xx_hal_flash_ex.c ****   *           - OB_BOR_LEVEL1: Supply voltage ranges from 2.1 to 2.4 V
 672:Drivers/STM32F2xx_HAL_Driver/Src/stm32f2xx_hal_flash_ex.c ****   *           - OB_BOR_OFF   : Supply voltage ranges from 1.62 to 2.1 V  
 673:Drivers/STM32F2xx_HAL_Driver/Src/stm32f2xx_hal_flash_ex.c ****   */
 674:Drivers/STM32F2xx_HAL_Driver/Src/stm32f2xx_hal_flash_ex.c **** static uint8_t FLASH_OB_GetBOR(void)
 675:Drivers/STM32F2xx_HAL_Driver/Src/stm32f2xx_hal_flash_ex.c **** {
 208              		.loc 1 675 1 is_stmt 1 view -0
 209              		.cfi_startproc
 210              		@ args = 0, pretend = 0, frame = 0
 211              		@ frame_needed = 0, uses_anonymous_args = 0
 212              		@ link register save eliminated.
 676:Drivers/STM32F2xx_HAL_Driver/Src/stm32f2xx_hal_flash_ex.c ****   /* Return the FLASH BOR level */
 677:Drivers/STM32F2xx_HAL_Driver/Src/stm32f2xx_hal_flash_ex.c ****   return (uint8_t)(*(__IO uint8_t *)(OPTCR_BYTE0_ADDRESS) & (uint8_t)0x0C);
 213              		.loc 1 677 3 view .LVU41
 214              		.loc 1 677 10 is_stmt 0 view .LVU42
 215 0000 024B     		ldr	r3, .L19
 216 0002 187D     		ldrb	r0, [r3, #20]	@ zero_extendqisi2
 678:Drivers/STM32F2xx_HAL_Driver/Src/stm32f2xx_hal_flash_ex.c **** }
 217              		.loc 1 678 1 view .LVU43
 218 0004 00F00C00 		and	r0, r0, #12
 219 0008 7047     		bx	lr
 220              	.L20:
 221 000a 00BF     		.align	2
 222              	.L19:
 223 000c 003C0240 		.word	1073888256
 224              		.cfi_endproc
 225              	.LFE87:
 227              		.section	.text.FLASH_OB_EnableWRP,"ax",%progbits
 228              		.align	1
 229              		.syntax unified
 230              		.thumb
 231              		.thumb_func
 233              	FLASH_OB_EnableWRP:
 234              	.LVL5:
 235              	.LFB79:
 464:Drivers/STM32F2xx_HAL_Driver/Src/stm32f2xx_hal_flash_ex.c ****   HAL_StatusTypeDef status = HAL_OK;
 236              		.loc 1 464 1 is_stmt 1 view -0
 237              		.cfi_startproc
 238              		@ args = 0, pretend = 0, frame = 0
 239              		@ frame_needed = 0, uses_anonymous_args = 0
 464:Drivers/STM32F2xx_HAL_Driver/Src/stm32f2xx_hal_flash_ex.c ****   HAL_StatusTypeDef status = HAL_OK;
 240              		.loc 1 464 1 is_stmt 0 view .LVU45
 241 0000 10B5     		push	{r4, lr}
 242              	.LCFI0:
 243              		.cfi_def_cfa_offset 8
 244              		.cfi_offset 4, -8
 245              		.cfi_offset 14, -4
ARM GAS  /tmp/ccWw9kAG.s 			page 17


 246 0002 0446     		mov	r4, r0
 465:Drivers/STM32F2xx_HAL_Driver/Src/stm32f2xx_hal_flash_ex.c **** 
 247              		.loc 1 465 3 is_stmt 1 view .LVU46
 248              	.LVL6:
 468:Drivers/STM32F2xx_HAL_Driver/Src/stm32f2xx_hal_flash_ex.c **** 
 249              		.loc 1 468 3 view .LVU47
 471:Drivers/STM32F2xx_HAL_Driver/Src/stm32f2xx_hal_flash_ex.c ****   assert_param(IS_FLASH_BANK(Banks));
 250              		.loc 1 471 3 view .LVU48
 472:Drivers/STM32F2xx_HAL_Driver/Src/stm32f2xx_hal_flash_ex.c ****     
 251              		.loc 1 472 3 view .LVU49
 475:Drivers/STM32F2xx_HAL_Driver/Src/stm32f2xx_hal_flash_ex.c **** 
 252              		.loc 1 475 3 view .LVU50
 475:Drivers/STM32F2xx_HAL_Driver/Src/stm32f2xx_hal_flash_ex.c **** 
 253              		.loc 1 475 12 is_stmt 0 view .LVU51
 254 0004 4CF25030 		movw	r0, #50000
 255              	.LVL7:
 475:Drivers/STM32F2xx_HAL_Driver/Src/stm32f2xx_hal_flash_ex.c **** 
 256              		.loc 1 475 12 view .LVU52
 257 0008 FFF7FEFF 		bl	FLASH_WaitForLastOperation
 258              	.LVL8:
 477:Drivers/STM32F2xx_HAL_Driver/Src/stm32f2xx_hal_flash_ex.c ****   { 
 259              		.loc 1 477 3 is_stmt 1 view .LVU53
 477:Drivers/STM32F2xx_HAL_Driver/Src/stm32f2xx_hal_flash_ex.c ****   { 
 260              		.loc 1 477 5 is_stmt 0 view .LVU54
 261 000c 28B9     		cbnz	r0, .L22
 479:Drivers/STM32F2xx_HAL_Driver/Src/stm32f2xx_hal_flash_ex.c ****   }
 262              		.loc 1 479 5 is_stmt 1 view .LVU55
 263 000e 034A     		ldr	r2, .L24
 264 0010 D38A     		ldrh	r3, [r2, #22]
 265 0012 9BB2     		uxth	r3, r3
 479:Drivers/STM32F2xx_HAL_Driver/Src/stm32f2xx_hal_flash_ex.c ****   }
 266              		.loc 1 479 42 is_stmt 0 view .LVU56
 267 0014 23EA0403 		bic	r3, r3, r4
 268 0018 D382     		strh	r3, [r2, #22]	@ movhi
 269              	.L22:
 482:Drivers/STM32F2xx_HAL_Driver/Src/stm32f2xx_hal_flash_ex.c **** }
 270              		.loc 1 482 3 is_stmt 1 view .LVU57
 483:Drivers/STM32F2xx_HAL_Driver/Src/stm32f2xx_hal_flash_ex.c **** 
 271              		.loc 1 483 1 is_stmt 0 view .LVU58
 272 001a 10BD     		pop	{r4, pc}
 273              	.LVL9:
 274              	.L25:
 483:Drivers/STM32F2xx_HAL_Driver/Src/stm32f2xx_hal_flash_ex.c **** 
 275              		.loc 1 483 1 view .LVU59
 276              		.align	2
 277              	.L24:
 278 001c 003C0240 		.word	1073888256
 279              		.cfi_endproc
 280              	.LFE79:
 282              		.section	.text.FLASH_OB_DisableWRP,"ax",%progbits
 283              		.align	1
 284              		.syntax unified
 285              		.thumb
 286              		.thumb_func
 288              	FLASH_OB_DisableWRP:
 289              	.LVL10:
 290              	.LFB80:
ARM GAS  /tmp/ccWw9kAG.s 			page 18


 502:Drivers/STM32F2xx_HAL_Driver/Src/stm32f2xx_hal_flash_ex.c ****   HAL_StatusTypeDef status = HAL_OK;
 291              		.loc 1 502 1 is_stmt 1 view -0
 292              		.cfi_startproc
 293              		@ args = 0, pretend = 0, frame = 0
 294              		@ frame_needed = 0, uses_anonymous_args = 0
 502:Drivers/STM32F2xx_HAL_Driver/Src/stm32f2xx_hal_flash_ex.c ****   HAL_StatusTypeDef status = HAL_OK;
 295              		.loc 1 502 1 is_stmt 0 view .LVU61
 296 0000 10B5     		push	{r4, lr}
 297              	.LCFI1:
 298              		.cfi_def_cfa_offset 8
 299              		.cfi_offset 4, -8
 300              		.cfi_offset 14, -4
 301 0002 0446     		mov	r4, r0
 503:Drivers/STM32F2xx_HAL_Driver/Src/stm32f2xx_hal_flash_ex.c **** 
 302              		.loc 1 503 3 is_stmt 1 view .LVU62
 303              	.LVL11:
 506:Drivers/STM32F2xx_HAL_Driver/Src/stm32f2xx_hal_flash_ex.c **** 
 304              		.loc 1 506 3 view .LVU63
 509:Drivers/STM32F2xx_HAL_Driver/Src/stm32f2xx_hal_flash_ex.c ****   assert_param(IS_FLASH_BANK(Banks));
 305              		.loc 1 509 3 view .LVU64
 510:Drivers/STM32F2xx_HAL_Driver/Src/stm32f2xx_hal_flash_ex.c ****     
 306              		.loc 1 510 3 view .LVU65
 513:Drivers/STM32F2xx_HAL_Driver/Src/stm32f2xx_hal_flash_ex.c **** 
 307              		.loc 1 513 3 view .LVU66
 513:Drivers/STM32F2xx_HAL_Driver/Src/stm32f2xx_hal_flash_ex.c **** 
 308              		.loc 1 513 12 is_stmt 0 view .LVU67
 309 0004 4CF25030 		movw	r0, #50000
 310              	.LVL12:
 513:Drivers/STM32F2xx_HAL_Driver/Src/stm32f2xx_hal_flash_ex.c **** 
 311              		.loc 1 513 12 view .LVU68
 312 0008 FFF7FEFF 		bl	FLASH_WaitForLastOperation
 313              	.LVL13:
 515:Drivers/STM32F2xx_HAL_Driver/Src/stm32f2xx_hal_flash_ex.c ****   { 
 314              		.loc 1 515 3 is_stmt 1 view .LVU69
 515:Drivers/STM32F2xx_HAL_Driver/Src/stm32f2xx_hal_flash_ex.c ****   { 
 315              		.loc 1 515 5 is_stmt 0 view .LVU70
 316 000c 28B9     		cbnz	r0, .L27
 517:Drivers/STM32F2xx_HAL_Driver/Src/stm32f2xx_hal_flash_ex.c ****   }
 317              		.loc 1 517 5 is_stmt 1 view .LVU71
 318 000e 034A     		ldr	r2, .L29
 319 0010 D38A     		ldrh	r3, [r2, #22]
 320 0012 9BB2     		uxth	r3, r3
 517:Drivers/STM32F2xx_HAL_Driver/Src/stm32f2xx_hal_flash_ex.c ****   }
 321              		.loc 1 517 45 is_stmt 0 view .LVU72
 322 0014 A4B2     		uxth	r4, r4
 323              	.LVL14:
 517:Drivers/STM32F2xx_HAL_Driver/Src/stm32f2xx_hal_flash_ex.c ****   }
 324              		.loc 1 517 42 view .LVU73
 325 0016 2343     		orrs	r3, r3, r4
 326 0018 D382     		strh	r3, [r2, #22]	@ movhi
 327              	.L27:
 520:Drivers/STM32F2xx_HAL_Driver/Src/stm32f2xx_hal_flash_ex.c **** }
 328              		.loc 1 520 3 is_stmt 1 view .LVU74
 521:Drivers/STM32F2xx_HAL_Driver/Src/stm32f2xx_hal_flash_ex.c **** 
 329              		.loc 1 521 1 is_stmt 0 view .LVU75
 330 001a 10BD     		pop	{r4, pc}
 331              	.L30:
ARM GAS  /tmp/ccWw9kAG.s 			page 19


 332              		.align	2
 333              	.L29:
 334 001c 003C0240 		.word	1073888256
 335              		.cfi_endproc
 336              	.LFE80:
 338              		.section	.text.FLASH_OB_RDP_LevelConfig,"ax",%progbits
 339              		.align	1
 340              		.syntax unified
 341              		.thumb
 342              		.thumb_func
 344              	FLASH_OB_RDP_LevelConfig:
 345              	.LVL15:
 346              	.LFB81:
 536:Drivers/STM32F2xx_HAL_Driver/Src/stm32f2xx_hal_flash_ex.c ****   HAL_StatusTypeDef status = HAL_OK;
 347              		.loc 1 536 1 is_stmt 1 view -0
 348              		.cfi_startproc
 349              		@ args = 0, pretend = 0, frame = 0
 350              		@ frame_needed = 0, uses_anonymous_args = 0
 536:Drivers/STM32F2xx_HAL_Driver/Src/stm32f2xx_hal_flash_ex.c ****   HAL_StatusTypeDef status = HAL_OK;
 351              		.loc 1 536 1 is_stmt 0 view .LVU77
 352 0000 10B5     		push	{r4, lr}
 353              	.LCFI2:
 354              		.cfi_def_cfa_offset 8
 355              		.cfi_offset 4, -8
 356              		.cfi_offset 14, -4
 357 0002 0446     		mov	r4, r0
 537:Drivers/STM32F2xx_HAL_Driver/Src/stm32f2xx_hal_flash_ex.c ****   
 358              		.loc 1 537 3 is_stmt 1 view .LVU78
 359              	.LVL16:
 540:Drivers/STM32F2xx_HAL_Driver/Src/stm32f2xx_hal_flash_ex.c ****     
 360              		.loc 1 540 3 view .LVU79
 543:Drivers/STM32F2xx_HAL_Driver/Src/stm32f2xx_hal_flash_ex.c **** 
 361              		.loc 1 543 3 view .LVU80
 543:Drivers/STM32F2xx_HAL_Driver/Src/stm32f2xx_hal_flash_ex.c **** 
 362              		.loc 1 543 12 is_stmt 0 view .LVU81
 363 0004 4CF25030 		movw	r0, #50000
 364              	.LVL17:
 543:Drivers/STM32F2xx_HAL_Driver/Src/stm32f2xx_hal_flash_ex.c **** 
 365              		.loc 1 543 12 view .LVU82
 366 0008 FFF7FEFF 		bl	FLASH_WaitForLastOperation
 367              	.LVL18:
 545:Drivers/STM32F2xx_HAL_Driver/Src/stm32f2xx_hal_flash_ex.c ****   { 
 368              		.loc 1 545 3 is_stmt 1 view .LVU83
 545:Drivers/STM32F2xx_HAL_Driver/Src/stm32f2xx_hal_flash_ex.c ****   { 
 369              		.loc 1 545 5 is_stmt 0 view .LVU84
 370 000c 08B9     		cbnz	r0, .L32
 547:Drivers/STM32F2xx_HAL_Driver/Src/stm32f2xx_hal_flash_ex.c ****   }
 371              		.loc 1 547 5 is_stmt 1 view .LVU85
 547:Drivers/STM32F2xx_HAL_Driver/Src/stm32f2xx_hal_flash_ex.c ****   }
 372              		.loc 1 547 41 is_stmt 0 view .LVU86
 373 000e 014B     		ldr	r3, .L34
 374 0010 5C75     		strb	r4, [r3, #21]
 375              	.L32:
 550:Drivers/STM32F2xx_HAL_Driver/Src/stm32f2xx_hal_flash_ex.c **** }
 376              		.loc 1 550 3 is_stmt 1 view .LVU87
 551:Drivers/STM32F2xx_HAL_Driver/Src/stm32f2xx_hal_flash_ex.c **** 
 377              		.loc 1 551 1 is_stmt 0 view .LVU88
ARM GAS  /tmp/ccWw9kAG.s 			page 20


 378 0012 10BD     		pop	{r4, pc}
 379              	.LVL19:
 380              	.L35:
 551:Drivers/STM32F2xx_HAL_Driver/Src/stm32f2xx_hal_flash_ex.c **** 
 381              		.loc 1 551 1 view .LVU89
 382              		.align	2
 383              	.L34:
 384 0014 003C0240 		.word	1073888256
 385              		.cfi_endproc
 386              	.LFE81:
 388              		.section	.text.FLASH_OB_UserConfig,"ax",%progbits
 389              		.align	1
 390              		.syntax unified
 391              		.thumb
 392              		.thumb_func
 394              	FLASH_OB_UserConfig:
 395              	.LVL20:
 396              	.LFB82:
 570:Drivers/STM32F2xx_HAL_Driver/Src/stm32f2xx_hal_flash_ex.c ****   uint8_t optiontmp = 0xFF;
 397              		.loc 1 570 1 is_stmt 1 view -0
 398              		.cfi_startproc
 399              		@ args = 0, pretend = 0, frame = 0
 400              		@ frame_needed = 0, uses_anonymous_args = 0
 570:Drivers/STM32F2xx_HAL_Driver/Src/stm32f2xx_hal_flash_ex.c ****   uint8_t optiontmp = 0xFF;
 401              		.loc 1 570 1 is_stmt 0 view .LVU91
 402 0000 F8B5     		push	{r3, r4, r5, r6, r7, lr}
 403              	.LCFI3:
 404              		.cfi_def_cfa_offset 24
 405              		.cfi_offset 3, -24
 406              		.cfi_offset 4, -20
 407              		.cfi_offset 5, -16
 408              		.cfi_offset 6, -12
 409              		.cfi_offset 7, -8
 410              		.cfi_offset 14, -4
 411 0002 0446     		mov	r4, r0
 412 0004 0E46     		mov	r6, r1
 413 0006 1546     		mov	r5, r2
 571:Drivers/STM32F2xx_HAL_Driver/Src/stm32f2xx_hal_flash_ex.c ****   HAL_StatusTypeDef status = HAL_OK;
 414              		.loc 1 571 3 is_stmt 1 view .LVU92
 415              	.LVL21:
 572:Drivers/STM32F2xx_HAL_Driver/Src/stm32f2xx_hal_flash_ex.c **** 
 416              		.loc 1 572 3 view .LVU93
 575:Drivers/STM32F2xx_HAL_Driver/Src/stm32f2xx_hal_flash_ex.c ****   assert_param(IS_OB_STOP_SOURCE(Stop));
 417              		.loc 1 575 3 view .LVU94
 576:Drivers/STM32F2xx_HAL_Driver/Src/stm32f2xx_hal_flash_ex.c ****   assert_param(IS_OB_STDBY_SOURCE(Stdby));
 418              		.loc 1 576 3 view .LVU95
 577:Drivers/STM32F2xx_HAL_Driver/Src/stm32f2xx_hal_flash_ex.c **** 
 419              		.loc 1 577 3 view .LVU96
 580:Drivers/STM32F2xx_HAL_Driver/Src/stm32f2xx_hal_flash_ex.c ****   
 420              		.loc 1 580 3 view .LVU97
 580:Drivers/STM32F2xx_HAL_Driver/Src/stm32f2xx_hal_flash_ex.c ****   
 421              		.loc 1 580 12 is_stmt 0 view .LVU98
 422 0008 4CF25030 		movw	r0, #50000
 423              	.LVL22:
 580:Drivers/STM32F2xx_HAL_Driver/Src/stm32f2xx_hal_flash_ex.c ****   
 424              		.loc 1 580 12 view .LVU99
 425 000c FFF7FEFF 		bl	FLASH_WaitForLastOperation
ARM GAS  /tmp/ccWw9kAG.s 			page 21


 426              	.LVL23:
 582:Drivers/STM32F2xx_HAL_Driver/Src/stm32f2xx_hal_flash_ex.c ****   {     
 427              		.loc 1 582 3 is_stmt 1 view .LVU100
 582:Drivers/STM32F2xx_HAL_Driver/Src/stm32f2xx_hal_flash_ex.c ****   {     
 428              		.loc 1 582 5 is_stmt 0 view .LVU101
 429 0010 48B9     		cbnz	r0, .L37
 585:Drivers/STM32F2xx_HAL_Driver/Src/stm32f2xx_hal_flash_ex.c **** 
 430              		.loc 1 585 5 is_stmt 1 view .LVU102
 585:Drivers/STM32F2xx_HAL_Driver/Src/stm32f2xx_hal_flash_ex.c **** 
 431              		.loc 1 585 67 is_stmt 0 view .LVU103
 432 0012 054F     		ldr	r7, .L39
 433 0014 3B7D     		ldrb	r3, [r7, #20]	@ zero_extendqisi2
 585:Drivers/STM32F2xx_HAL_Driver/Src/stm32f2xx_hal_flash_ex.c **** 
 434              		.loc 1 585 15 view .LVU104
 435 0016 03F01F03 		and	r3, r3, #31
 436              	.LVL24:
 588:Drivers/STM32F2xx_HAL_Driver/Src/stm32f2xx_hal_flash_ex.c ****   }
 437              		.loc 1 588 5 is_stmt 1 view .LVU105
 588:Drivers/STM32F2xx_HAL_Driver/Src/stm32f2xx_hal_flash_ex.c ****   }
 438              		.loc 1 588 69 is_stmt 0 view .LVU106
 439 001a 43EA0601 		orr	r1, r3, r6
 588:Drivers/STM32F2xx_HAL_Driver/Src/stm32f2xx_hal_flash_ex.c ****   }
 440              		.loc 1 588 51 view .LVU107
 441 001e 41EA0502 		orr	r2, r1, r5
 588:Drivers/STM32F2xx_HAL_Driver/Src/stm32f2xx_hal_flash_ex.c ****   }
 442              		.loc 1 588 42 view .LVU108
 443 0022 2243     		orrs	r2, r2, r4
 444 0024 3A75     		strb	r2, [r7, #20]
 445              	.LVL25:
 446              	.L37:
 591:Drivers/STM32F2xx_HAL_Driver/Src/stm32f2xx_hal_flash_ex.c **** }
 447              		.loc 1 591 3 is_stmt 1 view .LVU109
 592:Drivers/STM32F2xx_HAL_Driver/Src/stm32f2xx_hal_flash_ex.c **** 
 448              		.loc 1 592 1 is_stmt 0 view .LVU110
 449 0026 F8BD     		pop	{r3, r4, r5, r6, r7, pc}
 450              	.LVL26:
 451              	.L40:
 592:Drivers/STM32F2xx_HAL_Driver/Src/stm32f2xx_hal_flash_ex.c **** 
 452              		.loc 1 592 1 view .LVU111
 453              		.align	2
 454              	.L39:
 455 0028 003C0240 		.word	1073888256
 456              		.cfi_endproc
 457              	.LFE82:
 459              		.section	.text.HAL_FLASHEx_OBProgram,"ax",%progbits
 460              		.align	1
 461              		.global	HAL_FLASHEx_OBProgram
 462              		.syntax unified
 463              		.thumb
 464              		.thumb_func
 466              	HAL_FLASHEx_OBProgram:
 467              	.LVL27:
 468              	.LFB74:
 255:Drivers/STM32F2xx_HAL_Driver/Src/stm32f2xx_hal_flash_ex.c ****   HAL_StatusTypeDef status = HAL_ERROR;
 469              		.loc 1 255 1 is_stmt 1 view -0
 470              		.cfi_startproc
 471              		@ args = 0, pretend = 0, frame = 0
ARM GAS  /tmp/ccWw9kAG.s 			page 22


 472              		@ frame_needed = 0, uses_anonymous_args = 0
 256:Drivers/STM32F2xx_HAL_Driver/Src/stm32f2xx_hal_flash_ex.c ****   
 473              		.loc 1 256 3 view .LVU113
 259:Drivers/STM32F2xx_HAL_Driver/Src/stm32f2xx_hal_flash_ex.c **** 
 474              		.loc 1 259 3 view .LVU114
 259:Drivers/STM32F2xx_HAL_Driver/Src/stm32f2xx_hal_flash_ex.c **** 
 475              		.loc 1 259 3 view .LVU115
 476 0000 1F4B     		ldr	r3, .L58
 477 0002 1B7E     		ldrb	r3, [r3, #24]	@ zero_extendqisi2
 478 0004 012B     		cmp	r3, #1
 479 0006 38D0     		beq	.L48
 255:Drivers/STM32F2xx_HAL_Driver/Src/stm32f2xx_hal_flash_ex.c ****   HAL_StatusTypeDef status = HAL_ERROR;
 480              		.loc 1 255 1 is_stmt 0 view .LVU116
 481 0008 10B5     		push	{r4, lr}
 482              	.LCFI4:
 483              		.cfi_def_cfa_offset 8
 484              		.cfi_offset 4, -8
 485              		.cfi_offset 14, -4
 486 000a 0446     		mov	r4, r0
 259:Drivers/STM32F2xx_HAL_Driver/Src/stm32f2xx_hal_flash_ex.c **** 
 487              		.loc 1 259 3 is_stmt 1 discriminator 2 view .LVU117
 488 000c 1C4B     		ldr	r3, .L58
 489 000e 0122     		movs	r2, #1
 490 0010 1A76     		strb	r2, [r3, #24]
 259:Drivers/STM32F2xx_HAL_Driver/Src/stm32f2xx_hal_flash_ex.c **** 
 491              		.loc 1 259 3 view .LVU118
 262:Drivers/STM32F2xx_HAL_Driver/Src/stm32f2xx_hal_flash_ex.c **** 
 492              		.loc 1 262 3 view .LVU119
 265:Drivers/STM32F2xx_HAL_Driver/Src/stm32f2xx_hal_flash_ex.c ****   {
 493              		.loc 1 265 3 view .LVU120
 265:Drivers/STM32F2xx_HAL_Driver/Src/stm32f2xx_hal_flash_ex.c ****   {
 494              		.loc 1 265 14 is_stmt 0 view .LVU121
 495 0012 0368     		ldr	r3, [r0]
 265:Drivers/STM32F2xx_HAL_Driver/Src/stm32f2xx_hal_flash_ex.c ****   {
 496              		.loc 1 265 5 view .LVU122
 497 0014 13F0010F 		tst	r3, #1
 498 0018 0CD0     		beq	.L49
 267:Drivers/STM32F2xx_HAL_Driver/Src/stm32f2xx_hal_flash_ex.c ****     if(pOBInit->WRPState == OB_WRPSTATE_ENABLE)
 499              		.loc 1 267 5 is_stmt 1 view .LVU123
 268:Drivers/STM32F2xx_HAL_Driver/Src/stm32f2xx_hal_flash_ex.c ****     {
 500              		.loc 1 268 5 view .LVU124
 268:Drivers/STM32F2xx_HAL_Driver/Src/stm32f2xx_hal_flash_ex.c ****     {
 501              		.loc 1 268 15 is_stmt 0 view .LVU125
 502 001a 4368     		ldr	r3, [r0, #4]
 268:Drivers/STM32F2xx_HAL_Driver/Src/stm32f2xx_hal_flash_ex.c ****     {
 503              		.loc 1 268 7 view .LVU126
 504 001c 9342     		cmp	r3, r2
 505 001e 04D0     		beq	.L54
 276:Drivers/STM32F2xx_HAL_Driver/Src/stm32f2xx_hal_flash_ex.c ****     }
 506              		.loc 1 276 7 is_stmt 1 view .LVU127
 276:Drivers/STM32F2xx_HAL_Driver/Src/stm32f2xx_hal_flash_ex.c ****     }
 507              		.loc 1 276 16 is_stmt 0 view .LVU128
 508 0020 C168     		ldr	r1, [r0, #12]
 509 0022 8068     		ldr	r0, [r0, #8]
 510              	.LVL28:
 276:Drivers/STM32F2xx_HAL_Driver/Src/stm32f2xx_hal_flash_ex.c ****     }
 511              		.loc 1 276 16 view .LVU129
ARM GAS  /tmp/ccWw9kAG.s 			page 23


 512 0024 FFF7FEFF 		bl	FLASH_OB_DisableWRP
 513              	.LVL29:
 276:Drivers/STM32F2xx_HAL_Driver/Src/stm32f2xx_hal_flash_ex.c ****     }
 514              		.loc 1 276 16 view .LVU130
 515 0028 05E0     		b	.L43
 516              	.LVL30:
 517              	.L54:
 271:Drivers/STM32F2xx_HAL_Driver/Src/stm32f2xx_hal_flash_ex.c ****     }
 518              		.loc 1 271 7 is_stmt 1 view .LVU131
 271:Drivers/STM32F2xx_HAL_Driver/Src/stm32f2xx_hal_flash_ex.c ****     }
 519              		.loc 1 271 16 is_stmt 0 view .LVU132
 520 002a C168     		ldr	r1, [r0, #12]
 521 002c 8068     		ldr	r0, [r0, #8]
 522              	.LVL31:
 271:Drivers/STM32F2xx_HAL_Driver/Src/stm32f2xx_hal_flash_ex.c ****     }
 523              		.loc 1 271 16 view .LVU133
 524 002e FFF7FEFF 		bl	FLASH_OB_EnableWRP
 525              	.LVL32:
 271:Drivers/STM32F2xx_HAL_Driver/Src/stm32f2xx_hal_flash_ex.c ****     }
 526              		.loc 1 271 16 view .LVU134
 527 0032 00E0     		b	.L43
 528              	.LVL33:
 529              	.L49:
 256:Drivers/STM32F2xx_HAL_Driver/Src/stm32f2xx_hal_flash_ex.c ****   
 530              		.loc 1 256 21 view .LVU135
 531 0034 0120     		movs	r0, #1
 532              	.LVL34:
 533              	.L43:
 281:Drivers/STM32F2xx_HAL_Driver/Src/stm32f2xx_hal_flash_ex.c ****   {
 534              		.loc 1 281 3 is_stmt 1 view .LVU136
 281:Drivers/STM32F2xx_HAL_Driver/Src/stm32f2xx_hal_flash_ex.c ****   {
 535              		.loc 1 281 14 is_stmt 0 view .LVU137
 536 0036 2368     		ldr	r3, [r4]
 281:Drivers/STM32F2xx_HAL_Driver/Src/stm32f2xx_hal_flash_ex.c ****   {
 537              		.loc 1 281 5 view .LVU138
 538 0038 13F0020F 		tst	r3, #2
 539 003c 0BD1     		bne	.L55
 540              	.LVL35:
 541              	.L45:
 287:Drivers/STM32F2xx_HAL_Driver/Src/stm32f2xx_hal_flash_ex.c ****   {
 542              		.loc 1 287 3 is_stmt 1 view .LVU139
 287:Drivers/STM32F2xx_HAL_Driver/Src/stm32f2xx_hal_flash_ex.c ****   {
 543              		.loc 1 287 14 is_stmt 0 view .LVU140
 544 003e 2368     		ldr	r3, [r4]
 287:Drivers/STM32F2xx_HAL_Driver/Src/stm32f2xx_hal_flash_ex.c ****   {
 545              		.loc 1 287 5 view .LVU141
 546 0040 13F0040F 		tst	r3, #4
 547 0044 0BD1     		bne	.L56
 548              	.LVL36:
 549              	.L46:
 295:Drivers/STM32F2xx_HAL_Driver/Src/stm32f2xx_hal_flash_ex.c ****   {
 550              		.loc 1 295 3 is_stmt 1 view .LVU142
 295:Drivers/STM32F2xx_HAL_Driver/Src/stm32f2xx_hal_flash_ex.c ****   {
 551              		.loc 1 295 14 is_stmt 0 view .LVU143
 552 0046 2368     		ldr	r3, [r4]
 295:Drivers/STM32F2xx_HAL_Driver/Src/stm32f2xx_hal_flash_ex.c ****   {
 553              		.loc 1 295 5 view .LVU144
ARM GAS  /tmp/ccWw9kAG.s 			page 24


 554 0048 13F0080F 		tst	r3, #8
 555 004c 11D1     		bne	.L57
 556              	.LVL37:
 557              	.L47:
 301:Drivers/STM32F2xx_HAL_Driver/Src/stm32f2xx_hal_flash_ex.c **** 
 558              		.loc 1 301 3 is_stmt 1 view .LVU145
 301:Drivers/STM32F2xx_HAL_Driver/Src/stm32f2xx_hal_flash_ex.c **** 
 559              		.loc 1 301 3 view .LVU146
 560 004e 0C4B     		ldr	r3, .L58
 561 0050 0022     		movs	r2, #0
 562 0052 1A76     		strb	r2, [r3, #24]
 301:Drivers/STM32F2xx_HAL_Driver/Src/stm32f2xx_hal_flash_ex.c **** 
 563              		.loc 1 301 3 view .LVU147
 303:Drivers/STM32F2xx_HAL_Driver/Src/stm32f2xx_hal_flash_ex.c **** }
 564              		.loc 1 303 3 view .LVU148
 304:Drivers/STM32F2xx_HAL_Driver/Src/stm32f2xx_hal_flash_ex.c **** 
 565              		.loc 1 304 1 is_stmt 0 view .LVU149
 566 0054 10BD     		pop	{r4, pc}
 567              	.LVL38:
 568              	.L55:
 283:Drivers/STM32F2xx_HAL_Driver/Src/stm32f2xx_hal_flash_ex.c ****   }
 569              		.loc 1 283 5 is_stmt 1 view .LVU150
 283:Drivers/STM32F2xx_HAL_Driver/Src/stm32f2xx_hal_flash_ex.c ****   }
 570              		.loc 1 283 14 is_stmt 0 view .LVU151
 571 0056 207C     		ldrb	r0, [r4, #16]	@ zero_extendqisi2
 572              	.LVL39:
 283:Drivers/STM32F2xx_HAL_Driver/Src/stm32f2xx_hal_flash_ex.c ****   }
 573              		.loc 1 283 14 view .LVU152
 574 0058 FFF7FEFF 		bl	FLASH_OB_RDP_LevelConfig
 575              	.LVL40:
 576 005c EFE7     		b	.L45
 577              	.LVL41:
 578              	.L56:
 289:Drivers/STM32F2xx_HAL_Driver/Src/stm32f2xx_hal_flash_ex.c ****                                      pOBInit->USERConfig&OB_STOP_NO_RST,
 579              		.loc 1 289 5 is_stmt 1 view .LVU153
 289:Drivers/STM32F2xx_HAL_Driver/Src/stm32f2xx_hal_flash_ex.c ****                                      pOBInit->USERConfig&OB_STOP_NO_RST,
 580              		.loc 1 289 41 is_stmt 0 view .LVU154
 581 005e 207E     		ldrb	r0, [r4, #24]	@ zero_extendqisi2
 582              	.LVL42:
 289:Drivers/STM32F2xx_HAL_Driver/Src/stm32f2xx_hal_flash_ex.c ****                                      pOBInit->USERConfig&OB_STOP_NO_RST,
 583              		.loc 1 289 14 view .LVU155
 584 0060 00F08002 		and	r2, r0, #128
 585 0064 00F04001 		and	r1, r0, #64
 586 0068 00F02000 		and	r0, r0, #32
 587 006c FFF7FEFF 		bl	FLASH_OB_UserConfig
 588              	.LVL43:
 589 0070 E9E7     		b	.L46
 590              	.LVL44:
 591              	.L57:
 297:Drivers/STM32F2xx_HAL_Driver/Src/stm32f2xx_hal_flash_ex.c ****   }
 592              		.loc 1 297 5 is_stmt 1 view .LVU156
 297:Drivers/STM32F2xx_HAL_Driver/Src/stm32f2xx_hal_flash_ex.c ****   }
 593              		.loc 1 297 14 is_stmt 0 view .LVU157
 594 0072 207D     		ldrb	r0, [r4, #20]	@ zero_extendqisi2
 595              	.LVL45:
 297:Drivers/STM32F2xx_HAL_Driver/Src/stm32f2xx_hal_flash_ex.c ****   }
 596              		.loc 1 297 14 view .LVU158
ARM GAS  /tmp/ccWw9kAG.s 			page 25


 597 0074 FFF7FEFF 		bl	FLASH_OB_BOR_LevelConfig
 598              	.LVL46:
 599 0078 E9E7     		b	.L47
 600              	.LVL47:
 601              	.L48:
 602              	.LCFI5:
 603              		.cfi_def_cfa_offset 0
 604              		.cfi_restore 4
 605              		.cfi_restore 14
 259:Drivers/STM32F2xx_HAL_Driver/Src/stm32f2xx_hal_flash_ex.c **** 
 606              		.loc 1 259 3 discriminator 1 view .LVU159
 607 007a 0220     		movs	r0, #2
 608              	.LVL48:
 304:Drivers/STM32F2xx_HAL_Driver/Src/stm32f2xx_hal_flash_ex.c **** 
 609              		.loc 1 304 1 view .LVU160
 610 007c 7047     		bx	lr
 611              	.L59:
 612 007e 00BF     		.align	2
 613              	.L58:
 614 0080 00000000 		.word	pFlash
 615              		.cfi_endproc
 616              	.LFE74:
 618              		.section	.text.HAL_FLASHEx_OBGetConfig,"ax",%progbits
 619              		.align	1
 620              		.global	HAL_FLASHEx_OBGetConfig
 621              		.syntax unified
 622              		.thumb
 623              		.thumb_func
 625              	HAL_FLASHEx_OBGetConfig:
 626              	.LVL49:
 627              	.LFB75:
 314:Drivers/STM32F2xx_HAL_Driver/Src/stm32f2xx_hal_flash_ex.c ****   pOBInit->OptionType = OPTIONBYTE_WRP | OPTIONBYTE_RDP | OPTIONBYTE_USER | OPTIONBYTE_BOR;
 628              		.loc 1 314 1 is_stmt 1 view -0
 629              		.cfi_startproc
 630              		@ args = 0, pretend = 0, frame = 0
 631              		@ frame_needed = 0, uses_anonymous_args = 0
 314:Drivers/STM32F2xx_HAL_Driver/Src/stm32f2xx_hal_flash_ex.c ****   pOBInit->OptionType = OPTIONBYTE_WRP | OPTIONBYTE_RDP | OPTIONBYTE_USER | OPTIONBYTE_BOR;
 632              		.loc 1 314 1 is_stmt 0 view .LVU162
 633 0000 10B5     		push	{r4, lr}
 634              	.LCFI6:
 635              		.cfi_def_cfa_offset 8
 636              		.cfi_offset 4, -8
 637              		.cfi_offset 14, -4
 638 0002 0446     		mov	r4, r0
 315:Drivers/STM32F2xx_HAL_Driver/Src/stm32f2xx_hal_flash_ex.c **** 
 639              		.loc 1 315 3 is_stmt 1 view .LVU163
 315:Drivers/STM32F2xx_HAL_Driver/Src/stm32f2xx_hal_flash_ex.c **** 
 640              		.loc 1 315 23 is_stmt 0 view .LVU164
 641 0004 0F23     		movs	r3, #15
 642 0006 0360     		str	r3, [r0]
 318:Drivers/STM32F2xx_HAL_Driver/Src/stm32f2xx_hal_flash_ex.c **** 
 643              		.loc 1 318 3 is_stmt 1 view .LVU165
 318:Drivers/STM32F2xx_HAL_Driver/Src/stm32f2xx_hal_flash_ex.c **** 
 644              		.loc 1 318 34 is_stmt 0 view .LVU166
 645 0008 FFF7FEFF 		bl	FLASH_OB_GetWRP
 646              	.LVL50:
 318:Drivers/STM32F2xx_HAL_Driver/Src/stm32f2xx_hal_flash_ex.c **** 
ARM GAS  /tmp/ccWw9kAG.s 			page 26


 647              		.loc 1 318 22 discriminator 1 view .LVU167
 648 000c A060     		str	r0, [r4, #8]
 321:Drivers/STM32F2xx_HAL_Driver/Src/stm32f2xx_hal_flash_ex.c **** 
 649              		.loc 1 321 3 is_stmt 1 view .LVU168
 321:Drivers/STM32F2xx_HAL_Driver/Src/stm32f2xx_hal_flash_ex.c **** 
 650              		.loc 1 321 33 is_stmt 0 view .LVU169
 651 000e FFF7FEFF 		bl	FLASH_OB_GetRDP
 652              	.LVL51:
 321:Drivers/STM32F2xx_HAL_Driver/Src/stm32f2xx_hal_flash_ex.c **** 
 653              		.loc 1 321 21 discriminator 1 view .LVU170
 654 0012 2061     		str	r0, [r4, #16]
 324:Drivers/STM32F2xx_HAL_Driver/Src/stm32f2xx_hal_flash_ex.c **** 
 655              		.loc 1 324 3 is_stmt 1 view .LVU171
 324:Drivers/STM32F2xx_HAL_Driver/Src/stm32f2xx_hal_flash_ex.c **** 
 656              		.loc 1 324 34 is_stmt 0 view .LVU172
 657 0014 FFF7FEFF 		bl	FLASH_OB_GetUser
 658              	.LVL52:
 324:Drivers/STM32F2xx_HAL_Driver/Src/stm32f2xx_hal_flash_ex.c **** 
 659              		.loc 1 324 23 discriminator 1 view .LVU173
 660 0018 2076     		strb	r0, [r4, #24]
 327:Drivers/STM32F2xx_HAL_Driver/Src/stm32f2xx_hal_flash_ex.c **** }
 661              		.loc 1 327 3 is_stmt 1 view .LVU174
 327:Drivers/STM32F2xx_HAL_Driver/Src/stm32f2xx_hal_flash_ex.c **** }
 662              		.loc 1 327 33 is_stmt 0 view .LVU175
 663 001a FFF7FEFF 		bl	FLASH_OB_GetBOR
 664              	.LVL53:
 327:Drivers/STM32F2xx_HAL_Driver/Src/stm32f2xx_hal_flash_ex.c **** }
 665              		.loc 1 327 21 discriminator 1 view .LVU176
 666 001e 6061     		str	r0, [r4, #20]
 328:Drivers/STM32F2xx_HAL_Driver/Src/stm32f2xx_hal_flash_ex.c **** 
 667              		.loc 1 328 1 view .LVU177
 668 0020 10BD     		pop	{r4, pc}
 328:Drivers/STM32F2xx_HAL_Driver/Src/stm32f2xx_hal_flash_ex.c **** 
 669              		.loc 1 328 1 view .LVU178
 670              		.cfi_endproc
 671              	.LFE75:
 673              		.section	.text.FLASH_Erase_Sector,"ax",%progbits
 674              		.align	1
 675              		.global	FLASH_Erase_Sector
 676              		.syntax unified
 677              		.thumb
 678              		.thumb_func
 680              	FLASH_Erase_Sector:
 681              	.LVL54:
 682              	.LFB76:
 352:Drivers/STM32F2xx_HAL_Driver/Src/stm32f2xx_hal_flash_ex.c ****   uint32_t tmp_psize = 0U;
 683              		.loc 1 352 1 is_stmt 1 view -0
 684              		.cfi_startproc
 685              		@ args = 0, pretend = 0, frame = 0
 686              		@ frame_needed = 0, uses_anonymous_args = 0
 687              		@ link register save eliminated.
 353:Drivers/STM32F2xx_HAL_Driver/Src/stm32f2xx_hal_flash_ex.c **** 
 688              		.loc 1 353 3 view .LVU180
 356:Drivers/STM32F2xx_HAL_Driver/Src/stm32f2xx_hal_flash_ex.c ****   assert_param(IS_VOLTAGERANGE(VoltageRange));
 689              		.loc 1 356 3 view .LVU181
 357:Drivers/STM32F2xx_HAL_Driver/Src/stm32f2xx_hal_flash_ex.c ****   
 690              		.loc 1 357 3 view .LVU182
ARM GAS  /tmp/ccWw9kAG.s 			page 27


 359:Drivers/STM32F2xx_HAL_Driver/Src/stm32f2xx_hal_flash_ex.c ****   {
 691              		.loc 1 359 3 view .LVU183
 692 0000 0129     		cmp	r1, #1
 693 0002 05D0     		beq	.L64
 694 0004 0229     		cmp	r1, #2
 695 0006 06D0     		beq	.L65
 696 0008 39B1     		cbz	r1, .L63
 352:Drivers/STM32F2xx_HAL_Driver/Src/stm32f2xx_hal_flash_ex.c ****   uint32_t tmp_psize = 0U;
 697              		.loc 1 352 1 is_stmt 0 view .LVU184
 698 000a 4FF44071 		mov	r1, #768
 699              	.LVL55:
 352:Drivers/STM32F2xx_HAL_Driver/Src/stm32f2xx_hal_flash_ex.c ****   uint32_t tmp_psize = 0U;
 700              		.loc 1 352 1 view .LVU185
 701 000e 04E0     		b	.L63
 702              	.LVL56:
 703              	.L64:
 352:Drivers/STM32F2xx_HAL_Driver/Src/stm32f2xx_hal_flash_ex.c ****   uint32_t tmp_psize = 0U;
 704              		.loc 1 352 1 view .LVU186
 705 0010 4FF48071 		mov	r1, #256
 706              	.LVL57:
 352:Drivers/STM32F2xx_HAL_Driver/Src/stm32f2xx_hal_flash_ex.c ****   uint32_t tmp_psize = 0U;
 707              		.loc 1 352 1 view .LVU187
 708 0014 01E0     		b	.L63
 709              	.LVL58:
 710              	.L65:
 352:Drivers/STM32F2xx_HAL_Driver/Src/stm32f2xx_hal_flash_ex.c ****   uint32_t tmp_psize = 0U;
 711              		.loc 1 352 1 view .LVU188
 712 0016 4FF40071 		mov	r1, #512
 713              	.LVL59:
 714              	.L63:
 377:Drivers/STM32F2xx_HAL_Driver/Src/stm32f2xx_hal_flash_ex.c ****   FLASH->CR |= tmp_psize;
 715              		.loc 1 377 3 is_stmt 1 view .LVU189
 716 001a 0E4B     		ldr	r3, .L67
 717 001c 1A69     		ldr	r2, [r3, #16]
 718 001e 22F44072 		bic	r2, r2, #768
 719 0022 1A61     		str	r2, [r3, #16]
 378:Drivers/STM32F2xx_HAL_Driver/Src/stm32f2xx_hal_flash_ex.c ****   CLEAR_BIT(FLASH->CR, FLASH_CR_SNB);
 720              		.loc 1 378 3 view .LVU190
 378:Drivers/STM32F2xx_HAL_Driver/Src/stm32f2xx_hal_flash_ex.c ****   CLEAR_BIT(FLASH->CR, FLASH_CR_SNB);
 721              		.loc 1 378 8 is_stmt 0 view .LVU191
 722 0024 1A69     		ldr	r2, [r3, #16]
 378:Drivers/STM32F2xx_HAL_Driver/Src/stm32f2xx_hal_flash_ex.c ****   CLEAR_BIT(FLASH->CR, FLASH_CR_SNB);
 723              		.loc 1 378 13 view .LVU192
 724 0026 0A43     		orrs	r2, r2, r1
 725 0028 1A61     		str	r2, [r3, #16]
 379:Drivers/STM32F2xx_HAL_Driver/Src/stm32f2xx_hal_flash_ex.c ****   FLASH->CR |= FLASH_CR_SER | (Sector << POSITION_VAL(FLASH_CR_SNB));
 726              		.loc 1 379 3 is_stmt 1 view .LVU193
 727 002a 1A69     		ldr	r2, [r3, #16]
 728 002c 22F0F802 		bic	r2, r2, #248
 729 0030 1A61     		str	r2, [r3, #16]
 380:Drivers/STM32F2xx_HAL_Driver/Src/stm32f2xx_hal_flash_ex.c ****   FLASH->CR |= FLASH_CR_STRT;
 730              		.loc 1 380 3 view .LVU194
 731              	.LVL60:
 732              	.LBB4:
 733              	.LBI4:
 734              		.file 2 "Drivers/CMSIS/Include/cmsis_gcc.h"
   1:Drivers/CMSIS/Include/cmsis_gcc.h **** /**************************************************************************//**
ARM GAS  /tmp/ccWw9kAG.s 			page 28


   2:Drivers/CMSIS/Include/cmsis_gcc.h ****  * @file     cmsis_gcc.h
   3:Drivers/CMSIS/Include/cmsis_gcc.h ****  * @brief    CMSIS compiler GCC header file
   4:Drivers/CMSIS/Include/cmsis_gcc.h ****  * @version  V5.0.4
   5:Drivers/CMSIS/Include/cmsis_gcc.h ****  * @date     09. April 2018
   6:Drivers/CMSIS/Include/cmsis_gcc.h ****  ******************************************************************************/
   7:Drivers/CMSIS/Include/cmsis_gcc.h **** /*
   8:Drivers/CMSIS/Include/cmsis_gcc.h ****  * Copyright (c) 2009-2018 Arm Limited. All rights reserved.
   9:Drivers/CMSIS/Include/cmsis_gcc.h ****  *
  10:Drivers/CMSIS/Include/cmsis_gcc.h ****  * SPDX-License-Identifier: Apache-2.0
  11:Drivers/CMSIS/Include/cmsis_gcc.h ****  *
  12:Drivers/CMSIS/Include/cmsis_gcc.h ****  * Licensed under the Apache License, Version 2.0 (the License); you may
  13:Drivers/CMSIS/Include/cmsis_gcc.h ****  * not use this file except in compliance with the License.
  14:Drivers/CMSIS/Include/cmsis_gcc.h ****  * You may obtain a copy of the License at
  15:Drivers/CMSIS/Include/cmsis_gcc.h ****  *
  16:Drivers/CMSIS/Include/cmsis_gcc.h ****  * www.apache.org/licenses/LICENSE-2.0
  17:Drivers/CMSIS/Include/cmsis_gcc.h ****  *
  18:Drivers/CMSIS/Include/cmsis_gcc.h ****  * Unless required by applicable law or agreed to in writing, software
  19:Drivers/CMSIS/Include/cmsis_gcc.h ****  * distributed under the License is distributed on an AS IS BASIS, WITHOUT
  20:Drivers/CMSIS/Include/cmsis_gcc.h ****  * WARRANTIES OR CONDITIONS OF ANY KIND, either express or implied.
  21:Drivers/CMSIS/Include/cmsis_gcc.h ****  * See the License for the specific language governing permissions and
  22:Drivers/CMSIS/Include/cmsis_gcc.h ****  * limitations under the License.
  23:Drivers/CMSIS/Include/cmsis_gcc.h ****  */
  24:Drivers/CMSIS/Include/cmsis_gcc.h **** 
  25:Drivers/CMSIS/Include/cmsis_gcc.h **** #ifndef __CMSIS_GCC_H
  26:Drivers/CMSIS/Include/cmsis_gcc.h **** #define __CMSIS_GCC_H
  27:Drivers/CMSIS/Include/cmsis_gcc.h **** 
  28:Drivers/CMSIS/Include/cmsis_gcc.h **** /* ignore some GCC warnings */
  29:Drivers/CMSIS/Include/cmsis_gcc.h **** #pragma GCC diagnostic push
  30:Drivers/CMSIS/Include/cmsis_gcc.h **** #pragma GCC diagnostic ignored "-Wsign-conversion"
  31:Drivers/CMSIS/Include/cmsis_gcc.h **** #pragma GCC diagnostic ignored "-Wconversion"
  32:Drivers/CMSIS/Include/cmsis_gcc.h **** #pragma GCC diagnostic ignored "-Wunused-parameter"
  33:Drivers/CMSIS/Include/cmsis_gcc.h **** 
  34:Drivers/CMSIS/Include/cmsis_gcc.h **** /* Fallback for __has_builtin */
  35:Drivers/CMSIS/Include/cmsis_gcc.h **** #ifndef __has_builtin
  36:Drivers/CMSIS/Include/cmsis_gcc.h ****   #define __has_builtin(x) (0)
  37:Drivers/CMSIS/Include/cmsis_gcc.h **** #endif
  38:Drivers/CMSIS/Include/cmsis_gcc.h **** 
  39:Drivers/CMSIS/Include/cmsis_gcc.h **** /* CMSIS compiler specific defines */
  40:Drivers/CMSIS/Include/cmsis_gcc.h **** #ifndef   __ASM
  41:Drivers/CMSIS/Include/cmsis_gcc.h ****   #define __ASM                                  __asm
  42:Drivers/CMSIS/Include/cmsis_gcc.h **** #endif
  43:Drivers/CMSIS/Include/cmsis_gcc.h **** #ifndef   __INLINE
  44:Drivers/CMSIS/Include/cmsis_gcc.h ****   #define __INLINE                               inline
  45:Drivers/CMSIS/Include/cmsis_gcc.h **** #endif
  46:Drivers/CMSIS/Include/cmsis_gcc.h **** #ifndef   __STATIC_INLINE
  47:Drivers/CMSIS/Include/cmsis_gcc.h ****   #define __STATIC_INLINE                        static inline
  48:Drivers/CMSIS/Include/cmsis_gcc.h **** #endif
  49:Drivers/CMSIS/Include/cmsis_gcc.h **** #ifndef   __STATIC_FORCEINLINE                 
  50:Drivers/CMSIS/Include/cmsis_gcc.h ****   #define __STATIC_FORCEINLINE                   __attribute__((always_inline)) static inline
  51:Drivers/CMSIS/Include/cmsis_gcc.h **** #endif                                           
  52:Drivers/CMSIS/Include/cmsis_gcc.h **** #ifndef   __NO_RETURN
  53:Drivers/CMSIS/Include/cmsis_gcc.h ****   #define __NO_RETURN                            __attribute__((__noreturn__))
  54:Drivers/CMSIS/Include/cmsis_gcc.h **** #endif
  55:Drivers/CMSIS/Include/cmsis_gcc.h **** #ifndef   __USED
  56:Drivers/CMSIS/Include/cmsis_gcc.h ****   #define __USED                                 __attribute__((used))
  57:Drivers/CMSIS/Include/cmsis_gcc.h **** #endif
  58:Drivers/CMSIS/Include/cmsis_gcc.h **** #ifndef   __WEAK
ARM GAS  /tmp/ccWw9kAG.s 			page 29


  59:Drivers/CMSIS/Include/cmsis_gcc.h ****   #define __WEAK                                 __attribute__((weak))
  60:Drivers/CMSIS/Include/cmsis_gcc.h **** #endif
  61:Drivers/CMSIS/Include/cmsis_gcc.h **** #ifndef   __PACKED
  62:Drivers/CMSIS/Include/cmsis_gcc.h ****   #define __PACKED                               __attribute__((packed, aligned(1)))
  63:Drivers/CMSIS/Include/cmsis_gcc.h **** #endif
  64:Drivers/CMSIS/Include/cmsis_gcc.h **** #ifndef   __PACKED_STRUCT
  65:Drivers/CMSIS/Include/cmsis_gcc.h ****   #define __PACKED_STRUCT                        struct __attribute__((packed, aligned(1)))
  66:Drivers/CMSIS/Include/cmsis_gcc.h **** #endif
  67:Drivers/CMSIS/Include/cmsis_gcc.h **** #ifndef   __PACKED_UNION
  68:Drivers/CMSIS/Include/cmsis_gcc.h ****   #define __PACKED_UNION                         union __attribute__((packed, aligned(1)))
  69:Drivers/CMSIS/Include/cmsis_gcc.h **** #endif
  70:Drivers/CMSIS/Include/cmsis_gcc.h **** #ifndef   __UNALIGNED_UINT32        /* deprecated */
  71:Drivers/CMSIS/Include/cmsis_gcc.h ****   #pragma GCC diagnostic push
  72:Drivers/CMSIS/Include/cmsis_gcc.h ****   #pragma GCC diagnostic ignored "-Wpacked"
  73:Drivers/CMSIS/Include/cmsis_gcc.h ****   #pragma GCC diagnostic ignored "-Wattributes"
  74:Drivers/CMSIS/Include/cmsis_gcc.h ****   struct __attribute__((packed)) T_UINT32 { uint32_t v; };
  75:Drivers/CMSIS/Include/cmsis_gcc.h ****   #pragma GCC diagnostic pop
  76:Drivers/CMSIS/Include/cmsis_gcc.h ****   #define __UNALIGNED_UINT32(x)                  (((struct T_UINT32 *)(x))->v)
  77:Drivers/CMSIS/Include/cmsis_gcc.h **** #endif
  78:Drivers/CMSIS/Include/cmsis_gcc.h **** #ifndef   __UNALIGNED_UINT16_WRITE
  79:Drivers/CMSIS/Include/cmsis_gcc.h ****   #pragma GCC diagnostic push
  80:Drivers/CMSIS/Include/cmsis_gcc.h ****   #pragma GCC diagnostic ignored "-Wpacked"
  81:Drivers/CMSIS/Include/cmsis_gcc.h ****   #pragma GCC diagnostic ignored "-Wattributes"
  82:Drivers/CMSIS/Include/cmsis_gcc.h ****   __PACKED_STRUCT T_UINT16_WRITE { uint16_t v; };
  83:Drivers/CMSIS/Include/cmsis_gcc.h ****   #pragma GCC diagnostic pop
  84:Drivers/CMSIS/Include/cmsis_gcc.h ****   #define __UNALIGNED_UINT16_WRITE(addr, val)    (void)((((struct T_UINT16_WRITE *)(void *)(addr))-
  85:Drivers/CMSIS/Include/cmsis_gcc.h **** #endif
  86:Drivers/CMSIS/Include/cmsis_gcc.h **** #ifndef   __UNALIGNED_UINT16_READ
  87:Drivers/CMSIS/Include/cmsis_gcc.h ****   #pragma GCC diagnostic push
  88:Drivers/CMSIS/Include/cmsis_gcc.h ****   #pragma GCC diagnostic ignored "-Wpacked"
  89:Drivers/CMSIS/Include/cmsis_gcc.h ****   #pragma GCC diagnostic ignored "-Wattributes"
  90:Drivers/CMSIS/Include/cmsis_gcc.h ****   __PACKED_STRUCT T_UINT16_READ { uint16_t v; };
  91:Drivers/CMSIS/Include/cmsis_gcc.h ****   #pragma GCC diagnostic pop
  92:Drivers/CMSIS/Include/cmsis_gcc.h ****   #define __UNALIGNED_UINT16_READ(addr)          (((const struct T_UINT16_READ *)(const void *)(add
  93:Drivers/CMSIS/Include/cmsis_gcc.h **** #endif
  94:Drivers/CMSIS/Include/cmsis_gcc.h **** #ifndef   __UNALIGNED_UINT32_WRITE
  95:Drivers/CMSIS/Include/cmsis_gcc.h ****   #pragma GCC diagnostic push
  96:Drivers/CMSIS/Include/cmsis_gcc.h ****   #pragma GCC diagnostic ignored "-Wpacked"
  97:Drivers/CMSIS/Include/cmsis_gcc.h ****   #pragma GCC diagnostic ignored "-Wattributes"
  98:Drivers/CMSIS/Include/cmsis_gcc.h ****   __PACKED_STRUCT T_UINT32_WRITE { uint32_t v; };
  99:Drivers/CMSIS/Include/cmsis_gcc.h ****   #pragma GCC diagnostic pop
 100:Drivers/CMSIS/Include/cmsis_gcc.h ****   #define __UNALIGNED_UINT32_WRITE(addr, val)    (void)((((struct T_UINT32_WRITE *)(void *)(addr))-
 101:Drivers/CMSIS/Include/cmsis_gcc.h **** #endif
 102:Drivers/CMSIS/Include/cmsis_gcc.h **** #ifndef   __UNALIGNED_UINT32_READ
 103:Drivers/CMSIS/Include/cmsis_gcc.h ****   #pragma GCC diagnostic push
 104:Drivers/CMSIS/Include/cmsis_gcc.h ****   #pragma GCC diagnostic ignored "-Wpacked"
 105:Drivers/CMSIS/Include/cmsis_gcc.h ****   #pragma GCC diagnostic ignored "-Wattributes"
 106:Drivers/CMSIS/Include/cmsis_gcc.h ****   __PACKED_STRUCT T_UINT32_READ { uint32_t v; };
 107:Drivers/CMSIS/Include/cmsis_gcc.h ****   #pragma GCC diagnostic pop
 108:Drivers/CMSIS/Include/cmsis_gcc.h ****   #define __UNALIGNED_UINT32_READ(addr)          (((const struct T_UINT32_READ *)(const void *)(add
 109:Drivers/CMSIS/Include/cmsis_gcc.h **** #endif
 110:Drivers/CMSIS/Include/cmsis_gcc.h **** #ifndef   __ALIGNED
 111:Drivers/CMSIS/Include/cmsis_gcc.h ****   #define __ALIGNED(x)                           __attribute__((aligned(x)))
 112:Drivers/CMSIS/Include/cmsis_gcc.h **** #endif
 113:Drivers/CMSIS/Include/cmsis_gcc.h **** #ifndef   __RESTRICT
 114:Drivers/CMSIS/Include/cmsis_gcc.h ****   #define __RESTRICT                             __restrict
 115:Drivers/CMSIS/Include/cmsis_gcc.h **** #endif
ARM GAS  /tmp/ccWw9kAG.s 			page 30


 116:Drivers/CMSIS/Include/cmsis_gcc.h **** 
 117:Drivers/CMSIS/Include/cmsis_gcc.h **** 
 118:Drivers/CMSIS/Include/cmsis_gcc.h **** /* ###########################  Core Function Access  ########################### */
 119:Drivers/CMSIS/Include/cmsis_gcc.h **** /** \ingroup  CMSIS_Core_FunctionInterface
 120:Drivers/CMSIS/Include/cmsis_gcc.h ****     \defgroup CMSIS_Core_RegAccFunctions CMSIS Core Register Access Functions
 121:Drivers/CMSIS/Include/cmsis_gcc.h ****   @{
 122:Drivers/CMSIS/Include/cmsis_gcc.h ****  */
 123:Drivers/CMSIS/Include/cmsis_gcc.h **** 
 124:Drivers/CMSIS/Include/cmsis_gcc.h **** /**
 125:Drivers/CMSIS/Include/cmsis_gcc.h ****   \brief   Enable IRQ Interrupts
 126:Drivers/CMSIS/Include/cmsis_gcc.h ****   \details Enables IRQ interrupts by clearing the I-bit in the CPSR.
 127:Drivers/CMSIS/Include/cmsis_gcc.h ****            Can only be executed in Privileged modes.
 128:Drivers/CMSIS/Include/cmsis_gcc.h ****  */
 129:Drivers/CMSIS/Include/cmsis_gcc.h **** __STATIC_FORCEINLINE void __enable_irq(void)
 130:Drivers/CMSIS/Include/cmsis_gcc.h **** {
 131:Drivers/CMSIS/Include/cmsis_gcc.h ****   __ASM volatile ("cpsie i" : : : "memory");
 132:Drivers/CMSIS/Include/cmsis_gcc.h **** }
 133:Drivers/CMSIS/Include/cmsis_gcc.h **** 
 134:Drivers/CMSIS/Include/cmsis_gcc.h **** 
 135:Drivers/CMSIS/Include/cmsis_gcc.h **** /**
 136:Drivers/CMSIS/Include/cmsis_gcc.h ****   \brief   Disable IRQ Interrupts
 137:Drivers/CMSIS/Include/cmsis_gcc.h ****   \details Disables IRQ interrupts by setting the I-bit in the CPSR.
 138:Drivers/CMSIS/Include/cmsis_gcc.h ****            Can only be executed in Privileged modes.
 139:Drivers/CMSIS/Include/cmsis_gcc.h ****  */
 140:Drivers/CMSIS/Include/cmsis_gcc.h **** __STATIC_FORCEINLINE void __disable_irq(void)
 141:Drivers/CMSIS/Include/cmsis_gcc.h **** {
 142:Drivers/CMSIS/Include/cmsis_gcc.h ****   __ASM volatile ("cpsid i" : : : "memory");
 143:Drivers/CMSIS/Include/cmsis_gcc.h **** }
 144:Drivers/CMSIS/Include/cmsis_gcc.h **** 
 145:Drivers/CMSIS/Include/cmsis_gcc.h **** 
 146:Drivers/CMSIS/Include/cmsis_gcc.h **** /**
 147:Drivers/CMSIS/Include/cmsis_gcc.h ****   \brief   Get Control Register
 148:Drivers/CMSIS/Include/cmsis_gcc.h ****   \details Returns the content of the Control Register.
 149:Drivers/CMSIS/Include/cmsis_gcc.h ****   \return               Control Register value
 150:Drivers/CMSIS/Include/cmsis_gcc.h ****  */
 151:Drivers/CMSIS/Include/cmsis_gcc.h **** __STATIC_FORCEINLINE uint32_t __get_CONTROL(void)
 152:Drivers/CMSIS/Include/cmsis_gcc.h **** {
 153:Drivers/CMSIS/Include/cmsis_gcc.h ****   uint32_t result;
 154:Drivers/CMSIS/Include/cmsis_gcc.h **** 
 155:Drivers/CMSIS/Include/cmsis_gcc.h ****   __ASM volatile ("MRS %0, control" : "=r" (result) );
 156:Drivers/CMSIS/Include/cmsis_gcc.h ****   return(result);
 157:Drivers/CMSIS/Include/cmsis_gcc.h **** }
 158:Drivers/CMSIS/Include/cmsis_gcc.h **** 
 159:Drivers/CMSIS/Include/cmsis_gcc.h **** 
 160:Drivers/CMSIS/Include/cmsis_gcc.h **** #if (defined (__ARM_FEATURE_CMSE ) && (__ARM_FEATURE_CMSE == 3))
 161:Drivers/CMSIS/Include/cmsis_gcc.h **** /**
 162:Drivers/CMSIS/Include/cmsis_gcc.h ****   \brief   Get Control Register (non-secure)
 163:Drivers/CMSIS/Include/cmsis_gcc.h ****   \details Returns the content of the non-secure Control Register when in secure mode.
 164:Drivers/CMSIS/Include/cmsis_gcc.h ****   \return               non-secure Control Register value
 165:Drivers/CMSIS/Include/cmsis_gcc.h ****  */
 166:Drivers/CMSIS/Include/cmsis_gcc.h **** __STATIC_FORCEINLINE uint32_t __TZ_get_CONTROL_NS(void)
 167:Drivers/CMSIS/Include/cmsis_gcc.h **** {
 168:Drivers/CMSIS/Include/cmsis_gcc.h ****   uint32_t result;
 169:Drivers/CMSIS/Include/cmsis_gcc.h **** 
 170:Drivers/CMSIS/Include/cmsis_gcc.h ****   __ASM volatile ("MRS %0, control_ns" : "=r" (result) );
 171:Drivers/CMSIS/Include/cmsis_gcc.h ****   return(result);
 172:Drivers/CMSIS/Include/cmsis_gcc.h **** }
ARM GAS  /tmp/ccWw9kAG.s 			page 31


 173:Drivers/CMSIS/Include/cmsis_gcc.h **** #endif
 174:Drivers/CMSIS/Include/cmsis_gcc.h **** 
 175:Drivers/CMSIS/Include/cmsis_gcc.h **** 
 176:Drivers/CMSIS/Include/cmsis_gcc.h **** /**
 177:Drivers/CMSIS/Include/cmsis_gcc.h ****   \brief   Set Control Register
 178:Drivers/CMSIS/Include/cmsis_gcc.h ****   \details Writes the given value to the Control Register.
 179:Drivers/CMSIS/Include/cmsis_gcc.h ****   \param [in]    control  Control Register value to set
 180:Drivers/CMSIS/Include/cmsis_gcc.h ****  */
 181:Drivers/CMSIS/Include/cmsis_gcc.h **** __STATIC_FORCEINLINE void __set_CONTROL(uint32_t control)
 182:Drivers/CMSIS/Include/cmsis_gcc.h **** {
 183:Drivers/CMSIS/Include/cmsis_gcc.h ****   __ASM volatile ("MSR control, %0" : : "r" (control) : "memory");
 184:Drivers/CMSIS/Include/cmsis_gcc.h **** }
 185:Drivers/CMSIS/Include/cmsis_gcc.h **** 
 186:Drivers/CMSIS/Include/cmsis_gcc.h **** 
 187:Drivers/CMSIS/Include/cmsis_gcc.h **** #if (defined (__ARM_FEATURE_CMSE ) && (__ARM_FEATURE_CMSE == 3))
 188:Drivers/CMSIS/Include/cmsis_gcc.h **** /**
 189:Drivers/CMSIS/Include/cmsis_gcc.h ****   \brief   Set Control Register (non-secure)
 190:Drivers/CMSIS/Include/cmsis_gcc.h ****   \details Writes the given value to the non-secure Control Register when in secure state.
 191:Drivers/CMSIS/Include/cmsis_gcc.h ****   \param [in]    control  Control Register value to set
 192:Drivers/CMSIS/Include/cmsis_gcc.h ****  */
 193:Drivers/CMSIS/Include/cmsis_gcc.h **** __STATIC_FORCEINLINE void __TZ_set_CONTROL_NS(uint32_t control)
 194:Drivers/CMSIS/Include/cmsis_gcc.h **** {
 195:Drivers/CMSIS/Include/cmsis_gcc.h ****   __ASM volatile ("MSR control_ns, %0" : : "r" (control) : "memory");
 196:Drivers/CMSIS/Include/cmsis_gcc.h **** }
 197:Drivers/CMSIS/Include/cmsis_gcc.h **** #endif
 198:Drivers/CMSIS/Include/cmsis_gcc.h **** 
 199:Drivers/CMSIS/Include/cmsis_gcc.h **** 
 200:Drivers/CMSIS/Include/cmsis_gcc.h **** /**
 201:Drivers/CMSIS/Include/cmsis_gcc.h ****   \brief   Get IPSR Register
 202:Drivers/CMSIS/Include/cmsis_gcc.h ****   \details Returns the content of the IPSR Register.
 203:Drivers/CMSIS/Include/cmsis_gcc.h ****   \return               IPSR Register value
 204:Drivers/CMSIS/Include/cmsis_gcc.h ****  */
 205:Drivers/CMSIS/Include/cmsis_gcc.h **** __STATIC_FORCEINLINE uint32_t __get_IPSR(void)
 206:Drivers/CMSIS/Include/cmsis_gcc.h **** {
 207:Drivers/CMSIS/Include/cmsis_gcc.h ****   uint32_t result;
 208:Drivers/CMSIS/Include/cmsis_gcc.h **** 
 209:Drivers/CMSIS/Include/cmsis_gcc.h ****   __ASM volatile ("MRS %0, ipsr" : "=r" (result) );
 210:Drivers/CMSIS/Include/cmsis_gcc.h ****   return(result);
 211:Drivers/CMSIS/Include/cmsis_gcc.h **** }
 212:Drivers/CMSIS/Include/cmsis_gcc.h **** 
 213:Drivers/CMSIS/Include/cmsis_gcc.h **** 
 214:Drivers/CMSIS/Include/cmsis_gcc.h **** /**
 215:Drivers/CMSIS/Include/cmsis_gcc.h ****   \brief   Get APSR Register
 216:Drivers/CMSIS/Include/cmsis_gcc.h ****   \details Returns the content of the APSR Register.
 217:Drivers/CMSIS/Include/cmsis_gcc.h ****   \return               APSR Register value
 218:Drivers/CMSIS/Include/cmsis_gcc.h ****  */
 219:Drivers/CMSIS/Include/cmsis_gcc.h **** __STATIC_FORCEINLINE uint32_t __get_APSR(void)
 220:Drivers/CMSIS/Include/cmsis_gcc.h **** {
 221:Drivers/CMSIS/Include/cmsis_gcc.h ****   uint32_t result;
 222:Drivers/CMSIS/Include/cmsis_gcc.h **** 
 223:Drivers/CMSIS/Include/cmsis_gcc.h ****   __ASM volatile ("MRS %0, apsr" : "=r" (result) );
 224:Drivers/CMSIS/Include/cmsis_gcc.h ****   return(result);
 225:Drivers/CMSIS/Include/cmsis_gcc.h **** }
 226:Drivers/CMSIS/Include/cmsis_gcc.h **** 
 227:Drivers/CMSIS/Include/cmsis_gcc.h **** 
 228:Drivers/CMSIS/Include/cmsis_gcc.h **** /**
 229:Drivers/CMSIS/Include/cmsis_gcc.h ****   \brief   Get xPSR Register
ARM GAS  /tmp/ccWw9kAG.s 			page 32


 230:Drivers/CMSIS/Include/cmsis_gcc.h ****   \details Returns the content of the xPSR Register.
 231:Drivers/CMSIS/Include/cmsis_gcc.h ****   \return               xPSR Register value
 232:Drivers/CMSIS/Include/cmsis_gcc.h ****  */
 233:Drivers/CMSIS/Include/cmsis_gcc.h **** __STATIC_FORCEINLINE uint32_t __get_xPSR(void)
 234:Drivers/CMSIS/Include/cmsis_gcc.h **** {
 235:Drivers/CMSIS/Include/cmsis_gcc.h ****   uint32_t result;
 236:Drivers/CMSIS/Include/cmsis_gcc.h **** 
 237:Drivers/CMSIS/Include/cmsis_gcc.h ****   __ASM volatile ("MRS %0, xpsr" : "=r" (result) );
 238:Drivers/CMSIS/Include/cmsis_gcc.h ****   return(result);
 239:Drivers/CMSIS/Include/cmsis_gcc.h **** }
 240:Drivers/CMSIS/Include/cmsis_gcc.h **** 
 241:Drivers/CMSIS/Include/cmsis_gcc.h **** 
 242:Drivers/CMSIS/Include/cmsis_gcc.h **** /**
 243:Drivers/CMSIS/Include/cmsis_gcc.h ****   \brief   Get Process Stack Pointer
 244:Drivers/CMSIS/Include/cmsis_gcc.h ****   \details Returns the current value of the Process Stack Pointer (PSP).
 245:Drivers/CMSIS/Include/cmsis_gcc.h ****   \return               PSP Register value
 246:Drivers/CMSIS/Include/cmsis_gcc.h ****  */
 247:Drivers/CMSIS/Include/cmsis_gcc.h **** __STATIC_FORCEINLINE uint32_t __get_PSP(void)
 248:Drivers/CMSIS/Include/cmsis_gcc.h **** {
 249:Drivers/CMSIS/Include/cmsis_gcc.h ****   uint32_t result;
 250:Drivers/CMSIS/Include/cmsis_gcc.h **** 
 251:Drivers/CMSIS/Include/cmsis_gcc.h ****   __ASM volatile ("MRS %0, psp"  : "=r" (result) );
 252:Drivers/CMSIS/Include/cmsis_gcc.h ****   return(result);
 253:Drivers/CMSIS/Include/cmsis_gcc.h **** }
 254:Drivers/CMSIS/Include/cmsis_gcc.h **** 
 255:Drivers/CMSIS/Include/cmsis_gcc.h **** 
 256:Drivers/CMSIS/Include/cmsis_gcc.h **** #if (defined (__ARM_FEATURE_CMSE ) && (__ARM_FEATURE_CMSE == 3))
 257:Drivers/CMSIS/Include/cmsis_gcc.h **** /**
 258:Drivers/CMSIS/Include/cmsis_gcc.h ****   \brief   Get Process Stack Pointer (non-secure)
 259:Drivers/CMSIS/Include/cmsis_gcc.h ****   \details Returns the current value of the non-secure Process Stack Pointer (PSP) when in secure s
 260:Drivers/CMSIS/Include/cmsis_gcc.h ****   \return               PSP Register value
 261:Drivers/CMSIS/Include/cmsis_gcc.h ****  */
 262:Drivers/CMSIS/Include/cmsis_gcc.h **** __STATIC_FORCEINLINE uint32_t __TZ_get_PSP_NS(void)
 263:Drivers/CMSIS/Include/cmsis_gcc.h **** {
 264:Drivers/CMSIS/Include/cmsis_gcc.h ****   uint32_t result;
 265:Drivers/CMSIS/Include/cmsis_gcc.h **** 
 266:Drivers/CMSIS/Include/cmsis_gcc.h ****   __ASM volatile ("MRS %0, psp_ns"  : "=r" (result) );
 267:Drivers/CMSIS/Include/cmsis_gcc.h ****   return(result);
 268:Drivers/CMSIS/Include/cmsis_gcc.h **** }
 269:Drivers/CMSIS/Include/cmsis_gcc.h **** #endif
 270:Drivers/CMSIS/Include/cmsis_gcc.h **** 
 271:Drivers/CMSIS/Include/cmsis_gcc.h **** 
 272:Drivers/CMSIS/Include/cmsis_gcc.h **** /**
 273:Drivers/CMSIS/Include/cmsis_gcc.h ****   \brief   Set Process Stack Pointer
 274:Drivers/CMSIS/Include/cmsis_gcc.h ****   \details Assigns the given value to the Process Stack Pointer (PSP).
 275:Drivers/CMSIS/Include/cmsis_gcc.h ****   \param [in]    topOfProcStack  Process Stack Pointer value to set
 276:Drivers/CMSIS/Include/cmsis_gcc.h ****  */
 277:Drivers/CMSIS/Include/cmsis_gcc.h **** __STATIC_FORCEINLINE void __set_PSP(uint32_t topOfProcStack)
 278:Drivers/CMSIS/Include/cmsis_gcc.h **** {
 279:Drivers/CMSIS/Include/cmsis_gcc.h ****   __ASM volatile ("MSR psp, %0" : : "r" (topOfProcStack) : );
 280:Drivers/CMSIS/Include/cmsis_gcc.h **** }
 281:Drivers/CMSIS/Include/cmsis_gcc.h **** 
 282:Drivers/CMSIS/Include/cmsis_gcc.h **** 
 283:Drivers/CMSIS/Include/cmsis_gcc.h **** #if (defined (__ARM_FEATURE_CMSE ) && (__ARM_FEATURE_CMSE == 3))
 284:Drivers/CMSIS/Include/cmsis_gcc.h **** /**
 285:Drivers/CMSIS/Include/cmsis_gcc.h ****   \brief   Set Process Stack Pointer (non-secure)
 286:Drivers/CMSIS/Include/cmsis_gcc.h ****   \details Assigns the given value to the non-secure Process Stack Pointer (PSP) when in secure sta
ARM GAS  /tmp/ccWw9kAG.s 			page 33


 287:Drivers/CMSIS/Include/cmsis_gcc.h ****   \param [in]    topOfProcStack  Process Stack Pointer value to set
 288:Drivers/CMSIS/Include/cmsis_gcc.h ****  */
 289:Drivers/CMSIS/Include/cmsis_gcc.h **** __STATIC_FORCEINLINE void __TZ_set_PSP_NS(uint32_t topOfProcStack)
 290:Drivers/CMSIS/Include/cmsis_gcc.h **** {
 291:Drivers/CMSIS/Include/cmsis_gcc.h ****   __ASM volatile ("MSR psp_ns, %0" : : "r" (topOfProcStack) : );
 292:Drivers/CMSIS/Include/cmsis_gcc.h **** }
 293:Drivers/CMSIS/Include/cmsis_gcc.h **** #endif
 294:Drivers/CMSIS/Include/cmsis_gcc.h **** 
 295:Drivers/CMSIS/Include/cmsis_gcc.h **** 
 296:Drivers/CMSIS/Include/cmsis_gcc.h **** /**
 297:Drivers/CMSIS/Include/cmsis_gcc.h ****   \brief   Get Main Stack Pointer
 298:Drivers/CMSIS/Include/cmsis_gcc.h ****   \details Returns the current value of the Main Stack Pointer (MSP).
 299:Drivers/CMSIS/Include/cmsis_gcc.h ****   \return               MSP Register value
 300:Drivers/CMSIS/Include/cmsis_gcc.h ****  */
 301:Drivers/CMSIS/Include/cmsis_gcc.h **** __STATIC_FORCEINLINE uint32_t __get_MSP(void)
 302:Drivers/CMSIS/Include/cmsis_gcc.h **** {
 303:Drivers/CMSIS/Include/cmsis_gcc.h ****   uint32_t result;
 304:Drivers/CMSIS/Include/cmsis_gcc.h **** 
 305:Drivers/CMSIS/Include/cmsis_gcc.h ****   __ASM volatile ("MRS %0, msp" : "=r" (result) );
 306:Drivers/CMSIS/Include/cmsis_gcc.h ****   return(result);
 307:Drivers/CMSIS/Include/cmsis_gcc.h **** }
 308:Drivers/CMSIS/Include/cmsis_gcc.h **** 
 309:Drivers/CMSIS/Include/cmsis_gcc.h **** 
 310:Drivers/CMSIS/Include/cmsis_gcc.h **** #if (defined (__ARM_FEATURE_CMSE ) && (__ARM_FEATURE_CMSE == 3))
 311:Drivers/CMSIS/Include/cmsis_gcc.h **** /**
 312:Drivers/CMSIS/Include/cmsis_gcc.h ****   \brief   Get Main Stack Pointer (non-secure)
 313:Drivers/CMSIS/Include/cmsis_gcc.h ****   \details Returns the current value of the non-secure Main Stack Pointer (MSP) when in secure stat
 314:Drivers/CMSIS/Include/cmsis_gcc.h ****   \return               MSP Register value
 315:Drivers/CMSIS/Include/cmsis_gcc.h ****  */
 316:Drivers/CMSIS/Include/cmsis_gcc.h **** __STATIC_FORCEINLINE uint32_t __TZ_get_MSP_NS(void)
 317:Drivers/CMSIS/Include/cmsis_gcc.h **** {
 318:Drivers/CMSIS/Include/cmsis_gcc.h ****   uint32_t result;
 319:Drivers/CMSIS/Include/cmsis_gcc.h **** 
 320:Drivers/CMSIS/Include/cmsis_gcc.h ****   __ASM volatile ("MRS %0, msp_ns" : "=r" (result) );
 321:Drivers/CMSIS/Include/cmsis_gcc.h ****   return(result);
 322:Drivers/CMSIS/Include/cmsis_gcc.h **** }
 323:Drivers/CMSIS/Include/cmsis_gcc.h **** #endif
 324:Drivers/CMSIS/Include/cmsis_gcc.h **** 
 325:Drivers/CMSIS/Include/cmsis_gcc.h **** 
 326:Drivers/CMSIS/Include/cmsis_gcc.h **** /**
 327:Drivers/CMSIS/Include/cmsis_gcc.h ****   \brief   Set Main Stack Pointer
 328:Drivers/CMSIS/Include/cmsis_gcc.h ****   \details Assigns the given value to the Main Stack Pointer (MSP).
 329:Drivers/CMSIS/Include/cmsis_gcc.h ****   \param [in]    topOfMainStack  Main Stack Pointer value to set
 330:Drivers/CMSIS/Include/cmsis_gcc.h ****  */
 331:Drivers/CMSIS/Include/cmsis_gcc.h **** __STATIC_FORCEINLINE void __set_MSP(uint32_t topOfMainStack)
 332:Drivers/CMSIS/Include/cmsis_gcc.h **** {
 333:Drivers/CMSIS/Include/cmsis_gcc.h ****   __ASM volatile ("MSR msp, %0" : : "r" (topOfMainStack) : );
 334:Drivers/CMSIS/Include/cmsis_gcc.h **** }
 335:Drivers/CMSIS/Include/cmsis_gcc.h **** 
 336:Drivers/CMSIS/Include/cmsis_gcc.h **** 
 337:Drivers/CMSIS/Include/cmsis_gcc.h **** #if (defined (__ARM_FEATURE_CMSE ) && (__ARM_FEATURE_CMSE == 3))
 338:Drivers/CMSIS/Include/cmsis_gcc.h **** /**
 339:Drivers/CMSIS/Include/cmsis_gcc.h ****   \brief   Set Main Stack Pointer (non-secure)
 340:Drivers/CMSIS/Include/cmsis_gcc.h ****   \details Assigns the given value to the non-secure Main Stack Pointer (MSP) when in secure state.
 341:Drivers/CMSIS/Include/cmsis_gcc.h ****   \param [in]    topOfMainStack  Main Stack Pointer value to set
 342:Drivers/CMSIS/Include/cmsis_gcc.h ****  */
 343:Drivers/CMSIS/Include/cmsis_gcc.h **** __STATIC_FORCEINLINE void __TZ_set_MSP_NS(uint32_t topOfMainStack)
ARM GAS  /tmp/ccWw9kAG.s 			page 34


 344:Drivers/CMSIS/Include/cmsis_gcc.h **** {
 345:Drivers/CMSIS/Include/cmsis_gcc.h ****   __ASM volatile ("MSR msp_ns, %0" : : "r" (topOfMainStack) : );
 346:Drivers/CMSIS/Include/cmsis_gcc.h **** }
 347:Drivers/CMSIS/Include/cmsis_gcc.h **** #endif
 348:Drivers/CMSIS/Include/cmsis_gcc.h **** 
 349:Drivers/CMSIS/Include/cmsis_gcc.h **** 
 350:Drivers/CMSIS/Include/cmsis_gcc.h **** #if (defined (__ARM_FEATURE_CMSE ) && (__ARM_FEATURE_CMSE == 3))
 351:Drivers/CMSIS/Include/cmsis_gcc.h **** /**
 352:Drivers/CMSIS/Include/cmsis_gcc.h ****   \brief   Get Stack Pointer (non-secure)
 353:Drivers/CMSIS/Include/cmsis_gcc.h ****   \details Returns the current value of the non-secure Stack Pointer (SP) when in secure state.
 354:Drivers/CMSIS/Include/cmsis_gcc.h ****   \return               SP Register value
 355:Drivers/CMSIS/Include/cmsis_gcc.h ****  */
 356:Drivers/CMSIS/Include/cmsis_gcc.h **** __STATIC_FORCEINLINE uint32_t __TZ_get_SP_NS(void)
 357:Drivers/CMSIS/Include/cmsis_gcc.h **** {
 358:Drivers/CMSIS/Include/cmsis_gcc.h ****   uint32_t result;
 359:Drivers/CMSIS/Include/cmsis_gcc.h **** 
 360:Drivers/CMSIS/Include/cmsis_gcc.h ****   __ASM volatile ("MRS %0, sp_ns" : "=r" (result) );
 361:Drivers/CMSIS/Include/cmsis_gcc.h ****   return(result);
 362:Drivers/CMSIS/Include/cmsis_gcc.h **** }
 363:Drivers/CMSIS/Include/cmsis_gcc.h **** 
 364:Drivers/CMSIS/Include/cmsis_gcc.h **** 
 365:Drivers/CMSIS/Include/cmsis_gcc.h **** /**
 366:Drivers/CMSIS/Include/cmsis_gcc.h ****   \brief   Set Stack Pointer (non-secure)
 367:Drivers/CMSIS/Include/cmsis_gcc.h ****   \details Assigns the given value to the non-secure Stack Pointer (SP) when in secure state.
 368:Drivers/CMSIS/Include/cmsis_gcc.h ****   \param [in]    topOfStack  Stack Pointer value to set
 369:Drivers/CMSIS/Include/cmsis_gcc.h ****  */
 370:Drivers/CMSIS/Include/cmsis_gcc.h **** __STATIC_FORCEINLINE void __TZ_set_SP_NS(uint32_t topOfStack)
 371:Drivers/CMSIS/Include/cmsis_gcc.h **** {
 372:Drivers/CMSIS/Include/cmsis_gcc.h ****   __ASM volatile ("MSR sp_ns, %0" : : "r" (topOfStack) : );
 373:Drivers/CMSIS/Include/cmsis_gcc.h **** }
 374:Drivers/CMSIS/Include/cmsis_gcc.h **** #endif
 375:Drivers/CMSIS/Include/cmsis_gcc.h **** 
 376:Drivers/CMSIS/Include/cmsis_gcc.h **** 
 377:Drivers/CMSIS/Include/cmsis_gcc.h **** /**
 378:Drivers/CMSIS/Include/cmsis_gcc.h ****   \brief   Get Priority Mask
 379:Drivers/CMSIS/Include/cmsis_gcc.h ****   \details Returns the current state of the priority mask bit from the Priority Mask Register.
 380:Drivers/CMSIS/Include/cmsis_gcc.h ****   \return               Priority Mask value
 381:Drivers/CMSIS/Include/cmsis_gcc.h ****  */
 382:Drivers/CMSIS/Include/cmsis_gcc.h **** __STATIC_FORCEINLINE uint32_t __get_PRIMASK(void)
 383:Drivers/CMSIS/Include/cmsis_gcc.h **** {
 384:Drivers/CMSIS/Include/cmsis_gcc.h ****   uint32_t result;
 385:Drivers/CMSIS/Include/cmsis_gcc.h **** 
 386:Drivers/CMSIS/Include/cmsis_gcc.h ****   __ASM volatile ("MRS %0, primask" : "=r" (result) :: "memory");
 387:Drivers/CMSIS/Include/cmsis_gcc.h ****   return(result);
 388:Drivers/CMSIS/Include/cmsis_gcc.h **** }
 389:Drivers/CMSIS/Include/cmsis_gcc.h **** 
 390:Drivers/CMSIS/Include/cmsis_gcc.h **** 
 391:Drivers/CMSIS/Include/cmsis_gcc.h **** #if (defined (__ARM_FEATURE_CMSE ) && (__ARM_FEATURE_CMSE == 3))
 392:Drivers/CMSIS/Include/cmsis_gcc.h **** /**
 393:Drivers/CMSIS/Include/cmsis_gcc.h ****   \brief   Get Priority Mask (non-secure)
 394:Drivers/CMSIS/Include/cmsis_gcc.h ****   \details Returns the current state of the non-secure priority mask bit from the Priority Mask Reg
 395:Drivers/CMSIS/Include/cmsis_gcc.h ****   \return               Priority Mask value
 396:Drivers/CMSIS/Include/cmsis_gcc.h ****  */
 397:Drivers/CMSIS/Include/cmsis_gcc.h **** __STATIC_FORCEINLINE uint32_t __TZ_get_PRIMASK_NS(void)
 398:Drivers/CMSIS/Include/cmsis_gcc.h **** {
 399:Drivers/CMSIS/Include/cmsis_gcc.h ****   uint32_t result;
 400:Drivers/CMSIS/Include/cmsis_gcc.h **** 
ARM GAS  /tmp/ccWw9kAG.s 			page 35


 401:Drivers/CMSIS/Include/cmsis_gcc.h ****   __ASM volatile ("MRS %0, primask_ns" : "=r" (result) :: "memory");
 402:Drivers/CMSIS/Include/cmsis_gcc.h ****   return(result);
 403:Drivers/CMSIS/Include/cmsis_gcc.h **** }
 404:Drivers/CMSIS/Include/cmsis_gcc.h **** #endif
 405:Drivers/CMSIS/Include/cmsis_gcc.h **** 
 406:Drivers/CMSIS/Include/cmsis_gcc.h **** 
 407:Drivers/CMSIS/Include/cmsis_gcc.h **** /**
 408:Drivers/CMSIS/Include/cmsis_gcc.h ****   \brief   Set Priority Mask
 409:Drivers/CMSIS/Include/cmsis_gcc.h ****   \details Assigns the given value to the Priority Mask Register.
 410:Drivers/CMSIS/Include/cmsis_gcc.h ****   \param [in]    priMask  Priority Mask
 411:Drivers/CMSIS/Include/cmsis_gcc.h ****  */
 412:Drivers/CMSIS/Include/cmsis_gcc.h **** __STATIC_FORCEINLINE void __set_PRIMASK(uint32_t priMask)
 413:Drivers/CMSIS/Include/cmsis_gcc.h **** {
 414:Drivers/CMSIS/Include/cmsis_gcc.h ****   __ASM volatile ("MSR primask, %0" : : "r" (priMask) : "memory");
 415:Drivers/CMSIS/Include/cmsis_gcc.h **** }
 416:Drivers/CMSIS/Include/cmsis_gcc.h **** 
 417:Drivers/CMSIS/Include/cmsis_gcc.h **** 
 418:Drivers/CMSIS/Include/cmsis_gcc.h **** #if (defined (__ARM_FEATURE_CMSE ) && (__ARM_FEATURE_CMSE == 3))
 419:Drivers/CMSIS/Include/cmsis_gcc.h **** /**
 420:Drivers/CMSIS/Include/cmsis_gcc.h ****   \brief   Set Priority Mask (non-secure)
 421:Drivers/CMSIS/Include/cmsis_gcc.h ****   \details Assigns the given value to the non-secure Priority Mask Register when in secure state.
 422:Drivers/CMSIS/Include/cmsis_gcc.h ****   \param [in]    priMask  Priority Mask
 423:Drivers/CMSIS/Include/cmsis_gcc.h ****  */
 424:Drivers/CMSIS/Include/cmsis_gcc.h **** __STATIC_FORCEINLINE void __TZ_set_PRIMASK_NS(uint32_t priMask)
 425:Drivers/CMSIS/Include/cmsis_gcc.h **** {
 426:Drivers/CMSIS/Include/cmsis_gcc.h ****   __ASM volatile ("MSR primask_ns, %0" : : "r" (priMask) : "memory");
 427:Drivers/CMSIS/Include/cmsis_gcc.h **** }
 428:Drivers/CMSIS/Include/cmsis_gcc.h **** #endif
 429:Drivers/CMSIS/Include/cmsis_gcc.h **** 
 430:Drivers/CMSIS/Include/cmsis_gcc.h **** 
 431:Drivers/CMSIS/Include/cmsis_gcc.h **** #if ((defined (__ARM_ARCH_7M__      ) && (__ARM_ARCH_7M__      == 1)) || \
 432:Drivers/CMSIS/Include/cmsis_gcc.h ****      (defined (__ARM_ARCH_7EM__     ) && (__ARM_ARCH_7EM__     == 1)) || \
 433:Drivers/CMSIS/Include/cmsis_gcc.h ****      (defined (__ARM_ARCH_8M_MAIN__ ) && (__ARM_ARCH_8M_MAIN__ == 1))    )
 434:Drivers/CMSIS/Include/cmsis_gcc.h **** /**
 435:Drivers/CMSIS/Include/cmsis_gcc.h ****   \brief   Enable FIQ
 436:Drivers/CMSIS/Include/cmsis_gcc.h ****   \details Enables FIQ interrupts by clearing the F-bit in the CPSR.
 437:Drivers/CMSIS/Include/cmsis_gcc.h ****            Can only be executed in Privileged modes.
 438:Drivers/CMSIS/Include/cmsis_gcc.h ****  */
 439:Drivers/CMSIS/Include/cmsis_gcc.h **** __STATIC_FORCEINLINE void __enable_fault_irq(void)
 440:Drivers/CMSIS/Include/cmsis_gcc.h **** {
 441:Drivers/CMSIS/Include/cmsis_gcc.h ****   __ASM volatile ("cpsie f" : : : "memory");
 442:Drivers/CMSIS/Include/cmsis_gcc.h **** }
 443:Drivers/CMSIS/Include/cmsis_gcc.h **** 
 444:Drivers/CMSIS/Include/cmsis_gcc.h **** 
 445:Drivers/CMSIS/Include/cmsis_gcc.h **** /**
 446:Drivers/CMSIS/Include/cmsis_gcc.h ****   \brief   Disable FIQ
 447:Drivers/CMSIS/Include/cmsis_gcc.h ****   \details Disables FIQ interrupts by setting the F-bit in the CPSR.
 448:Drivers/CMSIS/Include/cmsis_gcc.h ****            Can only be executed in Privileged modes.
 449:Drivers/CMSIS/Include/cmsis_gcc.h ****  */
 450:Drivers/CMSIS/Include/cmsis_gcc.h **** __STATIC_FORCEINLINE void __disable_fault_irq(void)
 451:Drivers/CMSIS/Include/cmsis_gcc.h **** {
 452:Drivers/CMSIS/Include/cmsis_gcc.h ****   __ASM volatile ("cpsid f" : : : "memory");
 453:Drivers/CMSIS/Include/cmsis_gcc.h **** }
 454:Drivers/CMSIS/Include/cmsis_gcc.h **** 
 455:Drivers/CMSIS/Include/cmsis_gcc.h **** 
 456:Drivers/CMSIS/Include/cmsis_gcc.h **** /**
 457:Drivers/CMSIS/Include/cmsis_gcc.h ****   \brief   Get Base Priority
ARM GAS  /tmp/ccWw9kAG.s 			page 36


 458:Drivers/CMSIS/Include/cmsis_gcc.h ****   \details Returns the current value of the Base Priority register.
 459:Drivers/CMSIS/Include/cmsis_gcc.h ****   \return               Base Priority register value
 460:Drivers/CMSIS/Include/cmsis_gcc.h ****  */
 461:Drivers/CMSIS/Include/cmsis_gcc.h **** __STATIC_FORCEINLINE uint32_t __get_BASEPRI(void)
 462:Drivers/CMSIS/Include/cmsis_gcc.h **** {
 463:Drivers/CMSIS/Include/cmsis_gcc.h ****   uint32_t result;
 464:Drivers/CMSIS/Include/cmsis_gcc.h **** 
 465:Drivers/CMSIS/Include/cmsis_gcc.h ****   __ASM volatile ("MRS %0, basepri" : "=r" (result) );
 466:Drivers/CMSIS/Include/cmsis_gcc.h ****   return(result);
 467:Drivers/CMSIS/Include/cmsis_gcc.h **** }
 468:Drivers/CMSIS/Include/cmsis_gcc.h **** 
 469:Drivers/CMSIS/Include/cmsis_gcc.h **** 
 470:Drivers/CMSIS/Include/cmsis_gcc.h **** #if (defined (__ARM_FEATURE_CMSE ) && (__ARM_FEATURE_CMSE == 3))
 471:Drivers/CMSIS/Include/cmsis_gcc.h **** /**
 472:Drivers/CMSIS/Include/cmsis_gcc.h ****   \brief   Get Base Priority (non-secure)
 473:Drivers/CMSIS/Include/cmsis_gcc.h ****   \details Returns the current value of the non-secure Base Priority register when in secure state.
 474:Drivers/CMSIS/Include/cmsis_gcc.h ****   \return               Base Priority register value
 475:Drivers/CMSIS/Include/cmsis_gcc.h ****  */
 476:Drivers/CMSIS/Include/cmsis_gcc.h **** __STATIC_FORCEINLINE uint32_t __TZ_get_BASEPRI_NS(void)
 477:Drivers/CMSIS/Include/cmsis_gcc.h **** {
 478:Drivers/CMSIS/Include/cmsis_gcc.h ****   uint32_t result;
 479:Drivers/CMSIS/Include/cmsis_gcc.h **** 
 480:Drivers/CMSIS/Include/cmsis_gcc.h ****   __ASM volatile ("MRS %0, basepri_ns" : "=r" (result) );
 481:Drivers/CMSIS/Include/cmsis_gcc.h ****   return(result);
 482:Drivers/CMSIS/Include/cmsis_gcc.h **** }
 483:Drivers/CMSIS/Include/cmsis_gcc.h **** #endif
 484:Drivers/CMSIS/Include/cmsis_gcc.h **** 
 485:Drivers/CMSIS/Include/cmsis_gcc.h **** 
 486:Drivers/CMSIS/Include/cmsis_gcc.h **** /**
 487:Drivers/CMSIS/Include/cmsis_gcc.h ****   \brief   Set Base Priority
 488:Drivers/CMSIS/Include/cmsis_gcc.h ****   \details Assigns the given value to the Base Priority register.
 489:Drivers/CMSIS/Include/cmsis_gcc.h ****   \param [in]    basePri  Base Priority value to set
 490:Drivers/CMSIS/Include/cmsis_gcc.h ****  */
 491:Drivers/CMSIS/Include/cmsis_gcc.h **** __STATIC_FORCEINLINE void __set_BASEPRI(uint32_t basePri)
 492:Drivers/CMSIS/Include/cmsis_gcc.h **** {
 493:Drivers/CMSIS/Include/cmsis_gcc.h ****   __ASM volatile ("MSR basepri, %0" : : "r" (basePri) : "memory");
 494:Drivers/CMSIS/Include/cmsis_gcc.h **** }
 495:Drivers/CMSIS/Include/cmsis_gcc.h **** 
 496:Drivers/CMSIS/Include/cmsis_gcc.h **** 
 497:Drivers/CMSIS/Include/cmsis_gcc.h **** #if (defined (__ARM_FEATURE_CMSE ) && (__ARM_FEATURE_CMSE == 3))
 498:Drivers/CMSIS/Include/cmsis_gcc.h **** /**
 499:Drivers/CMSIS/Include/cmsis_gcc.h ****   \brief   Set Base Priority (non-secure)
 500:Drivers/CMSIS/Include/cmsis_gcc.h ****   \details Assigns the given value to the non-secure Base Priority register when in secure state.
 501:Drivers/CMSIS/Include/cmsis_gcc.h ****   \param [in]    basePri  Base Priority value to set
 502:Drivers/CMSIS/Include/cmsis_gcc.h ****  */
 503:Drivers/CMSIS/Include/cmsis_gcc.h **** __STATIC_FORCEINLINE void __TZ_set_BASEPRI_NS(uint32_t basePri)
 504:Drivers/CMSIS/Include/cmsis_gcc.h **** {
 505:Drivers/CMSIS/Include/cmsis_gcc.h ****   __ASM volatile ("MSR basepri_ns, %0" : : "r" (basePri) : "memory");
 506:Drivers/CMSIS/Include/cmsis_gcc.h **** }
 507:Drivers/CMSIS/Include/cmsis_gcc.h **** #endif
 508:Drivers/CMSIS/Include/cmsis_gcc.h **** 
 509:Drivers/CMSIS/Include/cmsis_gcc.h **** 
 510:Drivers/CMSIS/Include/cmsis_gcc.h **** /**
 511:Drivers/CMSIS/Include/cmsis_gcc.h ****   \brief   Set Base Priority with condition
 512:Drivers/CMSIS/Include/cmsis_gcc.h ****   \details Assigns the given value to the Base Priority register only if BASEPRI masking is disable
 513:Drivers/CMSIS/Include/cmsis_gcc.h ****            or the new value increases the BASEPRI priority level.
 514:Drivers/CMSIS/Include/cmsis_gcc.h ****   \param [in]    basePri  Base Priority value to set
ARM GAS  /tmp/ccWw9kAG.s 			page 37


 515:Drivers/CMSIS/Include/cmsis_gcc.h ****  */
 516:Drivers/CMSIS/Include/cmsis_gcc.h **** __STATIC_FORCEINLINE void __set_BASEPRI_MAX(uint32_t basePri)
 517:Drivers/CMSIS/Include/cmsis_gcc.h **** {
 518:Drivers/CMSIS/Include/cmsis_gcc.h ****   __ASM volatile ("MSR basepri_max, %0" : : "r" (basePri) : "memory");
 519:Drivers/CMSIS/Include/cmsis_gcc.h **** }
 520:Drivers/CMSIS/Include/cmsis_gcc.h **** 
 521:Drivers/CMSIS/Include/cmsis_gcc.h **** 
 522:Drivers/CMSIS/Include/cmsis_gcc.h **** /**
 523:Drivers/CMSIS/Include/cmsis_gcc.h ****   \brief   Get Fault Mask
 524:Drivers/CMSIS/Include/cmsis_gcc.h ****   \details Returns the current value of the Fault Mask register.
 525:Drivers/CMSIS/Include/cmsis_gcc.h ****   \return               Fault Mask register value
 526:Drivers/CMSIS/Include/cmsis_gcc.h ****  */
 527:Drivers/CMSIS/Include/cmsis_gcc.h **** __STATIC_FORCEINLINE uint32_t __get_FAULTMASK(void)
 528:Drivers/CMSIS/Include/cmsis_gcc.h **** {
 529:Drivers/CMSIS/Include/cmsis_gcc.h ****   uint32_t result;
 530:Drivers/CMSIS/Include/cmsis_gcc.h **** 
 531:Drivers/CMSIS/Include/cmsis_gcc.h ****   __ASM volatile ("MRS %0, faultmask" : "=r" (result) );
 532:Drivers/CMSIS/Include/cmsis_gcc.h ****   return(result);
 533:Drivers/CMSIS/Include/cmsis_gcc.h **** }
 534:Drivers/CMSIS/Include/cmsis_gcc.h **** 
 535:Drivers/CMSIS/Include/cmsis_gcc.h **** 
 536:Drivers/CMSIS/Include/cmsis_gcc.h **** #if (defined (__ARM_FEATURE_CMSE ) && (__ARM_FEATURE_CMSE == 3))
 537:Drivers/CMSIS/Include/cmsis_gcc.h **** /**
 538:Drivers/CMSIS/Include/cmsis_gcc.h ****   \brief   Get Fault Mask (non-secure)
 539:Drivers/CMSIS/Include/cmsis_gcc.h ****   \details Returns the current value of the non-secure Fault Mask register when in secure state.
 540:Drivers/CMSIS/Include/cmsis_gcc.h ****   \return               Fault Mask register value
 541:Drivers/CMSIS/Include/cmsis_gcc.h ****  */
 542:Drivers/CMSIS/Include/cmsis_gcc.h **** __STATIC_FORCEINLINE uint32_t __TZ_get_FAULTMASK_NS(void)
 543:Drivers/CMSIS/Include/cmsis_gcc.h **** {
 544:Drivers/CMSIS/Include/cmsis_gcc.h ****   uint32_t result;
 545:Drivers/CMSIS/Include/cmsis_gcc.h **** 
 546:Drivers/CMSIS/Include/cmsis_gcc.h ****   __ASM volatile ("MRS %0, faultmask_ns" : "=r" (result) );
 547:Drivers/CMSIS/Include/cmsis_gcc.h ****   return(result);
 548:Drivers/CMSIS/Include/cmsis_gcc.h **** }
 549:Drivers/CMSIS/Include/cmsis_gcc.h **** #endif
 550:Drivers/CMSIS/Include/cmsis_gcc.h **** 
 551:Drivers/CMSIS/Include/cmsis_gcc.h **** 
 552:Drivers/CMSIS/Include/cmsis_gcc.h **** /**
 553:Drivers/CMSIS/Include/cmsis_gcc.h ****   \brief   Set Fault Mask
 554:Drivers/CMSIS/Include/cmsis_gcc.h ****   \details Assigns the given value to the Fault Mask register.
 555:Drivers/CMSIS/Include/cmsis_gcc.h ****   \param [in]    faultMask  Fault Mask value to set
 556:Drivers/CMSIS/Include/cmsis_gcc.h ****  */
 557:Drivers/CMSIS/Include/cmsis_gcc.h **** __STATIC_FORCEINLINE void __set_FAULTMASK(uint32_t faultMask)
 558:Drivers/CMSIS/Include/cmsis_gcc.h **** {
 559:Drivers/CMSIS/Include/cmsis_gcc.h ****   __ASM volatile ("MSR faultmask, %0" : : "r" (faultMask) : "memory");
 560:Drivers/CMSIS/Include/cmsis_gcc.h **** }
 561:Drivers/CMSIS/Include/cmsis_gcc.h **** 
 562:Drivers/CMSIS/Include/cmsis_gcc.h **** 
 563:Drivers/CMSIS/Include/cmsis_gcc.h **** #if (defined (__ARM_FEATURE_CMSE ) && (__ARM_FEATURE_CMSE == 3))
 564:Drivers/CMSIS/Include/cmsis_gcc.h **** /**
 565:Drivers/CMSIS/Include/cmsis_gcc.h ****   \brief   Set Fault Mask (non-secure)
 566:Drivers/CMSIS/Include/cmsis_gcc.h ****   \details Assigns the given value to the non-secure Fault Mask register when in secure state.
 567:Drivers/CMSIS/Include/cmsis_gcc.h ****   \param [in]    faultMask  Fault Mask value to set
 568:Drivers/CMSIS/Include/cmsis_gcc.h ****  */
 569:Drivers/CMSIS/Include/cmsis_gcc.h **** __STATIC_FORCEINLINE void __TZ_set_FAULTMASK_NS(uint32_t faultMask)
 570:Drivers/CMSIS/Include/cmsis_gcc.h **** {
 571:Drivers/CMSIS/Include/cmsis_gcc.h ****   __ASM volatile ("MSR faultmask_ns, %0" : : "r" (faultMask) : "memory");
ARM GAS  /tmp/ccWw9kAG.s 			page 38


 572:Drivers/CMSIS/Include/cmsis_gcc.h **** }
 573:Drivers/CMSIS/Include/cmsis_gcc.h **** #endif
 574:Drivers/CMSIS/Include/cmsis_gcc.h **** 
 575:Drivers/CMSIS/Include/cmsis_gcc.h **** #endif /* ((defined (__ARM_ARCH_7M__      ) && (__ARM_ARCH_7M__      == 1)) || \
 576:Drivers/CMSIS/Include/cmsis_gcc.h ****            (defined (__ARM_ARCH_7EM__     ) && (__ARM_ARCH_7EM__     == 1)) || \
 577:Drivers/CMSIS/Include/cmsis_gcc.h ****            (defined (__ARM_ARCH_8M_MAIN__ ) && (__ARM_ARCH_8M_MAIN__ == 1))    ) */
 578:Drivers/CMSIS/Include/cmsis_gcc.h **** 
 579:Drivers/CMSIS/Include/cmsis_gcc.h **** 
 580:Drivers/CMSIS/Include/cmsis_gcc.h **** #if ((defined (__ARM_ARCH_8M_MAIN__ ) && (__ARM_ARCH_8M_MAIN__ == 1)) || \
 581:Drivers/CMSIS/Include/cmsis_gcc.h ****      (defined (__ARM_ARCH_8M_BASE__ ) && (__ARM_ARCH_8M_BASE__ == 1))    )
 582:Drivers/CMSIS/Include/cmsis_gcc.h **** 
 583:Drivers/CMSIS/Include/cmsis_gcc.h **** /**
 584:Drivers/CMSIS/Include/cmsis_gcc.h ****   \brief   Get Process Stack Pointer Limit
 585:Drivers/CMSIS/Include/cmsis_gcc.h ****   Devices without ARMv8-M Main Extensions (i.e. Cortex-M23) lack the non-secure
 586:Drivers/CMSIS/Include/cmsis_gcc.h ****   Stack Pointer Limit register hence zero is returned always in non-secure
 587:Drivers/CMSIS/Include/cmsis_gcc.h ****   mode.
 588:Drivers/CMSIS/Include/cmsis_gcc.h ****   
 589:Drivers/CMSIS/Include/cmsis_gcc.h ****   \details Returns the current value of the Process Stack Pointer Limit (PSPLIM).
 590:Drivers/CMSIS/Include/cmsis_gcc.h ****   \return               PSPLIM Register value
 591:Drivers/CMSIS/Include/cmsis_gcc.h ****  */
 592:Drivers/CMSIS/Include/cmsis_gcc.h **** __STATIC_FORCEINLINE uint32_t __get_PSPLIM(void)
 593:Drivers/CMSIS/Include/cmsis_gcc.h **** {
 594:Drivers/CMSIS/Include/cmsis_gcc.h **** #if (!(defined (__ARM_ARCH_8M_MAIN__ ) && (__ARM_ARCH_8M_MAIN__ == 1)) && \
 595:Drivers/CMSIS/Include/cmsis_gcc.h ****     (!defined (__ARM_FEATURE_CMSE) || (__ARM_FEATURE_CMSE < 3)))
 596:Drivers/CMSIS/Include/cmsis_gcc.h ****     // without main extensions, the non-secure PSPLIM is RAZ/WI
 597:Drivers/CMSIS/Include/cmsis_gcc.h ****   return 0U;
 598:Drivers/CMSIS/Include/cmsis_gcc.h **** #else
 599:Drivers/CMSIS/Include/cmsis_gcc.h ****   uint32_t result;
 600:Drivers/CMSIS/Include/cmsis_gcc.h ****   __ASM volatile ("MRS %0, psplim"  : "=r" (result) );
 601:Drivers/CMSIS/Include/cmsis_gcc.h ****   return result;
 602:Drivers/CMSIS/Include/cmsis_gcc.h **** #endif
 603:Drivers/CMSIS/Include/cmsis_gcc.h **** }
 604:Drivers/CMSIS/Include/cmsis_gcc.h **** 
 605:Drivers/CMSIS/Include/cmsis_gcc.h **** #if (defined (__ARM_FEATURE_CMSE) && (__ARM_FEATURE_CMSE == 3))
 606:Drivers/CMSIS/Include/cmsis_gcc.h **** /**
 607:Drivers/CMSIS/Include/cmsis_gcc.h ****   \brief   Get Process Stack Pointer Limit (non-secure)
 608:Drivers/CMSIS/Include/cmsis_gcc.h ****   Devices without ARMv8-M Main Extensions (i.e. Cortex-M23) lack the non-secure
 609:Drivers/CMSIS/Include/cmsis_gcc.h ****   Stack Pointer Limit register hence zero is returned always.
 610:Drivers/CMSIS/Include/cmsis_gcc.h **** 
 611:Drivers/CMSIS/Include/cmsis_gcc.h ****   \details Returns the current value of the non-secure Process Stack Pointer Limit (PSPLIM) when in
 612:Drivers/CMSIS/Include/cmsis_gcc.h ****   \return               PSPLIM Register value
 613:Drivers/CMSIS/Include/cmsis_gcc.h ****  */
 614:Drivers/CMSIS/Include/cmsis_gcc.h **** __STATIC_FORCEINLINE uint32_t __TZ_get_PSPLIM_NS(void)
 615:Drivers/CMSIS/Include/cmsis_gcc.h **** {
 616:Drivers/CMSIS/Include/cmsis_gcc.h **** #if (!(defined (__ARM_ARCH_8M_MAIN__ ) && (__ARM_ARCH_8M_MAIN__ == 1)))
 617:Drivers/CMSIS/Include/cmsis_gcc.h ****   // without main extensions, the non-secure PSPLIM is RAZ/WI
 618:Drivers/CMSIS/Include/cmsis_gcc.h ****   return 0U;
 619:Drivers/CMSIS/Include/cmsis_gcc.h **** #else
 620:Drivers/CMSIS/Include/cmsis_gcc.h ****   uint32_t result;
 621:Drivers/CMSIS/Include/cmsis_gcc.h ****   __ASM volatile ("MRS %0, psplim_ns"  : "=r" (result) );
 622:Drivers/CMSIS/Include/cmsis_gcc.h ****   return result;
 623:Drivers/CMSIS/Include/cmsis_gcc.h **** #endif
 624:Drivers/CMSIS/Include/cmsis_gcc.h **** }
 625:Drivers/CMSIS/Include/cmsis_gcc.h **** #endif
 626:Drivers/CMSIS/Include/cmsis_gcc.h **** 
 627:Drivers/CMSIS/Include/cmsis_gcc.h **** 
 628:Drivers/CMSIS/Include/cmsis_gcc.h **** /**
ARM GAS  /tmp/ccWw9kAG.s 			page 39


 629:Drivers/CMSIS/Include/cmsis_gcc.h ****   \brief   Set Process Stack Pointer Limit
 630:Drivers/CMSIS/Include/cmsis_gcc.h ****   Devices without ARMv8-M Main Extensions (i.e. Cortex-M23) lack the non-secure
 631:Drivers/CMSIS/Include/cmsis_gcc.h ****   Stack Pointer Limit register hence the write is silently ignored in non-secure
 632:Drivers/CMSIS/Include/cmsis_gcc.h ****   mode.
 633:Drivers/CMSIS/Include/cmsis_gcc.h ****   
 634:Drivers/CMSIS/Include/cmsis_gcc.h ****   \details Assigns the given value to the Process Stack Pointer Limit (PSPLIM).
 635:Drivers/CMSIS/Include/cmsis_gcc.h ****   \param [in]    ProcStackPtrLimit  Process Stack Pointer Limit value to set
 636:Drivers/CMSIS/Include/cmsis_gcc.h ****  */
 637:Drivers/CMSIS/Include/cmsis_gcc.h **** __STATIC_FORCEINLINE void __set_PSPLIM(uint32_t ProcStackPtrLimit)
 638:Drivers/CMSIS/Include/cmsis_gcc.h **** {
 639:Drivers/CMSIS/Include/cmsis_gcc.h **** #if (!(defined (__ARM_ARCH_8M_MAIN__ ) && (__ARM_ARCH_8M_MAIN__ == 1)) && \
 640:Drivers/CMSIS/Include/cmsis_gcc.h ****     (!defined (__ARM_FEATURE_CMSE) || (__ARM_FEATURE_CMSE < 3)))
 641:Drivers/CMSIS/Include/cmsis_gcc.h ****   // without main extensions, the non-secure PSPLIM is RAZ/WI
 642:Drivers/CMSIS/Include/cmsis_gcc.h ****   (void)ProcStackPtrLimit;
 643:Drivers/CMSIS/Include/cmsis_gcc.h **** #else
 644:Drivers/CMSIS/Include/cmsis_gcc.h ****   __ASM volatile ("MSR psplim, %0" : : "r" (ProcStackPtrLimit));
 645:Drivers/CMSIS/Include/cmsis_gcc.h **** #endif
 646:Drivers/CMSIS/Include/cmsis_gcc.h **** }
 647:Drivers/CMSIS/Include/cmsis_gcc.h **** 
 648:Drivers/CMSIS/Include/cmsis_gcc.h **** 
 649:Drivers/CMSIS/Include/cmsis_gcc.h **** #if (defined (__ARM_FEATURE_CMSE  ) && (__ARM_FEATURE_CMSE   == 3))
 650:Drivers/CMSIS/Include/cmsis_gcc.h **** /**
 651:Drivers/CMSIS/Include/cmsis_gcc.h ****   \brief   Set Process Stack Pointer (non-secure)
 652:Drivers/CMSIS/Include/cmsis_gcc.h ****   Devices without ARMv8-M Main Extensions (i.e. Cortex-M23) lack the non-secure
 653:Drivers/CMSIS/Include/cmsis_gcc.h ****   Stack Pointer Limit register hence the write is silently ignored.
 654:Drivers/CMSIS/Include/cmsis_gcc.h **** 
 655:Drivers/CMSIS/Include/cmsis_gcc.h ****   \details Assigns the given value to the non-secure Process Stack Pointer Limit (PSPLIM) when in s
 656:Drivers/CMSIS/Include/cmsis_gcc.h ****   \param [in]    ProcStackPtrLimit  Process Stack Pointer Limit value to set
 657:Drivers/CMSIS/Include/cmsis_gcc.h ****  */
 658:Drivers/CMSIS/Include/cmsis_gcc.h **** __STATIC_FORCEINLINE void __TZ_set_PSPLIM_NS(uint32_t ProcStackPtrLimit)
 659:Drivers/CMSIS/Include/cmsis_gcc.h **** {
 660:Drivers/CMSIS/Include/cmsis_gcc.h **** #if (!(defined (__ARM_ARCH_8M_MAIN__ ) && (__ARM_ARCH_8M_MAIN__ == 1)))
 661:Drivers/CMSIS/Include/cmsis_gcc.h ****   // without main extensions, the non-secure PSPLIM is RAZ/WI
 662:Drivers/CMSIS/Include/cmsis_gcc.h ****   (void)ProcStackPtrLimit;
 663:Drivers/CMSIS/Include/cmsis_gcc.h **** #else
 664:Drivers/CMSIS/Include/cmsis_gcc.h ****   __ASM volatile ("MSR psplim_ns, %0\n" : : "r" (ProcStackPtrLimit));
 665:Drivers/CMSIS/Include/cmsis_gcc.h **** #endif
 666:Drivers/CMSIS/Include/cmsis_gcc.h **** }
 667:Drivers/CMSIS/Include/cmsis_gcc.h **** #endif
 668:Drivers/CMSIS/Include/cmsis_gcc.h **** 
 669:Drivers/CMSIS/Include/cmsis_gcc.h **** 
 670:Drivers/CMSIS/Include/cmsis_gcc.h **** /**
 671:Drivers/CMSIS/Include/cmsis_gcc.h ****   \brief   Get Main Stack Pointer Limit
 672:Drivers/CMSIS/Include/cmsis_gcc.h ****   Devices without ARMv8-M Main Extensions (i.e. Cortex-M23) lack the non-secure
 673:Drivers/CMSIS/Include/cmsis_gcc.h ****   Stack Pointer Limit register hence zero is returned always in non-secure
 674:Drivers/CMSIS/Include/cmsis_gcc.h ****   mode.
 675:Drivers/CMSIS/Include/cmsis_gcc.h **** 
 676:Drivers/CMSIS/Include/cmsis_gcc.h ****   \details Returns the current value of the Main Stack Pointer Limit (MSPLIM).
 677:Drivers/CMSIS/Include/cmsis_gcc.h ****   \return               MSPLIM Register value
 678:Drivers/CMSIS/Include/cmsis_gcc.h ****  */
 679:Drivers/CMSIS/Include/cmsis_gcc.h **** __STATIC_FORCEINLINE uint32_t __get_MSPLIM(void)
 680:Drivers/CMSIS/Include/cmsis_gcc.h **** {
 681:Drivers/CMSIS/Include/cmsis_gcc.h **** #if (!(defined (__ARM_ARCH_8M_MAIN__ ) && (__ARM_ARCH_8M_MAIN__ == 1)) && \
 682:Drivers/CMSIS/Include/cmsis_gcc.h ****     (!defined (__ARM_FEATURE_CMSE) || (__ARM_FEATURE_CMSE < 3)))
 683:Drivers/CMSIS/Include/cmsis_gcc.h ****   // without main extensions, the non-secure MSPLIM is RAZ/WI
 684:Drivers/CMSIS/Include/cmsis_gcc.h ****   return 0U;
 685:Drivers/CMSIS/Include/cmsis_gcc.h **** #else
ARM GAS  /tmp/ccWw9kAG.s 			page 40


 686:Drivers/CMSIS/Include/cmsis_gcc.h ****   uint32_t result;
 687:Drivers/CMSIS/Include/cmsis_gcc.h ****   __ASM volatile ("MRS %0, msplim" : "=r" (result) );
 688:Drivers/CMSIS/Include/cmsis_gcc.h ****   return result;
 689:Drivers/CMSIS/Include/cmsis_gcc.h **** #endif
 690:Drivers/CMSIS/Include/cmsis_gcc.h **** }
 691:Drivers/CMSIS/Include/cmsis_gcc.h **** 
 692:Drivers/CMSIS/Include/cmsis_gcc.h **** 
 693:Drivers/CMSIS/Include/cmsis_gcc.h **** #if (defined (__ARM_FEATURE_CMSE  ) && (__ARM_FEATURE_CMSE   == 3))
 694:Drivers/CMSIS/Include/cmsis_gcc.h **** /**
 695:Drivers/CMSIS/Include/cmsis_gcc.h ****   \brief   Get Main Stack Pointer Limit (non-secure)
 696:Drivers/CMSIS/Include/cmsis_gcc.h ****   Devices without ARMv8-M Main Extensions (i.e. Cortex-M23) lack the non-secure
 697:Drivers/CMSIS/Include/cmsis_gcc.h ****   Stack Pointer Limit register hence zero is returned always.
 698:Drivers/CMSIS/Include/cmsis_gcc.h **** 
 699:Drivers/CMSIS/Include/cmsis_gcc.h ****   \details Returns the current value of the non-secure Main Stack Pointer Limit(MSPLIM) when in sec
 700:Drivers/CMSIS/Include/cmsis_gcc.h ****   \return               MSPLIM Register value
 701:Drivers/CMSIS/Include/cmsis_gcc.h ****  */
 702:Drivers/CMSIS/Include/cmsis_gcc.h **** __STATIC_FORCEINLINE uint32_t __TZ_get_MSPLIM_NS(void)
 703:Drivers/CMSIS/Include/cmsis_gcc.h **** {
 704:Drivers/CMSIS/Include/cmsis_gcc.h **** #if (!(defined (__ARM_ARCH_8M_MAIN__ ) && (__ARM_ARCH_8M_MAIN__ == 1)))
 705:Drivers/CMSIS/Include/cmsis_gcc.h ****   // without main extensions, the non-secure MSPLIM is RAZ/WI
 706:Drivers/CMSIS/Include/cmsis_gcc.h ****   return 0U;
 707:Drivers/CMSIS/Include/cmsis_gcc.h **** #else
 708:Drivers/CMSIS/Include/cmsis_gcc.h ****   uint32_t result;
 709:Drivers/CMSIS/Include/cmsis_gcc.h ****   __ASM volatile ("MRS %0, msplim_ns" : "=r" (result) );
 710:Drivers/CMSIS/Include/cmsis_gcc.h ****   return result;
 711:Drivers/CMSIS/Include/cmsis_gcc.h **** #endif
 712:Drivers/CMSIS/Include/cmsis_gcc.h **** }
 713:Drivers/CMSIS/Include/cmsis_gcc.h **** #endif
 714:Drivers/CMSIS/Include/cmsis_gcc.h **** 
 715:Drivers/CMSIS/Include/cmsis_gcc.h **** 
 716:Drivers/CMSIS/Include/cmsis_gcc.h **** /**
 717:Drivers/CMSIS/Include/cmsis_gcc.h ****   \brief   Set Main Stack Pointer Limit
 718:Drivers/CMSIS/Include/cmsis_gcc.h ****   Devices without ARMv8-M Main Extensions (i.e. Cortex-M23) lack the non-secure
 719:Drivers/CMSIS/Include/cmsis_gcc.h ****   Stack Pointer Limit register hence the write is silently ignored in non-secure
 720:Drivers/CMSIS/Include/cmsis_gcc.h ****   mode.
 721:Drivers/CMSIS/Include/cmsis_gcc.h **** 
 722:Drivers/CMSIS/Include/cmsis_gcc.h ****   \details Assigns the given value to the Main Stack Pointer Limit (MSPLIM).
 723:Drivers/CMSIS/Include/cmsis_gcc.h ****   \param [in]    MainStackPtrLimit  Main Stack Pointer Limit value to set
 724:Drivers/CMSIS/Include/cmsis_gcc.h ****  */
 725:Drivers/CMSIS/Include/cmsis_gcc.h **** __STATIC_FORCEINLINE void __set_MSPLIM(uint32_t MainStackPtrLimit)
 726:Drivers/CMSIS/Include/cmsis_gcc.h **** {
 727:Drivers/CMSIS/Include/cmsis_gcc.h **** #if (!(defined (__ARM_ARCH_8M_MAIN__ ) && (__ARM_ARCH_8M_MAIN__ == 1)) && \
 728:Drivers/CMSIS/Include/cmsis_gcc.h ****     (!defined (__ARM_FEATURE_CMSE) || (__ARM_FEATURE_CMSE < 3)))
 729:Drivers/CMSIS/Include/cmsis_gcc.h ****   // without main extensions, the non-secure MSPLIM is RAZ/WI
 730:Drivers/CMSIS/Include/cmsis_gcc.h ****   (void)MainStackPtrLimit;
 731:Drivers/CMSIS/Include/cmsis_gcc.h **** #else
 732:Drivers/CMSIS/Include/cmsis_gcc.h ****   __ASM volatile ("MSR msplim, %0" : : "r" (MainStackPtrLimit));
 733:Drivers/CMSIS/Include/cmsis_gcc.h **** #endif
 734:Drivers/CMSIS/Include/cmsis_gcc.h **** }
 735:Drivers/CMSIS/Include/cmsis_gcc.h **** 
 736:Drivers/CMSIS/Include/cmsis_gcc.h **** 
 737:Drivers/CMSIS/Include/cmsis_gcc.h **** #if (defined (__ARM_FEATURE_CMSE  ) && (__ARM_FEATURE_CMSE   == 3))
 738:Drivers/CMSIS/Include/cmsis_gcc.h **** /**
 739:Drivers/CMSIS/Include/cmsis_gcc.h ****   \brief   Set Main Stack Pointer Limit (non-secure)
 740:Drivers/CMSIS/Include/cmsis_gcc.h ****   Devices without ARMv8-M Main Extensions (i.e. Cortex-M23) lack the non-secure
 741:Drivers/CMSIS/Include/cmsis_gcc.h ****   Stack Pointer Limit register hence the write is silently ignored.
 742:Drivers/CMSIS/Include/cmsis_gcc.h **** 
ARM GAS  /tmp/ccWw9kAG.s 			page 41


 743:Drivers/CMSIS/Include/cmsis_gcc.h ****   \details Assigns the given value to the non-secure Main Stack Pointer Limit (MSPLIM) when in secu
 744:Drivers/CMSIS/Include/cmsis_gcc.h ****   \param [in]    MainStackPtrLimit  Main Stack Pointer value to set
 745:Drivers/CMSIS/Include/cmsis_gcc.h ****  */
 746:Drivers/CMSIS/Include/cmsis_gcc.h **** __STATIC_FORCEINLINE void __TZ_set_MSPLIM_NS(uint32_t MainStackPtrLimit)
 747:Drivers/CMSIS/Include/cmsis_gcc.h **** {
 748:Drivers/CMSIS/Include/cmsis_gcc.h **** #if (!(defined (__ARM_ARCH_8M_MAIN__ ) && (__ARM_ARCH_8M_MAIN__ == 1)))
 749:Drivers/CMSIS/Include/cmsis_gcc.h ****   // without main extensions, the non-secure MSPLIM is RAZ/WI
 750:Drivers/CMSIS/Include/cmsis_gcc.h ****   (void)MainStackPtrLimit;
 751:Drivers/CMSIS/Include/cmsis_gcc.h **** #else
 752:Drivers/CMSIS/Include/cmsis_gcc.h ****   __ASM volatile ("MSR msplim_ns, %0" : : "r" (MainStackPtrLimit));
 753:Drivers/CMSIS/Include/cmsis_gcc.h **** #endif
 754:Drivers/CMSIS/Include/cmsis_gcc.h **** }
 755:Drivers/CMSIS/Include/cmsis_gcc.h **** #endif
 756:Drivers/CMSIS/Include/cmsis_gcc.h **** 
 757:Drivers/CMSIS/Include/cmsis_gcc.h **** #endif /* ((defined (__ARM_ARCH_8M_MAIN__ ) && (__ARM_ARCH_8M_MAIN__ == 1)) || \
 758:Drivers/CMSIS/Include/cmsis_gcc.h ****            (defined (__ARM_ARCH_8M_BASE__ ) && (__ARM_ARCH_8M_BASE__ == 1))    ) */
 759:Drivers/CMSIS/Include/cmsis_gcc.h **** 
 760:Drivers/CMSIS/Include/cmsis_gcc.h **** 
 761:Drivers/CMSIS/Include/cmsis_gcc.h **** /**
 762:Drivers/CMSIS/Include/cmsis_gcc.h ****   \brief   Get FPSCR
 763:Drivers/CMSIS/Include/cmsis_gcc.h ****   \details Returns the current value of the Floating Point Status/Control register.
 764:Drivers/CMSIS/Include/cmsis_gcc.h ****   \return               Floating Point Status/Control register value
 765:Drivers/CMSIS/Include/cmsis_gcc.h ****  */
 766:Drivers/CMSIS/Include/cmsis_gcc.h **** __STATIC_FORCEINLINE uint32_t __get_FPSCR(void)
 767:Drivers/CMSIS/Include/cmsis_gcc.h **** {
 768:Drivers/CMSIS/Include/cmsis_gcc.h **** #if ((defined (__FPU_PRESENT) && (__FPU_PRESENT == 1U)) && \
 769:Drivers/CMSIS/Include/cmsis_gcc.h ****      (defined (__FPU_USED   ) && (__FPU_USED    == 1U))     )
 770:Drivers/CMSIS/Include/cmsis_gcc.h **** #if __has_builtin(__builtin_arm_get_fpscr) 
 771:Drivers/CMSIS/Include/cmsis_gcc.h **** // Re-enable using built-in when GCC has been fixed
 772:Drivers/CMSIS/Include/cmsis_gcc.h **** // || (__GNUC__ > 7) || (__GNUC__ == 7 && __GNUC_MINOR__ >= 2)
 773:Drivers/CMSIS/Include/cmsis_gcc.h ****   /* see https://gcc.gnu.org/ml/gcc-patches/2017-04/msg00443.html */
 774:Drivers/CMSIS/Include/cmsis_gcc.h ****   return __builtin_arm_get_fpscr();
 775:Drivers/CMSIS/Include/cmsis_gcc.h **** #else
 776:Drivers/CMSIS/Include/cmsis_gcc.h ****   uint32_t result;
 777:Drivers/CMSIS/Include/cmsis_gcc.h **** 
 778:Drivers/CMSIS/Include/cmsis_gcc.h ****   __ASM volatile ("VMRS %0, fpscr" : "=r" (result) );
 779:Drivers/CMSIS/Include/cmsis_gcc.h ****   return(result);
 780:Drivers/CMSIS/Include/cmsis_gcc.h **** #endif
 781:Drivers/CMSIS/Include/cmsis_gcc.h **** #else
 782:Drivers/CMSIS/Include/cmsis_gcc.h ****   return(0U);
 783:Drivers/CMSIS/Include/cmsis_gcc.h **** #endif
 784:Drivers/CMSIS/Include/cmsis_gcc.h **** }
 785:Drivers/CMSIS/Include/cmsis_gcc.h **** 
 786:Drivers/CMSIS/Include/cmsis_gcc.h **** 
 787:Drivers/CMSIS/Include/cmsis_gcc.h **** /**
 788:Drivers/CMSIS/Include/cmsis_gcc.h ****   \brief   Set FPSCR
 789:Drivers/CMSIS/Include/cmsis_gcc.h ****   \details Assigns the given value to the Floating Point Status/Control register.
 790:Drivers/CMSIS/Include/cmsis_gcc.h ****   \param [in]    fpscr  Floating Point Status/Control value to set
 791:Drivers/CMSIS/Include/cmsis_gcc.h ****  */
 792:Drivers/CMSIS/Include/cmsis_gcc.h **** __STATIC_FORCEINLINE void __set_FPSCR(uint32_t fpscr)
 793:Drivers/CMSIS/Include/cmsis_gcc.h **** {
 794:Drivers/CMSIS/Include/cmsis_gcc.h **** #if ((defined (__FPU_PRESENT) && (__FPU_PRESENT == 1U)) && \
 795:Drivers/CMSIS/Include/cmsis_gcc.h ****      (defined (__FPU_USED   ) && (__FPU_USED    == 1U))     )
 796:Drivers/CMSIS/Include/cmsis_gcc.h **** #if __has_builtin(__builtin_arm_set_fpscr)
 797:Drivers/CMSIS/Include/cmsis_gcc.h **** // Re-enable using built-in when GCC has been fixed
 798:Drivers/CMSIS/Include/cmsis_gcc.h **** // || (__GNUC__ > 7) || (__GNUC__ == 7 && __GNUC_MINOR__ >= 2)
 799:Drivers/CMSIS/Include/cmsis_gcc.h ****   /* see https://gcc.gnu.org/ml/gcc-patches/2017-04/msg00443.html */
ARM GAS  /tmp/ccWw9kAG.s 			page 42


 800:Drivers/CMSIS/Include/cmsis_gcc.h ****   __builtin_arm_set_fpscr(fpscr);
 801:Drivers/CMSIS/Include/cmsis_gcc.h **** #else
 802:Drivers/CMSIS/Include/cmsis_gcc.h ****   __ASM volatile ("VMSR fpscr, %0" : : "r" (fpscr) : "vfpcc", "memory");
 803:Drivers/CMSIS/Include/cmsis_gcc.h **** #endif
 804:Drivers/CMSIS/Include/cmsis_gcc.h **** #else
 805:Drivers/CMSIS/Include/cmsis_gcc.h ****   (void)fpscr;
 806:Drivers/CMSIS/Include/cmsis_gcc.h **** #endif
 807:Drivers/CMSIS/Include/cmsis_gcc.h **** }
 808:Drivers/CMSIS/Include/cmsis_gcc.h **** 
 809:Drivers/CMSIS/Include/cmsis_gcc.h **** 
 810:Drivers/CMSIS/Include/cmsis_gcc.h **** /*@} end of CMSIS_Core_RegAccFunctions */
 811:Drivers/CMSIS/Include/cmsis_gcc.h **** 
 812:Drivers/CMSIS/Include/cmsis_gcc.h **** 
 813:Drivers/CMSIS/Include/cmsis_gcc.h **** /* ##########################  Core Instruction Access  ######################### */
 814:Drivers/CMSIS/Include/cmsis_gcc.h **** /** \defgroup CMSIS_Core_InstructionInterface CMSIS Core Instruction Interface
 815:Drivers/CMSIS/Include/cmsis_gcc.h ****   Access to dedicated instructions
 816:Drivers/CMSIS/Include/cmsis_gcc.h ****   @{
 817:Drivers/CMSIS/Include/cmsis_gcc.h **** */
 818:Drivers/CMSIS/Include/cmsis_gcc.h **** 
 819:Drivers/CMSIS/Include/cmsis_gcc.h **** /* Define macros for porting to both thumb1 and thumb2.
 820:Drivers/CMSIS/Include/cmsis_gcc.h ****  * For thumb1, use low register (r0-r7), specified by constraint "l"
 821:Drivers/CMSIS/Include/cmsis_gcc.h ****  * Otherwise, use general registers, specified by constraint "r" */
 822:Drivers/CMSIS/Include/cmsis_gcc.h **** #if defined (__thumb__) && !defined (__thumb2__)
 823:Drivers/CMSIS/Include/cmsis_gcc.h **** #define __CMSIS_GCC_OUT_REG(r) "=l" (r)
 824:Drivers/CMSIS/Include/cmsis_gcc.h **** #define __CMSIS_GCC_RW_REG(r) "+l" (r)
 825:Drivers/CMSIS/Include/cmsis_gcc.h **** #define __CMSIS_GCC_USE_REG(r) "l" (r)
 826:Drivers/CMSIS/Include/cmsis_gcc.h **** #else
 827:Drivers/CMSIS/Include/cmsis_gcc.h **** #define __CMSIS_GCC_OUT_REG(r) "=r" (r)
 828:Drivers/CMSIS/Include/cmsis_gcc.h **** #define __CMSIS_GCC_RW_REG(r) "+r" (r)
 829:Drivers/CMSIS/Include/cmsis_gcc.h **** #define __CMSIS_GCC_USE_REG(r) "r" (r)
 830:Drivers/CMSIS/Include/cmsis_gcc.h **** #endif
 831:Drivers/CMSIS/Include/cmsis_gcc.h **** 
 832:Drivers/CMSIS/Include/cmsis_gcc.h **** /**
 833:Drivers/CMSIS/Include/cmsis_gcc.h ****   \brief   No Operation
 834:Drivers/CMSIS/Include/cmsis_gcc.h ****   \details No Operation does nothing. This instruction can be used for code alignment purposes.
 835:Drivers/CMSIS/Include/cmsis_gcc.h ****  */
 836:Drivers/CMSIS/Include/cmsis_gcc.h **** #define __NOP()                             __ASM volatile ("nop")
 837:Drivers/CMSIS/Include/cmsis_gcc.h **** 
 838:Drivers/CMSIS/Include/cmsis_gcc.h **** /**
 839:Drivers/CMSIS/Include/cmsis_gcc.h ****   \brief   Wait For Interrupt
 840:Drivers/CMSIS/Include/cmsis_gcc.h ****   \details Wait For Interrupt is a hint instruction that suspends execution until one of a number o
 841:Drivers/CMSIS/Include/cmsis_gcc.h ****  */
 842:Drivers/CMSIS/Include/cmsis_gcc.h **** #define __WFI()                             __ASM volatile ("wfi")
 843:Drivers/CMSIS/Include/cmsis_gcc.h **** 
 844:Drivers/CMSIS/Include/cmsis_gcc.h **** 
 845:Drivers/CMSIS/Include/cmsis_gcc.h **** /**
 846:Drivers/CMSIS/Include/cmsis_gcc.h ****   \brief   Wait For Event
 847:Drivers/CMSIS/Include/cmsis_gcc.h ****   \details Wait For Event is a hint instruction that permits the processor to enter
 848:Drivers/CMSIS/Include/cmsis_gcc.h ****            a low-power state until one of a number of events occurs.
 849:Drivers/CMSIS/Include/cmsis_gcc.h ****  */
 850:Drivers/CMSIS/Include/cmsis_gcc.h **** #define __WFE()                             __ASM volatile ("wfe")
 851:Drivers/CMSIS/Include/cmsis_gcc.h **** 
 852:Drivers/CMSIS/Include/cmsis_gcc.h **** 
 853:Drivers/CMSIS/Include/cmsis_gcc.h **** /**
 854:Drivers/CMSIS/Include/cmsis_gcc.h ****   \brief   Send Event
 855:Drivers/CMSIS/Include/cmsis_gcc.h ****   \details Send Event is a hint instruction. It causes an event to be signaled to the CPU.
 856:Drivers/CMSIS/Include/cmsis_gcc.h ****  */
ARM GAS  /tmp/ccWw9kAG.s 			page 43


 857:Drivers/CMSIS/Include/cmsis_gcc.h **** #define __SEV()                             __ASM volatile ("sev")
 858:Drivers/CMSIS/Include/cmsis_gcc.h **** 
 859:Drivers/CMSIS/Include/cmsis_gcc.h **** 
 860:Drivers/CMSIS/Include/cmsis_gcc.h **** /**
 861:Drivers/CMSIS/Include/cmsis_gcc.h ****   \brief   Instruction Synchronization Barrier
 862:Drivers/CMSIS/Include/cmsis_gcc.h ****   \details Instruction Synchronization Barrier flushes the pipeline in the processor,
 863:Drivers/CMSIS/Include/cmsis_gcc.h ****            so that all instructions following the ISB are fetched from cache or memory,
 864:Drivers/CMSIS/Include/cmsis_gcc.h ****            after the instruction has been completed.
 865:Drivers/CMSIS/Include/cmsis_gcc.h ****  */
 866:Drivers/CMSIS/Include/cmsis_gcc.h **** __STATIC_FORCEINLINE void __ISB(void)
 867:Drivers/CMSIS/Include/cmsis_gcc.h **** {
 868:Drivers/CMSIS/Include/cmsis_gcc.h ****   __ASM volatile ("isb 0xF":::"memory");
 869:Drivers/CMSIS/Include/cmsis_gcc.h **** }
 870:Drivers/CMSIS/Include/cmsis_gcc.h **** 
 871:Drivers/CMSIS/Include/cmsis_gcc.h **** 
 872:Drivers/CMSIS/Include/cmsis_gcc.h **** /**
 873:Drivers/CMSIS/Include/cmsis_gcc.h ****   \brief   Data Synchronization Barrier
 874:Drivers/CMSIS/Include/cmsis_gcc.h ****   \details Acts as a special kind of Data Memory Barrier.
 875:Drivers/CMSIS/Include/cmsis_gcc.h ****            It completes when all explicit memory accesses before this instruction complete.
 876:Drivers/CMSIS/Include/cmsis_gcc.h ****  */
 877:Drivers/CMSIS/Include/cmsis_gcc.h **** __STATIC_FORCEINLINE void __DSB(void)
 878:Drivers/CMSIS/Include/cmsis_gcc.h **** {
 879:Drivers/CMSIS/Include/cmsis_gcc.h ****   __ASM volatile ("dsb 0xF":::"memory");
 880:Drivers/CMSIS/Include/cmsis_gcc.h **** }
 881:Drivers/CMSIS/Include/cmsis_gcc.h **** 
 882:Drivers/CMSIS/Include/cmsis_gcc.h **** 
 883:Drivers/CMSIS/Include/cmsis_gcc.h **** /**
 884:Drivers/CMSIS/Include/cmsis_gcc.h ****   \brief   Data Memory Barrier
 885:Drivers/CMSIS/Include/cmsis_gcc.h ****   \details Ensures the apparent order of the explicit memory operations before
 886:Drivers/CMSIS/Include/cmsis_gcc.h ****            and after the instruction, without ensuring their completion.
 887:Drivers/CMSIS/Include/cmsis_gcc.h ****  */
 888:Drivers/CMSIS/Include/cmsis_gcc.h **** __STATIC_FORCEINLINE void __DMB(void)
 889:Drivers/CMSIS/Include/cmsis_gcc.h **** {
 890:Drivers/CMSIS/Include/cmsis_gcc.h ****   __ASM volatile ("dmb 0xF":::"memory");
 891:Drivers/CMSIS/Include/cmsis_gcc.h **** }
 892:Drivers/CMSIS/Include/cmsis_gcc.h **** 
 893:Drivers/CMSIS/Include/cmsis_gcc.h **** 
 894:Drivers/CMSIS/Include/cmsis_gcc.h **** /**
 895:Drivers/CMSIS/Include/cmsis_gcc.h ****   \brief   Reverse byte order (32 bit)
 896:Drivers/CMSIS/Include/cmsis_gcc.h ****   \details Reverses the byte order in unsigned integer value. For example, 0x12345678 becomes 0x785
 897:Drivers/CMSIS/Include/cmsis_gcc.h ****   \param [in]    value  Value to reverse
 898:Drivers/CMSIS/Include/cmsis_gcc.h ****   \return               Reversed value
 899:Drivers/CMSIS/Include/cmsis_gcc.h ****  */
 900:Drivers/CMSIS/Include/cmsis_gcc.h **** __STATIC_FORCEINLINE uint32_t __REV(uint32_t value)
 901:Drivers/CMSIS/Include/cmsis_gcc.h **** {
 902:Drivers/CMSIS/Include/cmsis_gcc.h **** #if (__GNUC__ > 4) || (__GNUC__ == 4 && __GNUC_MINOR__ >= 5)
 903:Drivers/CMSIS/Include/cmsis_gcc.h ****   return __builtin_bswap32(value);
 904:Drivers/CMSIS/Include/cmsis_gcc.h **** #else
 905:Drivers/CMSIS/Include/cmsis_gcc.h ****   uint32_t result;
 906:Drivers/CMSIS/Include/cmsis_gcc.h **** 
 907:Drivers/CMSIS/Include/cmsis_gcc.h ****   __ASM volatile ("rev %0, %1" : __CMSIS_GCC_OUT_REG (result) : __CMSIS_GCC_USE_REG (value) );
 908:Drivers/CMSIS/Include/cmsis_gcc.h ****   return result;
 909:Drivers/CMSIS/Include/cmsis_gcc.h **** #endif
 910:Drivers/CMSIS/Include/cmsis_gcc.h **** }
 911:Drivers/CMSIS/Include/cmsis_gcc.h **** 
 912:Drivers/CMSIS/Include/cmsis_gcc.h **** 
 913:Drivers/CMSIS/Include/cmsis_gcc.h **** /**
ARM GAS  /tmp/ccWw9kAG.s 			page 44


 914:Drivers/CMSIS/Include/cmsis_gcc.h ****   \brief   Reverse byte order (16 bit)
 915:Drivers/CMSIS/Include/cmsis_gcc.h ****   \details Reverses the byte order within each halfword of a word. For example, 0x12345678 becomes 
 916:Drivers/CMSIS/Include/cmsis_gcc.h ****   \param [in]    value  Value to reverse
 917:Drivers/CMSIS/Include/cmsis_gcc.h ****   \return               Reversed value
 918:Drivers/CMSIS/Include/cmsis_gcc.h ****  */
 919:Drivers/CMSIS/Include/cmsis_gcc.h **** __STATIC_FORCEINLINE uint32_t __REV16(uint32_t value)
 920:Drivers/CMSIS/Include/cmsis_gcc.h **** {
 921:Drivers/CMSIS/Include/cmsis_gcc.h ****   uint32_t result;
 922:Drivers/CMSIS/Include/cmsis_gcc.h **** 
 923:Drivers/CMSIS/Include/cmsis_gcc.h ****   __ASM volatile ("rev16 %0, %1" : __CMSIS_GCC_OUT_REG (result) : __CMSIS_GCC_USE_REG (value) );
 924:Drivers/CMSIS/Include/cmsis_gcc.h ****   return result;
 925:Drivers/CMSIS/Include/cmsis_gcc.h **** }
 926:Drivers/CMSIS/Include/cmsis_gcc.h **** 
 927:Drivers/CMSIS/Include/cmsis_gcc.h **** 
 928:Drivers/CMSIS/Include/cmsis_gcc.h **** /**
 929:Drivers/CMSIS/Include/cmsis_gcc.h ****   \brief   Reverse byte order (16 bit)
 930:Drivers/CMSIS/Include/cmsis_gcc.h ****   \details Reverses the byte order in a 16-bit value and returns the signed 16-bit result. For exam
 931:Drivers/CMSIS/Include/cmsis_gcc.h ****   \param [in]    value  Value to reverse
 932:Drivers/CMSIS/Include/cmsis_gcc.h ****   \return               Reversed value
 933:Drivers/CMSIS/Include/cmsis_gcc.h ****  */
 934:Drivers/CMSIS/Include/cmsis_gcc.h **** __STATIC_FORCEINLINE int16_t __REVSH(int16_t value)
 935:Drivers/CMSIS/Include/cmsis_gcc.h **** {
 936:Drivers/CMSIS/Include/cmsis_gcc.h **** #if (__GNUC__ > 4) || (__GNUC__ == 4 && __GNUC_MINOR__ >= 8)
 937:Drivers/CMSIS/Include/cmsis_gcc.h ****   return (int16_t)__builtin_bswap16(value);
 938:Drivers/CMSIS/Include/cmsis_gcc.h **** #else
 939:Drivers/CMSIS/Include/cmsis_gcc.h ****   int16_t result;
 940:Drivers/CMSIS/Include/cmsis_gcc.h **** 
 941:Drivers/CMSIS/Include/cmsis_gcc.h ****   __ASM volatile ("revsh %0, %1" : __CMSIS_GCC_OUT_REG (result) : __CMSIS_GCC_USE_REG (value) );
 942:Drivers/CMSIS/Include/cmsis_gcc.h ****   return result;
 943:Drivers/CMSIS/Include/cmsis_gcc.h **** #endif
 944:Drivers/CMSIS/Include/cmsis_gcc.h **** }
 945:Drivers/CMSIS/Include/cmsis_gcc.h **** 
 946:Drivers/CMSIS/Include/cmsis_gcc.h **** 
 947:Drivers/CMSIS/Include/cmsis_gcc.h **** /**
 948:Drivers/CMSIS/Include/cmsis_gcc.h ****   \brief   Rotate Right in unsigned value (32 bit)
 949:Drivers/CMSIS/Include/cmsis_gcc.h ****   \details Rotate Right (immediate) provides the value of the contents of a register rotated by a v
 950:Drivers/CMSIS/Include/cmsis_gcc.h ****   \param [in]    op1  Value to rotate
 951:Drivers/CMSIS/Include/cmsis_gcc.h ****   \param [in]    op2  Number of Bits to rotate
 952:Drivers/CMSIS/Include/cmsis_gcc.h ****   \return               Rotated value
 953:Drivers/CMSIS/Include/cmsis_gcc.h ****  */
 954:Drivers/CMSIS/Include/cmsis_gcc.h **** __STATIC_FORCEINLINE uint32_t __ROR(uint32_t op1, uint32_t op2)
 955:Drivers/CMSIS/Include/cmsis_gcc.h **** {
 956:Drivers/CMSIS/Include/cmsis_gcc.h ****   op2 %= 32U;
 957:Drivers/CMSIS/Include/cmsis_gcc.h ****   if (op2 == 0U)
 958:Drivers/CMSIS/Include/cmsis_gcc.h ****   {
 959:Drivers/CMSIS/Include/cmsis_gcc.h ****     return op1;
 960:Drivers/CMSIS/Include/cmsis_gcc.h ****   }
 961:Drivers/CMSIS/Include/cmsis_gcc.h ****   return (op1 >> op2) | (op1 << (32U - op2));
 962:Drivers/CMSIS/Include/cmsis_gcc.h **** }
 963:Drivers/CMSIS/Include/cmsis_gcc.h **** 
 964:Drivers/CMSIS/Include/cmsis_gcc.h **** 
 965:Drivers/CMSIS/Include/cmsis_gcc.h **** /**
 966:Drivers/CMSIS/Include/cmsis_gcc.h ****   \brief   Breakpoint
 967:Drivers/CMSIS/Include/cmsis_gcc.h ****   \details Causes the processor to enter Debug state.
 968:Drivers/CMSIS/Include/cmsis_gcc.h ****            Debug tools can use this to investigate system state when the instruction at a particula
 969:Drivers/CMSIS/Include/cmsis_gcc.h ****   \param [in]    value  is ignored by the processor.
 970:Drivers/CMSIS/Include/cmsis_gcc.h ****                  If required, a debugger can use it to store additional information about the break
ARM GAS  /tmp/ccWw9kAG.s 			page 45


 971:Drivers/CMSIS/Include/cmsis_gcc.h ****  */
 972:Drivers/CMSIS/Include/cmsis_gcc.h **** #define __BKPT(value)                       __ASM volatile ("bkpt "#value)
 973:Drivers/CMSIS/Include/cmsis_gcc.h **** 
 974:Drivers/CMSIS/Include/cmsis_gcc.h **** 
 975:Drivers/CMSIS/Include/cmsis_gcc.h **** /**
 976:Drivers/CMSIS/Include/cmsis_gcc.h ****   \brief   Reverse bit order of value
 977:Drivers/CMSIS/Include/cmsis_gcc.h ****   \details Reverses the bit order of the given value.
 978:Drivers/CMSIS/Include/cmsis_gcc.h ****   \param [in]    value  Value to reverse
 979:Drivers/CMSIS/Include/cmsis_gcc.h ****   \return               Reversed value
 980:Drivers/CMSIS/Include/cmsis_gcc.h ****  */
 981:Drivers/CMSIS/Include/cmsis_gcc.h **** __STATIC_FORCEINLINE uint32_t __RBIT(uint32_t value)
 735              		.loc 2 981 31 view .LVU195
 736              	.LBB5:
 982:Drivers/CMSIS/Include/cmsis_gcc.h **** {
 983:Drivers/CMSIS/Include/cmsis_gcc.h ****   uint32_t result;
 737              		.loc 2 983 3 view .LVU196
 984:Drivers/CMSIS/Include/cmsis_gcc.h **** 
 985:Drivers/CMSIS/Include/cmsis_gcc.h **** #if ((defined (__ARM_ARCH_7M__      ) && (__ARM_ARCH_7M__      == 1)) || \
 986:Drivers/CMSIS/Include/cmsis_gcc.h ****      (defined (__ARM_ARCH_7EM__     ) && (__ARM_ARCH_7EM__     == 1)) || \
 987:Drivers/CMSIS/Include/cmsis_gcc.h ****      (defined (__ARM_ARCH_8M_MAIN__ ) && (__ARM_ARCH_8M_MAIN__ == 1))    )
 988:Drivers/CMSIS/Include/cmsis_gcc.h ****    __ASM volatile ("rbit %0, %1" : "=r" (result) : "r" (value) );
 738              		.loc 2 988 4 view .LVU197
 739 0032 F822     		movs	r2, #248
 740              		.syntax unified
 741              	@ 988 "Drivers/CMSIS/Include/cmsis_gcc.h" 1
 742 0034 92FAA2F2 		rbit r2, r2
 743              	@ 0 "" 2
 744              	.LVL61:
 989:Drivers/CMSIS/Include/cmsis_gcc.h **** #else
 990:Drivers/CMSIS/Include/cmsis_gcc.h ****   uint32_t s = (4U /*sizeof(v)*/ * 8U) - 1U; /* extra shift needed at end */
 991:Drivers/CMSIS/Include/cmsis_gcc.h **** 
 992:Drivers/CMSIS/Include/cmsis_gcc.h ****   result = value;                      /* r will be reversed bits of v; first get LSB of v */
 993:Drivers/CMSIS/Include/cmsis_gcc.h ****   for (value >>= 1U; value != 0U; value >>= 1U)
 994:Drivers/CMSIS/Include/cmsis_gcc.h ****   {
 995:Drivers/CMSIS/Include/cmsis_gcc.h ****     result <<= 1U;
 996:Drivers/CMSIS/Include/cmsis_gcc.h ****     result |= value & 1U;
 997:Drivers/CMSIS/Include/cmsis_gcc.h ****     s--;
 998:Drivers/CMSIS/Include/cmsis_gcc.h ****   }
 999:Drivers/CMSIS/Include/cmsis_gcc.h ****   result <<= s;                        /* shift when v's highest bits are zero */
1000:Drivers/CMSIS/Include/cmsis_gcc.h **** #endif
1001:Drivers/CMSIS/Include/cmsis_gcc.h ****   return result;
 745              		.loc 2 1001 3 view .LVU198
 746              		.loc 2 1001 3 is_stmt 0 view .LVU199
 747              		.thumb
 748              		.syntax unified
 749              	.LBE5:
 750              	.LBE4:
 380:Drivers/STM32F2xx_HAL_Driver/Src/stm32f2xx_hal_flash_ex.c ****   FLASH->CR |= FLASH_CR_STRT;
 751              		.loc 1 380 39 discriminator 2 view .LVU200
 752 0038 B2FA82F2 		clz	r2, r2
 753 003c 9040     		lsls	r0, r0, r2
 754              	.LVL62:
 380:Drivers/STM32F2xx_HAL_Driver/Src/stm32f2xx_hal_flash_ex.c ****   FLASH->CR |= FLASH_CR_STRT;
 755              		.loc 1 380 29 discriminator 2 view .LVU201
 756 003e 40F00200 		orr	r0, r0, #2
 380:Drivers/STM32F2xx_HAL_Driver/Src/stm32f2xx_hal_flash_ex.c ****   FLASH->CR |= FLASH_CR_STRT;
 757              		.loc 1 380 8 discriminator 2 view .LVU202
ARM GAS  /tmp/ccWw9kAG.s 			page 46


 758 0042 1A69     		ldr	r2, [r3, #16]
 380:Drivers/STM32F2xx_HAL_Driver/Src/stm32f2xx_hal_flash_ex.c ****   FLASH->CR |= FLASH_CR_STRT;
 759              		.loc 1 380 13 discriminator 2 view .LVU203
 760 0044 0243     		orrs	r2, r2, r0
 761 0046 1A61     		str	r2, [r3, #16]
 381:Drivers/STM32F2xx_HAL_Driver/Src/stm32f2xx_hal_flash_ex.c **** }
 762              		.loc 1 381 3 is_stmt 1 view .LVU204
 381:Drivers/STM32F2xx_HAL_Driver/Src/stm32f2xx_hal_flash_ex.c **** }
 763              		.loc 1 381 8 is_stmt 0 view .LVU205
 764 0048 1A69     		ldr	r2, [r3, #16]
 381:Drivers/STM32F2xx_HAL_Driver/Src/stm32f2xx_hal_flash_ex.c **** }
 765              		.loc 1 381 13 view .LVU206
 766 004a 42F48032 		orr	r2, r2, #65536
 767 004e 1A61     		str	r2, [r3, #16]
 382:Drivers/STM32F2xx_HAL_Driver/Src/stm32f2xx_hal_flash_ex.c **** 
 768              		.loc 1 382 1 view .LVU207
 769 0050 7047     		bx	lr
 770              	.L68:
 771 0052 00BF     		.align	2
 772              	.L67:
 773 0054 003C0240 		.word	1073888256
 774              		.cfi_endproc
 775              	.LFE76:
 777              		.section	.text.HAL_FLASHEx_Erase_IT,"ax",%progbits
 778              		.align	1
 779              		.global	HAL_FLASHEx_Erase_IT
 780              		.syntax unified
 781              		.thumb
 782              		.thumb_func
 784              	HAL_FLASHEx_Erase_IT:
 785              	.LVL63:
 786              	.LFB73:
 205:Drivers/STM32F2xx_HAL_Driver/Src/stm32f2xx_hal_flash_ex.c ****   HAL_StatusTypeDef status = HAL_OK;
 787              		.loc 1 205 1 is_stmt 1 view -0
 788              		.cfi_startproc
 789              		@ args = 0, pretend = 0, frame = 0
 790              		@ frame_needed = 0, uses_anonymous_args = 0
 205:Drivers/STM32F2xx_HAL_Driver/Src/stm32f2xx_hal_flash_ex.c ****   HAL_StatusTypeDef status = HAL_OK;
 791              		.loc 1 205 1 is_stmt 0 view .LVU209
 792 0000 08B5     		push	{r3, lr}
 793              	.LCFI7:
 794              		.cfi_def_cfa_offset 8
 795              		.cfi_offset 3, -8
 796              		.cfi_offset 14, -4
 206:Drivers/STM32F2xx_HAL_Driver/Src/stm32f2xx_hal_flash_ex.c **** 
 797              		.loc 1 206 3 is_stmt 1 view .LVU210
 798              	.LVL64:
 209:Drivers/STM32F2xx_HAL_Driver/Src/stm32f2xx_hal_flash_ex.c **** 
 799              		.loc 1 209 3 view .LVU211
 212:Drivers/STM32F2xx_HAL_Driver/Src/stm32f2xx_hal_flash_ex.c ****   
 800              		.loc 1 212 3 view .LVU212
 801 0002 124B     		ldr	r3, .L74
 802 0004 1A69     		ldr	r2, [r3, #16]
 803 0006 42F08072 		orr	r2, r2, #16777216
 804 000a 1A61     		str	r2, [r3, #16]
 215:Drivers/STM32F2xx_HAL_Driver/Src/stm32f2xx_hal_flash_ex.c ****   
 805              		.loc 1 215 3 view .LVU213
ARM GAS  /tmp/ccWw9kAG.s 			page 47


 806 000c 1A69     		ldr	r2, [r3, #16]
 807 000e 42F00072 		orr	r2, r2, #33554432
 808 0012 1A61     		str	r2, [r3, #16]
 218:Drivers/STM32F2xx_HAL_Driver/Src/stm32f2xx_hal_flash_ex.c ****                          FLASH_FLAG_PGAERR | FLASH_FLAG_PGPERR| FLASH_FLAG_PGSERR);  
 809              		.loc 1 218 3 view .LVU214
 810 0014 F322     		movs	r2, #243
 811 0016 DA60     		str	r2, [r3, #12]
 221:Drivers/STM32F2xx_HAL_Driver/Src/stm32f2xx_hal_flash_ex.c ****   {
 812              		.loc 1 221 3 view .LVU215
 221:Drivers/STM32F2xx_HAL_Driver/Src/stm32f2xx_hal_flash_ex.c ****   {
 813              		.loc 1 221 16 is_stmt 0 view .LVU216
 814 0018 0368     		ldr	r3, [r0]
 221:Drivers/STM32F2xx_HAL_Driver/Src/stm32f2xx_hal_flash_ex.c ****   {
 815              		.loc 1 221 5 view .LVU217
 816 001a 012B     		cmp	r3, #1
 817 001c 0DD0     		beq	.L73
 233:Drivers/STM32F2xx_HAL_Driver/Src/stm32f2xx_hal_flash_ex.c **** 
 818              		.loc 1 233 5 is_stmt 1 view .LVU218
 235:Drivers/STM32F2xx_HAL_Driver/Src/stm32f2xx_hal_flash_ex.c ****     pFlash.NbSectorsToErase = pEraseInit->NbSectors;
 819              		.loc 1 235 5 view .LVU219
 235:Drivers/STM32F2xx_HAL_Driver/Src/stm32f2xx_hal_flash_ex.c ****     pFlash.NbSectorsToErase = pEraseInit->NbSectors;
 820              		.loc 1 235 29 is_stmt 0 view .LVU220
 821 001e 0C4B     		ldr	r3, .L74+4
 822 0020 0122     		movs	r2, #1
 823 0022 1A70     		strb	r2, [r3]
 236:Drivers/STM32F2xx_HAL_Driver/Src/stm32f2xx_hal_flash_ex.c ****     pFlash.Sector = pEraseInit->Sector;
 824              		.loc 1 236 5 is_stmt 1 view .LVU221
 236:Drivers/STM32F2xx_HAL_Driver/Src/stm32f2xx_hal_flash_ex.c ****     pFlash.Sector = pEraseInit->Sector;
 825              		.loc 1 236 41 is_stmt 0 view .LVU222
 826 0024 C268     		ldr	r2, [r0, #12]
 236:Drivers/STM32F2xx_HAL_Driver/Src/stm32f2xx_hal_flash_ex.c ****     pFlash.Sector = pEraseInit->Sector;
 827              		.loc 1 236 29 view .LVU223
 828 0026 5A60     		str	r2, [r3, #4]
 237:Drivers/STM32F2xx_HAL_Driver/Src/stm32f2xx_hal_flash_ex.c ****     pFlash.VoltageForErase = (uint8_t)pEraseInit->VoltageRange;
 829              		.loc 1 237 5 is_stmt 1 view .LVU224
 237:Drivers/STM32F2xx_HAL_Driver/Src/stm32f2xx_hal_flash_ex.c ****     pFlash.VoltageForErase = (uint8_t)pEraseInit->VoltageRange;
 830              		.loc 1 237 31 is_stmt 0 view .LVU225
 831 0028 8268     		ldr	r2, [r0, #8]
 237:Drivers/STM32F2xx_HAL_Driver/Src/stm32f2xx_hal_flash_ex.c ****     pFlash.VoltageForErase = (uint8_t)pEraseInit->VoltageRange;
 832              		.loc 1 237 19 view .LVU226
 833 002a DA60     		str	r2, [r3, #12]
 238:Drivers/STM32F2xx_HAL_Driver/Src/stm32f2xx_hal_flash_ex.c **** 
 834              		.loc 1 238 5 is_stmt 1 view .LVU227
 238:Drivers/STM32F2xx_HAL_Driver/Src/stm32f2xx_hal_flash_ex.c **** 
 835              		.loc 1 238 30 is_stmt 0 view .LVU228
 836 002c 017C     		ldrb	r1, [r0, #16]	@ zero_extendqisi2
 238:Drivers/STM32F2xx_HAL_Driver/Src/stm32f2xx_hal_flash_ex.c **** 
 837              		.loc 1 238 28 view .LVU229
 838 002e 1972     		strb	r1, [r3, #8]
 241:Drivers/STM32F2xx_HAL_Driver/Src/stm32f2xx_hal_flash_ex.c ****   }
 839              		.loc 1 241 5 is_stmt 1 view .LVU230
 840 0030 8068     		ldr	r0, [r0, #8]
 841              	.LVL65:
 241:Drivers/STM32F2xx_HAL_Driver/Src/stm32f2xx_hal_flash_ex.c ****   }
 842              		.loc 1 241 5 is_stmt 0 view .LVU231
 843 0032 FFF7FEFF 		bl	FLASH_Erase_Sector
 844              	.LVL66:
ARM GAS  /tmp/ccWw9kAG.s 			page 48


 845              	.L71:
 244:Drivers/STM32F2xx_HAL_Driver/Src/stm32f2xx_hal_flash_ex.c **** }
 846              		.loc 1 244 3 is_stmt 1 view .LVU232
 245:Drivers/STM32F2xx_HAL_Driver/Src/stm32f2xx_hal_flash_ex.c **** 
 847              		.loc 1 245 1 is_stmt 0 view .LVU233
 848 0036 0020     		movs	r0, #0
 849 0038 08BD     		pop	{r3, pc}
 850              	.LVL67:
 851              	.L73:
 224:Drivers/STM32F2xx_HAL_Driver/Src/stm32f2xx_hal_flash_ex.c ****     pFlash.Bank = pEraseInit->Banks;
 852              		.loc 1 224 5 is_stmt 1 view .LVU234
 224:Drivers/STM32F2xx_HAL_Driver/Src/stm32f2xx_hal_flash_ex.c ****     pFlash.Bank = pEraseInit->Banks;
 853              		.loc 1 224 29 is_stmt 0 view .LVU235
 854 003a 054B     		ldr	r3, .L74+4
 855 003c 0222     		movs	r2, #2
 856 003e 1A70     		strb	r2, [r3]
 225:Drivers/STM32F2xx_HAL_Driver/Src/stm32f2xx_hal_flash_ex.c ****     FLASH_MassErase((uint8_t) pEraseInit->VoltageRange, pEraseInit->Banks);
 857              		.loc 1 225 5 is_stmt 1 view .LVU236
 225:Drivers/STM32F2xx_HAL_Driver/Src/stm32f2xx_hal_flash_ex.c ****     FLASH_MassErase((uint8_t) pEraseInit->VoltageRange, pEraseInit->Banks);
 858              		.loc 1 225 29 is_stmt 0 view .LVU237
 859 0040 4168     		ldr	r1, [r0, #4]
 225:Drivers/STM32F2xx_HAL_Driver/Src/stm32f2xx_hal_flash_ex.c ****     FLASH_MassErase((uint8_t) pEraseInit->VoltageRange, pEraseInit->Banks);
 860              		.loc 1 225 17 view .LVU238
 861 0042 1961     		str	r1, [r3, #16]
 226:Drivers/STM32F2xx_HAL_Driver/Src/stm32f2xx_hal_flash_ex.c ****   }
 862              		.loc 1 226 5 is_stmt 1 view .LVU239
 863 0044 007C     		ldrb	r0, [r0, #16]	@ zero_extendqisi2
 864              	.LVL68:
 226:Drivers/STM32F2xx_HAL_Driver/Src/stm32f2xx_hal_flash_ex.c ****   }
 865              		.loc 1 226 5 is_stmt 0 view .LVU240
 866 0046 FFF7FEFF 		bl	FLASH_MassErase
 867              	.LVL69:
 868 004a F4E7     		b	.L71
 869              	.L75:
 870              		.align	2
 871              	.L74:
 872 004c 003C0240 		.word	1073888256
 873 0050 00000000 		.word	pFlash
 874              		.cfi_endproc
 875              	.LFE73:
 877              		.section	.text.FLASH_FlushCaches,"ax",%progbits
 878              		.align	1
 879              		.global	FLASH_FlushCaches
 880              		.syntax unified
 881              		.thumb
 882              		.thumb_func
 884              	FLASH_FlushCaches:
 885              	.LFB77:
 389:Drivers/STM32F2xx_HAL_Driver/Src/stm32f2xx_hal_flash_ex.c ****   /* Flush instruction cache  */
 886              		.loc 1 389 1 is_stmt 1 view -0
 887              		.cfi_startproc
 888              		@ args = 0, pretend = 0, frame = 0
 889              		@ frame_needed = 0, uses_anonymous_args = 0
 890              		@ link register save eliminated.
 391:Drivers/STM32F2xx_HAL_Driver/Src/stm32f2xx_hal_flash_ex.c ****   {
 891              		.loc 1 391 3 view .LVU242
 391:Drivers/STM32F2xx_HAL_Driver/Src/stm32f2xx_hal_flash_ex.c ****   {
ARM GAS  /tmp/ccWw9kAG.s 			page 49


 892              		.loc 1 391 6 is_stmt 0 view .LVU243
 893 0000 164B     		ldr	r3, .L79
 894 0002 1B68     		ldr	r3, [r3]
 391:Drivers/STM32F2xx_HAL_Driver/Src/stm32f2xx_hal_flash_ex.c ****   {
 895              		.loc 1 391 5 view .LVU244
 896 0004 13F4007F 		tst	r3, #512
 897 0008 10D0     		beq	.L77
 394:Drivers/STM32F2xx_HAL_Driver/Src/stm32f2xx_hal_flash_ex.c ****     /* Reset instruction cache */
 898              		.loc 1 394 5 is_stmt 1 view .LVU245
 899 000a 144B     		ldr	r3, .L79
 900 000c 1A68     		ldr	r2, [r3]
 901 000e 22F40072 		bic	r2, r2, #512
 902 0012 1A60     		str	r2, [r3]
 396:Drivers/STM32F2xx_HAL_Driver/Src/stm32f2xx_hal_flash_ex.c ****     /* Enable instruction cache */
 903              		.loc 1 396 5 view .LVU246
 396:Drivers/STM32F2xx_HAL_Driver/Src/stm32f2xx_hal_flash_ex.c ****     /* Enable instruction cache */
 904              		.loc 1 396 5 view .LVU247
 905 0014 1A68     		ldr	r2, [r3]
 906 0016 42F40062 		orr	r2, r2, #2048
 907 001a 1A60     		str	r2, [r3]
 396:Drivers/STM32F2xx_HAL_Driver/Src/stm32f2xx_hal_flash_ex.c ****     /* Enable instruction cache */
 908              		.loc 1 396 5 view .LVU248
 909 001c 1A68     		ldr	r2, [r3]
 910 001e 22F40062 		bic	r2, r2, #2048
 911 0022 1A60     		str	r2, [r3]
 396:Drivers/STM32F2xx_HAL_Driver/Src/stm32f2xx_hal_flash_ex.c ****     /* Enable instruction cache */
 912              		.loc 1 396 5 view .LVU249
 398:Drivers/STM32F2xx_HAL_Driver/Src/stm32f2xx_hal_flash_ex.c ****   }
 913              		.loc 1 398 5 view .LVU250
 914 0024 1A68     		ldr	r2, [r3]
 915 0026 42F40072 		orr	r2, r2, #512
 916 002a 1A60     		str	r2, [r3]
 917              	.L77:
 402:Drivers/STM32F2xx_HAL_Driver/Src/stm32f2xx_hal_flash_ex.c ****   {
 918              		.loc 1 402 3 view .LVU251
 402:Drivers/STM32F2xx_HAL_Driver/Src/stm32f2xx_hal_flash_ex.c ****   {
 919              		.loc 1 402 6 is_stmt 0 view .LVU252
 920 002c 0B4B     		ldr	r3, .L79
 921 002e 1B68     		ldr	r3, [r3]
 402:Drivers/STM32F2xx_HAL_Driver/Src/stm32f2xx_hal_flash_ex.c ****   {
 922              		.loc 1 402 5 view .LVU253
 923 0030 13F4806F 		tst	r3, #1024
 924 0034 10D0     		beq	.L76
 405:Drivers/STM32F2xx_HAL_Driver/Src/stm32f2xx_hal_flash_ex.c ****     /* Reset data cache */
 925              		.loc 1 405 5 is_stmt 1 view .LVU254
 926 0036 094B     		ldr	r3, .L79
 927 0038 1A68     		ldr	r2, [r3]
 928 003a 22F48062 		bic	r2, r2, #1024
 929 003e 1A60     		str	r2, [r3]
 407:Drivers/STM32F2xx_HAL_Driver/Src/stm32f2xx_hal_flash_ex.c ****     /* Enable data cache */
 930              		.loc 1 407 5 view .LVU255
 407:Drivers/STM32F2xx_HAL_Driver/Src/stm32f2xx_hal_flash_ex.c ****     /* Enable data cache */
 931              		.loc 1 407 5 view .LVU256
 932 0040 1A68     		ldr	r2, [r3]
 933 0042 42F48052 		orr	r2, r2, #4096
 934 0046 1A60     		str	r2, [r3]
 407:Drivers/STM32F2xx_HAL_Driver/Src/stm32f2xx_hal_flash_ex.c ****     /* Enable data cache */
ARM GAS  /tmp/ccWw9kAG.s 			page 50


 935              		.loc 1 407 5 view .LVU257
 936 0048 1A68     		ldr	r2, [r3]
 937 004a 22F48052 		bic	r2, r2, #4096
 938 004e 1A60     		str	r2, [r3]
 407:Drivers/STM32F2xx_HAL_Driver/Src/stm32f2xx_hal_flash_ex.c ****     /* Enable data cache */
 939              		.loc 1 407 5 view .LVU258
 409:Drivers/STM32F2xx_HAL_Driver/Src/stm32f2xx_hal_flash_ex.c ****   }
 940              		.loc 1 409 5 view .LVU259
 941 0050 1A68     		ldr	r2, [r3]
 942 0052 42F48062 		orr	r2, r2, #1024
 943 0056 1A60     		str	r2, [r3]
 944              	.L76:
 411:Drivers/STM32F2xx_HAL_Driver/Src/stm32f2xx_hal_flash_ex.c **** 
 945              		.loc 1 411 1 is_stmt 0 view .LVU260
 946 0058 7047     		bx	lr
 947              	.L80:
 948 005a 00BF     		.align	2
 949              	.L79:
 950 005c 003C0240 		.word	1073888256
 951              		.cfi_endproc
 952              	.LFE77:
 954              		.section	.text.HAL_FLASHEx_Erase,"ax",%progbits
 955              		.align	1
 956              		.global	HAL_FLASHEx_Erase
 957              		.syntax unified
 958              		.thumb
 959              		.thumb_func
 961              	HAL_FLASHEx_Erase:
 962              	.LVL70:
 963              	.LFB72:
 134:Drivers/STM32F2xx_HAL_Driver/Src/stm32f2xx_hal_flash_ex.c ****   HAL_StatusTypeDef status = HAL_ERROR;
 964              		.loc 1 134 1 is_stmt 1 view -0
 965              		.cfi_startproc
 966              		@ args = 0, pretend = 0, frame = 0
 967              		@ frame_needed = 0, uses_anonymous_args = 0
 134:Drivers/STM32F2xx_HAL_Driver/Src/stm32f2xx_hal_flash_ex.c ****   HAL_StatusTypeDef status = HAL_ERROR;
 968              		.loc 1 134 1 is_stmt 0 view .LVU262
 969 0000 F8B5     		push	{r3, r4, r5, r6, r7, lr}
 970              	.LCFI8:
 971              		.cfi_def_cfa_offset 24
 972              		.cfi_offset 3, -24
 973              		.cfi_offset 4, -20
 974              		.cfi_offset 5, -16
 975              		.cfi_offset 6, -12
 976              		.cfi_offset 7, -8
 977              		.cfi_offset 14, -4
 135:Drivers/STM32F2xx_HAL_Driver/Src/stm32f2xx_hal_flash_ex.c ****   uint32_t index = 0U;
 978              		.loc 1 135 3 is_stmt 1 view .LVU263
 979              	.LVL71:
 136:Drivers/STM32F2xx_HAL_Driver/Src/stm32f2xx_hal_flash_ex.c ****   
 980              		.loc 1 136 3 view .LVU264
 139:Drivers/STM32F2xx_HAL_Driver/Src/stm32f2xx_hal_flash_ex.c **** 
 981              		.loc 1 139 3 view .LVU265
 139:Drivers/STM32F2xx_HAL_Driver/Src/stm32f2xx_hal_flash_ex.c **** 
 982              		.loc 1 139 3 view .LVU266
 983 0002 224B     		ldr	r3, .L93
 984 0004 1B7E     		ldrb	r3, [r3, #24]	@ zero_extendqisi2
ARM GAS  /tmp/ccWw9kAG.s 			page 51


 985 0006 012B     		cmp	r3, #1
 986 0008 3ED0     		beq	.L89
 987 000a 0446     		mov	r4, r0
 988 000c 0E46     		mov	r6, r1
 139:Drivers/STM32F2xx_HAL_Driver/Src/stm32f2xx_hal_flash_ex.c **** 
 989              		.loc 1 139 3 discriminator 2 view .LVU267
 990 000e 1F4B     		ldr	r3, .L93
 991 0010 0122     		movs	r2, #1
 992 0012 1A76     		strb	r2, [r3, #24]
 139:Drivers/STM32F2xx_HAL_Driver/Src/stm32f2xx_hal_flash_ex.c **** 
 993              		.loc 1 139 3 view .LVU268
 142:Drivers/STM32F2xx_HAL_Driver/Src/stm32f2xx_hal_flash_ex.c **** 
 994              		.loc 1 142 3 view .LVU269
 145:Drivers/STM32F2xx_HAL_Driver/Src/stm32f2xx_hal_flash_ex.c **** 
 995              		.loc 1 145 3 view .LVU270
 145:Drivers/STM32F2xx_HAL_Driver/Src/stm32f2xx_hal_flash_ex.c **** 
 996              		.loc 1 145 12 is_stmt 0 view .LVU271
 997 0014 4CF25030 		movw	r0, #50000
 998              	.LVL72:
 145:Drivers/STM32F2xx_HAL_Driver/Src/stm32f2xx_hal_flash_ex.c **** 
 999              		.loc 1 145 12 view .LVU272
 1000 0018 FFF7FEFF 		bl	FLASH_WaitForLastOperation
 1001              	.LVL73:
 147:Drivers/STM32F2xx_HAL_Driver/Src/stm32f2xx_hal_flash_ex.c ****   {
 1002              		.loc 1 147 3 is_stmt 1 view .LVU273
 147:Drivers/STM32F2xx_HAL_Driver/Src/stm32f2xx_hal_flash_ex.c ****   {
 1003              		.loc 1 147 5 is_stmt 0 view .LVU274
 1004 001c 0746     		mov	r7, r0
 1005 001e 70BB     		cbnz	r0, .L83
 150:Drivers/STM32F2xx_HAL_Driver/Src/stm32f2xx_hal_flash_ex.c ****     
 1006              		.loc 1 150 5 is_stmt 1 view .LVU275
 150:Drivers/STM32F2xx_HAL_Driver/Src/stm32f2xx_hal_flash_ex.c ****     
 1007              		.loc 1 150 18 is_stmt 0 view .LVU276
 1008 0020 4FF0FF33 		mov	r3, #-1
 1009 0024 3360     		str	r3, [r6]
 152:Drivers/STM32F2xx_HAL_Driver/Src/stm32f2xx_hal_flash_ex.c ****     {
 1010              		.loc 1 152 5 is_stmt 1 view .LVU277
 152:Drivers/STM32F2xx_HAL_Driver/Src/stm32f2xx_hal_flash_ex.c ****     {
 1011              		.loc 1 152 18 is_stmt 0 view .LVU278
 1012 0026 2368     		ldr	r3, [r4]
 152:Drivers/STM32F2xx_HAL_Driver/Src/stm32f2xx_hal_flash_ex.c ****     {
 1013              		.loc 1 152 7 view .LVU279
 1014 0028 012B     		cmp	r3, #1
 1015 002a 16D0     		beq	.L91
 166:Drivers/STM32F2xx_HAL_Driver/Src/stm32f2xx_hal_flash_ex.c **** 
 1016              		.loc 1 166 7 is_stmt 1 view .LVU280
 169:Drivers/STM32F2xx_HAL_Driver/Src/stm32f2xx_hal_flash_ex.c ****       {
 1017              		.loc 1 169 7 view .LVU281
 169:Drivers/STM32F2xx_HAL_Driver/Src/stm32f2xx_hal_flash_ex.c ****       {
 1018              		.loc 1 169 17 is_stmt 0 view .LVU282
 1019 002c A568     		ldr	r5, [r4, #8]
 1020              	.LVL74:
 1021              	.L86:
 169:Drivers/STM32F2xx_HAL_Driver/Src/stm32f2xx_hal_flash_ex.c ****       {
 1022              		.loc 1 169 45 is_stmt 1 discriminator 1 view .LVU283
 169:Drivers/STM32F2xx_HAL_Driver/Src/stm32f2xx_hal_flash_ex.c ****       {
 1023              		.loc 1 169 58 is_stmt 0 discriminator 1 view .LVU284
ARM GAS  /tmp/ccWw9kAG.s 			page 52


 1024 002e E368     		ldr	r3, [r4, #12]
 169:Drivers/STM32F2xx_HAL_Driver/Src/stm32f2xx_hal_flash_ex.c ****       {
 1025              		.loc 1 169 82 discriminator 1 view .LVU285
 1026 0030 A268     		ldr	r2, [r4, #8]
 169:Drivers/STM32F2xx_HAL_Driver/Src/stm32f2xx_hal_flash_ex.c ****       {
 1027              		.loc 1 169 70 discriminator 1 view .LVU286
 1028 0032 1344     		add	r3, r3, r2
 169:Drivers/STM32F2xx_HAL_Driver/Src/stm32f2xx_hal_flash_ex.c ****       {
 1029              		.loc 1 169 45 discriminator 1 view .LVU287
 1030 0034 AB42     		cmp	r3, r5
 1031 0036 20D9     		bls	.L85
 171:Drivers/STM32F2xx_HAL_Driver/Src/stm32f2xx_hal_flash_ex.c **** 
 1032              		.loc 1 171 9 is_stmt 1 view .LVU288
 1033 0038 217C     		ldrb	r1, [r4, #16]	@ zero_extendqisi2
 1034 003a 2846     		mov	r0, r5
 1035 003c FFF7FEFF 		bl	FLASH_Erase_Sector
 1036              	.LVL75:
 174:Drivers/STM32F2xx_HAL_Driver/Src/stm32f2xx_hal_flash_ex.c ****         
 1037              		.loc 1 174 9 view .LVU289
 174:Drivers/STM32F2xx_HAL_Driver/Src/stm32f2xx_hal_flash_ex.c ****         
 1038              		.loc 1 174 18 is_stmt 0 view .LVU290
 1039 0040 4CF25030 		movw	r0, #50000
 1040 0044 FFF7FEFF 		bl	FLASH_WaitForLastOperation
 1041              	.LVL76:
 177:Drivers/STM32F2xx_HAL_Driver/Src/stm32f2xx_hal_flash_ex.c **** 
 1042              		.loc 1 177 9 is_stmt 1 view .LVU291
 1043 0048 114A     		ldr	r2, .L93+4
 1044 004a 1369     		ldr	r3, [r2, #16]
 1045 004c 23F0FA03 		bic	r3, r3, #250
 1046 0050 1361     		str	r3, [r2, #16]
 179:Drivers/STM32F2xx_HAL_Driver/Src/stm32f2xx_hal_flash_ex.c ****         {
 1047              		.loc 1 179 9 view .LVU292
 179:Drivers/STM32F2xx_HAL_Driver/Src/stm32f2xx_hal_flash_ex.c ****         {
 1048              		.loc 1 179 11 is_stmt 0 view .LVU293
 1049 0052 0746     		mov	r7, r0
 1050 0054 80B9     		cbnz	r0, .L92
 169:Drivers/STM32F2xx_HAL_Driver/Src/stm32f2xx_hal_flash_ex.c ****       {
 1051              		.loc 1 169 98 is_stmt 1 discriminator 2 view .LVU294
 1052 0056 0135     		adds	r5, r5, #1
 1053              	.LVL77:
 169:Drivers/STM32F2xx_HAL_Driver/Src/stm32f2xx_hal_flash_ex.c ****       {
 1054              		.loc 1 169 98 is_stmt 0 discriminator 2 view .LVU295
 1055 0058 E9E7     		b	.L86
 1056              	.LVL78:
 1057              	.L91:
 155:Drivers/STM32F2xx_HAL_Driver/Src/stm32f2xx_hal_flash_ex.c **** 
 1058              		.loc 1 155 7 is_stmt 1 view .LVU296
 1059 005a 6168     		ldr	r1, [r4, #4]
 1060 005c 207C     		ldrb	r0, [r4, #16]	@ zero_extendqisi2
 1061              	.LVL79:
 155:Drivers/STM32F2xx_HAL_Driver/Src/stm32f2xx_hal_flash_ex.c **** 
 1062              		.loc 1 155 7 is_stmt 0 view .LVU297
 1063 005e FFF7FEFF 		bl	FLASH_MassErase
 1064              	.LVL80:
 158:Drivers/STM32F2xx_HAL_Driver/Src/stm32f2xx_hal_flash_ex.c ****       
 1065              		.loc 1 158 7 is_stmt 1 view .LVU298
 158:Drivers/STM32F2xx_HAL_Driver/Src/stm32f2xx_hal_flash_ex.c ****       
ARM GAS  /tmp/ccWw9kAG.s 			page 53


 1066              		.loc 1 158 16 is_stmt 0 view .LVU299
 1067 0062 4CF25030 		movw	r0, #50000
 1068 0066 FFF7FEFF 		bl	FLASH_WaitForLastOperation
 1069              	.LVL81:
 1070 006a 0746     		mov	r7, r0
 1071              	.LVL82:
 161:Drivers/STM32F2xx_HAL_Driver/Src/stm32f2xx_hal_flash_ex.c ****     }
 1072              		.loc 1 161 7 is_stmt 1 view .LVU300
 161:Drivers/STM32F2xx_HAL_Driver/Src/stm32f2xx_hal_flash_ex.c ****     }
 1073              		.loc 1 161 12 is_stmt 0 view .LVU301
 1074 006c 084A     		ldr	r2, .L93+4
 1075 006e 1369     		ldr	r3, [r2, #16]
 161:Drivers/STM32F2xx_HAL_Driver/Src/stm32f2xx_hal_flash_ex.c ****     }
 1076              		.loc 1 161 17 view .LVU302
 1077 0070 23F00403 		bic	r3, r3, #4
 1078 0074 1361     		str	r3, [r2, #16]
 1079 0076 00E0     		b	.L85
 1080              	.LVL83:
 1081              	.L92:
 182:Drivers/STM32F2xx_HAL_Driver/Src/stm32f2xx_hal_flash_ex.c ****           break;
 1082              		.loc 1 182 11 is_stmt 1 view .LVU303
 182:Drivers/STM32F2xx_HAL_Driver/Src/stm32f2xx_hal_flash_ex.c ****           break;
 1083              		.loc 1 182 24 is_stmt 0 view .LVU304
 1084 0078 3560     		str	r5, [r6]
 183:Drivers/STM32F2xx_HAL_Driver/Src/stm32f2xx_hal_flash_ex.c ****         }
 1085              		.loc 1 183 11 is_stmt 1 view .LVU305
 1086              	.LVL84:
 1087              	.L85:
 188:Drivers/STM32F2xx_HAL_Driver/Src/stm32f2xx_hal_flash_ex.c ****   }
 1088              		.loc 1 188 5 view .LVU306
 1089 007a FFF7FEFF 		bl	FLASH_FlushCaches
 1090              	.LVL85:
 1091              	.L83:
 192:Drivers/STM32F2xx_HAL_Driver/Src/stm32f2xx_hal_flash_ex.c **** 
 1092              		.loc 1 192 3 view .LVU307
 192:Drivers/STM32F2xx_HAL_Driver/Src/stm32f2xx_hal_flash_ex.c **** 
 1093              		.loc 1 192 3 view .LVU308
 1094 007e 034B     		ldr	r3, .L93
 1095 0080 0022     		movs	r2, #0
 1096 0082 1A76     		strb	r2, [r3, #24]
 192:Drivers/STM32F2xx_HAL_Driver/Src/stm32f2xx_hal_flash_ex.c **** 
 1097              		.loc 1 192 3 view .LVU309
 194:Drivers/STM32F2xx_HAL_Driver/Src/stm32f2xx_hal_flash_ex.c **** }
 1098              		.loc 1 194 3 view .LVU310
 1099              	.LVL86:
 1100              	.L82:
 195:Drivers/STM32F2xx_HAL_Driver/Src/stm32f2xx_hal_flash_ex.c **** 
 1101              		.loc 1 195 1 is_stmt 0 view .LVU311
 1102 0084 3846     		mov	r0, r7
 1103 0086 F8BD     		pop	{r3, r4, r5, r6, r7, pc}
 1104              	.LVL87:
 1105              	.L89:
 139:Drivers/STM32F2xx_HAL_Driver/Src/stm32f2xx_hal_flash_ex.c **** 
 1106              		.loc 1 139 3 discriminator 1 view .LVU312
 1107 0088 0227     		movs	r7, #2
 1108 008a FBE7     		b	.L82
 1109              	.L94:
ARM GAS  /tmp/ccWw9kAG.s 			page 54


 1110              		.align	2
 1111              	.L93:
 1112 008c 00000000 		.word	pFlash
 1113 0090 003C0240 		.word	1073888256
 1114              		.cfi_endproc
 1115              	.LFE72:
 1117              		.text
 1118              	.Letext0:
 1119              		.file 3 "/home/sru/.local/xPacks/arm-none-eabi-gcc/xpack-arm-none-eabi-gcc-14.2.1-1.1/arm-none-eab
 1120              		.file 4 "/home/sru/.local/xPacks/arm-none-eabi-gcc/xpack-arm-none-eabi-gcc-14.2.1-1.1/arm-none-eab
 1121              		.file 5 "Drivers/CMSIS/Device/ST/STM32F2xx/Include/stm32f207xx.h"
 1122              		.file 6 "Drivers/CMSIS/Device/ST/STM32F2xx/Include/stm32f2xx.h"
 1123              		.file 7 "Drivers/STM32F2xx_HAL_Driver/Inc/stm32f2xx_hal_def.h"
 1124              		.file 8 "Drivers/STM32F2xx_HAL_Driver/Inc/stm32f2xx_hal_flash.h"
 1125              		.file 9 "Drivers/STM32F2xx_HAL_Driver/Inc/stm32f2xx_hal_flash_ex.h"
ARM GAS  /tmp/ccWw9kAG.s 			page 55


DEFINED SYMBOLS
                            *ABS*:00000000 stm32f2xx_hal_flash_ex.c
     /tmp/ccWw9kAG.s:19     .text.FLASH_MassErase:00000000 $t
     /tmp/ccWw9kAG.s:24     .text.FLASH_MassErase:00000000 FLASH_MassErase
     /tmp/ccWw9kAG.s:58     .text.FLASH_MassErase:00000020 $d
     /tmp/ccWw9kAG.s:63     .text.FLASH_OB_BOR_LevelConfig:00000000 $t
     /tmp/ccWw9kAG.s:68     .text.FLASH_OB_BOR_LevelConfig:00000000 FLASH_OB_BOR_LevelConfig
     /tmp/ccWw9kAG.s:97     .text.FLASH_OB_BOR_LevelConfig:00000014 $d
     /tmp/ccWw9kAG.s:102    .text.FLASH_OB_GetUser:00000000 $t
     /tmp/ccWw9kAG.s:107    .text.FLASH_OB_GetUser:00000000 FLASH_OB_GetUser
     /tmp/ccWw9kAG.s:124    .text.FLASH_OB_GetUser:0000000c $d
     /tmp/ccWw9kAG.s:129    .text.FLASH_OB_GetWRP:00000000 $t
     /tmp/ccWw9kAG.s:134    .text.FLASH_OB_GetWRP:00000000 FLASH_OB_GetWRP
     /tmp/ccWw9kAG.s:151    .text.FLASH_OB_GetWRP:00000008 $d
     /tmp/ccWw9kAG.s:156    .text.FLASH_OB_GetRDP:00000000 $t
     /tmp/ccWw9kAG.s:161    .text.FLASH_OB_GetRDP:00000000 FLASH_OB_GetRDP
     /tmp/ccWw9kAG.s:196    .text.FLASH_OB_GetRDP:00000018 $d
     /tmp/ccWw9kAG.s:201    .text.FLASH_OB_GetBOR:00000000 $t
     /tmp/ccWw9kAG.s:206    .text.FLASH_OB_GetBOR:00000000 FLASH_OB_GetBOR
     /tmp/ccWw9kAG.s:223    .text.FLASH_OB_GetBOR:0000000c $d
     /tmp/ccWw9kAG.s:228    .text.FLASH_OB_EnableWRP:00000000 $t
     /tmp/ccWw9kAG.s:233    .text.FLASH_OB_EnableWRP:00000000 FLASH_OB_EnableWRP
     /tmp/ccWw9kAG.s:278    .text.FLASH_OB_EnableWRP:0000001c $d
     /tmp/ccWw9kAG.s:283    .text.FLASH_OB_DisableWRP:00000000 $t
     /tmp/ccWw9kAG.s:288    .text.FLASH_OB_DisableWRP:00000000 FLASH_OB_DisableWRP
     /tmp/ccWw9kAG.s:334    .text.FLASH_OB_DisableWRP:0000001c $d
     /tmp/ccWw9kAG.s:339    .text.FLASH_OB_RDP_LevelConfig:00000000 $t
     /tmp/ccWw9kAG.s:344    .text.FLASH_OB_RDP_LevelConfig:00000000 FLASH_OB_RDP_LevelConfig
     /tmp/ccWw9kAG.s:384    .text.FLASH_OB_RDP_LevelConfig:00000014 $d
     /tmp/ccWw9kAG.s:389    .text.FLASH_OB_UserConfig:00000000 $t
     /tmp/ccWw9kAG.s:394    .text.FLASH_OB_UserConfig:00000000 FLASH_OB_UserConfig
     /tmp/ccWw9kAG.s:455    .text.FLASH_OB_UserConfig:00000028 $d
     /tmp/ccWw9kAG.s:460    .text.HAL_FLASHEx_OBProgram:00000000 $t
     /tmp/ccWw9kAG.s:466    .text.HAL_FLASHEx_OBProgram:00000000 HAL_FLASHEx_OBProgram
     /tmp/ccWw9kAG.s:614    .text.HAL_FLASHEx_OBProgram:00000080 $d
     /tmp/ccWw9kAG.s:619    .text.HAL_FLASHEx_OBGetConfig:00000000 $t
     /tmp/ccWw9kAG.s:625    .text.HAL_FLASHEx_OBGetConfig:00000000 HAL_FLASHEx_OBGetConfig
     /tmp/ccWw9kAG.s:674    .text.FLASH_Erase_Sector:00000000 $t
     /tmp/ccWw9kAG.s:680    .text.FLASH_Erase_Sector:00000000 FLASH_Erase_Sector
     /tmp/ccWw9kAG.s:773    .text.FLASH_Erase_Sector:00000054 $d
     /tmp/ccWw9kAG.s:778    .text.HAL_FLASHEx_Erase_IT:00000000 $t
     /tmp/ccWw9kAG.s:784    .text.HAL_FLASHEx_Erase_IT:00000000 HAL_FLASHEx_Erase_IT
     /tmp/ccWw9kAG.s:872    .text.HAL_FLASHEx_Erase_IT:0000004c $d
     /tmp/ccWw9kAG.s:878    .text.FLASH_FlushCaches:00000000 $t
     /tmp/ccWw9kAG.s:884    .text.FLASH_FlushCaches:00000000 FLASH_FlushCaches
     /tmp/ccWw9kAG.s:950    .text.FLASH_FlushCaches:0000005c $d
     /tmp/ccWw9kAG.s:955    .text.HAL_FLASHEx_Erase:00000000 $t
     /tmp/ccWw9kAG.s:961    .text.HAL_FLASHEx_Erase:00000000 HAL_FLASHEx_Erase
     /tmp/ccWw9kAG.s:1112   .text.HAL_FLASHEx_Erase:0000008c $d

UNDEFINED SYMBOLS
FLASH_WaitForLastOperation
pFlash
