ARM GAS  /tmp/ccdDJwMc.s 			page 1


   1              		.cpu cortex-m3
   2              		.arch armv7-m
   3              		.fpu softvfp
   4              		.eabi_attribute 20, 1
   5              		.eabi_attribute 21, 1
   6              		.eabi_attribute 23, 3
   7              		.eabi_attribute 24, 1
   8              		.eabi_attribute 25, 1
   9              		.eabi_attribute 26, 1
  10              		.eabi_attribute 30, 1
  11              		.eabi_attribute 34, 1
  12              		.eabi_attribute 18, 4
  13              		.file	"stm32f2xx_hal_tim_ex.c"
  14              		.text
  15              	.Ltext0:
  16              		.cfi_sections	.debug_frame
  17              		.file 1 "Drivers/STM32F2xx_HAL_Driver/Src/stm32f2xx_hal_tim_ex.c"
  18              		.section	.text.TIM_CCxNChannelCmd,"ax",%progbits
  19              		.align	1
  20              		.syntax unified
  21              		.thumb
  22              		.thumb_func
  24              	TIM_CCxNChannelCmd:
  25              	.LVL0:
  26              	.LFB113:
   1:Drivers/STM32F2xx_HAL_Driver/Src/stm32f2xx_hal_tim_ex.c **** /**
   2:Drivers/STM32F2xx_HAL_Driver/Src/stm32f2xx_hal_tim_ex.c ****   ******************************************************************************
   3:Drivers/STM32F2xx_HAL_Driver/Src/stm32f2xx_hal_tim_ex.c ****   * @file    stm32f2xx_hal_tim_ex.c
   4:Drivers/STM32F2xx_HAL_Driver/Src/stm32f2xx_hal_tim_ex.c ****   * @author  MCD Application Team
   5:Drivers/STM32F2xx_HAL_Driver/Src/stm32f2xx_hal_tim_ex.c ****   * @brief   TIM HAL module driver.
   6:Drivers/STM32F2xx_HAL_Driver/Src/stm32f2xx_hal_tim_ex.c ****   *          This file provides firmware functions to manage the following
   7:Drivers/STM32F2xx_HAL_Driver/Src/stm32f2xx_hal_tim_ex.c ****   *          functionalities of the Timer Extended peripheral:
   8:Drivers/STM32F2xx_HAL_Driver/Src/stm32f2xx_hal_tim_ex.c ****   *           + Time Hall Sensor Interface Initialization
   9:Drivers/STM32F2xx_HAL_Driver/Src/stm32f2xx_hal_tim_ex.c ****   *           + Time Hall Sensor Interface Start
  10:Drivers/STM32F2xx_HAL_Driver/Src/stm32f2xx_hal_tim_ex.c ****   *           + Time Complementary signal break and dead time configuration
  11:Drivers/STM32F2xx_HAL_Driver/Src/stm32f2xx_hal_tim_ex.c ****   *           + Time Master and Slave synchronization configuration
  12:Drivers/STM32F2xx_HAL_Driver/Src/stm32f2xx_hal_tim_ex.c ****   *           + Timer remapping capabilities configuration
  13:Drivers/STM32F2xx_HAL_Driver/Src/stm32f2xx_hal_tim_ex.c ****   ******************************************************************************
  14:Drivers/STM32F2xx_HAL_Driver/Src/stm32f2xx_hal_tim_ex.c ****   * @attention
  15:Drivers/STM32F2xx_HAL_Driver/Src/stm32f2xx_hal_tim_ex.c ****   *
  16:Drivers/STM32F2xx_HAL_Driver/Src/stm32f2xx_hal_tim_ex.c ****   * Copyright (c) 2016 STMicroelectronics.
  17:Drivers/STM32F2xx_HAL_Driver/Src/stm32f2xx_hal_tim_ex.c ****   * All rights reserved.
  18:Drivers/STM32F2xx_HAL_Driver/Src/stm32f2xx_hal_tim_ex.c ****   *
  19:Drivers/STM32F2xx_HAL_Driver/Src/stm32f2xx_hal_tim_ex.c ****   * This software is licensed under terms that can be found in the LICENSE file
  20:Drivers/STM32F2xx_HAL_Driver/Src/stm32f2xx_hal_tim_ex.c ****   * in the root directory of this software component.
  21:Drivers/STM32F2xx_HAL_Driver/Src/stm32f2xx_hal_tim_ex.c ****   * If no LICENSE file comes with this software, it is provided AS-IS.
  22:Drivers/STM32F2xx_HAL_Driver/Src/stm32f2xx_hal_tim_ex.c ****   *
  23:Drivers/STM32F2xx_HAL_Driver/Src/stm32f2xx_hal_tim_ex.c ****   ******************************************************************************
  24:Drivers/STM32F2xx_HAL_Driver/Src/stm32f2xx_hal_tim_ex.c ****   @verbatim
  25:Drivers/STM32F2xx_HAL_Driver/Src/stm32f2xx_hal_tim_ex.c ****   ==============================================================================
  26:Drivers/STM32F2xx_HAL_Driver/Src/stm32f2xx_hal_tim_ex.c ****                       ##### TIMER Extended features #####
  27:Drivers/STM32F2xx_HAL_Driver/Src/stm32f2xx_hal_tim_ex.c ****   ==============================================================================
  28:Drivers/STM32F2xx_HAL_Driver/Src/stm32f2xx_hal_tim_ex.c ****   [..]
  29:Drivers/STM32F2xx_HAL_Driver/Src/stm32f2xx_hal_tim_ex.c ****     The Timer Extended features include:
  30:Drivers/STM32F2xx_HAL_Driver/Src/stm32f2xx_hal_tim_ex.c ****     (#) Complementary outputs with programmable dead-time for :
  31:Drivers/STM32F2xx_HAL_Driver/Src/stm32f2xx_hal_tim_ex.c ****         (++) Output Compare
  32:Drivers/STM32F2xx_HAL_Driver/Src/stm32f2xx_hal_tim_ex.c ****         (++) PWM generation (Edge and Center-aligned Mode)
ARM GAS  /tmp/ccdDJwMc.s 			page 2


  33:Drivers/STM32F2xx_HAL_Driver/Src/stm32f2xx_hal_tim_ex.c ****         (++) One-pulse mode output
  34:Drivers/STM32F2xx_HAL_Driver/Src/stm32f2xx_hal_tim_ex.c ****     (#) Synchronization circuit to control the timer with external signals and to
  35:Drivers/STM32F2xx_HAL_Driver/Src/stm32f2xx_hal_tim_ex.c ****         interconnect several timers together.
  36:Drivers/STM32F2xx_HAL_Driver/Src/stm32f2xx_hal_tim_ex.c ****     (#) Break input to put the timer output signals in reset state or in a known state.
  37:Drivers/STM32F2xx_HAL_Driver/Src/stm32f2xx_hal_tim_ex.c ****     (#) Supports incremental (quadrature) encoder and hall-sensor circuitry for
  38:Drivers/STM32F2xx_HAL_Driver/Src/stm32f2xx_hal_tim_ex.c ****         positioning purposes
  39:Drivers/STM32F2xx_HAL_Driver/Src/stm32f2xx_hal_tim_ex.c **** 
  40:Drivers/STM32F2xx_HAL_Driver/Src/stm32f2xx_hal_tim_ex.c ****             ##### How to use this driver #####
  41:Drivers/STM32F2xx_HAL_Driver/Src/stm32f2xx_hal_tim_ex.c ****   ==============================================================================
  42:Drivers/STM32F2xx_HAL_Driver/Src/stm32f2xx_hal_tim_ex.c ****     [..]
  43:Drivers/STM32F2xx_HAL_Driver/Src/stm32f2xx_hal_tim_ex.c ****      (#) Initialize the TIM low level resources by implementing the following functions
  44:Drivers/STM32F2xx_HAL_Driver/Src/stm32f2xx_hal_tim_ex.c ****          depending on the selected feature:
  45:Drivers/STM32F2xx_HAL_Driver/Src/stm32f2xx_hal_tim_ex.c ****            (++) Hall Sensor output : HAL_TIMEx_HallSensor_MspInit()
  46:Drivers/STM32F2xx_HAL_Driver/Src/stm32f2xx_hal_tim_ex.c **** 
  47:Drivers/STM32F2xx_HAL_Driver/Src/stm32f2xx_hal_tim_ex.c ****      (#) Initialize the TIM low level resources :
  48:Drivers/STM32F2xx_HAL_Driver/Src/stm32f2xx_hal_tim_ex.c ****         (##) Enable the TIM interface clock using __HAL_RCC_TIMx_CLK_ENABLE();
  49:Drivers/STM32F2xx_HAL_Driver/Src/stm32f2xx_hal_tim_ex.c ****         (##) TIM pins configuration
  50:Drivers/STM32F2xx_HAL_Driver/Src/stm32f2xx_hal_tim_ex.c ****             (+++) Enable the clock for the TIM GPIOs using the following function:
  51:Drivers/STM32F2xx_HAL_Driver/Src/stm32f2xx_hal_tim_ex.c ****               __HAL_RCC_GPIOx_CLK_ENABLE();
  52:Drivers/STM32F2xx_HAL_Driver/Src/stm32f2xx_hal_tim_ex.c ****             (+++) Configure these TIM pins in Alternate function mode using HAL_GPIO_Init();
  53:Drivers/STM32F2xx_HAL_Driver/Src/stm32f2xx_hal_tim_ex.c **** 
  54:Drivers/STM32F2xx_HAL_Driver/Src/stm32f2xx_hal_tim_ex.c ****      (#) The external Clock can be configured, if needed (the default clock is the
  55:Drivers/STM32F2xx_HAL_Driver/Src/stm32f2xx_hal_tim_ex.c ****          internal clock from the APBx), using the following function:
  56:Drivers/STM32F2xx_HAL_Driver/Src/stm32f2xx_hal_tim_ex.c ****          HAL_TIM_ConfigClockSource, the clock configuration should be done before
  57:Drivers/STM32F2xx_HAL_Driver/Src/stm32f2xx_hal_tim_ex.c ****          any start function.
  58:Drivers/STM32F2xx_HAL_Driver/Src/stm32f2xx_hal_tim_ex.c **** 
  59:Drivers/STM32F2xx_HAL_Driver/Src/stm32f2xx_hal_tim_ex.c ****      (#) Configure the TIM in the desired functioning mode using one of the
  60:Drivers/STM32F2xx_HAL_Driver/Src/stm32f2xx_hal_tim_ex.c ****          initialization function of this driver:
  61:Drivers/STM32F2xx_HAL_Driver/Src/stm32f2xx_hal_tim_ex.c ****           (++) HAL_TIMEx_HallSensor_Init() and HAL_TIMEx_ConfigCommutEvent(): to use the
  62:Drivers/STM32F2xx_HAL_Driver/Src/stm32f2xx_hal_tim_ex.c ****                Timer Hall Sensor Interface and the commutation event with the corresponding
  63:Drivers/STM32F2xx_HAL_Driver/Src/stm32f2xx_hal_tim_ex.c ****                Interrupt and DMA request if needed (Note that One Timer is used to interface
  64:Drivers/STM32F2xx_HAL_Driver/Src/stm32f2xx_hal_tim_ex.c ****                with the Hall sensor Interface and another Timer should be used to use
  65:Drivers/STM32F2xx_HAL_Driver/Src/stm32f2xx_hal_tim_ex.c ****                the commutation event).
  66:Drivers/STM32F2xx_HAL_Driver/Src/stm32f2xx_hal_tim_ex.c **** 
  67:Drivers/STM32F2xx_HAL_Driver/Src/stm32f2xx_hal_tim_ex.c ****      (#) Activate the TIM peripheral using one of the start functions:
  68:Drivers/STM32F2xx_HAL_Driver/Src/stm32f2xx_hal_tim_ex.c ****            (++) Complementary Output Compare : HAL_TIMEx_OCN_Start(), HAL_TIMEx_OCN_Start_DMA(),
  69:Drivers/STM32F2xx_HAL_Driver/Src/stm32f2xx_hal_tim_ex.c ****                 HAL_TIMEx_OCN_Start_IT()
  70:Drivers/STM32F2xx_HAL_Driver/Src/stm32f2xx_hal_tim_ex.c ****            (++) Complementary PWM generation : HAL_TIMEx_PWMN_Start(), HAL_TIMEx_PWMN_Start_DMA(),
  71:Drivers/STM32F2xx_HAL_Driver/Src/stm32f2xx_hal_tim_ex.c ****                 HAL_TIMEx_PWMN_Start_IT()
  72:Drivers/STM32F2xx_HAL_Driver/Src/stm32f2xx_hal_tim_ex.c ****            (++) Complementary One-pulse mode output : HAL_TIMEx_OnePulseN_Start(), HAL_TIMEx_OnePul
  73:Drivers/STM32F2xx_HAL_Driver/Src/stm32f2xx_hal_tim_ex.c ****            (++) Hall Sensor output : HAL_TIMEx_HallSensor_Start(), HAL_TIMEx_HallSensor_Start_DMA()
  74:Drivers/STM32F2xx_HAL_Driver/Src/stm32f2xx_hal_tim_ex.c ****                 HAL_TIMEx_HallSensor_Start_IT().
  75:Drivers/STM32F2xx_HAL_Driver/Src/stm32f2xx_hal_tim_ex.c **** 
  76:Drivers/STM32F2xx_HAL_Driver/Src/stm32f2xx_hal_tim_ex.c ****   @endverbatim
  77:Drivers/STM32F2xx_HAL_Driver/Src/stm32f2xx_hal_tim_ex.c ****   ******************************************************************************
  78:Drivers/STM32F2xx_HAL_Driver/Src/stm32f2xx_hal_tim_ex.c ****   */
  79:Drivers/STM32F2xx_HAL_Driver/Src/stm32f2xx_hal_tim_ex.c **** 
  80:Drivers/STM32F2xx_HAL_Driver/Src/stm32f2xx_hal_tim_ex.c **** /* Includes ------------------------------------------------------------------*/
  81:Drivers/STM32F2xx_HAL_Driver/Src/stm32f2xx_hal_tim_ex.c **** #include "stm32f2xx_hal.h"
  82:Drivers/STM32F2xx_HAL_Driver/Src/stm32f2xx_hal_tim_ex.c **** 
  83:Drivers/STM32F2xx_HAL_Driver/Src/stm32f2xx_hal_tim_ex.c **** /** @addtogroup STM32F2xx_HAL_Driver
  84:Drivers/STM32F2xx_HAL_Driver/Src/stm32f2xx_hal_tim_ex.c ****   * @{
  85:Drivers/STM32F2xx_HAL_Driver/Src/stm32f2xx_hal_tim_ex.c ****   */
  86:Drivers/STM32F2xx_HAL_Driver/Src/stm32f2xx_hal_tim_ex.c **** 
  87:Drivers/STM32F2xx_HAL_Driver/Src/stm32f2xx_hal_tim_ex.c **** /** @defgroup TIMEx TIMEx
  88:Drivers/STM32F2xx_HAL_Driver/Src/stm32f2xx_hal_tim_ex.c ****   * @brief TIM Extended HAL module driver
  89:Drivers/STM32F2xx_HAL_Driver/Src/stm32f2xx_hal_tim_ex.c ****   * @{
ARM GAS  /tmp/ccdDJwMc.s 			page 3


  90:Drivers/STM32F2xx_HAL_Driver/Src/stm32f2xx_hal_tim_ex.c ****   */
  91:Drivers/STM32F2xx_HAL_Driver/Src/stm32f2xx_hal_tim_ex.c **** 
  92:Drivers/STM32F2xx_HAL_Driver/Src/stm32f2xx_hal_tim_ex.c **** #ifdef HAL_TIM_MODULE_ENABLED
  93:Drivers/STM32F2xx_HAL_Driver/Src/stm32f2xx_hal_tim_ex.c **** 
  94:Drivers/STM32F2xx_HAL_Driver/Src/stm32f2xx_hal_tim_ex.c **** /* Private typedef -----------------------------------------------------------*/
  95:Drivers/STM32F2xx_HAL_Driver/Src/stm32f2xx_hal_tim_ex.c **** /* Private define ------------------------------------------------------------*/
  96:Drivers/STM32F2xx_HAL_Driver/Src/stm32f2xx_hal_tim_ex.c **** /* Private macros ------------------------------------------------------------*/
  97:Drivers/STM32F2xx_HAL_Driver/Src/stm32f2xx_hal_tim_ex.c **** /* Private variables ---------------------------------------------------------*/
  98:Drivers/STM32F2xx_HAL_Driver/Src/stm32f2xx_hal_tim_ex.c **** /* Private function prototypes -----------------------------------------------*/
  99:Drivers/STM32F2xx_HAL_Driver/Src/stm32f2xx_hal_tim_ex.c **** static void TIM_DMADelayPulseNCplt(DMA_HandleTypeDef *hdma);
 100:Drivers/STM32F2xx_HAL_Driver/Src/stm32f2xx_hal_tim_ex.c **** static void TIM_DMAErrorCCxN(DMA_HandleTypeDef *hdma);
 101:Drivers/STM32F2xx_HAL_Driver/Src/stm32f2xx_hal_tim_ex.c **** static void TIM_CCxNChannelCmd(TIM_TypeDef *TIMx, uint32_t Channel, uint32_t ChannelNState);
 102:Drivers/STM32F2xx_HAL_Driver/Src/stm32f2xx_hal_tim_ex.c **** 
 103:Drivers/STM32F2xx_HAL_Driver/Src/stm32f2xx_hal_tim_ex.c **** /* Exported functions --------------------------------------------------------*/
 104:Drivers/STM32F2xx_HAL_Driver/Src/stm32f2xx_hal_tim_ex.c **** /** @defgroup TIMEx_Exported_Functions TIM Extended Exported Functions
 105:Drivers/STM32F2xx_HAL_Driver/Src/stm32f2xx_hal_tim_ex.c ****   * @{
 106:Drivers/STM32F2xx_HAL_Driver/Src/stm32f2xx_hal_tim_ex.c ****   */
 107:Drivers/STM32F2xx_HAL_Driver/Src/stm32f2xx_hal_tim_ex.c **** 
 108:Drivers/STM32F2xx_HAL_Driver/Src/stm32f2xx_hal_tim_ex.c **** /** @defgroup TIMEx_Exported_Functions_Group1 Extended Timer Hall Sensor functions
 109:Drivers/STM32F2xx_HAL_Driver/Src/stm32f2xx_hal_tim_ex.c ****   * @brief    Timer Hall Sensor functions
 110:Drivers/STM32F2xx_HAL_Driver/Src/stm32f2xx_hal_tim_ex.c ****   *
 111:Drivers/STM32F2xx_HAL_Driver/Src/stm32f2xx_hal_tim_ex.c **** @verbatim
 112:Drivers/STM32F2xx_HAL_Driver/Src/stm32f2xx_hal_tim_ex.c ****   ==============================================================================
 113:Drivers/STM32F2xx_HAL_Driver/Src/stm32f2xx_hal_tim_ex.c ****                       ##### Timer Hall Sensor functions #####
 114:Drivers/STM32F2xx_HAL_Driver/Src/stm32f2xx_hal_tim_ex.c ****   ==============================================================================
 115:Drivers/STM32F2xx_HAL_Driver/Src/stm32f2xx_hal_tim_ex.c ****   [..]
 116:Drivers/STM32F2xx_HAL_Driver/Src/stm32f2xx_hal_tim_ex.c ****     This section provides functions allowing to:
 117:Drivers/STM32F2xx_HAL_Driver/Src/stm32f2xx_hal_tim_ex.c ****     (+) Initialize and configure TIM HAL Sensor.
 118:Drivers/STM32F2xx_HAL_Driver/Src/stm32f2xx_hal_tim_ex.c ****     (+) De-initialize TIM HAL Sensor.
 119:Drivers/STM32F2xx_HAL_Driver/Src/stm32f2xx_hal_tim_ex.c ****     (+) Start the Hall Sensor Interface.
 120:Drivers/STM32F2xx_HAL_Driver/Src/stm32f2xx_hal_tim_ex.c ****     (+) Stop the Hall Sensor Interface.
 121:Drivers/STM32F2xx_HAL_Driver/Src/stm32f2xx_hal_tim_ex.c ****     (+) Start the Hall Sensor Interface and enable interrupts.
 122:Drivers/STM32F2xx_HAL_Driver/Src/stm32f2xx_hal_tim_ex.c ****     (+) Stop the Hall Sensor Interface and disable interrupts.
 123:Drivers/STM32F2xx_HAL_Driver/Src/stm32f2xx_hal_tim_ex.c ****     (+) Start the Hall Sensor Interface and enable DMA transfers.
 124:Drivers/STM32F2xx_HAL_Driver/Src/stm32f2xx_hal_tim_ex.c ****     (+) Stop the Hall Sensor Interface and disable DMA transfers.
 125:Drivers/STM32F2xx_HAL_Driver/Src/stm32f2xx_hal_tim_ex.c **** 
 126:Drivers/STM32F2xx_HAL_Driver/Src/stm32f2xx_hal_tim_ex.c **** @endverbatim
 127:Drivers/STM32F2xx_HAL_Driver/Src/stm32f2xx_hal_tim_ex.c ****   * @{
 128:Drivers/STM32F2xx_HAL_Driver/Src/stm32f2xx_hal_tim_ex.c ****   */
 129:Drivers/STM32F2xx_HAL_Driver/Src/stm32f2xx_hal_tim_ex.c **** /**
 130:Drivers/STM32F2xx_HAL_Driver/Src/stm32f2xx_hal_tim_ex.c ****   * @brief  Initializes the TIM Hall Sensor Interface and initialize the associated handle.
 131:Drivers/STM32F2xx_HAL_Driver/Src/stm32f2xx_hal_tim_ex.c ****   * @note   When the timer instance is initialized in Hall Sensor Interface mode,
 132:Drivers/STM32F2xx_HAL_Driver/Src/stm32f2xx_hal_tim_ex.c ****   *         timer channels 1 and channel 2 are reserved and cannot be used for
 133:Drivers/STM32F2xx_HAL_Driver/Src/stm32f2xx_hal_tim_ex.c ****   *         other purpose.
 134:Drivers/STM32F2xx_HAL_Driver/Src/stm32f2xx_hal_tim_ex.c ****   * @param  htim TIM Hall Sensor Interface handle
 135:Drivers/STM32F2xx_HAL_Driver/Src/stm32f2xx_hal_tim_ex.c ****   * @param  sConfig TIM Hall Sensor configuration structure
 136:Drivers/STM32F2xx_HAL_Driver/Src/stm32f2xx_hal_tim_ex.c ****   * @retval HAL status
 137:Drivers/STM32F2xx_HAL_Driver/Src/stm32f2xx_hal_tim_ex.c ****   */
 138:Drivers/STM32F2xx_HAL_Driver/Src/stm32f2xx_hal_tim_ex.c **** HAL_StatusTypeDef HAL_TIMEx_HallSensor_Init(TIM_HandleTypeDef *htim, const TIM_HallSensor_InitTypeD
 139:Drivers/STM32F2xx_HAL_Driver/Src/stm32f2xx_hal_tim_ex.c **** {
 140:Drivers/STM32F2xx_HAL_Driver/Src/stm32f2xx_hal_tim_ex.c ****   TIM_OC_InitTypeDef OC_Config;
 141:Drivers/STM32F2xx_HAL_Driver/Src/stm32f2xx_hal_tim_ex.c **** 
 142:Drivers/STM32F2xx_HAL_Driver/Src/stm32f2xx_hal_tim_ex.c ****   /* Check the TIM handle allocation */
 143:Drivers/STM32F2xx_HAL_Driver/Src/stm32f2xx_hal_tim_ex.c ****   if (htim == NULL)
 144:Drivers/STM32F2xx_HAL_Driver/Src/stm32f2xx_hal_tim_ex.c ****   {
 145:Drivers/STM32F2xx_HAL_Driver/Src/stm32f2xx_hal_tim_ex.c ****     return HAL_ERROR;
 146:Drivers/STM32F2xx_HAL_Driver/Src/stm32f2xx_hal_tim_ex.c ****   }
ARM GAS  /tmp/ccdDJwMc.s 			page 4


 147:Drivers/STM32F2xx_HAL_Driver/Src/stm32f2xx_hal_tim_ex.c **** 
 148:Drivers/STM32F2xx_HAL_Driver/Src/stm32f2xx_hal_tim_ex.c ****   /* Check the parameters */
 149:Drivers/STM32F2xx_HAL_Driver/Src/stm32f2xx_hal_tim_ex.c ****   assert_param(IS_TIM_HALL_SENSOR_INTERFACE_INSTANCE(htim->Instance));
 150:Drivers/STM32F2xx_HAL_Driver/Src/stm32f2xx_hal_tim_ex.c ****   assert_param(IS_TIM_COUNTER_MODE(htim->Init.CounterMode));
 151:Drivers/STM32F2xx_HAL_Driver/Src/stm32f2xx_hal_tim_ex.c ****   assert_param(IS_TIM_CLOCKDIVISION_DIV(htim->Init.ClockDivision));
 152:Drivers/STM32F2xx_HAL_Driver/Src/stm32f2xx_hal_tim_ex.c ****   assert_param(IS_TIM_AUTORELOAD_PRELOAD(htim->Init.AutoReloadPreload));
 153:Drivers/STM32F2xx_HAL_Driver/Src/stm32f2xx_hal_tim_ex.c ****   assert_param(IS_TIM_IC_POLARITY(sConfig->IC1Polarity));
 154:Drivers/STM32F2xx_HAL_Driver/Src/stm32f2xx_hal_tim_ex.c ****   assert_param(IS_TIM_PERIOD(htim, htim->Init.Period));
 155:Drivers/STM32F2xx_HAL_Driver/Src/stm32f2xx_hal_tim_ex.c ****   assert_param(IS_TIM_IC_PRESCALER(sConfig->IC1Prescaler));
 156:Drivers/STM32F2xx_HAL_Driver/Src/stm32f2xx_hal_tim_ex.c ****   assert_param(IS_TIM_IC_FILTER(sConfig->IC1Filter));
 157:Drivers/STM32F2xx_HAL_Driver/Src/stm32f2xx_hal_tim_ex.c **** 
 158:Drivers/STM32F2xx_HAL_Driver/Src/stm32f2xx_hal_tim_ex.c ****   if (htim->State == HAL_TIM_STATE_RESET)
 159:Drivers/STM32F2xx_HAL_Driver/Src/stm32f2xx_hal_tim_ex.c ****   {
 160:Drivers/STM32F2xx_HAL_Driver/Src/stm32f2xx_hal_tim_ex.c ****     /* Allocate lock resource and initialize it */
 161:Drivers/STM32F2xx_HAL_Driver/Src/stm32f2xx_hal_tim_ex.c ****     htim->Lock = HAL_UNLOCKED;
 162:Drivers/STM32F2xx_HAL_Driver/Src/stm32f2xx_hal_tim_ex.c **** 
 163:Drivers/STM32F2xx_HAL_Driver/Src/stm32f2xx_hal_tim_ex.c **** #if (USE_HAL_TIM_REGISTER_CALLBACKS == 1)
 164:Drivers/STM32F2xx_HAL_Driver/Src/stm32f2xx_hal_tim_ex.c ****     /* Reset interrupt callbacks to legacy week callbacks */
 165:Drivers/STM32F2xx_HAL_Driver/Src/stm32f2xx_hal_tim_ex.c ****     TIM_ResetCallback(htim);
 166:Drivers/STM32F2xx_HAL_Driver/Src/stm32f2xx_hal_tim_ex.c **** 
 167:Drivers/STM32F2xx_HAL_Driver/Src/stm32f2xx_hal_tim_ex.c ****     if (htim->HallSensor_MspInitCallback == NULL)
 168:Drivers/STM32F2xx_HAL_Driver/Src/stm32f2xx_hal_tim_ex.c ****     {
 169:Drivers/STM32F2xx_HAL_Driver/Src/stm32f2xx_hal_tim_ex.c ****       htim->HallSensor_MspInitCallback = HAL_TIMEx_HallSensor_MspInit;
 170:Drivers/STM32F2xx_HAL_Driver/Src/stm32f2xx_hal_tim_ex.c ****     }
 171:Drivers/STM32F2xx_HAL_Driver/Src/stm32f2xx_hal_tim_ex.c ****     /* Init the low level hardware : GPIO, CLOCK, NVIC */
 172:Drivers/STM32F2xx_HAL_Driver/Src/stm32f2xx_hal_tim_ex.c ****     htim->HallSensor_MspInitCallback(htim);
 173:Drivers/STM32F2xx_HAL_Driver/Src/stm32f2xx_hal_tim_ex.c **** #else
 174:Drivers/STM32F2xx_HAL_Driver/Src/stm32f2xx_hal_tim_ex.c ****     /* Init the low level hardware : GPIO, CLOCK, NVIC and DMA */
 175:Drivers/STM32F2xx_HAL_Driver/Src/stm32f2xx_hal_tim_ex.c ****     HAL_TIMEx_HallSensor_MspInit(htim);
 176:Drivers/STM32F2xx_HAL_Driver/Src/stm32f2xx_hal_tim_ex.c **** #endif /* USE_HAL_TIM_REGISTER_CALLBACKS */
 177:Drivers/STM32F2xx_HAL_Driver/Src/stm32f2xx_hal_tim_ex.c ****   }
 178:Drivers/STM32F2xx_HAL_Driver/Src/stm32f2xx_hal_tim_ex.c **** 
 179:Drivers/STM32F2xx_HAL_Driver/Src/stm32f2xx_hal_tim_ex.c ****   /* Set the TIM state */
 180:Drivers/STM32F2xx_HAL_Driver/Src/stm32f2xx_hal_tim_ex.c ****   htim->State = HAL_TIM_STATE_BUSY;
 181:Drivers/STM32F2xx_HAL_Driver/Src/stm32f2xx_hal_tim_ex.c **** 
 182:Drivers/STM32F2xx_HAL_Driver/Src/stm32f2xx_hal_tim_ex.c ****   /* Configure the Time base in the Encoder Mode */
 183:Drivers/STM32F2xx_HAL_Driver/Src/stm32f2xx_hal_tim_ex.c ****   TIM_Base_SetConfig(htim->Instance, &htim->Init);
 184:Drivers/STM32F2xx_HAL_Driver/Src/stm32f2xx_hal_tim_ex.c **** 
 185:Drivers/STM32F2xx_HAL_Driver/Src/stm32f2xx_hal_tim_ex.c ****   /* Configure the Channel 1 as Input Channel to interface with the three Outputs of the  Hall sens
 186:Drivers/STM32F2xx_HAL_Driver/Src/stm32f2xx_hal_tim_ex.c ****   TIM_TI1_SetConfig(htim->Instance, sConfig->IC1Polarity, TIM_ICSELECTION_TRC, sConfig->IC1Filter);
 187:Drivers/STM32F2xx_HAL_Driver/Src/stm32f2xx_hal_tim_ex.c **** 
 188:Drivers/STM32F2xx_HAL_Driver/Src/stm32f2xx_hal_tim_ex.c ****   /* Reset the IC1PSC Bits */
 189:Drivers/STM32F2xx_HAL_Driver/Src/stm32f2xx_hal_tim_ex.c ****   htim->Instance->CCMR1 &= ~TIM_CCMR1_IC1PSC;
 190:Drivers/STM32F2xx_HAL_Driver/Src/stm32f2xx_hal_tim_ex.c ****   /* Set the IC1PSC value */
 191:Drivers/STM32F2xx_HAL_Driver/Src/stm32f2xx_hal_tim_ex.c ****   htim->Instance->CCMR1 |= sConfig->IC1Prescaler;
 192:Drivers/STM32F2xx_HAL_Driver/Src/stm32f2xx_hal_tim_ex.c **** 
 193:Drivers/STM32F2xx_HAL_Driver/Src/stm32f2xx_hal_tim_ex.c ****   /* Enable the Hall sensor interface (XOR function of the three inputs) */
 194:Drivers/STM32F2xx_HAL_Driver/Src/stm32f2xx_hal_tim_ex.c ****   htim->Instance->CR2 |= TIM_CR2_TI1S;
 195:Drivers/STM32F2xx_HAL_Driver/Src/stm32f2xx_hal_tim_ex.c **** 
 196:Drivers/STM32F2xx_HAL_Driver/Src/stm32f2xx_hal_tim_ex.c ****   /* Select the TIM_TS_TI1F_ED signal as Input trigger for the TIM */
 197:Drivers/STM32F2xx_HAL_Driver/Src/stm32f2xx_hal_tim_ex.c ****   htim->Instance->SMCR &= ~TIM_SMCR_TS;
 198:Drivers/STM32F2xx_HAL_Driver/Src/stm32f2xx_hal_tim_ex.c ****   htim->Instance->SMCR |= TIM_TS_TI1F_ED;
 199:Drivers/STM32F2xx_HAL_Driver/Src/stm32f2xx_hal_tim_ex.c **** 
 200:Drivers/STM32F2xx_HAL_Driver/Src/stm32f2xx_hal_tim_ex.c ****   /* Use the TIM_TS_TI1F_ED signal to reset the TIM counter each edge detection */
 201:Drivers/STM32F2xx_HAL_Driver/Src/stm32f2xx_hal_tim_ex.c ****   htim->Instance->SMCR &= ~TIM_SMCR_SMS;
 202:Drivers/STM32F2xx_HAL_Driver/Src/stm32f2xx_hal_tim_ex.c ****   htim->Instance->SMCR |= TIM_SLAVEMODE_RESET;
 203:Drivers/STM32F2xx_HAL_Driver/Src/stm32f2xx_hal_tim_ex.c **** 
ARM GAS  /tmp/ccdDJwMc.s 			page 5


 204:Drivers/STM32F2xx_HAL_Driver/Src/stm32f2xx_hal_tim_ex.c ****   /* Program channel 2 in PWM 2 mode with the desired Commutation_Delay*/
 205:Drivers/STM32F2xx_HAL_Driver/Src/stm32f2xx_hal_tim_ex.c ****   OC_Config.OCFastMode = TIM_OCFAST_DISABLE;
 206:Drivers/STM32F2xx_HAL_Driver/Src/stm32f2xx_hal_tim_ex.c ****   OC_Config.OCIdleState = TIM_OCIDLESTATE_RESET;
 207:Drivers/STM32F2xx_HAL_Driver/Src/stm32f2xx_hal_tim_ex.c ****   OC_Config.OCMode = TIM_OCMODE_PWM2;
 208:Drivers/STM32F2xx_HAL_Driver/Src/stm32f2xx_hal_tim_ex.c ****   OC_Config.OCNIdleState = TIM_OCNIDLESTATE_RESET;
 209:Drivers/STM32F2xx_HAL_Driver/Src/stm32f2xx_hal_tim_ex.c ****   OC_Config.OCNPolarity = TIM_OCNPOLARITY_HIGH;
 210:Drivers/STM32F2xx_HAL_Driver/Src/stm32f2xx_hal_tim_ex.c ****   OC_Config.OCPolarity = TIM_OCPOLARITY_HIGH;
 211:Drivers/STM32F2xx_HAL_Driver/Src/stm32f2xx_hal_tim_ex.c ****   OC_Config.Pulse = sConfig->Commutation_Delay;
 212:Drivers/STM32F2xx_HAL_Driver/Src/stm32f2xx_hal_tim_ex.c **** 
 213:Drivers/STM32F2xx_HAL_Driver/Src/stm32f2xx_hal_tim_ex.c ****   TIM_OC2_SetConfig(htim->Instance, &OC_Config);
 214:Drivers/STM32F2xx_HAL_Driver/Src/stm32f2xx_hal_tim_ex.c **** 
 215:Drivers/STM32F2xx_HAL_Driver/Src/stm32f2xx_hal_tim_ex.c ****   /* Select OC2REF as trigger output on TRGO: write the MMS bits in the TIMx_CR2
 216:Drivers/STM32F2xx_HAL_Driver/Src/stm32f2xx_hal_tim_ex.c ****     register to 101 */
 217:Drivers/STM32F2xx_HAL_Driver/Src/stm32f2xx_hal_tim_ex.c ****   htim->Instance->CR2 &= ~TIM_CR2_MMS;
 218:Drivers/STM32F2xx_HAL_Driver/Src/stm32f2xx_hal_tim_ex.c ****   htim->Instance->CR2 |= TIM_TRGO_OC2REF;
 219:Drivers/STM32F2xx_HAL_Driver/Src/stm32f2xx_hal_tim_ex.c **** 
 220:Drivers/STM32F2xx_HAL_Driver/Src/stm32f2xx_hal_tim_ex.c ****   /* Initialize the DMA burst operation state */
 221:Drivers/STM32F2xx_HAL_Driver/Src/stm32f2xx_hal_tim_ex.c ****   htim->DMABurstState = HAL_DMA_BURST_STATE_READY;
 222:Drivers/STM32F2xx_HAL_Driver/Src/stm32f2xx_hal_tim_ex.c **** 
 223:Drivers/STM32F2xx_HAL_Driver/Src/stm32f2xx_hal_tim_ex.c ****   /* Initialize the TIM channels state */
 224:Drivers/STM32F2xx_HAL_Driver/Src/stm32f2xx_hal_tim_ex.c ****   TIM_CHANNEL_STATE_SET(htim, TIM_CHANNEL_1, HAL_TIM_CHANNEL_STATE_READY);
 225:Drivers/STM32F2xx_HAL_Driver/Src/stm32f2xx_hal_tim_ex.c ****   TIM_CHANNEL_STATE_SET(htim, TIM_CHANNEL_2, HAL_TIM_CHANNEL_STATE_READY);
 226:Drivers/STM32F2xx_HAL_Driver/Src/stm32f2xx_hal_tim_ex.c ****   TIM_CHANNEL_N_STATE_SET(htim, TIM_CHANNEL_1, HAL_TIM_CHANNEL_STATE_READY);
 227:Drivers/STM32F2xx_HAL_Driver/Src/stm32f2xx_hal_tim_ex.c ****   TIM_CHANNEL_N_STATE_SET(htim, TIM_CHANNEL_2, HAL_TIM_CHANNEL_STATE_READY);
 228:Drivers/STM32F2xx_HAL_Driver/Src/stm32f2xx_hal_tim_ex.c **** 
 229:Drivers/STM32F2xx_HAL_Driver/Src/stm32f2xx_hal_tim_ex.c ****   /* Initialize the TIM state*/
 230:Drivers/STM32F2xx_HAL_Driver/Src/stm32f2xx_hal_tim_ex.c ****   htim->State = HAL_TIM_STATE_READY;
 231:Drivers/STM32F2xx_HAL_Driver/Src/stm32f2xx_hal_tim_ex.c **** 
 232:Drivers/STM32F2xx_HAL_Driver/Src/stm32f2xx_hal_tim_ex.c ****   return HAL_OK;
 233:Drivers/STM32F2xx_HAL_Driver/Src/stm32f2xx_hal_tim_ex.c **** }
 234:Drivers/STM32F2xx_HAL_Driver/Src/stm32f2xx_hal_tim_ex.c **** 
 235:Drivers/STM32F2xx_HAL_Driver/Src/stm32f2xx_hal_tim_ex.c **** /**
 236:Drivers/STM32F2xx_HAL_Driver/Src/stm32f2xx_hal_tim_ex.c ****   * @brief  DeInitializes the TIM Hall Sensor interface
 237:Drivers/STM32F2xx_HAL_Driver/Src/stm32f2xx_hal_tim_ex.c ****   * @param  htim TIM Hall Sensor Interface handle
 238:Drivers/STM32F2xx_HAL_Driver/Src/stm32f2xx_hal_tim_ex.c ****   * @retval HAL status
 239:Drivers/STM32F2xx_HAL_Driver/Src/stm32f2xx_hal_tim_ex.c ****   */
 240:Drivers/STM32F2xx_HAL_Driver/Src/stm32f2xx_hal_tim_ex.c **** HAL_StatusTypeDef HAL_TIMEx_HallSensor_DeInit(TIM_HandleTypeDef *htim)
 241:Drivers/STM32F2xx_HAL_Driver/Src/stm32f2xx_hal_tim_ex.c **** {
 242:Drivers/STM32F2xx_HAL_Driver/Src/stm32f2xx_hal_tim_ex.c ****   /* Check the parameters */
 243:Drivers/STM32F2xx_HAL_Driver/Src/stm32f2xx_hal_tim_ex.c ****   assert_param(IS_TIM_INSTANCE(htim->Instance));
 244:Drivers/STM32F2xx_HAL_Driver/Src/stm32f2xx_hal_tim_ex.c **** 
 245:Drivers/STM32F2xx_HAL_Driver/Src/stm32f2xx_hal_tim_ex.c ****   htim->State = HAL_TIM_STATE_BUSY;
 246:Drivers/STM32F2xx_HAL_Driver/Src/stm32f2xx_hal_tim_ex.c **** 
 247:Drivers/STM32F2xx_HAL_Driver/Src/stm32f2xx_hal_tim_ex.c ****   /* Disable the TIM Peripheral Clock */
 248:Drivers/STM32F2xx_HAL_Driver/Src/stm32f2xx_hal_tim_ex.c ****   __HAL_TIM_DISABLE(htim);
 249:Drivers/STM32F2xx_HAL_Driver/Src/stm32f2xx_hal_tim_ex.c **** 
 250:Drivers/STM32F2xx_HAL_Driver/Src/stm32f2xx_hal_tim_ex.c **** #if (USE_HAL_TIM_REGISTER_CALLBACKS == 1)
 251:Drivers/STM32F2xx_HAL_Driver/Src/stm32f2xx_hal_tim_ex.c ****   if (htim->HallSensor_MspDeInitCallback == NULL)
 252:Drivers/STM32F2xx_HAL_Driver/Src/stm32f2xx_hal_tim_ex.c ****   {
 253:Drivers/STM32F2xx_HAL_Driver/Src/stm32f2xx_hal_tim_ex.c ****     htim->HallSensor_MspDeInitCallback = HAL_TIMEx_HallSensor_MspDeInit;
 254:Drivers/STM32F2xx_HAL_Driver/Src/stm32f2xx_hal_tim_ex.c ****   }
 255:Drivers/STM32F2xx_HAL_Driver/Src/stm32f2xx_hal_tim_ex.c ****   /* DeInit the low level hardware */
 256:Drivers/STM32F2xx_HAL_Driver/Src/stm32f2xx_hal_tim_ex.c ****   htim->HallSensor_MspDeInitCallback(htim);
 257:Drivers/STM32F2xx_HAL_Driver/Src/stm32f2xx_hal_tim_ex.c **** #else
 258:Drivers/STM32F2xx_HAL_Driver/Src/stm32f2xx_hal_tim_ex.c ****   /* DeInit the low level hardware: GPIO, CLOCK, NVIC */
 259:Drivers/STM32F2xx_HAL_Driver/Src/stm32f2xx_hal_tim_ex.c ****   HAL_TIMEx_HallSensor_MspDeInit(htim);
 260:Drivers/STM32F2xx_HAL_Driver/Src/stm32f2xx_hal_tim_ex.c **** #endif /* USE_HAL_TIM_REGISTER_CALLBACKS */
ARM GAS  /tmp/ccdDJwMc.s 			page 6


 261:Drivers/STM32F2xx_HAL_Driver/Src/stm32f2xx_hal_tim_ex.c **** 
 262:Drivers/STM32F2xx_HAL_Driver/Src/stm32f2xx_hal_tim_ex.c ****   /* Change the DMA burst operation state */
 263:Drivers/STM32F2xx_HAL_Driver/Src/stm32f2xx_hal_tim_ex.c ****   htim->DMABurstState = HAL_DMA_BURST_STATE_RESET;
 264:Drivers/STM32F2xx_HAL_Driver/Src/stm32f2xx_hal_tim_ex.c **** 
 265:Drivers/STM32F2xx_HAL_Driver/Src/stm32f2xx_hal_tim_ex.c ****   /* Change the TIM channels state */
 266:Drivers/STM32F2xx_HAL_Driver/Src/stm32f2xx_hal_tim_ex.c ****   TIM_CHANNEL_STATE_SET(htim, TIM_CHANNEL_1, HAL_TIM_CHANNEL_STATE_RESET);
 267:Drivers/STM32F2xx_HAL_Driver/Src/stm32f2xx_hal_tim_ex.c ****   TIM_CHANNEL_STATE_SET(htim, TIM_CHANNEL_2, HAL_TIM_CHANNEL_STATE_RESET);
 268:Drivers/STM32F2xx_HAL_Driver/Src/stm32f2xx_hal_tim_ex.c ****   TIM_CHANNEL_N_STATE_SET(htim, TIM_CHANNEL_1, HAL_TIM_CHANNEL_STATE_RESET);
 269:Drivers/STM32F2xx_HAL_Driver/Src/stm32f2xx_hal_tim_ex.c ****   TIM_CHANNEL_N_STATE_SET(htim, TIM_CHANNEL_2, HAL_TIM_CHANNEL_STATE_RESET);
 270:Drivers/STM32F2xx_HAL_Driver/Src/stm32f2xx_hal_tim_ex.c **** 
 271:Drivers/STM32F2xx_HAL_Driver/Src/stm32f2xx_hal_tim_ex.c ****   /* Change TIM state */
 272:Drivers/STM32F2xx_HAL_Driver/Src/stm32f2xx_hal_tim_ex.c ****   htim->State = HAL_TIM_STATE_RESET;
 273:Drivers/STM32F2xx_HAL_Driver/Src/stm32f2xx_hal_tim_ex.c **** 
 274:Drivers/STM32F2xx_HAL_Driver/Src/stm32f2xx_hal_tim_ex.c ****   /* Release Lock */
 275:Drivers/STM32F2xx_HAL_Driver/Src/stm32f2xx_hal_tim_ex.c ****   __HAL_UNLOCK(htim);
 276:Drivers/STM32F2xx_HAL_Driver/Src/stm32f2xx_hal_tim_ex.c **** 
 277:Drivers/STM32F2xx_HAL_Driver/Src/stm32f2xx_hal_tim_ex.c ****   return HAL_OK;
 278:Drivers/STM32F2xx_HAL_Driver/Src/stm32f2xx_hal_tim_ex.c **** }
 279:Drivers/STM32F2xx_HAL_Driver/Src/stm32f2xx_hal_tim_ex.c **** 
 280:Drivers/STM32F2xx_HAL_Driver/Src/stm32f2xx_hal_tim_ex.c **** /**
 281:Drivers/STM32F2xx_HAL_Driver/Src/stm32f2xx_hal_tim_ex.c ****   * @brief  Initializes the TIM Hall Sensor MSP.
 282:Drivers/STM32F2xx_HAL_Driver/Src/stm32f2xx_hal_tim_ex.c ****   * @param  htim TIM Hall Sensor Interface handle
 283:Drivers/STM32F2xx_HAL_Driver/Src/stm32f2xx_hal_tim_ex.c ****   * @retval None
 284:Drivers/STM32F2xx_HAL_Driver/Src/stm32f2xx_hal_tim_ex.c ****   */
 285:Drivers/STM32F2xx_HAL_Driver/Src/stm32f2xx_hal_tim_ex.c **** __weak void HAL_TIMEx_HallSensor_MspInit(TIM_HandleTypeDef *htim)
 286:Drivers/STM32F2xx_HAL_Driver/Src/stm32f2xx_hal_tim_ex.c **** {
 287:Drivers/STM32F2xx_HAL_Driver/Src/stm32f2xx_hal_tim_ex.c ****   /* Prevent unused argument(s) compilation warning */
 288:Drivers/STM32F2xx_HAL_Driver/Src/stm32f2xx_hal_tim_ex.c ****   UNUSED(htim);
 289:Drivers/STM32F2xx_HAL_Driver/Src/stm32f2xx_hal_tim_ex.c **** 
 290:Drivers/STM32F2xx_HAL_Driver/Src/stm32f2xx_hal_tim_ex.c ****   /* NOTE : This function should not be modified, when the callback is needed,
 291:Drivers/STM32F2xx_HAL_Driver/Src/stm32f2xx_hal_tim_ex.c ****             the HAL_TIMEx_HallSensor_MspInit could be implemented in the user file
 292:Drivers/STM32F2xx_HAL_Driver/Src/stm32f2xx_hal_tim_ex.c ****    */
 293:Drivers/STM32F2xx_HAL_Driver/Src/stm32f2xx_hal_tim_ex.c **** }
 294:Drivers/STM32F2xx_HAL_Driver/Src/stm32f2xx_hal_tim_ex.c **** 
 295:Drivers/STM32F2xx_HAL_Driver/Src/stm32f2xx_hal_tim_ex.c **** /**
 296:Drivers/STM32F2xx_HAL_Driver/Src/stm32f2xx_hal_tim_ex.c ****   * @brief  DeInitializes TIM Hall Sensor MSP.
 297:Drivers/STM32F2xx_HAL_Driver/Src/stm32f2xx_hal_tim_ex.c ****   * @param  htim TIM Hall Sensor Interface handle
 298:Drivers/STM32F2xx_HAL_Driver/Src/stm32f2xx_hal_tim_ex.c ****   * @retval None
 299:Drivers/STM32F2xx_HAL_Driver/Src/stm32f2xx_hal_tim_ex.c ****   */
 300:Drivers/STM32F2xx_HAL_Driver/Src/stm32f2xx_hal_tim_ex.c **** __weak void HAL_TIMEx_HallSensor_MspDeInit(TIM_HandleTypeDef *htim)
 301:Drivers/STM32F2xx_HAL_Driver/Src/stm32f2xx_hal_tim_ex.c **** {
 302:Drivers/STM32F2xx_HAL_Driver/Src/stm32f2xx_hal_tim_ex.c ****   /* Prevent unused argument(s) compilation warning */
 303:Drivers/STM32F2xx_HAL_Driver/Src/stm32f2xx_hal_tim_ex.c ****   UNUSED(htim);
 304:Drivers/STM32F2xx_HAL_Driver/Src/stm32f2xx_hal_tim_ex.c **** 
 305:Drivers/STM32F2xx_HAL_Driver/Src/stm32f2xx_hal_tim_ex.c ****   /* NOTE : This function should not be modified, when the callback is needed,
 306:Drivers/STM32F2xx_HAL_Driver/Src/stm32f2xx_hal_tim_ex.c ****             the HAL_TIMEx_HallSensor_MspDeInit could be implemented in the user file
 307:Drivers/STM32F2xx_HAL_Driver/Src/stm32f2xx_hal_tim_ex.c ****    */
 308:Drivers/STM32F2xx_HAL_Driver/Src/stm32f2xx_hal_tim_ex.c **** }
 309:Drivers/STM32F2xx_HAL_Driver/Src/stm32f2xx_hal_tim_ex.c **** 
 310:Drivers/STM32F2xx_HAL_Driver/Src/stm32f2xx_hal_tim_ex.c **** /**
 311:Drivers/STM32F2xx_HAL_Driver/Src/stm32f2xx_hal_tim_ex.c ****   * @brief  Starts the TIM Hall Sensor Interface.
 312:Drivers/STM32F2xx_HAL_Driver/Src/stm32f2xx_hal_tim_ex.c ****   * @param  htim TIM Hall Sensor Interface handle
 313:Drivers/STM32F2xx_HAL_Driver/Src/stm32f2xx_hal_tim_ex.c ****   * @retval HAL status
 314:Drivers/STM32F2xx_HAL_Driver/Src/stm32f2xx_hal_tim_ex.c ****   */
 315:Drivers/STM32F2xx_HAL_Driver/Src/stm32f2xx_hal_tim_ex.c **** HAL_StatusTypeDef HAL_TIMEx_HallSensor_Start(TIM_HandleTypeDef *htim)
 316:Drivers/STM32F2xx_HAL_Driver/Src/stm32f2xx_hal_tim_ex.c **** {
 317:Drivers/STM32F2xx_HAL_Driver/Src/stm32f2xx_hal_tim_ex.c ****   uint32_t tmpsmcr;
ARM GAS  /tmp/ccdDJwMc.s 			page 7


 318:Drivers/STM32F2xx_HAL_Driver/Src/stm32f2xx_hal_tim_ex.c ****   HAL_TIM_ChannelStateTypeDef channel_1_state = TIM_CHANNEL_STATE_GET(htim, TIM_CHANNEL_1);
 319:Drivers/STM32F2xx_HAL_Driver/Src/stm32f2xx_hal_tim_ex.c ****   HAL_TIM_ChannelStateTypeDef channel_2_state = TIM_CHANNEL_STATE_GET(htim, TIM_CHANNEL_2);
 320:Drivers/STM32F2xx_HAL_Driver/Src/stm32f2xx_hal_tim_ex.c ****   HAL_TIM_ChannelStateTypeDef complementary_channel_1_state = TIM_CHANNEL_N_STATE_GET(htim, TIM_CHA
 321:Drivers/STM32F2xx_HAL_Driver/Src/stm32f2xx_hal_tim_ex.c ****   HAL_TIM_ChannelStateTypeDef complementary_channel_2_state = TIM_CHANNEL_N_STATE_GET(htim, TIM_CHA
 322:Drivers/STM32F2xx_HAL_Driver/Src/stm32f2xx_hal_tim_ex.c **** 
 323:Drivers/STM32F2xx_HAL_Driver/Src/stm32f2xx_hal_tim_ex.c ****   /* Check the parameters */
 324:Drivers/STM32F2xx_HAL_Driver/Src/stm32f2xx_hal_tim_ex.c ****   assert_param(IS_TIM_HALL_SENSOR_INTERFACE_INSTANCE(htim->Instance));
 325:Drivers/STM32F2xx_HAL_Driver/Src/stm32f2xx_hal_tim_ex.c **** 
 326:Drivers/STM32F2xx_HAL_Driver/Src/stm32f2xx_hal_tim_ex.c ****   /* Check the TIM channels state */
 327:Drivers/STM32F2xx_HAL_Driver/Src/stm32f2xx_hal_tim_ex.c ****   if ((channel_1_state != HAL_TIM_CHANNEL_STATE_READY)
 328:Drivers/STM32F2xx_HAL_Driver/Src/stm32f2xx_hal_tim_ex.c ****       || (channel_2_state != HAL_TIM_CHANNEL_STATE_READY)
 329:Drivers/STM32F2xx_HAL_Driver/Src/stm32f2xx_hal_tim_ex.c ****       || (complementary_channel_1_state != HAL_TIM_CHANNEL_STATE_READY)
 330:Drivers/STM32F2xx_HAL_Driver/Src/stm32f2xx_hal_tim_ex.c ****       || (complementary_channel_2_state != HAL_TIM_CHANNEL_STATE_READY))
 331:Drivers/STM32F2xx_HAL_Driver/Src/stm32f2xx_hal_tim_ex.c ****   {
 332:Drivers/STM32F2xx_HAL_Driver/Src/stm32f2xx_hal_tim_ex.c ****     return HAL_ERROR;
 333:Drivers/STM32F2xx_HAL_Driver/Src/stm32f2xx_hal_tim_ex.c ****   }
 334:Drivers/STM32F2xx_HAL_Driver/Src/stm32f2xx_hal_tim_ex.c **** 
 335:Drivers/STM32F2xx_HAL_Driver/Src/stm32f2xx_hal_tim_ex.c ****   /* Set the TIM channels state */
 336:Drivers/STM32F2xx_HAL_Driver/Src/stm32f2xx_hal_tim_ex.c ****   TIM_CHANNEL_STATE_SET(htim, TIM_CHANNEL_1, HAL_TIM_CHANNEL_STATE_BUSY);
 337:Drivers/STM32F2xx_HAL_Driver/Src/stm32f2xx_hal_tim_ex.c ****   TIM_CHANNEL_STATE_SET(htim, TIM_CHANNEL_2, HAL_TIM_CHANNEL_STATE_BUSY);
 338:Drivers/STM32F2xx_HAL_Driver/Src/stm32f2xx_hal_tim_ex.c ****   TIM_CHANNEL_N_STATE_SET(htim, TIM_CHANNEL_1, HAL_TIM_CHANNEL_STATE_BUSY);
 339:Drivers/STM32F2xx_HAL_Driver/Src/stm32f2xx_hal_tim_ex.c ****   TIM_CHANNEL_N_STATE_SET(htim, TIM_CHANNEL_2, HAL_TIM_CHANNEL_STATE_BUSY);
 340:Drivers/STM32F2xx_HAL_Driver/Src/stm32f2xx_hal_tim_ex.c **** 
 341:Drivers/STM32F2xx_HAL_Driver/Src/stm32f2xx_hal_tim_ex.c ****   /* Enable the Input Capture channel 1
 342:Drivers/STM32F2xx_HAL_Driver/Src/stm32f2xx_hal_tim_ex.c ****   (in the Hall Sensor Interface the three possible channels that can be used are TIM_CHANNEL_1,
 343:Drivers/STM32F2xx_HAL_Driver/Src/stm32f2xx_hal_tim_ex.c ****   TIM_CHANNEL_2 and TIM_CHANNEL_3) */
 344:Drivers/STM32F2xx_HAL_Driver/Src/stm32f2xx_hal_tim_ex.c ****   TIM_CCxChannelCmd(htim->Instance, TIM_CHANNEL_1, TIM_CCx_ENABLE);
 345:Drivers/STM32F2xx_HAL_Driver/Src/stm32f2xx_hal_tim_ex.c **** 
 346:Drivers/STM32F2xx_HAL_Driver/Src/stm32f2xx_hal_tim_ex.c ****   /* Enable the Peripheral, except in trigger mode where enable is automatically done with trigger 
 347:Drivers/STM32F2xx_HAL_Driver/Src/stm32f2xx_hal_tim_ex.c ****   if (IS_TIM_SLAVE_INSTANCE(htim->Instance))
 348:Drivers/STM32F2xx_HAL_Driver/Src/stm32f2xx_hal_tim_ex.c ****   {
 349:Drivers/STM32F2xx_HAL_Driver/Src/stm32f2xx_hal_tim_ex.c ****     tmpsmcr = htim->Instance->SMCR & TIM_SMCR_SMS;
 350:Drivers/STM32F2xx_HAL_Driver/Src/stm32f2xx_hal_tim_ex.c ****     if (!IS_TIM_SLAVEMODE_TRIGGER_ENABLED(tmpsmcr))
 351:Drivers/STM32F2xx_HAL_Driver/Src/stm32f2xx_hal_tim_ex.c ****     {
 352:Drivers/STM32F2xx_HAL_Driver/Src/stm32f2xx_hal_tim_ex.c ****       __HAL_TIM_ENABLE(htim);
 353:Drivers/STM32F2xx_HAL_Driver/Src/stm32f2xx_hal_tim_ex.c ****     }
 354:Drivers/STM32F2xx_HAL_Driver/Src/stm32f2xx_hal_tim_ex.c ****   }
 355:Drivers/STM32F2xx_HAL_Driver/Src/stm32f2xx_hal_tim_ex.c ****   else
 356:Drivers/STM32F2xx_HAL_Driver/Src/stm32f2xx_hal_tim_ex.c ****   {
 357:Drivers/STM32F2xx_HAL_Driver/Src/stm32f2xx_hal_tim_ex.c ****     __HAL_TIM_ENABLE(htim);
 358:Drivers/STM32F2xx_HAL_Driver/Src/stm32f2xx_hal_tim_ex.c ****   }
 359:Drivers/STM32F2xx_HAL_Driver/Src/stm32f2xx_hal_tim_ex.c **** 
 360:Drivers/STM32F2xx_HAL_Driver/Src/stm32f2xx_hal_tim_ex.c ****   /* Return function status */
 361:Drivers/STM32F2xx_HAL_Driver/Src/stm32f2xx_hal_tim_ex.c ****   return HAL_OK;
 362:Drivers/STM32F2xx_HAL_Driver/Src/stm32f2xx_hal_tim_ex.c **** }
 363:Drivers/STM32F2xx_HAL_Driver/Src/stm32f2xx_hal_tim_ex.c **** 
 364:Drivers/STM32F2xx_HAL_Driver/Src/stm32f2xx_hal_tim_ex.c **** /**
 365:Drivers/STM32F2xx_HAL_Driver/Src/stm32f2xx_hal_tim_ex.c ****   * @brief  Stops the TIM Hall sensor Interface.
 366:Drivers/STM32F2xx_HAL_Driver/Src/stm32f2xx_hal_tim_ex.c ****   * @param  htim TIM Hall Sensor Interface handle
 367:Drivers/STM32F2xx_HAL_Driver/Src/stm32f2xx_hal_tim_ex.c ****   * @retval HAL status
 368:Drivers/STM32F2xx_HAL_Driver/Src/stm32f2xx_hal_tim_ex.c ****   */
 369:Drivers/STM32F2xx_HAL_Driver/Src/stm32f2xx_hal_tim_ex.c **** HAL_StatusTypeDef HAL_TIMEx_HallSensor_Stop(TIM_HandleTypeDef *htim)
 370:Drivers/STM32F2xx_HAL_Driver/Src/stm32f2xx_hal_tim_ex.c **** {
 371:Drivers/STM32F2xx_HAL_Driver/Src/stm32f2xx_hal_tim_ex.c ****   /* Check the parameters */
 372:Drivers/STM32F2xx_HAL_Driver/Src/stm32f2xx_hal_tim_ex.c ****   assert_param(IS_TIM_HALL_SENSOR_INTERFACE_INSTANCE(htim->Instance));
 373:Drivers/STM32F2xx_HAL_Driver/Src/stm32f2xx_hal_tim_ex.c **** 
 374:Drivers/STM32F2xx_HAL_Driver/Src/stm32f2xx_hal_tim_ex.c ****   /* Disable the Input Capture channels 1, 2 and 3
ARM GAS  /tmp/ccdDJwMc.s 			page 8


 375:Drivers/STM32F2xx_HAL_Driver/Src/stm32f2xx_hal_tim_ex.c ****   (in the Hall Sensor Interface the three possible channels that can be used are TIM_CHANNEL_1,
 376:Drivers/STM32F2xx_HAL_Driver/Src/stm32f2xx_hal_tim_ex.c ****   TIM_CHANNEL_2 and TIM_CHANNEL_3) */
 377:Drivers/STM32F2xx_HAL_Driver/Src/stm32f2xx_hal_tim_ex.c ****   TIM_CCxChannelCmd(htim->Instance, TIM_CHANNEL_1, TIM_CCx_DISABLE);
 378:Drivers/STM32F2xx_HAL_Driver/Src/stm32f2xx_hal_tim_ex.c **** 
 379:Drivers/STM32F2xx_HAL_Driver/Src/stm32f2xx_hal_tim_ex.c ****   /* Disable the Peripheral */
 380:Drivers/STM32F2xx_HAL_Driver/Src/stm32f2xx_hal_tim_ex.c ****   __HAL_TIM_DISABLE(htim);
 381:Drivers/STM32F2xx_HAL_Driver/Src/stm32f2xx_hal_tim_ex.c **** 
 382:Drivers/STM32F2xx_HAL_Driver/Src/stm32f2xx_hal_tim_ex.c ****   /* Set the TIM channels state */
 383:Drivers/STM32F2xx_HAL_Driver/Src/stm32f2xx_hal_tim_ex.c ****   TIM_CHANNEL_STATE_SET(htim, TIM_CHANNEL_1, HAL_TIM_CHANNEL_STATE_READY);
 384:Drivers/STM32F2xx_HAL_Driver/Src/stm32f2xx_hal_tim_ex.c ****   TIM_CHANNEL_STATE_SET(htim, TIM_CHANNEL_2, HAL_TIM_CHANNEL_STATE_READY);
 385:Drivers/STM32F2xx_HAL_Driver/Src/stm32f2xx_hal_tim_ex.c ****   TIM_CHANNEL_N_STATE_SET(htim, TIM_CHANNEL_1, HAL_TIM_CHANNEL_STATE_READY);
 386:Drivers/STM32F2xx_HAL_Driver/Src/stm32f2xx_hal_tim_ex.c ****   TIM_CHANNEL_N_STATE_SET(htim, TIM_CHANNEL_2, HAL_TIM_CHANNEL_STATE_READY);
 387:Drivers/STM32F2xx_HAL_Driver/Src/stm32f2xx_hal_tim_ex.c **** 
 388:Drivers/STM32F2xx_HAL_Driver/Src/stm32f2xx_hal_tim_ex.c ****   /* Return function status */
 389:Drivers/STM32F2xx_HAL_Driver/Src/stm32f2xx_hal_tim_ex.c ****   return HAL_OK;
 390:Drivers/STM32F2xx_HAL_Driver/Src/stm32f2xx_hal_tim_ex.c **** }
 391:Drivers/STM32F2xx_HAL_Driver/Src/stm32f2xx_hal_tim_ex.c **** 
 392:Drivers/STM32F2xx_HAL_Driver/Src/stm32f2xx_hal_tim_ex.c **** /**
 393:Drivers/STM32F2xx_HAL_Driver/Src/stm32f2xx_hal_tim_ex.c ****   * @brief  Starts the TIM Hall Sensor Interface in interrupt mode.
 394:Drivers/STM32F2xx_HAL_Driver/Src/stm32f2xx_hal_tim_ex.c ****   * @param  htim TIM Hall Sensor Interface handle
 395:Drivers/STM32F2xx_HAL_Driver/Src/stm32f2xx_hal_tim_ex.c ****   * @retval HAL status
 396:Drivers/STM32F2xx_HAL_Driver/Src/stm32f2xx_hal_tim_ex.c ****   */
 397:Drivers/STM32F2xx_HAL_Driver/Src/stm32f2xx_hal_tim_ex.c **** HAL_StatusTypeDef HAL_TIMEx_HallSensor_Start_IT(TIM_HandleTypeDef *htim)
 398:Drivers/STM32F2xx_HAL_Driver/Src/stm32f2xx_hal_tim_ex.c **** {
 399:Drivers/STM32F2xx_HAL_Driver/Src/stm32f2xx_hal_tim_ex.c ****   uint32_t tmpsmcr;
 400:Drivers/STM32F2xx_HAL_Driver/Src/stm32f2xx_hal_tim_ex.c ****   HAL_TIM_ChannelStateTypeDef channel_1_state = TIM_CHANNEL_STATE_GET(htim, TIM_CHANNEL_1);
 401:Drivers/STM32F2xx_HAL_Driver/Src/stm32f2xx_hal_tim_ex.c ****   HAL_TIM_ChannelStateTypeDef channel_2_state = TIM_CHANNEL_STATE_GET(htim, TIM_CHANNEL_2);
 402:Drivers/STM32F2xx_HAL_Driver/Src/stm32f2xx_hal_tim_ex.c ****   HAL_TIM_ChannelStateTypeDef complementary_channel_1_state = TIM_CHANNEL_N_STATE_GET(htim, TIM_CHA
 403:Drivers/STM32F2xx_HAL_Driver/Src/stm32f2xx_hal_tim_ex.c ****   HAL_TIM_ChannelStateTypeDef complementary_channel_2_state = TIM_CHANNEL_N_STATE_GET(htim, TIM_CHA
 404:Drivers/STM32F2xx_HAL_Driver/Src/stm32f2xx_hal_tim_ex.c **** 
 405:Drivers/STM32F2xx_HAL_Driver/Src/stm32f2xx_hal_tim_ex.c ****   /* Check the parameters */
 406:Drivers/STM32F2xx_HAL_Driver/Src/stm32f2xx_hal_tim_ex.c ****   assert_param(IS_TIM_HALL_SENSOR_INTERFACE_INSTANCE(htim->Instance));
 407:Drivers/STM32F2xx_HAL_Driver/Src/stm32f2xx_hal_tim_ex.c **** 
 408:Drivers/STM32F2xx_HAL_Driver/Src/stm32f2xx_hal_tim_ex.c ****   /* Check the TIM channels state */
 409:Drivers/STM32F2xx_HAL_Driver/Src/stm32f2xx_hal_tim_ex.c ****   if ((channel_1_state != HAL_TIM_CHANNEL_STATE_READY)
 410:Drivers/STM32F2xx_HAL_Driver/Src/stm32f2xx_hal_tim_ex.c ****       || (channel_2_state != HAL_TIM_CHANNEL_STATE_READY)
 411:Drivers/STM32F2xx_HAL_Driver/Src/stm32f2xx_hal_tim_ex.c ****       || (complementary_channel_1_state != HAL_TIM_CHANNEL_STATE_READY)
 412:Drivers/STM32F2xx_HAL_Driver/Src/stm32f2xx_hal_tim_ex.c ****       || (complementary_channel_2_state != HAL_TIM_CHANNEL_STATE_READY))
 413:Drivers/STM32F2xx_HAL_Driver/Src/stm32f2xx_hal_tim_ex.c ****   {
 414:Drivers/STM32F2xx_HAL_Driver/Src/stm32f2xx_hal_tim_ex.c ****     return HAL_ERROR;
 415:Drivers/STM32F2xx_HAL_Driver/Src/stm32f2xx_hal_tim_ex.c ****   }
 416:Drivers/STM32F2xx_HAL_Driver/Src/stm32f2xx_hal_tim_ex.c **** 
 417:Drivers/STM32F2xx_HAL_Driver/Src/stm32f2xx_hal_tim_ex.c ****   /* Set the TIM channels state */
 418:Drivers/STM32F2xx_HAL_Driver/Src/stm32f2xx_hal_tim_ex.c ****   TIM_CHANNEL_STATE_SET(htim, TIM_CHANNEL_1, HAL_TIM_CHANNEL_STATE_BUSY);
 419:Drivers/STM32F2xx_HAL_Driver/Src/stm32f2xx_hal_tim_ex.c ****   TIM_CHANNEL_STATE_SET(htim, TIM_CHANNEL_2, HAL_TIM_CHANNEL_STATE_BUSY);
 420:Drivers/STM32F2xx_HAL_Driver/Src/stm32f2xx_hal_tim_ex.c ****   TIM_CHANNEL_N_STATE_SET(htim, TIM_CHANNEL_1, HAL_TIM_CHANNEL_STATE_BUSY);
 421:Drivers/STM32F2xx_HAL_Driver/Src/stm32f2xx_hal_tim_ex.c ****   TIM_CHANNEL_N_STATE_SET(htim, TIM_CHANNEL_2, HAL_TIM_CHANNEL_STATE_BUSY);
 422:Drivers/STM32F2xx_HAL_Driver/Src/stm32f2xx_hal_tim_ex.c **** 
 423:Drivers/STM32F2xx_HAL_Driver/Src/stm32f2xx_hal_tim_ex.c ****   /* Enable the capture compare Interrupts 1 event */
 424:Drivers/STM32F2xx_HAL_Driver/Src/stm32f2xx_hal_tim_ex.c ****   __HAL_TIM_ENABLE_IT(htim, TIM_IT_CC1);
 425:Drivers/STM32F2xx_HAL_Driver/Src/stm32f2xx_hal_tim_ex.c **** 
 426:Drivers/STM32F2xx_HAL_Driver/Src/stm32f2xx_hal_tim_ex.c ****   /* Enable the Input Capture channel 1
 427:Drivers/STM32F2xx_HAL_Driver/Src/stm32f2xx_hal_tim_ex.c ****   (in the Hall Sensor Interface the three possible channels that can be used are TIM_CHANNEL_1,
 428:Drivers/STM32F2xx_HAL_Driver/Src/stm32f2xx_hal_tim_ex.c ****   TIM_CHANNEL_2 and TIM_CHANNEL_3) */
 429:Drivers/STM32F2xx_HAL_Driver/Src/stm32f2xx_hal_tim_ex.c ****   TIM_CCxChannelCmd(htim->Instance, TIM_CHANNEL_1, TIM_CCx_ENABLE);
 430:Drivers/STM32F2xx_HAL_Driver/Src/stm32f2xx_hal_tim_ex.c **** 
 431:Drivers/STM32F2xx_HAL_Driver/Src/stm32f2xx_hal_tim_ex.c ****   /* Enable the Peripheral, except in trigger mode where enable is automatically done with trigger 
ARM GAS  /tmp/ccdDJwMc.s 			page 9


 432:Drivers/STM32F2xx_HAL_Driver/Src/stm32f2xx_hal_tim_ex.c ****   if (IS_TIM_SLAVE_INSTANCE(htim->Instance))
 433:Drivers/STM32F2xx_HAL_Driver/Src/stm32f2xx_hal_tim_ex.c ****   {
 434:Drivers/STM32F2xx_HAL_Driver/Src/stm32f2xx_hal_tim_ex.c ****     tmpsmcr = htim->Instance->SMCR & TIM_SMCR_SMS;
 435:Drivers/STM32F2xx_HAL_Driver/Src/stm32f2xx_hal_tim_ex.c ****     if (!IS_TIM_SLAVEMODE_TRIGGER_ENABLED(tmpsmcr))
 436:Drivers/STM32F2xx_HAL_Driver/Src/stm32f2xx_hal_tim_ex.c ****     {
 437:Drivers/STM32F2xx_HAL_Driver/Src/stm32f2xx_hal_tim_ex.c ****       __HAL_TIM_ENABLE(htim);
 438:Drivers/STM32F2xx_HAL_Driver/Src/stm32f2xx_hal_tim_ex.c ****     }
 439:Drivers/STM32F2xx_HAL_Driver/Src/stm32f2xx_hal_tim_ex.c ****   }
 440:Drivers/STM32F2xx_HAL_Driver/Src/stm32f2xx_hal_tim_ex.c ****   else
 441:Drivers/STM32F2xx_HAL_Driver/Src/stm32f2xx_hal_tim_ex.c ****   {
 442:Drivers/STM32F2xx_HAL_Driver/Src/stm32f2xx_hal_tim_ex.c ****     __HAL_TIM_ENABLE(htim);
 443:Drivers/STM32F2xx_HAL_Driver/Src/stm32f2xx_hal_tim_ex.c ****   }
 444:Drivers/STM32F2xx_HAL_Driver/Src/stm32f2xx_hal_tim_ex.c **** 
 445:Drivers/STM32F2xx_HAL_Driver/Src/stm32f2xx_hal_tim_ex.c ****   /* Return function status */
 446:Drivers/STM32F2xx_HAL_Driver/Src/stm32f2xx_hal_tim_ex.c ****   return HAL_OK;
 447:Drivers/STM32F2xx_HAL_Driver/Src/stm32f2xx_hal_tim_ex.c **** }
 448:Drivers/STM32F2xx_HAL_Driver/Src/stm32f2xx_hal_tim_ex.c **** 
 449:Drivers/STM32F2xx_HAL_Driver/Src/stm32f2xx_hal_tim_ex.c **** /**
 450:Drivers/STM32F2xx_HAL_Driver/Src/stm32f2xx_hal_tim_ex.c ****   * @brief  Stops the TIM Hall Sensor Interface in interrupt mode.
 451:Drivers/STM32F2xx_HAL_Driver/Src/stm32f2xx_hal_tim_ex.c ****   * @param  htim TIM Hall Sensor Interface handle
 452:Drivers/STM32F2xx_HAL_Driver/Src/stm32f2xx_hal_tim_ex.c ****   * @retval HAL status
 453:Drivers/STM32F2xx_HAL_Driver/Src/stm32f2xx_hal_tim_ex.c ****   */
 454:Drivers/STM32F2xx_HAL_Driver/Src/stm32f2xx_hal_tim_ex.c **** HAL_StatusTypeDef HAL_TIMEx_HallSensor_Stop_IT(TIM_HandleTypeDef *htim)
 455:Drivers/STM32F2xx_HAL_Driver/Src/stm32f2xx_hal_tim_ex.c **** {
 456:Drivers/STM32F2xx_HAL_Driver/Src/stm32f2xx_hal_tim_ex.c ****   /* Check the parameters */
 457:Drivers/STM32F2xx_HAL_Driver/Src/stm32f2xx_hal_tim_ex.c ****   assert_param(IS_TIM_HALL_SENSOR_INTERFACE_INSTANCE(htim->Instance));
 458:Drivers/STM32F2xx_HAL_Driver/Src/stm32f2xx_hal_tim_ex.c **** 
 459:Drivers/STM32F2xx_HAL_Driver/Src/stm32f2xx_hal_tim_ex.c ****   /* Disable the Input Capture channel 1
 460:Drivers/STM32F2xx_HAL_Driver/Src/stm32f2xx_hal_tim_ex.c ****   (in the Hall Sensor Interface the three possible channels that can be used are TIM_CHANNEL_1,
 461:Drivers/STM32F2xx_HAL_Driver/Src/stm32f2xx_hal_tim_ex.c ****   TIM_CHANNEL_2 and TIM_CHANNEL_3) */
 462:Drivers/STM32F2xx_HAL_Driver/Src/stm32f2xx_hal_tim_ex.c ****   TIM_CCxChannelCmd(htim->Instance, TIM_CHANNEL_1, TIM_CCx_DISABLE);
 463:Drivers/STM32F2xx_HAL_Driver/Src/stm32f2xx_hal_tim_ex.c **** 
 464:Drivers/STM32F2xx_HAL_Driver/Src/stm32f2xx_hal_tim_ex.c ****   /* Disable the capture compare Interrupts event */
 465:Drivers/STM32F2xx_HAL_Driver/Src/stm32f2xx_hal_tim_ex.c ****   __HAL_TIM_DISABLE_IT(htim, TIM_IT_CC1);
 466:Drivers/STM32F2xx_HAL_Driver/Src/stm32f2xx_hal_tim_ex.c **** 
 467:Drivers/STM32F2xx_HAL_Driver/Src/stm32f2xx_hal_tim_ex.c ****   /* Disable the Peripheral */
 468:Drivers/STM32F2xx_HAL_Driver/Src/stm32f2xx_hal_tim_ex.c ****   __HAL_TIM_DISABLE(htim);
 469:Drivers/STM32F2xx_HAL_Driver/Src/stm32f2xx_hal_tim_ex.c **** 
 470:Drivers/STM32F2xx_HAL_Driver/Src/stm32f2xx_hal_tim_ex.c ****   /* Set the TIM channels state */
 471:Drivers/STM32F2xx_HAL_Driver/Src/stm32f2xx_hal_tim_ex.c ****   TIM_CHANNEL_STATE_SET(htim, TIM_CHANNEL_1, HAL_TIM_CHANNEL_STATE_READY);
 472:Drivers/STM32F2xx_HAL_Driver/Src/stm32f2xx_hal_tim_ex.c ****   TIM_CHANNEL_STATE_SET(htim, TIM_CHANNEL_2, HAL_TIM_CHANNEL_STATE_READY);
 473:Drivers/STM32F2xx_HAL_Driver/Src/stm32f2xx_hal_tim_ex.c ****   TIM_CHANNEL_N_STATE_SET(htim, TIM_CHANNEL_1, HAL_TIM_CHANNEL_STATE_READY);
 474:Drivers/STM32F2xx_HAL_Driver/Src/stm32f2xx_hal_tim_ex.c ****   TIM_CHANNEL_N_STATE_SET(htim, TIM_CHANNEL_2, HAL_TIM_CHANNEL_STATE_READY);
 475:Drivers/STM32F2xx_HAL_Driver/Src/stm32f2xx_hal_tim_ex.c **** 
 476:Drivers/STM32F2xx_HAL_Driver/Src/stm32f2xx_hal_tim_ex.c ****   /* Return function status */
 477:Drivers/STM32F2xx_HAL_Driver/Src/stm32f2xx_hal_tim_ex.c ****   return HAL_OK;
 478:Drivers/STM32F2xx_HAL_Driver/Src/stm32f2xx_hal_tim_ex.c **** }
 479:Drivers/STM32F2xx_HAL_Driver/Src/stm32f2xx_hal_tim_ex.c **** 
 480:Drivers/STM32F2xx_HAL_Driver/Src/stm32f2xx_hal_tim_ex.c **** /**
 481:Drivers/STM32F2xx_HAL_Driver/Src/stm32f2xx_hal_tim_ex.c ****   * @brief  Starts the TIM Hall Sensor Interface in DMA mode.
 482:Drivers/STM32F2xx_HAL_Driver/Src/stm32f2xx_hal_tim_ex.c ****   * @param  htim TIM Hall Sensor Interface handle
 483:Drivers/STM32F2xx_HAL_Driver/Src/stm32f2xx_hal_tim_ex.c ****   * @param  pData The destination Buffer address.
 484:Drivers/STM32F2xx_HAL_Driver/Src/stm32f2xx_hal_tim_ex.c ****   * @param  Length The length of data to be transferred from TIM peripheral to memory.
 485:Drivers/STM32F2xx_HAL_Driver/Src/stm32f2xx_hal_tim_ex.c ****   * @retval HAL status
 486:Drivers/STM32F2xx_HAL_Driver/Src/stm32f2xx_hal_tim_ex.c ****   */
 487:Drivers/STM32F2xx_HAL_Driver/Src/stm32f2xx_hal_tim_ex.c **** HAL_StatusTypeDef HAL_TIMEx_HallSensor_Start_DMA(TIM_HandleTypeDef *htim, uint32_t *pData, uint16_t
 488:Drivers/STM32F2xx_HAL_Driver/Src/stm32f2xx_hal_tim_ex.c **** {
ARM GAS  /tmp/ccdDJwMc.s 			page 10


 489:Drivers/STM32F2xx_HAL_Driver/Src/stm32f2xx_hal_tim_ex.c ****   uint32_t tmpsmcr;
 490:Drivers/STM32F2xx_HAL_Driver/Src/stm32f2xx_hal_tim_ex.c ****   HAL_TIM_ChannelStateTypeDef channel_1_state = TIM_CHANNEL_STATE_GET(htim, TIM_CHANNEL_1);
 491:Drivers/STM32F2xx_HAL_Driver/Src/stm32f2xx_hal_tim_ex.c ****   HAL_TIM_ChannelStateTypeDef complementary_channel_1_state = TIM_CHANNEL_N_STATE_GET(htim, TIM_CHA
 492:Drivers/STM32F2xx_HAL_Driver/Src/stm32f2xx_hal_tim_ex.c **** 
 493:Drivers/STM32F2xx_HAL_Driver/Src/stm32f2xx_hal_tim_ex.c ****   /* Check the parameters */
 494:Drivers/STM32F2xx_HAL_Driver/Src/stm32f2xx_hal_tim_ex.c ****   assert_param(IS_TIM_HALL_SENSOR_INTERFACE_INSTANCE(htim->Instance));
 495:Drivers/STM32F2xx_HAL_Driver/Src/stm32f2xx_hal_tim_ex.c **** 
 496:Drivers/STM32F2xx_HAL_Driver/Src/stm32f2xx_hal_tim_ex.c ****   /* Set the TIM channel state */
 497:Drivers/STM32F2xx_HAL_Driver/Src/stm32f2xx_hal_tim_ex.c ****   if ((channel_1_state == HAL_TIM_CHANNEL_STATE_BUSY)
 498:Drivers/STM32F2xx_HAL_Driver/Src/stm32f2xx_hal_tim_ex.c ****       || (complementary_channel_1_state == HAL_TIM_CHANNEL_STATE_BUSY))
 499:Drivers/STM32F2xx_HAL_Driver/Src/stm32f2xx_hal_tim_ex.c ****   {
 500:Drivers/STM32F2xx_HAL_Driver/Src/stm32f2xx_hal_tim_ex.c ****     return HAL_BUSY;
 501:Drivers/STM32F2xx_HAL_Driver/Src/stm32f2xx_hal_tim_ex.c ****   }
 502:Drivers/STM32F2xx_HAL_Driver/Src/stm32f2xx_hal_tim_ex.c ****   else if ((channel_1_state == HAL_TIM_CHANNEL_STATE_READY)
 503:Drivers/STM32F2xx_HAL_Driver/Src/stm32f2xx_hal_tim_ex.c ****            && (complementary_channel_1_state == HAL_TIM_CHANNEL_STATE_READY))
 504:Drivers/STM32F2xx_HAL_Driver/Src/stm32f2xx_hal_tim_ex.c ****   {
 505:Drivers/STM32F2xx_HAL_Driver/Src/stm32f2xx_hal_tim_ex.c ****     if ((pData == NULL) || (Length == 0U))
 506:Drivers/STM32F2xx_HAL_Driver/Src/stm32f2xx_hal_tim_ex.c ****     {
 507:Drivers/STM32F2xx_HAL_Driver/Src/stm32f2xx_hal_tim_ex.c ****       return HAL_ERROR;
 508:Drivers/STM32F2xx_HAL_Driver/Src/stm32f2xx_hal_tim_ex.c ****     }
 509:Drivers/STM32F2xx_HAL_Driver/Src/stm32f2xx_hal_tim_ex.c ****     else
 510:Drivers/STM32F2xx_HAL_Driver/Src/stm32f2xx_hal_tim_ex.c ****     {
 511:Drivers/STM32F2xx_HAL_Driver/Src/stm32f2xx_hal_tim_ex.c ****       TIM_CHANNEL_STATE_SET(htim, TIM_CHANNEL_1, HAL_TIM_CHANNEL_STATE_BUSY);
 512:Drivers/STM32F2xx_HAL_Driver/Src/stm32f2xx_hal_tim_ex.c ****       TIM_CHANNEL_N_STATE_SET(htim, TIM_CHANNEL_1, HAL_TIM_CHANNEL_STATE_BUSY);
 513:Drivers/STM32F2xx_HAL_Driver/Src/stm32f2xx_hal_tim_ex.c ****     }
 514:Drivers/STM32F2xx_HAL_Driver/Src/stm32f2xx_hal_tim_ex.c ****   }
 515:Drivers/STM32F2xx_HAL_Driver/Src/stm32f2xx_hal_tim_ex.c ****   else
 516:Drivers/STM32F2xx_HAL_Driver/Src/stm32f2xx_hal_tim_ex.c ****   {
 517:Drivers/STM32F2xx_HAL_Driver/Src/stm32f2xx_hal_tim_ex.c ****     return HAL_ERROR;
 518:Drivers/STM32F2xx_HAL_Driver/Src/stm32f2xx_hal_tim_ex.c ****   }
 519:Drivers/STM32F2xx_HAL_Driver/Src/stm32f2xx_hal_tim_ex.c **** 
 520:Drivers/STM32F2xx_HAL_Driver/Src/stm32f2xx_hal_tim_ex.c ****   /* Enable the Input Capture channel 1
 521:Drivers/STM32F2xx_HAL_Driver/Src/stm32f2xx_hal_tim_ex.c ****   (in the Hall Sensor Interface the three possible channels that can be used are TIM_CHANNEL_1,
 522:Drivers/STM32F2xx_HAL_Driver/Src/stm32f2xx_hal_tim_ex.c ****   TIM_CHANNEL_2 and TIM_CHANNEL_3) */
 523:Drivers/STM32F2xx_HAL_Driver/Src/stm32f2xx_hal_tim_ex.c ****   TIM_CCxChannelCmd(htim->Instance, TIM_CHANNEL_1, TIM_CCx_ENABLE);
 524:Drivers/STM32F2xx_HAL_Driver/Src/stm32f2xx_hal_tim_ex.c **** 
 525:Drivers/STM32F2xx_HAL_Driver/Src/stm32f2xx_hal_tim_ex.c ****   /* Set the DMA Input Capture 1 Callbacks */
 526:Drivers/STM32F2xx_HAL_Driver/Src/stm32f2xx_hal_tim_ex.c ****   htim->hdma[TIM_DMA_ID_CC1]->XferCpltCallback = TIM_DMACaptureCplt;
 527:Drivers/STM32F2xx_HAL_Driver/Src/stm32f2xx_hal_tim_ex.c ****   htim->hdma[TIM_DMA_ID_CC1]->XferHalfCpltCallback = TIM_DMACaptureHalfCplt;
 528:Drivers/STM32F2xx_HAL_Driver/Src/stm32f2xx_hal_tim_ex.c ****   /* Set the DMA error callback */
 529:Drivers/STM32F2xx_HAL_Driver/Src/stm32f2xx_hal_tim_ex.c ****   htim->hdma[TIM_DMA_ID_CC1]->XferErrorCallback = TIM_DMAError ;
 530:Drivers/STM32F2xx_HAL_Driver/Src/stm32f2xx_hal_tim_ex.c **** 
 531:Drivers/STM32F2xx_HAL_Driver/Src/stm32f2xx_hal_tim_ex.c ****   /* Enable the DMA stream for Capture 1*/
 532:Drivers/STM32F2xx_HAL_Driver/Src/stm32f2xx_hal_tim_ex.c ****   if (HAL_DMA_Start_IT(htim->hdma[TIM_DMA_ID_CC1], (uint32_t)&htim->Instance->CCR1, (uint32_t)pData
 533:Drivers/STM32F2xx_HAL_Driver/Src/stm32f2xx_hal_tim_ex.c ****   {
 534:Drivers/STM32F2xx_HAL_Driver/Src/stm32f2xx_hal_tim_ex.c ****     /* Return error status */
 535:Drivers/STM32F2xx_HAL_Driver/Src/stm32f2xx_hal_tim_ex.c ****     return HAL_ERROR;
 536:Drivers/STM32F2xx_HAL_Driver/Src/stm32f2xx_hal_tim_ex.c ****   }
 537:Drivers/STM32F2xx_HAL_Driver/Src/stm32f2xx_hal_tim_ex.c ****   /* Enable the capture compare 1 Interrupt */
 538:Drivers/STM32F2xx_HAL_Driver/Src/stm32f2xx_hal_tim_ex.c ****   __HAL_TIM_ENABLE_DMA(htim, TIM_DMA_CC1);
 539:Drivers/STM32F2xx_HAL_Driver/Src/stm32f2xx_hal_tim_ex.c **** 
 540:Drivers/STM32F2xx_HAL_Driver/Src/stm32f2xx_hal_tim_ex.c ****   /* Enable the Peripheral, except in trigger mode where enable is automatically done with trigger 
 541:Drivers/STM32F2xx_HAL_Driver/Src/stm32f2xx_hal_tim_ex.c ****   if (IS_TIM_SLAVE_INSTANCE(htim->Instance))
 542:Drivers/STM32F2xx_HAL_Driver/Src/stm32f2xx_hal_tim_ex.c ****   {
 543:Drivers/STM32F2xx_HAL_Driver/Src/stm32f2xx_hal_tim_ex.c ****     tmpsmcr = htim->Instance->SMCR & TIM_SMCR_SMS;
 544:Drivers/STM32F2xx_HAL_Driver/Src/stm32f2xx_hal_tim_ex.c ****     if (!IS_TIM_SLAVEMODE_TRIGGER_ENABLED(tmpsmcr))
 545:Drivers/STM32F2xx_HAL_Driver/Src/stm32f2xx_hal_tim_ex.c ****     {
ARM GAS  /tmp/ccdDJwMc.s 			page 11


 546:Drivers/STM32F2xx_HAL_Driver/Src/stm32f2xx_hal_tim_ex.c ****       __HAL_TIM_ENABLE(htim);
 547:Drivers/STM32F2xx_HAL_Driver/Src/stm32f2xx_hal_tim_ex.c ****     }
 548:Drivers/STM32F2xx_HAL_Driver/Src/stm32f2xx_hal_tim_ex.c ****   }
 549:Drivers/STM32F2xx_HAL_Driver/Src/stm32f2xx_hal_tim_ex.c ****   else
 550:Drivers/STM32F2xx_HAL_Driver/Src/stm32f2xx_hal_tim_ex.c ****   {
 551:Drivers/STM32F2xx_HAL_Driver/Src/stm32f2xx_hal_tim_ex.c ****     __HAL_TIM_ENABLE(htim);
 552:Drivers/STM32F2xx_HAL_Driver/Src/stm32f2xx_hal_tim_ex.c ****   }
 553:Drivers/STM32F2xx_HAL_Driver/Src/stm32f2xx_hal_tim_ex.c **** 
 554:Drivers/STM32F2xx_HAL_Driver/Src/stm32f2xx_hal_tim_ex.c ****   /* Return function status */
 555:Drivers/STM32F2xx_HAL_Driver/Src/stm32f2xx_hal_tim_ex.c ****   return HAL_OK;
 556:Drivers/STM32F2xx_HAL_Driver/Src/stm32f2xx_hal_tim_ex.c **** }
 557:Drivers/STM32F2xx_HAL_Driver/Src/stm32f2xx_hal_tim_ex.c **** 
 558:Drivers/STM32F2xx_HAL_Driver/Src/stm32f2xx_hal_tim_ex.c **** /**
 559:Drivers/STM32F2xx_HAL_Driver/Src/stm32f2xx_hal_tim_ex.c ****   * @brief  Stops the TIM Hall Sensor Interface in DMA mode.
 560:Drivers/STM32F2xx_HAL_Driver/Src/stm32f2xx_hal_tim_ex.c ****   * @param  htim TIM Hall Sensor Interface handle
 561:Drivers/STM32F2xx_HAL_Driver/Src/stm32f2xx_hal_tim_ex.c ****   * @retval HAL status
 562:Drivers/STM32F2xx_HAL_Driver/Src/stm32f2xx_hal_tim_ex.c ****   */
 563:Drivers/STM32F2xx_HAL_Driver/Src/stm32f2xx_hal_tim_ex.c **** HAL_StatusTypeDef HAL_TIMEx_HallSensor_Stop_DMA(TIM_HandleTypeDef *htim)
 564:Drivers/STM32F2xx_HAL_Driver/Src/stm32f2xx_hal_tim_ex.c **** {
 565:Drivers/STM32F2xx_HAL_Driver/Src/stm32f2xx_hal_tim_ex.c ****   /* Check the parameters */
 566:Drivers/STM32F2xx_HAL_Driver/Src/stm32f2xx_hal_tim_ex.c ****   assert_param(IS_TIM_HALL_SENSOR_INTERFACE_INSTANCE(htim->Instance));
 567:Drivers/STM32F2xx_HAL_Driver/Src/stm32f2xx_hal_tim_ex.c **** 
 568:Drivers/STM32F2xx_HAL_Driver/Src/stm32f2xx_hal_tim_ex.c ****   /* Disable the Input Capture channel 1
 569:Drivers/STM32F2xx_HAL_Driver/Src/stm32f2xx_hal_tim_ex.c ****   (in the Hall Sensor Interface the three possible channels that can be used are TIM_CHANNEL_1,
 570:Drivers/STM32F2xx_HAL_Driver/Src/stm32f2xx_hal_tim_ex.c ****   TIM_CHANNEL_2 and TIM_CHANNEL_3) */
 571:Drivers/STM32F2xx_HAL_Driver/Src/stm32f2xx_hal_tim_ex.c ****   TIM_CCxChannelCmd(htim->Instance, TIM_CHANNEL_1, TIM_CCx_DISABLE);
 572:Drivers/STM32F2xx_HAL_Driver/Src/stm32f2xx_hal_tim_ex.c **** 
 573:Drivers/STM32F2xx_HAL_Driver/Src/stm32f2xx_hal_tim_ex.c **** 
 574:Drivers/STM32F2xx_HAL_Driver/Src/stm32f2xx_hal_tim_ex.c ****   /* Disable the capture compare Interrupts 1 event */
 575:Drivers/STM32F2xx_HAL_Driver/Src/stm32f2xx_hal_tim_ex.c ****   __HAL_TIM_DISABLE_DMA(htim, TIM_DMA_CC1);
 576:Drivers/STM32F2xx_HAL_Driver/Src/stm32f2xx_hal_tim_ex.c **** 
 577:Drivers/STM32F2xx_HAL_Driver/Src/stm32f2xx_hal_tim_ex.c ****   (void)HAL_DMA_Abort_IT(htim->hdma[TIM_DMA_ID_CC1]);
 578:Drivers/STM32F2xx_HAL_Driver/Src/stm32f2xx_hal_tim_ex.c **** 
 579:Drivers/STM32F2xx_HAL_Driver/Src/stm32f2xx_hal_tim_ex.c ****   /* Disable the Peripheral */
 580:Drivers/STM32F2xx_HAL_Driver/Src/stm32f2xx_hal_tim_ex.c ****   __HAL_TIM_DISABLE(htim);
 581:Drivers/STM32F2xx_HAL_Driver/Src/stm32f2xx_hal_tim_ex.c **** 
 582:Drivers/STM32F2xx_HAL_Driver/Src/stm32f2xx_hal_tim_ex.c ****   /* Set the TIM channel state */
 583:Drivers/STM32F2xx_HAL_Driver/Src/stm32f2xx_hal_tim_ex.c ****   TIM_CHANNEL_STATE_SET(htim, TIM_CHANNEL_1, HAL_TIM_CHANNEL_STATE_READY);
 584:Drivers/STM32F2xx_HAL_Driver/Src/stm32f2xx_hal_tim_ex.c ****   TIM_CHANNEL_N_STATE_SET(htim, TIM_CHANNEL_1, HAL_TIM_CHANNEL_STATE_READY);
 585:Drivers/STM32F2xx_HAL_Driver/Src/stm32f2xx_hal_tim_ex.c **** 
 586:Drivers/STM32F2xx_HAL_Driver/Src/stm32f2xx_hal_tim_ex.c ****   /* Return function status */
 587:Drivers/STM32F2xx_HAL_Driver/Src/stm32f2xx_hal_tim_ex.c ****   return HAL_OK;
 588:Drivers/STM32F2xx_HAL_Driver/Src/stm32f2xx_hal_tim_ex.c **** }
 589:Drivers/STM32F2xx_HAL_Driver/Src/stm32f2xx_hal_tim_ex.c **** 
 590:Drivers/STM32F2xx_HAL_Driver/Src/stm32f2xx_hal_tim_ex.c **** /**
 591:Drivers/STM32F2xx_HAL_Driver/Src/stm32f2xx_hal_tim_ex.c ****   * @}
 592:Drivers/STM32F2xx_HAL_Driver/Src/stm32f2xx_hal_tim_ex.c ****   */
 593:Drivers/STM32F2xx_HAL_Driver/Src/stm32f2xx_hal_tim_ex.c **** 
 594:Drivers/STM32F2xx_HAL_Driver/Src/stm32f2xx_hal_tim_ex.c **** /** @defgroup TIMEx_Exported_Functions_Group2 Extended Timer Complementary Output Compare functions
 595:Drivers/STM32F2xx_HAL_Driver/Src/stm32f2xx_hal_tim_ex.c ****   *  @brief   Timer Complementary Output Compare functions
 596:Drivers/STM32F2xx_HAL_Driver/Src/stm32f2xx_hal_tim_ex.c ****   *
 597:Drivers/STM32F2xx_HAL_Driver/Src/stm32f2xx_hal_tim_ex.c **** @verbatim
 598:Drivers/STM32F2xx_HAL_Driver/Src/stm32f2xx_hal_tim_ex.c ****   ==============================================================================
 599:Drivers/STM32F2xx_HAL_Driver/Src/stm32f2xx_hal_tim_ex.c ****               ##### Timer Complementary Output Compare functions #####
 600:Drivers/STM32F2xx_HAL_Driver/Src/stm32f2xx_hal_tim_ex.c ****   ==============================================================================
 601:Drivers/STM32F2xx_HAL_Driver/Src/stm32f2xx_hal_tim_ex.c ****   [..]
 602:Drivers/STM32F2xx_HAL_Driver/Src/stm32f2xx_hal_tim_ex.c ****     This section provides functions allowing to:
ARM GAS  /tmp/ccdDJwMc.s 			page 12


 603:Drivers/STM32F2xx_HAL_Driver/Src/stm32f2xx_hal_tim_ex.c ****     (+) Start the Complementary Output Compare/PWM.
 604:Drivers/STM32F2xx_HAL_Driver/Src/stm32f2xx_hal_tim_ex.c ****     (+) Stop the Complementary Output Compare/PWM.
 605:Drivers/STM32F2xx_HAL_Driver/Src/stm32f2xx_hal_tim_ex.c ****     (+) Start the Complementary Output Compare/PWM and enable interrupts.
 606:Drivers/STM32F2xx_HAL_Driver/Src/stm32f2xx_hal_tim_ex.c ****     (+) Stop the Complementary Output Compare/PWM and disable interrupts.
 607:Drivers/STM32F2xx_HAL_Driver/Src/stm32f2xx_hal_tim_ex.c ****     (+) Start the Complementary Output Compare/PWM and enable DMA transfers.
 608:Drivers/STM32F2xx_HAL_Driver/Src/stm32f2xx_hal_tim_ex.c ****     (+) Stop the Complementary Output Compare/PWM and disable DMA transfers.
 609:Drivers/STM32F2xx_HAL_Driver/Src/stm32f2xx_hal_tim_ex.c **** 
 610:Drivers/STM32F2xx_HAL_Driver/Src/stm32f2xx_hal_tim_ex.c **** @endverbatim
 611:Drivers/STM32F2xx_HAL_Driver/Src/stm32f2xx_hal_tim_ex.c ****   * @{
 612:Drivers/STM32F2xx_HAL_Driver/Src/stm32f2xx_hal_tim_ex.c ****   */
 613:Drivers/STM32F2xx_HAL_Driver/Src/stm32f2xx_hal_tim_ex.c **** 
 614:Drivers/STM32F2xx_HAL_Driver/Src/stm32f2xx_hal_tim_ex.c **** /**
 615:Drivers/STM32F2xx_HAL_Driver/Src/stm32f2xx_hal_tim_ex.c ****   * @brief  Starts the TIM Output Compare signal generation on the complementary
 616:Drivers/STM32F2xx_HAL_Driver/Src/stm32f2xx_hal_tim_ex.c ****   *         output.
 617:Drivers/STM32F2xx_HAL_Driver/Src/stm32f2xx_hal_tim_ex.c ****   * @param  htim TIM Output Compare handle
 618:Drivers/STM32F2xx_HAL_Driver/Src/stm32f2xx_hal_tim_ex.c ****   * @param  Channel TIM Channel to be enabled
 619:Drivers/STM32F2xx_HAL_Driver/Src/stm32f2xx_hal_tim_ex.c ****   *          This parameter can be one of the following values:
 620:Drivers/STM32F2xx_HAL_Driver/Src/stm32f2xx_hal_tim_ex.c ****   *            @arg TIM_CHANNEL_1: TIM Channel 1 selected
 621:Drivers/STM32F2xx_HAL_Driver/Src/stm32f2xx_hal_tim_ex.c ****   *            @arg TIM_CHANNEL_2: TIM Channel 2 selected
 622:Drivers/STM32F2xx_HAL_Driver/Src/stm32f2xx_hal_tim_ex.c ****   *            @arg TIM_CHANNEL_3: TIM Channel 3 selected
 623:Drivers/STM32F2xx_HAL_Driver/Src/stm32f2xx_hal_tim_ex.c ****   * @retval HAL status
 624:Drivers/STM32F2xx_HAL_Driver/Src/stm32f2xx_hal_tim_ex.c ****   */
 625:Drivers/STM32F2xx_HAL_Driver/Src/stm32f2xx_hal_tim_ex.c **** HAL_StatusTypeDef HAL_TIMEx_OCN_Start(TIM_HandleTypeDef *htim, uint32_t Channel)
 626:Drivers/STM32F2xx_HAL_Driver/Src/stm32f2xx_hal_tim_ex.c **** {
 627:Drivers/STM32F2xx_HAL_Driver/Src/stm32f2xx_hal_tim_ex.c ****   uint32_t tmpsmcr;
 628:Drivers/STM32F2xx_HAL_Driver/Src/stm32f2xx_hal_tim_ex.c **** 
 629:Drivers/STM32F2xx_HAL_Driver/Src/stm32f2xx_hal_tim_ex.c ****   /* Check the parameters */
 630:Drivers/STM32F2xx_HAL_Driver/Src/stm32f2xx_hal_tim_ex.c ****   assert_param(IS_TIM_CCXN_INSTANCE(htim->Instance, Channel));
 631:Drivers/STM32F2xx_HAL_Driver/Src/stm32f2xx_hal_tim_ex.c **** 
 632:Drivers/STM32F2xx_HAL_Driver/Src/stm32f2xx_hal_tim_ex.c ****   /* Check the TIM complementary channel state */
 633:Drivers/STM32F2xx_HAL_Driver/Src/stm32f2xx_hal_tim_ex.c ****   if (TIM_CHANNEL_N_STATE_GET(htim, Channel) != HAL_TIM_CHANNEL_STATE_READY)
 634:Drivers/STM32F2xx_HAL_Driver/Src/stm32f2xx_hal_tim_ex.c ****   {
 635:Drivers/STM32F2xx_HAL_Driver/Src/stm32f2xx_hal_tim_ex.c ****     return HAL_ERROR;
 636:Drivers/STM32F2xx_HAL_Driver/Src/stm32f2xx_hal_tim_ex.c ****   }
 637:Drivers/STM32F2xx_HAL_Driver/Src/stm32f2xx_hal_tim_ex.c **** 
 638:Drivers/STM32F2xx_HAL_Driver/Src/stm32f2xx_hal_tim_ex.c ****   /* Set the TIM complementary channel state */
 639:Drivers/STM32F2xx_HAL_Driver/Src/stm32f2xx_hal_tim_ex.c ****   TIM_CHANNEL_N_STATE_SET(htim, Channel, HAL_TIM_CHANNEL_STATE_BUSY);
 640:Drivers/STM32F2xx_HAL_Driver/Src/stm32f2xx_hal_tim_ex.c **** 
 641:Drivers/STM32F2xx_HAL_Driver/Src/stm32f2xx_hal_tim_ex.c ****   /* Enable the Capture compare channel N */
 642:Drivers/STM32F2xx_HAL_Driver/Src/stm32f2xx_hal_tim_ex.c ****   TIM_CCxNChannelCmd(htim->Instance, Channel, TIM_CCxN_ENABLE);
 643:Drivers/STM32F2xx_HAL_Driver/Src/stm32f2xx_hal_tim_ex.c **** 
 644:Drivers/STM32F2xx_HAL_Driver/Src/stm32f2xx_hal_tim_ex.c ****   /* Enable the Main Output */
 645:Drivers/STM32F2xx_HAL_Driver/Src/stm32f2xx_hal_tim_ex.c ****   __HAL_TIM_MOE_ENABLE(htim);
 646:Drivers/STM32F2xx_HAL_Driver/Src/stm32f2xx_hal_tim_ex.c **** 
 647:Drivers/STM32F2xx_HAL_Driver/Src/stm32f2xx_hal_tim_ex.c ****   /* Enable the Peripheral, except in trigger mode where enable is automatically done with trigger 
 648:Drivers/STM32F2xx_HAL_Driver/Src/stm32f2xx_hal_tim_ex.c ****   if (IS_TIM_SLAVE_INSTANCE(htim->Instance))
 649:Drivers/STM32F2xx_HAL_Driver/Src/stm32f2xx_hal_tim_ex.c ****   {
 650:Drivers/STM32F2xx_HAL_Driver/Src/stm32f2xx_hal_tim_ex.c ****     tmpsmcr = htim->Instance->SMCR & TIM_SMCR_SMS;
 651:Drivers/STM32F2xx_HAL_Driver/Src/stm32f2xx_hal_tim_ex.c ****     if (!IS_TIM_SLAVEMODE_TRIGGER_ENABLED(tmpsmcr))
 652:Drivers/STM32F2xx_HAL_Driver/Src/stm32f2xx_hal_tim_ex.c ****     {
 653:Drivers/STM32F2xx_HAL_Driver/Src/stm32f2xx_hal_tim_ex.c ****       __HAL_TIM_ENABLE(htim);
 654:Drivers/STM32F2xx_HAL_Driver/Src/stm32f2xx_hal_tim_ex.c ****     }
 655:Drivers/STM32F2xx_HAL_Driver/Src/stm32f2xx_hal_tim_ex.c ****   }
 656:Drivers/STM32F2xx_HAL_Driver/Src/stm32f2xx_hal_tim_ex.c ****   else
 657:Drivers/STM32F2xx_HAL_Driver/Src/stm32f2xx_hal_tim_ex.c ****   {
 658:Drivers/STM32F2xx_HAL_Driver/Src/stm32f2xx_hal_tim_ex.c ****     __HAL_TIM_ENABLE(htim);
 659:Drivers/STM32F2xx_HAL_Driver/Src/stm32f2xx_hal_tim_ex.c ****   }
ARM GAS  /tmp/ccdDJwMc.s 			page 13


 660:Drivers/STM32F2xx_HAL_Driver/Src/stm32f2xx_hal_tim_ex.c **** 
 661:Drivers/STM32F2xx_HAL_Driver/Src/stm32f2xx_hal_tim_ex.c ****   /* Return function status */
 662:Drivers/STM32F2xx_HAL_Driver/Src/stm32f2xx_hal_tim_ex.c ****   return HAL_OK;
 663:Drivers/STM32F2xx_HAL_Driver/Src/stm32f2xx_hal_tim_ex.c **** }
 664:Drivers/STM32F2xx_HAL_Driver/Src/stm32f2xx_hal_tim_ex.c **** 
 665:Drivers/STM32F2xx_HAL_Driver/Src/stm32f2xx_hal_tim_ex.c **** /**
 666:Drivers/STM32F2xx_HAL_Driver/Src/stm32f2xx_hal_tim_ex.c ****   * @brief  Stops the TIM Output Compare signal generation on the complementary
 667:Drivers/STM32F2xx_HAL_Driver/Src/stm32f2xx_hal_tim_ex.c ****   *         output.
 668:Drivers/STM32F2xx_HAL_Driver/Src/stm32f2xx_hal_tim_ex.c ****   * @param  htim TIM handle
 669:Drivers/STM32F2xx_HAL_Driver/Src/stm32f2xx_hal_tim_ex.c ****   * @param  Channel TIM Channel to be disabled
 670:Drivers/STM32F2xx_HAL_Driver/Src/stm32f2xx_hal_tim_ex.c ****   *          This parameter can be one of the following values:
 671:Drivers/STM32F2xx_HAL_Driver/Src/stm32f2xx_hal_tim_ex.c ****   *            @arg TIM_CHANNEL_1: TIM Channel 1 selected
 672:Drivers/STM32F2xx_HAL_Driver/Src/stm32f2xx_hal_tim_ex.c ****   *            @arg TIM_CHANNEL_2: TIM Channel 2 selected
 673:Drivers/STM32F2xx_HAL_Driver/Src/stm32f2xx_hal_tim_ex.c ****   *            @arg TIM_CHANNEL_3: TIM Channel 3 selected
 674:Drivers/STM32F2xx_HAL_Driver/Src/stm32f2xx_hal_tim_ex.c ****   * @retval HAL status
 675:Drivers/STM32F2xx_HAL_Driver/Src/stm32f2xx_hal_tim_ex.c ****   */
 676:Drivers/STM32F2xx_HAL_Driver/Src/stm32f2xx_hal_tim_ex.c **** HAL_StatusTypeDef HAL_TIMEx_OCN_Stop(TIM_HandleTypeDef *htim, uint32_t Channel)
 677:Drivers/STM32F2xx_HAL_Driver/Src/stm32f2xx_hal_tim_ex.c **** {
 678:Drivers/STM32F2xx_HAL_Driver/Src/stm32f2xx_hal_tim_ex.c ****   /* Check the parameters */
 679:Drivers/STM32F2xx_HAL_Driver/Src/stm32f2xx_hal_tim_ex.c ****   assert_param(IS_TIM_CCXN_INSTANCE(htim->Instance, Channel));
 680:Drivers/STM32F2xx_HAL_Driver/Src/stm32f2xx_hal_tim_ex.c **** 
 681:Drivers/STM32F2xx_HAL_Driver/Src/stm32f2xx_hal_tim_ex.c ****   /* Disable the Capture compare channel N */
 682:Drivers/STM32F2xx_HAL_Driver/Src/stm32f2xx_hal_tim_ex.c ****   TIM_CCxNChannelCmd(htim->Instance, Channel, TIM_CCxN_DISABLE);
 683:Drivers/STM32F2xx_HAL_Driver/Src/stm32f2xx_hal_tim_ex.c **** 
 684:Drivers/STM32F2xx_HAL_Driver/Src/stm32f2xx_hal_tim_ex.c ****   /* Disable the Main Output */
 685:Drivers/STM32F2xx_HAL_Driver/Src/stm32f2xx_hal_tim_ex.c ****   __HAL_TIM_MOE_DISABLE(htim);
 686:Drivers/STM32F2xx_HAL_Driver/Src/stm32f2xx_hal_tim_ex.c **** 
 687:Drivers/STM32F2xx_HAL_Driver/Src/stm32f2xx_hal_tim_ex.c ****   /* Disable the Peripheral */
 688:Drivers/STM32F2xx_HAL_Driver/Src/stm32f2xx_hal_tim_ex.c ****   __HAL_TIM_DISABLE(htim);
 689:Drivers/STM32F2xx_HAL_Driver/Src/stm32f2xx_hal_tim_ex.c **** 
 690:Drivers/STM32F2xx_HAL_Driver/Src/stm32f2xx_hal_tim_ex.c ****   /* Set the TIM complementary channel state */
 691:Drivers/STM32F2xx_HAL_Driver/Src/stm32f2xx_hal_tim_ex.c ****   TIM_CHANNEL_N_STATE_SET(htim, Channel, HAL_TIM_CHANNEL_STATE_READY);
 692:Drivers/STM32F2xx_HAL_Driver/Src/stm32f2xx_hal_tim_ex.c **** 
 693:Drivers/STM32F2xx_HAL_Driver/Src/stm32f2xx_hal_tim_ex.c ****   /* Return function status */
 694:Drivers/STM32F2xx_HAL_Driver/Src/stm32f2xx_hal_tim_ex.c ****   return HAL_OK;
 695:Drivers/STM32F2xx_HAL_Driver/Src/stm32f2xx_hal_tim_ex.c **** }
 696:Drivers/STM32F2xx_HAL_Driver/Src/stm32f2xx_hal_tim_ex.c **** 
 697:Drivers/STM32F2xx_HAL_Driver/Src/stm32f2xx_hal_tim_ex.c **** /**
 698:Drivers/STM32F2xx_HAL_Driver/Src/stm32f2xx_hal_tim_ex.c ****   * @brief  Starts the TIM Output Compare signal generation in interrupt mode
 699:Drivers/STM32F2xx_HAL_Driver/Src/stm32f2xx_hal_tim_ex.c ****   *         on the complementary output.
 700:Drivers/STM32F2xx_HAL_Driver/Src/stm32f2xx_hal_tim_ex.c ****   * @param  htim TIM OC handle
 701:Drivers/STM32F2xx_HAL_Driver/Src/stm32f2xx_hal_tim_ex.c ****   * @param  Channel TIM Channel to be enabled
 702:Drivers/STM32F2xx_HAL_Driver/Src/stm32f2xx_hal_tim_ex.c ****   *          This parameter can be one of the following values:
 703:Drivers/STM32F2xx_HAL_Driver/Src/stm32f2xx_hal_tim_ex.c ****   *            @arg TIM_CHANNEL_1: TIM Channel 1 selected
 704:Drivers/STM32F2xx_HAL_Driver/Src/stm32f2xx_hal_tim_ex.c ****   *            @arg TIM_CHANNEL_2: TIM Channel 2 selected
 705:Drivers/STM32F2xx_HAL_Driver/Src/stm32f2xx_hal_tim_ex.c ****   *            @arg TIM_CHANNEL_3: TIM Channel 3 selected
 706:Drivers/STM32F2xx_HAL_Driver/Src/stm32f2xx_hal_tim_ex.c ****   * @retval HAL status
 707:Drivers/STM32F2xx_HAL_Driver/Src/stm32f2xx_hal_tim_ex.c ****   */
 708:Drivers/STM32F2xx_HAL_Driver/Src/stm32f2xx_hal_tim_ex.c **** HAL_StatusTypeDef HAL_TIMEx_OCN_Start_IT(TIM_HandleTypeDef *htim, uint32_t Channel)
 709:Drivers/STM32F2xx_HAL_Driver/Src/stm32f2xx_hal_tim_ex.c **** {
 710:Drivers/STM32F2xx_HAL_Driver/Src/stm32f2xx_hal_tim_ex.c ****   HAL_StatusTypeDef status = HAL_OK;
 711:Drivers/STM32F2xx_HAL_Driver/Src/stm32f2xx_hal_tim_ex.c ****   uint32_t tmpsmcr;
 712:Drivers/STM32F2xx_HAL_Driver/Src/stm32f2xx_hal_tim_ex.c **** 
 713:Drivers/STM32F2xx_HAL_Driver/Src/stm32f2xx_hal_tim_ex.c ****   /* Check the parameters */
 714:Drivers/STM32F2xx_HAL_Driver/Src/stm32f2xx_hal_tim_ex.c ****   assert_param(IS_TIM_CCXN_INSTANCE(htim->Instance, Channel));
 715:Drivers/STM32F2xx_HAL_Driver/Src/stm32f2xx_hal_tim_ex.c **** 
 716:Drivers/STM32F2xx_HAL_Driver/Src/stm32f2xx_hal_tim_ex.c ****   /* Check the TIM complementary channel state */
ARM GAS  /tmp/ccdDJwMc.s 			page 14


 717:Drivers/STM32F2xx_HAL_Driver/Src/stm32f2xx_hal_tim_ex.c ****   if (TIM_CHANNEL_N_STATE_GET(htim, Channel) != HAL_TIM_CHANNEL_STATE_READY)
 718:Drivers/STM32F2xx_HAL_Driver/Src/stm32f2xx_hal_tim_ex.c ****   {
 719:Drivers/STM32F2xx_HAL_Driver/Src/stm32f2xx_hal_tim_ex.c ****     return HAL_ERROR;
 720:Drivers/STM32F2xx_HAL_Driver/Src/stm32f2xx_hal_tim_ex.c ****   }
 721:Drivers/STM32F2xx_HAL_Driver/Src/stm32f2xx_hal_tim_ex.c **** 
 722:Drivers/STM32F2xx_HAL_Driver/Src/stm32f2xx_hal_tim_ex.c ****   /* Set the TIM complementary channel state */
 723:Drivers/STM32F2xx_HAL_Driver/Src/stm32f2xx_hal_tim_ex.c ****   TIM_CHANNEL_N_STATE_SET(htim, Channel, HAL_TIM_CHANNEL_STATE_BUSY);
 724:Drivers/STM32F2xx_HAL_Driver/Src/stm32f2xx_hal_tim_ex.c **** 
 725:Drivers/STM32F2xx_HAL_Driver/Src/stm32f2xx_hal_tim_ex.c ****   switch (Channel)
 726:Drivers/STM32F2xx_HAL_Driver/Src/stm32f2xx_hal_tim_ex.c ****   {
 727:Drivers/STM32F2xx_HAL_Driver/Src/stm32f2xx_hal_tim_ex.c ****     case TIM_CHANNEL_1:
 728:Drivers/STM32F2xx_HAL_Driver/Src/stm32f2xx_hal_tim_ex.c ****     {
 729:Drivers/STM32F2xx_HAL_Driver/Src/stm32f2xx_hal_tim_ex.c ****       /* Enable the TIM Output Compare interrupt */
 730:Drivers/STM32F2xx_HAL_Driver/Src/stm32f2xx_hal_tim_ex.c ****       __HAL_TIM_ENABLE_IT(htim, TIM_IT_CC1);
 731:Drivers/STM32F2xx_HAL_Driver/Src/stm32f2xx_hal_tim_ex.c ****       break;
 732:Drivers/STM32F2xx_HAL_Driver/Src/stm32f2xx_hal_tim_ex.c ****     }
 733:Drivers/STM32F2xx_HAL_Driver/Src/stm32f2xx_hal_tim_ex.c **** 
 734:Drivers/STM32F2xx_HAL_Driver/Src/stm32f2xx_hal_tim_ex.c ****     case TIM_CHANNEL_2:
 735:Drivers/STM32F2xx_HAL_Driver/Src/stm32f2xx_hal_tim_ex.c ****     {
 736:Drivers/STM32F2xx_HAL_Driver/Src/stm32f2xx_hal_tim_ex.c ****       /* Enable the TIM Output Compare interrupt */
 737:Drivers/STM32F2xx_HAL_Driver/Src/stm32f2xx_hal_tim_ex.c ****       __HAL_TIM_ENABLE_IT(htim, TIM_IT_CC2);
 738:Drivers/STM32F2xx_HAL_Driver/Src/stm32f2xx_hal_tim_ex.c ****       break;
 739:Drivers/STM32F2xx_HAL_Driver/Src/stm32f2xx_hal_tim_ex.c ****     }
 740:Drivers/STM32F2xx_HAL_Driver/Src/stm32f2xx_hal_tim_ex.c **** 
 741:Drivers/STM32F2xx_HAL_Driver/Src/stm32f2xx_hal_tim_ex.c ****     case TIM_CHANNEL_3:
 742:Drivers/STM32F2xx_HAL_Driver/Src/stm32f2xx_hal_tim_ex.c ****     {
 743:Drivers/STM32F2xx_HAL_Driver/Src/stm32f2xx_hal_tim_ex.c ****       /* Enable the TIM Output Compare interrupt */
 744:Drivers/STM32F2xx_HAL_Driver/Src/stm32f2xx_hal_tim_ex.c ****       __HAL_TIM_ENABLE_IT(htim, TIM_IT_CC3);
 745:Drivers/STM32F2xx_HAL_Driver/Src/stm32f2xx_hal_tim_ex.c ****       break;
 746:Drivers/STM32F2xx_HAL_Driver/Src/stm32f2xx_hal_tim_ex.c ****     }
 747:Drivers/STM32F2xx_HAL_Driver/Src/stm32f2xx_hal_tim_ex.c **** 
 748:Drivers/STM32F2xx_HAL_Driver/Src/stm32f2xx_hal_tim_ex.c **** 
 749:Drivers/STM32F2xx_HAL_Driver/Src/stm32f2xx_hal_tim_ex.c ****     default:
 750:Drivers/STM32F2xx_HAL_Driver/Src/stm32f2xx_hal_tim_ex.c ****       status = HAL_ERROR;
 751:Drivers/STM32F2xx_HAL_Driver/Src/stm32f2xx_hal_tim_ex.c ****       break;
 752:Drivers/STM32F2xx_HAL_Driver/Src/stm32f2xx_hal_tim_ex.c ****   }
 753:Drivers/STM32F2xx_HAL_Driver/Src/stm32f2xx_hal_tim_ex.c **** 
 754:Drivers/STM32F2xx_HAL_Driver/Src/stm32f2xx_hal_tim_ex.c ****   if (status == HAL_OK)
 755:Drivers/STM32F2xx_HAL_Driver/Src/stm32f2xx_hal_tim_ex.c ****   {
 756:Drivers/STM32F2xx_HAL_Driver/Src/stm32f2xx_hal_tim_ex.c ****     /* Enable the TIM Break interrupt */
 757:Drivers/STM32F2xx_HAL_Driver/Src/stm32f2xx_hal_tim_ex.c ****     __HAL_TIM_ENABLE_IT(htim, TIM_IT_BREAK);
 758:Drivers/STM32F2xx_HAL_Driver/Src/stm32f2xx_hal_tim_ex.c **** 
 759:Drivers/STM32F2xx_HAL_Driver/Src/stm32f2xx_hal_tim_ex.c ****     /* Enable the Capture compare channel N */
 760:Drivers/STM32F2xx_HAL_Driver/Src/stm32f2xx_hal_tim_ex.c ****     TIM_CCxNChannelCmd(htim->Instance, Channel, TIM_CCxN_ENABLE);
 761:Drivers/STM32F2xx_HAL_Driver/Src/stm32f2xx_hal_tim_ex.c **** 
 762:Drivers/STM32F2xx_HAL_Driver/Src/stm32f2xx_hal_tim_ex.c ****     /* Enable the Main Output */
 763:Drivers/STM32F2xx_HAL_Driver/Src/stm32f2xx_hal_tim_ex.c ****     __HAL_TIM_MOE_ENABLE(htim);
 764:Drivers/STM32F2xx_HAL_Driver/Src/stm32f2xx_hal_tim_ex.c **** 
 765:Drivers/STM32F2xx_HAL_Driver/Src/stm32f2xx_hal_tim_ex.c ****     /* Enable the Peripheral, except in trigger mode where enable is automatically done with trigge
 766:Drivers/STM32F2xx_HAL_Driver/Src/stm32f2xx_hal_tim_ex.c ****     if (IS_TIM_SLAVE_INSTANCE(htim->Instance))
 767:Drivers/STM32F2xx_HAL_Driver/Src/stm32f2xx_hal_tim_ex.c ****     {
 768:Drivers/STM32F2xx_HAL_Driver/Src/stm32f2xx_hal_tim_ex.c ****       tmpsmcr = htim->Instance->SMCR & TIM_SMCR_SMS;
 769:Drivers/STM32F2xx_HAL_Driver/Src/stm32f2xx_hal_tim_ex.c ****       if (!IS_TIM_SLAVEMODE_TRIGGER_ENABLED(tmpsmcr))
 770:Drivers/STM32F2xx_HAL_Driver/Src/stm32f2xx_hal_tim_ex.c ****       {
 771:Drivers/STM32F2xx_HAL_Driver/Src/stm32f2xx_hal_tim_ex.c ****         __HAL_TIM_ENABLE(htim);
 772:Drivers/STM32F2xx_HAL_Driver/Src/stm32f2xx_hal_tim_ex.c ****       }
 773:Drivers/STM32F2xx_HAL_Driver/Src/stm32f2xx_hal_tim_ex.c ****     }
ARM GAS  /tmp/ccdDJwMc.s 			page 15


 774:Drivers/STM32F2xx_HAL_Driver/Src/stm32f2xx_hal_tim_ex.c ****     else
 775:Drivers/STM32F2xx_HAL_Driver/Src/stm32f2xx_hal_tim_ex.c ****     {
 776:Drivers/STM32F2xx_HAL_Driver/Src/stm32f2xx_hal_tim_ex.c ****       __HAL_TIM_ENABLE(htim);
 777:Drivers/STM32F2xx_HAL_Driver/Src/stm32f2xx_hal_tim_ex.c ****     }
 778:Drivers/STM32F2xx_HAL_Driver/Src/stm32f2xx_hal_tim_ex.c ****   }
 779:Drivers/STM32F2xx_HAL_Driver/Src/stm32f2xx_hal_tim_ex.c **** 
 780:Drivers/STM32F2xx_HAL_Driver/Src/stm32f2xx_hal_tim_ex.c ****   /* Return function status */
 781:Drivers/STM32F2xx_HAL_Driver/Src/stm32f2xx_hal_tim_ex.c ****   return status;
 782:Drivers/STM32F2xx_HAL_Driver/Src/stm32f2xx_hal_tim_ex.c **** }
 783:Drivers/STM32F2xx_HAL_Driver/Src/stm32f2xx_hal_tim_ex.c **** 
 784:Drivers/STM32F2xx_HAL_Driver/Src/stm32f2xx_hal_tim_ex.c **** /**
 785:Drivers/STM32F2xx_HAL_Driver/Src/stm32f2xx_hal_tim_ex.c ****   * @brief  Stops the TIM Output Compare signal generation in interrupt mode
 786:Drivers/STM32F2xx_HAL_Driver/Src/stm32f2xx_hal_tim_ex.c ****   *         on the complementary output.
 787:Drivers/STM32F2xx_HAL_Driver/Src/stm32f2xx_hal_tim_ex.c ****   * @param  htim TIM Output Compare handle
 788:Drivers/STM32F2xx_HAL_Driver/Src/stm32f2xx_hal_tim_ex.c ****   * @param  Channel TIM Channel to be disabled
 789:Drivers/STM32F2xx_HAL_Driver/Src/stm32f2xx_hal_tim_ex.c ****   *          This parameter can be one of the following values:
 790:Drivers/STM32F2xx_HAL_Driver/Src/stm32f2xx_hal_tim_ex.c ****   *            @arg TIM_CHANNEL_1: TIM Channel 1 selected
 791:Drivers/STM32F2xx_HAL_Driver/Src/stm32f2xx_hal_tim_ex.c ****   *            @arg TIM_CHANNEL_2: TIM Channel 2 selected
 792:Drivers/STM32F2xx_HAL_Driver/Src/stm32f2xx_hal_tim_ex.c ****   *            @arg TIM_CHANNEL_3: TIM Channel 3 selected
 793:Drivers/STM32F2xx_HAL_Driver/Src/stm32f2xx_hal_tim_ex.c ****   * @retval HAL status
 794:Drivers/STM32F2xx_HAL_Driver/Src/stm32f2xx_hal_tim_ex.c ****   */
 795:Drivers/STM32F2xx_HAL_Driver/Src/stm32f2xx_hal_tim_ex.c **** HAL_StatusTypeDef HAL_TIMEx_OCN_Stop_IT(TIM_HandleTypeDef *htim, uint32_t Channel)
 796:Drivers/STM32F2xx_HAL_Driver/Src/stm32f2xx_hal_tim_ex.c **** {
 797:Drivers/STM32F2xx_HAL_Driver/Src/stm32f2xx_hal_tim_ex.c ****   HAL_StatusTypeDef status = HAL_OK;
 798:Drivers/STM32F2xx_HAL_Driver/Src/stm32f2xx_hal_tim_ex.c ****   uint32_t tmpccer;
 799:Drivers/STM32F2xx_HAL_Driver/Src/stm32f2xx_hal_tim_ex.c **** 
 800:Drivers/STM32F2xx_HAL_Driver/Src/stm32f2xx_hal_tim_ex.c ****   /* Check the parameters */
 801:Drivers/STM32F2xx_HAL_Driver/Src/stm32f2xx_hal_tim_ex.c ****   assert_param(IS_TIM_CCXN_INSTANCE(htim->Instance, Channel));
 802:Drivers/STM32F2xx_HAL_Driver/Src/stm32f2xx_hal_tim_ex.c **** 
 803:Drivers/STM32F2xx_HAL_Driver/Src/stm32f2xx_hal_tim_ex.c ****   switch (Channel)
 804:Drivers/STM32F2xx_HAL_Driver/Src/stm32f2xx_hal_tim_ex.c ****   {
 805:Drivers/STM32F2xx_HAL_Driver/Src/stm32f2xx_hal_tim_ex.c ****     case TIM_CHANNEL_1:
 806:Drivers/STM32F2xx_HAL_Driver/Src/stm32f2xx_hal_tim_ex.c ****     {
 807:Drivers/STM32F2xx_HAL_Driver/Src/stm32f2xx_hal_tim_ex.c ****       /* Disable the TIM Output Compare interrupt */
 808:Drivers/STM32F2xx_HAL_Driver/Src/stm32f2xx_hal_tim_ex.c ****       __HAL_TIM_DISABLE_IT(htim, TIM_IT_CC1);
 809:Drivers/STM32F2xx_HAL_Driver/Src/stm32f2xx_hal_tim_ex.c ****       break;
 810:Drivers/STM32F2xx_HAL_Driver/Src/stm32f2xx_hal_tim_ex.c ****     }
 811:Drivers/STM32F2xx_HAL_Driver/Src/stm32f2xx_hal_tim_ex.c **** 
 812:Drivers/STM32F2xx_HAL_Driver/Src/stm32f2xx_hal_tim_ex.c ****     case TIM_CHANNEL_2:
 813:Drivers/STM32F2xx_HAL_Driver/Src/stm32f2xx_hal_tim_ex.c ****     {
 814:Drivers/STM32F2xx_HAL_Driver/Src/stm32f2xx_hal_tim_ex.c ****       /* Disable the TIM Output Compare interrupt */
 815:Drivers/STM32F2xx_HAL_Driver/Src/stm32f2xx_hal_tim_ex.c ****       __HAL_TIM_DISABLE_IT(htim, TIM_IT_CC2);
 816:Drivers/STM32F2xx_HAL_Driver/Src/stm32f2xx_hal_tim_ex.c ****       break;
 817:Drivers/STM32F2xx_HAL_Driver/Src/stm32f2xx_hal_tim_ex.c ****     }
 818:Drivers/STM32F2xx_HAL_Driver/Src/stm32f2xx_hal_tim_ex.c **** 
 819:Drivers/STM32F2xx_HAL_Driver/Src/stm32f2xx_hal_tim_ex.c ****     case TIM_CHANNEL_3:
 820:Drivers/STM32F2xx_HAL_Driver/Src/stm32f2xx_hal_tim_ex.c ****     {
 821:Drivers/STM32F2xx_HAL_Driver/Src/stm32f2xx_hal_tim_ex.c ****       /* Disable the TIM Output Compare interrupt */
 822:Drivers/STM32F2xx_HAL_Driver/Src/stm32f2xx_hal_tim_ex.c ****       __HAL_TIM_DISABLE_IT(htim, TIM_IT_CC3);
 823:Drivers/STM32F2xx_HAL_Driver/Src/stm32f2xx_hal_tim_ex.c ****       break;
 824:Drivers/STM32F2xx_HAL_Driver/Src/stm32f2xx_hal_tim_ex.c ****     }
 825:Drivers/STM32F2xx_HAL_Driver/Src/stm32f2xx_hal_tim_ex.c **** 
 826:Drivers/STM32F2xx_HAL_Driver/Src/stm32f2xx_hal_tim_ex.c ****     default:
 827:Drivers/STM32F2xx_HAL_Driver/Src/stm32f2xx_hal_tim_ex.c ****       status = HAL_ERROR;
 828:Drivers/STM32F2xx_HAL_Driver/Src/stm32f2xx_hal_tim_ex.c ****       break;
 829:Drivers/STM32F2xx_HAL_Driver/Src/stm32f2xx_hal_tim_ex.c ****   }
 830:Drivers/STM32F2xx_HAL_Driver/Src/stm32f2xx_hal_tim_ex.c **** 
ARM GAS  /tmp/ccdDJwMc.s 			page 16


 831:Drivers/STM32F2xx_HAL_Driver/Src/stm32f2xx_hal_tim_ex.c ****   if (status == HAL_OK)
 832:Drivers/STM32F2xx_HAL_Driver/Src/stm32f2xx_hal_tim_ex.c ****   {
 833:Drivers/STM32F2xx_HAL_Driver/Src/stm32f2xx_hal_tim_ex.c ****     /* Disable the Capture compare channel N */
 834:Drivers/STM32F2xx_HAL_Driver/Src/stm32f2xx_hal_tim_ex.c ****     TIM_CCxNChannelCmd(htim->Instance, Channel, TIM_CCxN_DISABLE);
 835:Drivers/STM32F2xx_HAL_Driver/Src/stm32f2xx_hal_tim_ex.c **** 
 836:Drivers/STM32F2xx_HAL_Driver/Src/stm32f2xx_hal_tim_ex.c ****     /* Disable the TIM Break interrupt (only if no more channel is active) */
 837:Drivers/STM32F2xx_HAL_Driver/Src/stm32f2xx_hal_tim_ex.c ****     tmpccer = htim->Instance->CCER;
 838:Drivers/STM32F2xx_HAL_Driver/Src/stm32f2xx_hal_tim_ex.c ****     if ((tmpccer & TIM_CCER_CCxNE_MASK) == (uint32_t)RESET)
 839:Drivers/STM32F2xx_HAL_Driver/Src/stm32f2xx_hal_tim_ex.c ****     {
 840:Drivers/STM32F2xx_HAL_Driver/Src/stm32f2xx_hal_tim_ex.c ****       __HAL_TIM_DISABLE_IT(htim, TIM_IT_BREAK);
 841:Drivers/STM32F2xx_HAL_Driver/Src/stm32f2xx_hal_tim_ex.c ****     }
 842:Drivers/STM32F2xx_HAL_Driver/Src/stm32f2xx_hal_tim_ex.c **** 
 843:Drivers/STM32F2xx_HAL_Driver/Src/stm32f2xx_hal_tim_ex.c ****     /* Disable the Main Output */
 844:Drivers/STM32F2xx_HAL_Driver/Src/stm32f2xx_hal_tim_ex.c ****     __HAL_TIM_MOE_DISABLE(htim);
 845:Drivers/STM32F2xx_HAL_Driver/Src/stm32f2xx_hal_tim_ex.c **** 
 846:Drivers/STM32F2xx_HAL_Driver/Src/stm32f2xx_hal_tim_ex.c ****     /* Disable the Peripheral */
 847:Drivers/STM32F2xx_HAL_Driver/Src/stm32f2xx_hal_tim_ex.c ****     __HAL_TIM_DISABLE(htim);
 848:Drivers/STM32F2xx_HAL_Driver/Src/stm32f2xx_hal_tim_ex.c **** 
 849:Drivers/STM32F2xx_HAL_Driver/Src/stm32f2xx_hal_tim_ex.c ****     /* Set the TIM complementary channel state */
 850:Drivers/STM32F2xx_HAL_Driver/Src/stm32f2xx_hal_tim_ex.c ****     TIM_CHANNEL_N_STATE_SET(htim, Channel, HAL_TIM_CHANNEL_STATE_READY);
 851:Drivers/STM32F2xx_HAL_Driver/Src/stm32f2xx_hal_tim_ex.c ****   }
 852:Drivers/STM32F2xx_HAL_Driver/Src/stm32f2xx_hal_tim_ex.c **** 
 853:Drivers/STM32F2xx_HAL_Driver/Src/stm32f2xx_hal_tim_ex.c ****   /* Return function status */
 854:Drivers/STM32F2xx_HAL_Driver/Src/stm32f2xx_hal_tim_ex.c ****   return status;
 855:Drivers/STM32F2xx_HAL_Driver/Src/stm32f2xx_hal_tim_ex.c **** }
 856:Drivers/STM32F2xx_HAL_Driver/Src/stm32f2xx_hal_tim_ex.c **** 
 857:Drivers/STM32F2xx_HAL_Driver/Src/stm32f2xx_hal_tim_ex.c **** /**
 858:Drivers/STM32F2xx_HAL_Driver/Src/stm32f2xx_hal_tim_ex.c ****   * @brief  Starts the TIM Output Compare signal generation in DMA mode
 859:Drivers/STM32F2xx_HAL_Driver/Src/stm32f2xx_hal_tim_ex.c ****   *         on the complementary output.
 860:Drivers/STM32F2xx_HAL_Driver/Src/stm32f2xx_hal_tim_ex.c ****   * @param  htim TIM Output Compare handle
 861:Drivers/STM32F2xx_HAL_Driver/Src/stm32f2xx_hal_tim_ex.c ****   * @param  Channel TIM Channel to be enabled
 862:Drivers/STM32F2xx_HAL_Driver/Src/stm32f2xx_hal_tim_ex.c ****   *          This parameter can be one of the following values:
 863:Drivers/STM32F2xx_HAL_Driver/Src/stm32f2xx_hal_tim_ex.c ****   *            @arg TIM_CHANNEL_1: TIM Channel 1 selected
 864:Drivers/STM32F2xx_HAL_Driver/Src/stm32f2xx_hal_tim_ex.c ****   *            @arg TIM_CHANNEL_2: TIM Channel 2 selected
 865:Drivers/STM32F2xx_HAL_Driver/Src/stm32f2xx_hal_tim_ex.c ****   *            @arg TIM_CHANNEL_3: TIM Channel 3 selected
 866:Drivers/STM32F2xx_HAL_Driver/Src/stm32f2xx_hal_tim_ex.c ****   * @param  pData The source Buffer address.
 867:Drivers/STM32F2xx_HAL_Driver/Src/stm32f2xx_hal_tim_ex.c ****   * @param  Length The length of data to be transferred from memory to TIM peripheral
 868:Drivers/STM32F2xx_HAL_Driver/Src/stm32f2xx_hal_tim_ex.c ****   * @retval HAL status
 869:Drivers/STM32F2xx_HAL_Driver/Src/stm32f2xx_hal_tim_ex.c ****   */
 870:Drivers/STM32F2xx_HAL_Driver/Src/stm32f2xx_hal_tim_ex.c **** HAL_StatusTypeDef HAL_TIMEx_OCN_Start_DMA(TIM_HandleTypeDef *htim, uint32_t Channel, const uint32_t
 871:Drivers/STM32F2xx_HAL_Driver/Src/stm32f2xx_hal_tim_ex.c ****                                           uint16_t Length)
 872:Drivers/STM32F2xx_HAL_Driver/Src/stm32f2xx_hal_tim_ex.c **** {
 873:Drivers/STM32F2xx_HAL_Driver/Src/stm32f2xx_hal_tim_ex.c ****   HAL_StatusTypeDef status = HAL_OK;
 874:Drivers/STM32F2xx_HAL_Driver/Src/stm32f2xx_hal_tim_ex.c ****   uint32_t tmpsmcr;
 875:Drivers/STM32F2xx_HAL_Driver/Src/stm32f2xx_hal_tim_ex.c **** 
 876:Drivers/STM32F2xx_HAL_Driver/Src/stm32f2xx_hal_tim_ex.c ****   /* Check the parameters */
 877:Drivers/STM32F2xx_HAL_Driver/Src/stm32f2xx_hal_tim_ex.c ****   assert_param(IS_TIM_CCXN_INSTANCE(htim->Instance, Channel));
 878:Drivers/STM32F2xx_HAL_Driver/Src/stm32f2xx_hal_tim_ex.c **** 
 879:Drivers/STM32F2xx_HAL_Driver/Src/stm32f2xx_hal_tim_ex.c ****   /* Set the TIM complementary channel state */
 880:Drivers/STM32F2xx_HAL_Driver/Src/stm32f2xx_hal_tim_ex.c ****   if (TIM_CHANNEL_N_STATE_GET(htim, Channel) == HAL_TIM_CHANNEL_STATE_BUSY)
 881:Drivers/STM32F2xx_HAL_Driver/Src/stm32f2xx_hal_tim_ex.c ****   {
 882:Drivers/STM32F2xx_HAL_Driver/Src/stm32f2xx_hal_tim_ex.c ****     return HAL_BUSY;
 883:Drivers/STM32F2xx_HAL_Driver/Src/stm32f2xx_hal_tim_ex.c ****   }
 884:Drivers/STM32F2xx_HAL_Driver/Src/stm32f2xx_hal_tim_ex.c ****   else if (TIM_CHANNEL_N_STATE_GET(htim, Channel) == HAL_TIM_CHANNEL_STATE_READY)
 885:Drivers/STM32F2xx_HAL_Driver/Src/stm32f2xx_hal_tim_ex.c ****   {
 886:Drivers/STM32F2xx_HAL_Driver/Src/stm32f2xx_hal_tim_ex.c ****     if ((pData == NULL) || (Length == 0U))
 887:Drivers/STM32F2xx_HAL_Driver/Src/stm32f2xx_hal_tim_ex.c ****     {
ARM GAS  /tmp/ccdDJwMc.s 			page 17


 888:Drivers/STM32F2xx_HAL_Driver/Src/stm32f2xx_hal_tim_ex.c ****       return HAL_ERROR;
 889:Drivers/STM32F2xx_HAL_Driver/Src/stm32f2xx_hal_tim_ex.c ****     }
 890:Drivers/STM32F2xx_HAL_Driver/Src/stm32f2xx_hal_tim_ex.c ****     else
 891:Drivers/STM32F2xx_HAL_Driver/Src/stm32f2xx_hal_tim_ex.c ****     {
 892:Drivers/STM32F2xx_HAL_Driver/Src/stm32f2xx_hal_tim_ex.c ****       TIM_CHANNEL_N_STATE_SET(htim, Channel, HAL_TIM_CHANNEL_STATE_BUSY);
 893:Drivers/STM32F2xx_HAL_Driver/Src/stm32f2xx_hal_tim_ex.c ****     }
 894:Drivers/STM32F2xx_HAL_Driver/Src/stm32f2xx_hal_tim_ex.c ****   }
 895:Drivers/STM32F2xx_HAL_Driver/Src/stm32f2xx_hal_tim_ex.c ****   else
 896:Drivers/STM32F2xx_HAL_Driver/Src/stm32f2xx_hal_tim_ex.c ****   {
 897:Drivers/STM32F2xx_HAL_Driver/Src/stm32f2xx_hal_tim_ex.c ****     return HAL_ERROR;
 898:Drivers/STM32F2xx_HAL_Driver/Src/stm32f2xx_hal_tim_ex.c ****   }
 899:Drivers/STM32F2xx_HAL_Driver/Src/stm32f2xx_hal_tim_ex.c **** 
 900:Drivers/STM32F2xx_HAL_Driver/Src/stm32f2xx_hal_tim_ex.c ****   switch (Channel)
 901:Drivers/STM32F2xx_HAL_Driver/Src/stm32f2xx_hal_tim_ex.c ****   {
 902:Drivers/STM32F2xx_HAL_Driver/Src/stm32f2xx_hal_tim_ex.c ****     case TIM_CHANNEL_1:
 903:Drivers/STM32F2xx_HAL_Driver/Src/stm32f2xx_hal_tim_ex.c ****     {
 904:Drivers/STM32F2xx_HAL_Driver/Src/stm32f2xx_hal_tim_ex.c ****       /* Set the DMA compare callbacks */
 905:Drivers/STM32F2xx_HAL_Driver/Src/stm32f2xx_hal_tim_ex.c ****       htim->hdma[TIM_DMA_ID_CC1]->XferCpltCallback = TIM_DMADelayPulseNCplt;
 906:Drivers/STM32F2xx_HAL_Driver/Src/stm32f2xx_hal_tim_ex.c ****       htim->hdma[TIM_DMA_ID_CC1]->XferHalfCpltCallback = TIM_DMADelayPulseHalfCplt;
 907:Drivers/STM32F2xx_HAL_Driver/Src/stm32f2xx_hal_tim_ex.c **** 
 908:Drivers/STM32F2xx_HAL_Driver/Src/stm32f2xx_hal_tim_ex.c ****       /* Set the DMA error callback */
 909:Drivers/STM32F2xx_HAL_Driver/Src/stm32f2xx_hal_tim_ex.c ****       htim->hdma[TIM_DMA_ID_CC1]->XferErrorCallback = TIM_DMAErrorCCxN ;
 910:Drivers/STM32F2xx_HAL_Driver/Src/stm32f2xx_hal_tim_ex.c **** 
 911:Drivers/STM32F2xx_HAL_Driver/Src/stm32f2xx_hal_tim_ex.c ****       /* Enable the DMA stream */
 912:Drivers/STM32F2xx_HAL_Driver/Src/stm32f2xx_hal_tim_ex.c ****       if (HAL_DMA_Start_IT(htim->hdma[TIM_DMA_ID_CC1], (uint32_t)pData, (uint32_t)&htim->Instance->
 913:Drivers/STM32F2xx_HAL_Driver/Src/stm32f2xx_hal_tim_ex.c ****                            Length) != HAL_OK)
 914:Drivers/STM32F2xx_HAL_Driver/Src/stm32f2xx_hal_tim_ex.c ****       {
 915:Drivers/STM32F2xx_HAL_Driver/Src/stm32f2xx_hal_tim_ex.c ****         /* Return error status */
 916:Drivers/STM32F2xx_HAL_Driver/Src/stm32f2xx_hal_tim_ex.c ****         return HAL_ERROR;
 917:Drivers/STM32F2xx_HAL_Driver/Src/stm32f2xx_hal_tim_ex.c ****       }
 918:Drivers/STM32F2xx_HAL_Driver/Src/stm32f2xx_hal_tim_ex.c ****       /* Enable the TIM Output Compare DMA request */
 919:Drivers/STM32F2xx_HAL_Driver/Src/stm32f2xx_hal_tim_ex.c ****       __HAL_TIM_ENABLE_DMA(htim, TIM_DMA_CC1);
 920:Drivers/STM32F2xx_HAL_Driver/Src/stm32f2xx_hal_tim_ex.c ****       break;
 921:Drivers/STM32F2xx_HAL_Driver/Src/stm32f2xx_hal_tim_ex.c ****     }
 922:Drivers/STM32F2xx_HAL_Driver/Src/stm32f2xx_hal_tim_ex.c **** 
 923:Drivers/STM32F2xx_HAL_Driver/Src/stm32f2xx_hal_tim_ex.c ****     case TIM_CHANNEL_2:
 924:Drivers/STM32F2xx_HAL_Driver/Src/stm32f2xx_hal_tim_ex.c ****     {
 925:Drivers/STM32F2xx_HAL_Driver/Src/stm32f2xx_hal_tim_ex.c ****       /* Set the DMA compare callbacks */
 926:Drivers/STM32F2xx_HAL_Driver/Src/stm32f2xx_hal_tim_ex.c ****       htim->hdma[TIM_DMA_ID_CC2]->XferCpltCallback = TIM_DMADelayPulseNCplt;
 927:Drivers/STM32F2xx_HAL_Driver/Src/stm32f2xx_hal_tim_ex.c ****       htim->hdma[TIM_DMA_ID_CC2]->XferHalfCpltCallback = TIM_DMADelayPulseHalfCplt;
 928:Drivers/STM32F2xx_HAL_Driver/Src/stm32f2xx_hal_tim_ex.c **** 
 929:Drivers/STM32F2xx_HAL_Driver/Src/stm32f2xx_hal_tim_ex.c ****       /* Set the DMA error callback */
 930:Drivers/STM32F2xx_HAL_Driver/Src/stm32f2xx_hal_tim_ex.c ****       htim->hdma[TIM_DMA_ID_CC2]->XferErrorCallback = TIM_DMAErrorCCxN ;
 931:Drivers/STM32F2xx_HAL_Driver/Src/stm32f2xx_hal_tim_ex.c **** 
 932:Drivers/STM32F2xx_HAL_Driver/Src/stm32f2xx_hal_tim_ex.c ****       /* Enable the DMA stream */
 933:Drivers/STM32F2xx_HAL_Driver/Src/stm32f2xx_hal_tim_ex.c ****       if (HAL_DMA_Start_IT(htim->hdma[TIM_DMA_ID_CC2], (uint32_t)pData, (uint32_t)&htim->Instance->
 934:Drivers/STM32F2xx_HAL_Driver/Src/stm32f2xx_hal_tim_ex.c ****                            Length) != HAL_OK)
 935:Drivers/STM32F2xx_HAL_Driver/Src/stm32f2xx_hal_tim_ex.c ****       {
 936:Drivers/STM32F2xx_HAL_Driver/Src/stm32f2xx_hal_tim_ex.c ****         /* Return error status */
 937:Drivers/STM32F2xx_HAL_Driver/Src/stm32f2xx_hal_tim_ex.c ****         return HAL_ERROR;
 938:Drivers/STM32F2xx_HAL_Driver/Src/stm32f2xx_hal_tim_ex.c ****       }
 939:Drivers/STM32F2xx_HAL_Driver/Src/stm32f2xx_hal_tim_ex.c ****       /* Enable the TIM Output Compare DMA request */
 940:Drivers/STM32F2xx_HAL_Driver/Src/stm32f2xx_hal_tim_ex.c ****       __HAL_TIM_ENABLE_DMA(htim, TIM_DMA_CC2);
 941:Drivers/STM32F2xx_HAL_Driver/Src/stm32f2xx_hal_tim_ex.c ****       break;
 942:Drivers/STM32F2xx_HAL_Driver/Src/stm32f2xx_hal_tim_ex.c ****     }
 943:Drivers/STM32F2xx_HAL_Driver/Src/stm32f2xx_hal_tim_ex.c **** 
 944:Drivers/STM32F2xx_HAL_Driver/Src/stm32f2xx_hal_tim_ex.c ****     case TIM_CHANNEL_3:
ARM GAS  /tmp/ccdDJwMc.s 			page 18


 945:Drivers/STM32F2xx_HAL_Driver/Src/stm32f2xx_hal_tim_ex.c ****     {
 946:Drivers/STM32F2xx_HAL_Driver/Src/stm32f2xx_hal_tim_ex.c ****       /* Set the DMA compare callbacks */
 947:Drivers/STM32F2xx_HAL_Driver/Src/stm32f2xx_hal_tim_ex.c ****       htim->hdma[TIM_DMA_ID_CC3]->XferCpltCallback = TIM_DMADelayPulseNCplt;
 948:Drivers/STM32F2xx_HAL_Driver/Src/stm32f2xx_hal_tim_ex.c ****       htim->hdma[TIM_DMA_ID_CC3]->XferHalfCpltCallback = TIM_DMADelayPulseHalfCplt;
 949:Drivers/STM32F2xx_HAL_Driver/Src/stm32f2xx_hal_tim_ex.c **** 
 950:Drivers/STM32F2xx_HAL_Driver/Src/stm32f2xx_hal_tim_ex.c ****       /* Set the DMA error callback */
 951:Drivers/STM32F2xx_HAL_Driver/Src/stm32f2xx_hal_tim_ex.c ****       htim->hdma[TIM_DMA_ID_CC3]->XferErrorCallback = TIM_DMAErrorCCxN ;
 952:Drivers/STM32F2xx_HAL_Driver/Src/stm32f2xx_hal_tim_ex.c **** 
 953:Drivers/STM32F2xx_HAL_Driver/Src/stm32f2xx_hal_tim_ex.c ****       /* Enable the DMA stream */
 954:Drivers/STM32F2xx_HAL_Driver/Src/stm32f2xx_hal_tim_ex.c ****       if (HAL_DMA_Start_IT(htim->hdma[TIM_DMA_ID_CC3], (uint32_t)pData, (uint32_t)&htim->Instance->
 955:Drivers/STM32F2xx_HAL_Driver/Src/stm32f2xx_hal_tim_ex.c ****                            Length) != HAL_OK)
 956:Drivers/STM32F2xx_HAL_Driver/Src/stm32f2xx_hal_tim_ex.c ****       {
 957:Drivers/STM32F2xx_HAL_Driver/Src/stm32f2xx_hal_tim_ex.c ****         /* Return error status */
 958:Drivers/STM32F2xx_HAL_Driver/Src/stm32f2xx_hal_tim_ex.c ****         return HAL_ERROR;
 959:Drivers/STM32F2xx_HAL_Driver/Src/stm32f2xx_hal_tim_ex.c ****       }
 960:Drivers/STM32F2xx_HAL_Driver/Src/stm32f2xx_hal_tim_ex.c ****       /* Enable the TIM Output Compare DMA request */
 961:Drivers/STM32F2xx_HAL_Driver/Src/stm32f2xx_hal_tim_ex.c ****       __HAL_TIM_ENABLE_DMA(htim, TIM_DMA_CC3);
 962:Drivers/STM32F2xx_HAL_Driver/Src/stm32f2xx_hal_tim_ex.c ****       break;
 963:Drivers/STM32F2xx_HAL_Driver/Src/stm32f2xx_hal_tim_ex.c ****     }
 964:Drivers/STM32F2xx_HAL_Driver/Src/stm32f2xx_hal_tim_ex.c **** 
 965:Drivers/STM32F2xx_HAL_Driver/Src/stm32f2xx_hal_tim_ex.c ****     default:
 966:Drivers/STM32F2xx_HAL_Driver/Src/stm32f2xx_hal_tim_ex.c ****       status = HAL_ERROR;
 967:Drivers/STM32F2xx_HAL_Driver/Src/stm32f2xx_hal_tim_ex.c ****       break;
 968:Drivers/STM32F2xx_HAL_Driver/Src/stm32f2xx_hal_tim_ex.c ****   }
 969:Drivers/STM32F2xx_HAL_Driver/Src/stm32f2xx_hal_tim_ex.c **** 
 970:Drivers/STM32F2xx_HAL_Driver/Src/stm32f2xx_hal_tim_ex.c ****   if (status == HAL_OK)
 971:Drivers/STM32F2xx_HAL_Driver/Src/stm32f2xx_hal_tim_ex.c ****   {
 972:Drivers/STM32F2xx_HAL_Driver/Src/stm32f2xx_hal_tim_ex.c ****     /* Enable the Capture compare channel N */
 973:Drivers/STM32F2xx_HAL_Driver/Src/stm32f2xx_hal_tim_ex.c ****     TIM_CCxNChannelCmd(htim->Instance, Channel, TIM_CCxN_ENABLE);
 974:Drivers/STM32F2xx_HAL_Driver/Src/stm32f2xx_hal_tim_ex.c **** 
 975:Drivers/STM32F2xx_HAL_Driver/Src/stm32f2xx_hal_tim_ex.c ****     /* Enable the Main Output */
 976:Drivers/STM32F2xx_HAL_Driver/Src/stm32f2xx_hal_tim_ex.c ****     __HAL_TIM_MOE_ENABLE(htim);
 977:Drivers/STM32F2xx_HAL_Driver/Src/stm32f2xx_hal_tim_ex.c **** 
 978:Drivers/STM32F2xx_HAL_Driver/Src/stm32f2xx_hal_tim_ex.c ****     /* Enable the Peripheral, except in trigger mode where enable is automatically done with trigge
 979:Drivers/STM32F2xx_HAL_Driver/Src/stm32f2xx_hal_tim_ex.c ****     if (IS_TIM_SLAVE_INSTANCE(htim->Instance))
 980:Drivers/STM32F2xx_HAL_Driver/Src/stm32f2xx_hal_tim_ex.c ****     {
 981:Drivers/STM32F2xx_HAL_Driver/Src/stm32f2xx_hal_tim_ex.c ****       tmpsmcr = htim->Instance->SMCR & TIM_SMCR_SMS;
 982:Drivers/STM32F2xx_HAL_Driver/Src/stm32f2xx_hal_tim_ex.c ****       if (!IS_TIM_SLAVEMODE_TRIGGER_ENABLED(tmpsmcr))
 983:Drivers/STM32F2xx_HAL_Driver/Src/stm32f2xx_hal_tim_ex.c ****       {
 984:Drivers/STM32F2xx_HAL_Driver/Src/stm32f2xx_hal_tim_ex.c ****         __HAL_TIM_ENABLE(htim);
 985:Drivers/STM32F2xx_HAL_Driver/Src/stm32f2xx_hal_tim_ex.c ****       }
 986:Drivers/STM32F2xx_HAL_Driver/Src/stm32f2xx_hal_tim_ex.c ****     }
 987:Drivers/STM32F2xx_HAL_Driver/Src/stm32f2xx_hal_tim_ex.c ****     else
 988:Drivers/STM32F2xx_HAL_Driver/Src/stm32f2xx_hal_tim_ex.c ****     {
 989:Drivers/STM32F2xx_HAL_Driver/Src/stm32f2xx_hal_tim_ex.c ****       __HAL_TIM_ENABLE(htim);
 990:Drivers/STM32F2xx_HAL_Driver/Src/stm32f2xx_hal_tim_ex.c ****     }
 991:Drivers/STM32F2xx_HAL_Driver/Src/stm32f2xx_hal_tim_ex.c ****   }
 992:Drivers/STM32F2xx_HAL_Driver/Src/stm32f2xx_hal_tim_ex.c **** 
 993:Drivers/STM32F2xx_HAL_Driver/Src/stm32f2xx_hal_tim_ex.c ****   /* Return function status */
 994:Drivers/STM32F2xx_HAL_Driver/Src/stm32f2xx_hal_tim_ex.c ****   return status;
 995:Drivers/STM32F2xx_HAL_Driver/Src/stm32f2xx_hal_tim_ex.c **** }
 996:Drivers/STM32F2xx_HAL_Driver/Src/stm32f2xx_hal_tim_ex.c **** 
 997:Drivers/STM32F2xx_HAL_Driver/Src/stm32f2xx_hal_tim_ex.c **** /**
 998:Drivers/STM32F2xx_HAL_Driver/Src/stm32f2xx_hal_tim_ex.c ****   * @brief  Stops the TIM Output Compare signal generation in DMA mode
 999:Drivers/STM32F2xx_HAL_Driver/Src/stm32f2xx_hal_tim_ex.c ****   *         on the complementary output.
1000:Drivers/STM32F2xx_HAL_Driver/Src/stm32f2xx_hal_tim_ex.c ****   * @param  htim TIM Output Compare handle
1001:Drivers/STM32F2xx_HAL_Driver/Src/stm32f2xx_hal_tim_ex.c ****   * @param  Channel TIM Channel to be disabled
ARM GAS  /tmp/ccdDJwMc.s 			page 19


1002:Drivers/STM32F2xx_HAL_Driver/Src/stm32f2xx_hal_tim_ex.c ****   *          This parameter can be one of the following values:
1003:Drivers/STM32F2xx_HAL_Driver/Src/stm32f2xx_hal_tim_ex.c ****   *            @arg TIM_CHANNEL_1: TIM Channel 1 selected
1004:Drivers/STM32F2xx_HAL_Driver/Src/stm32f2xx_hal_tim_ex.c ****   *            @arg TIM_CHANNEL_2: TIM Channel 2 selected
1005:Drivers/STM32F2xx_HAL_Driver/Src/stm32f2xx_hal_tim_ex.c ****   *            @arg TIM_CHANNEL_3: TIM Channel 3 selected
1006:Drivers/STM32F2xx_HAL_Driver/Src/stm32f2xx_hal_tim_ex.c ****   * @retval HAL status
1007:Drivers/STM32F2xx_HAL_Driver/Src/stm32f2xx_hal_tim_ex.c ****   */
1008:Drivers/STM32F2xx_HAL_Driver/Src/stm32f2xx_hal_tim_ex.c **** HAL_StatusTypeDef HAL_TIMEx_OCN_Stop_DMA(TIM_HandleTypeDef *htim, uint32_t Channel)
1009:Drivers/STM32F2xx_HAL_Driver/Src/stm32f2xx_hal_tim_ex.c **** {
1010:Drivers/STM32F2xx_HAL_Driver/Src/stm32f2xx_hal_tim_ex.c ****   HAL_StatusTypeDef status = HAL_OK;
1011:Drivers/STM32F2xx_HAL_Driver/Src/stm32f2xx_hal_tim_ex.c **** 
1012:Drivers/STM32F2xx_HAL_Driver/Src/stm32f2xx_hal_tim_ex.c ****   /* Check the parameters */
1013:Drivers/STM32F2xx_HAL_Driver/Src/stm32f2xx_hal_tim_ex.c ****   assert_param(IS_TIM_CCXN_INSTANCE(htim->Instance, Channel));
1014:Drivers/STM32F2xx_HAL_Driver/Src/stm32f2xx_hal_tim_ex.c **** 
1015:Drivers/STM32F2xx_HAL_Driver/Src/stm32f2xx_hal_tim_ex.c ****   switch (Channel)
1016:Drivers/STM32F2xx_HAL_Driver/Src/stm32f2xx_hal_tim_ex.c ****   {
1017:Drivers/STM32F2xx_HAL_Driver/Src/stm32f2xx_hal_tim_ex.c ****     case TIM_CHANNEL_1:
1018:Drivers/STM32F2xx_HAL_Driver/Src/stm32f2xx_hal_tim_ex.c ****     {
1019:Drivers/STM32F2xx_HAL_Driver/Src/stm32f2xx_hal_tim_ex.c ****       /* Disable the TIM Output Compare DMA request */
1020:Drivers/STM32F2xx_HAL_Driver/Src/stm32f2xx_hal_tim_ex.c ****       __HAL_TIM_DISABLE_DMA(htim, TIM_DMA_CC1);
1021:Drivers/STM32F2xx_HAL_Driver/Src/stm32f2xx_hal_tim_ex.c ****       (void)HAL_DMA_Abort_IT(htim->hdma[TIM_DMA_ID_CC1]);
1022:Drivers/STM32F2xx_HAL_Driver/Src/stm32f2xx_hal_tim_ex.c ****       break;
1023:Drivers/STM32F2xx_HAL_Driver/Src/stm32f2xx_hal_tim_ex.c ****     }
1024:Drivers/STM32F2xx_HAL_Driver/Src/stm32f2xx_hal_tim_ex.c **** 
1025:Drivers/STM32F2xx_HAL_Driver/Src/stm32f2xx_hal_tim_ex.c ****     case TIM_CHANNEL_2:
1026:Drivers/STM32F2xx_HAL_Driver/Src/stm32f2xx_hal_tim_ex.c ****     {
1027:Drivers/STM32F2xx_HAL_Driver/Src/stm32f2xx_hal_tim_ex.c ****       /* Disable the TIM Output Compare DMA request */
1028:Drivers/STM32F2xx_HAL_Driver/Src/stm32f2xx_hal_tim_ex.c ****       __HAL_TIM_DISABLE_DMA(htim, TIM_DMA_CC2);
1029:Drivers/STM32F2xx_HAL_Driver/Src/stm32f2xx_hal_tim_ex.c ****       (void)HAL_DMA_Abort_IT(htim->hdma[TIM_DMA_ID_CC2]);
1030:Drivers/STM32F2xx_HAL_Driver/Src/stm32f2xx_hal_tim_ex.c ****       break;
1031:Drivers/STM32F2xx_HAL_Driver/Src/stm32f2xx_hal_tim_ex.c ****     }
1032:Drivers/STM32F2xx_HAL_Driver/Src/stm32f2xx_hal_tim_ex.c **** 
1033:Drivers/STM32F2xx_HAL_Driver/Src/stm32f2xx_hal_tim_ex.c ****     case TIM_CHANNEL_3:
1034:Drivers/STM32F2xx_HAL_Driver/Src/stm32f2xx_hal_tim_ex.c ****     {
1035:Drivers/STM32F2xx_HAL_Driver/Src/stm32f2xx_hal_tim_ex.c ****       /* Disable the TIM Output Compare DMA request */
1036:Drivers/STM32F2xx_HAL_Driver/Src/stm32f2xx_hal_tim_ex.c ****       __HAL_TIM_DISABLE_DMA(htim, TIM_DMA_CC3);
1037:Drivers/STM32F2xx_HAL_Driver/Src/stm32f2xx_hal_tim_ex.c ****       (void)HAL_DMA_Abort_IT(htim->hdma[TIM_DMA_ID_CC3]);
1038:Drivers/STM32F2xx_HAL_Driver/Src/stm32f2xx_hal_tim_ex.c ****       break;
1039:Drivers/STM32F2xx_HAL_Driver/Src/stm32f2xx_hal_tim_ex.c ****     }
1040:Drivers/STM32F2xx_HAL_Driver/Src/stm32f2xx_hal_tim_ex.c **** 
1041:Drivers/STM32F2xx_HAL_Driver/Src/stm32f2xx_hal_tim_ex.c ****     default:
1042:Drivers/STM32F2xx_HAL_Driver/Src/stm32f2xx_hal_tim_ex.c ****       status = HAL_ERROR;
1043:Drivers/STM32F2xx_HAL_Driver/Src/stm32f2xx_hal_tim_ex.c ****       break;
1044:Drivers/STM32F2xx_HAL_Driver/Src/stm32f2xx_hal_tim_ex.c ****   }
1045:Drivers/STM32F2xx_HAL_Driver/Src/stm32f2xx_hal_tim_ex.c **** 
1046:Drivers/STM32F2xx_HAL_Driver/Src/stm32f2xx_hal_tim_ex.c ****   if (status == HAL_OK)
1047:Drivers/STM32F2xx_HAL_Driver/Src/stm32f2xx_hal_tim_ex.c ****   {
1048:Drivers/STM32F2xx_HAL_Driver/Src/stm32f2xx_hal_tim_ex.c ****     /* Disable the Capture compare channel N */
1049:Drivers/STM32F2xx_HAL_Driver/Src/stm32f2xx_hal_tim_ex.c ****     TIM_CCxNChannelCmd(htim->Instance, Channel, TIM_CCxN_DISABLE);
1050:Drivers/STM32F2xx_HAL_Driver/Src/stm32f2xx_hal_tim_ex.c **** 
1051:Drivers/STM32F2xx_HAL_Driver/Src/stm32f2xx_hal_tim_ex.c ****     /* Disable the Main Output */
1052:Drivers/STM32F2xx_HAL_Driver/Src/stm32f2xx_hal_tim_ex.c ****     __HAL_TIM_MOE_DISABLE(htim);
1053:Drivers/STM32F2xx_HAL_Driver/Src/stm32f2xx_hal_tim_ex.c **** 
1054:Drivers/STM32F2xx_HAL_Driver/Src/stm32f2xx_hal_tim_ex.c ****     /* Disable the Peripheral */
1055:Drivers/STM32F2xx_HAL_Driver/Src/stm32f2xx_hal_tim_ex.c ****     __HAL_TIM_DISABLE(htim);
1056:Drivers/STM32F2xx_HAL_Driver/Src/stm32f2xx_hal_tim_ex.c **** 
1057:Drivers/STM32F2xx_HAL_Driver/Src/stm32f2xx_hal_tim_ex.c ****     /* Set the TIM complementary channel state */
1058:Drivers/STM32F2xx_HAL_Driver/Src/stm32f2xx_hal_tim_ex.c ****     TIM_CHANNEL_N_STATE_SET(htim, Channel, HAL_TIM_CHANNEL_STATE_READY);
ARM GAS  /tmp/ccdDJwMc.s 			page 20


1059:Drivers/STM32F2xx_HAL_Driver/Src/stm32f2xx_hal_tim_ex.c ****   }
1060:Drivers/STM32F2xx_HAL_Driver/Src/stm32f2xx_hal_tim_ex.c **** 
1061:Drivers/STM32F2xx_HAL_Driver/Src/stm32f2xx_hal_tim_ex.c ****   /* Return function status */
1062:Drivers/STM32F2xx_HAL_Driver/Src/stm32f2xx_hal_tim_ex.c ****   return status;
1063:Drivers/STM32F2xx_HAL_Driver/Src/stm32f2xx_hal_tim_ex.c **** }
1064:Drivers/STM32F2xx_HAL_Driver/Src/stm32f2xx_hal_tim_ex.c **** 
1065:Drivers/STM32F2xx_HAL_Driver/Src/stm32f2xx_hal_tim_ex.c **** /**
1066:Drivers/STM32F2xx_HAL_Driver/Src/stm32f2xx_hal_tim_ex.c ****   * @}
1067:Drivers/STM32F2xx_HAL_Driver/Src/stm32f2xx_hal_tim_ex.c ****   */
1068:Drivers/STM32F2xx_HAL_Driver/Src/stm32f2xx_hal_tim_ex.c **** 
1069:Drivers/STM32F2xx_HAL_Driver/Src/stm32f2xx_hal_tim_ex.c **** /** @defgroup TIMEx_Exported_Functions_Group3 Extended Timer Complementary PWM functions
1070:Drivers/STM32F2xx_HAL_Driver/Src/stm32f2xx_hal_tim_ex.c ****   * @brief    Timer Complementary PWM functions
1071:Drivers/STM32F2xx_HAL_Driver/Src/stm32f2xx_hal_tim_ex.c ****   *
1072:Drivers/STM32F2xx_HAL_Driver/Src/stm32f2xx_hal_tim_ex.c **** @verbatim
1073:Drivers/STM32F2xx_HAL_Driver/Src/stm32f2xx_hal_tim_ex.c ****   ==============================================================================
1074:Drivers/STM32F2xx_HAL_Driver/Src/stm32f2xx_hal_tim_ex.c ****                  ##### Timer Complementary PWM functions #####
1075:Drivers/STM32F2xx_HAL_Driver/Src/stm32f2xx_hal_tim_ex.c ****   ==============================================================================
1076:Drivers/STM32F2xx_HAL_Driver/Src/stm32f2xx_hal_tim_ex.c ****   [..]
1077:Drivers/STM32F2xx_HAL_Driver/Src/stm32f2xx_hal_tim_ex.c ****     This section provides functions allowing to:
1078:Drivers/STM32F2xx_HAL_Driver/Src/stm32f2xx_hal_tim_ex.c ****     (+) Start the Complementary PWM.
1079:Drivers/STM32F2xx_HAL_Driver/Src/stm32f2xx_hal_tim_ex.c ****     (+) Stop the Complementary PWM.
1080:Drivers/STM32F2xx_HAL_Driver/Src/stm32f2xx_hal_tim_ex.c ****     (+) Start the Complementary PWM and enable interrupts.
1081:Drivers/STM32F2xx_HAL_Driver/Src/stm32f2xx_hal_tim_ex.c ****     (+) Stop the Complementary PWM and disable interrupts.
1082:Drivers/STM32F2xx_HAL_Driver/Src/stm32f2xx_hal_tim_ex.c ****     (+) Start the Complementary PWM and enable DMA transfers.
1083:Drivers/STM32F2xx_HAL_Driver/Src/stm32f2xx_hal_tim_ex.c ****     (+) Stop the Complementary PWM and disable DMA transfers.
1084:Drivers/STM32F2xx_HAL_Driver/Src/stm32f2xx_hal_tim_ex.c **** @endverbatim
1085:Drivers/STM32F2xx_HAL_Driver/Src/stm32f2xx_hal_tim_ex.c ****   * @{
1086:Drivers/STM32F2xx_HAL_Driver/Src/stm32f2xx_hal_tim_ex.c ****   */
1087:Drivers/STM32F2xx_HAL_Driver/Src/stm32f2xx_hal_tim_ex.c **** 
1088:Drivers/STM32F2xx_HAL_Driver/Src/stm32f2xx_hal_tim_ex.c **** /**
1089:Drivers/STM32F2xx_HAL_Driver/Src/stm32f2xx_hal_tim_ex.c ****   * @brief  Starts the PWM signal generation on the complementary output.
1090:Drivers/STM32F2xx_HAL_Driver/Src/stm32f2xx_hal_tim_ex.c ****   * @param  htim TIM handle
1091:Drivers/STM32F2xx_HAL_Driver/Src/stm32f2xx_hal_tim_ex.c ****   * @param  Channel TIM Channel to be enabled
1092:Drivers/STM32F2xx_HAL_Driver/Src/stm32f2xx_hal_tim_ex.c ****   *          This parameter can be one of the following values:
1093:Drivers/STM32F2xx_HAL_Driver/Src/stm32f2xx_hal_tim_ex.c ****   *            @arg TIM_CHANNEL_1: TIM Channel 1 selected
1094:Drivers/STM32F2xx_HAL_Driver/Src/stm32f2xx_hal_tim_ex.c ****   *            @arg TIM_CHANNEL_2: TIM Channel 2 selected
1095:Drivers/STM32F2xx_HAL_Driver/Src/stm32f2xx_hal_tim_ex.c ****   *            @arg TIM_CHANNEL_3: TIM Channel 3 selected
1096:Drivers/STM32F2xx_HAL_Driver/Src/stm32f2xx_hal_tim_ex.c ****   * @retval HAL status
1097:Drivers/STM32F2xx_HAL_Driver/Src/stm32f2xx_hal_tim_ex.c ****   */
1098:Drivers/STM32F2xx_HAL_Driver/Src/stm32f2xx_hal_tim_ex.c **** HAL_StatusTypeDef HAL_TIMEx_PWMN_Start(TIM_HandleTypeDef *htim, uint32_t Channel)
1099:Drivers/STM32F2xx_HAL_Driver/Src/stm32f2xx_hal_tim_ex.c **** {
1100:Drivers/STM32F2xx_HAL_Driver/Src/stm32f2xx_hal_tim_ex.c ****   uint32_t tmpsmcr;
1101:Drivers/STM32F2xx_HAL_Driver/Src/stm32f2xx_hal_tim_ex.c **** 
1102:Drivers/STM32F2xx_HAL_Driver/Src/stm32f2xx_hal_tim_ex.c ****   /* Check the parameters */
1103:Drivers/STM32F2xx_HAL_Driver/Src/stm32f2xx_hal_tim_ex.c ****   assert_param(IS_TIM_CCXN_INSTANCE(htim->Instance, Channel));
1104:Drivers/STM32F2xx_HAL_Driver/Src/stm32f2xx_hal_tim_ex.c **** 
1105:Drivers/STM32F2xx_HAL_Driver/Src/stm32f2xx_hal_tim_ex.c ****   /* Check the TIM complementary channel state */
1106:Drivers/STM32F2xx_HAL_Driver/Src/stm32f2xx_hal_tim_ex.c ****   if (TIM_CHANNEL_N_STATE_GET(htim, Channel) != HAL_TIM_CHANNEL_STATE_READY)
1107:Drivers/STM32F2xx_HAL_Driver/Src/stm32f2xx_hal_tim_ex.c ****   {
1108:Drivers/STM32F2xx_HAL_Driver/Src/stm32f2xx_hal_tim_ex.c ****     return HAL_ERROR;
1109:Drivers/STM32F2xx_HAL_Driver/Src/stm32f2xx_hal_tim_ex.c ****   }
1110:Drivers/STM32F2xx_HAL_Driver/Src/stm32f2xx_hal_tim_ex.c **** 
1111:Drivers/STM32F2xx_HAL_Driver/Src/stm32f2xx_hal_tim_ex.c ****   /* Set the TIM complementary channel state */
1112:Drivers/STM32F2xx_HAL_Driver/Src/stm32f2xx_hal_tim_ex.c ****   TIM_CHANNEL_N_STATE_SET(htim, Channel, HAL_TIM_CHANNEL_STATE_BUSY);
1113:Drivers/STM32F2xx_HAL_Driver/Src/stm32f2xx_hal_tim_ex.c **** 
1114:Drivers/STM32F2xx_HAL_Driver/Src/stm32f2xx_hal_tim_ex.c ****   /* Enable the complementary PWM output  */
1115:Drivers/STM32F2xx_HAL_Driver/Src/stm32f2xx_hal_tim_ex.c ****   TIM_CCxNChannelCmd(htim->Instance, Channel, TIM_CCxN_ENABLE);
ARM GAS  /tmp/ccdDJwMc.s 			page 21


1116:Drivers/STM32F2xx_HAL_Driver/Src/stm32f2xx_hal_tim_ex.c **** 
1117:Drivers/STM32F2xx_HAL_Driver/Src/stm32f2xx_hal_tim_ex.c ****   /* Enable the Main Output */
1118:Drivers/STM32F2xx_HAL_Driver/Src/stm32f2xx_hal_tim_ex.c ****   __HAL_TIM_MOE_ENABLE(htim);
1119:Drivers/STM32F2xx_HAL_Driver/Src/stm32f2xx_hal_tim_ex.c **** 
1120:Drivers/STM32F2xx_HAL_Driver/Src/stm32f2xx_hal_tim_ex.c ****   /* Enable the Peripheral, except in trigger mode where enable is automatically done with trigger 
1121:Drivers/STM32F2xx_HAL_Driver/Src/stm32f2xx_hal_tim_ex.c ****   if (IS_TIM_SLAVE_INSTANCE(htim->Instance))
1122:Drivers/STM32F2xx_HAL_Driver/Src/stm32f2xx_hal_tim_ex.c ****   {
1123:Drivers/STM32F2xx_HAL_Driver/Src/stm32f2xx_hal_tim_ex.c ****     tmpsmcr = htim->Instance->SMCR & TIM_SMCR_SMS;
1124:Drivers/STM32F2xx_HAL_Driver/Src/stm32f2xx_hal_tim_ex.c ****     if (!IS_TIM_SLAVEMODE_TRIGGER_ENABLED(tmpsmcr))
1125:Drivers/STM32F2xx_HAL_Driver/Src/stm32f2xx_hal_tim_ex.c ****     {
1126:Drivers/STM32F2xx_HAL_Driver/Src/stm32f2xx_hal_tim_ex.c ****       __HAL_TIM_ENABLE(htim);
1127:Drivers/STM32F2xx_HAL_Driver/Src/stm32f2xx_hal_tim_ex.c ****     }
1128:Drivers/STM32F2xx_HAL_Driver/Src/stm32f2xx_hal_tim_ex.c ****   }
1129:Drivers/STM32F2xx_HAL_Driver/Src/stm32f2xx_hal_tim_ex.c ****   else
1130:Drivers/STM32F2xx_HAL_Driver/Src/stm32f2xx_hal_tim_ex.c ****   {
1131:Drivers/STM32F2xx_HAL_Driver/Src/stm32f2xx_hal_tim_ex.c ****     __HAL_TIM_ENABLE(htim);
1132:Drivers/STM32F2xx_HAL_Driver/Src/stm32f2xx_hal_tim_ex.c ****   }
1133:Drivers/STM32F2xx_HAL_Driver/Src/stm32f2xx_hal_tim_ex.c **** 
1134:Drivers/STM32F2xx_HAL_Driver/Src/stm32f2xx_hal_tim_ex.c ****   /* Return function status */
1135:Drivers/STM32F2xx_HAL_Driver/Src/stm32f2xx_hal_tim_ex.c ****   return HAL_OK;
1136:Drivers/STM32F2xx_HAL_Driver/Src/stm32f2xx_hal_tim_ex.c **** }
1137:Drivers/STM32F2xx_HAL_Driver/Src/stm32f2xx_hal_tim_ex.c **** 
1138:Drivers/STM32F2xx_HAL_Driver/Src/stm32f2xx_hal_tim_ex.c **** /**
1139:Drivers/STM32F2xx_HAL_Driver/Src/stm32f2xx_hal_tim_ex.c ****   * @brief  Stops the PWM signal generation on the complementary output.
1140:Drivers/STM32F2xx_HAL_Driver/Src/stm32f2xx_hal_tim_ex.c ****   * @param  htim TIM handle
1141:Drivers/STM32F2xx_HAL_Driver/Src/stm32f2xx_hal_tim_ex.c ****   * @param  Channel TIM Channel to be disabled
1142:Drivers/STM32F2xx_HAL_Driver/Src/stm32f2xx_hal_tim_ex.c ****   *          This parameter can be one of the following values:
1143:Drivers/STM32F2xx_HAL_Driver/Src/stm32f2xx_hal_tim_ex.c ****   *            @arg TIM_CHANNEL_1: TIM Channel 1 selected
1144:Drivers/STM32F2xx_HAL_Driver/Src/stm32f2xx_hal_tim_ex.c ****   *            @arg TIM_CHANNEL_2: TIM Channel 2 selected
1145:Drivers/STM32F2xx_HAL_Driver/Src/stm32f2xx_hal_tim_ex.c ****   *            @arg TIM_CHANNEL_3: TIM Channel 3 selected
1146:Drivers/STM32F2xx_HAL_Driver/Src/stm32f2xx_hal_tim_ex.c ****   * @retval HAL status
1147:Drivers/STM32F2xx_HAL_Driver/Src/stm32f2xx_hal_tim_ex.c ****   */
1148:Drivers/STM32F2xx_HAL_Driver/Src/stm32f2xx_hal_tim_ex.c **** HAL_StatusTypeDef HAL_TIMEx_PWMN_Stop(TIM_HandleTypeDef *htim, uint32_t Channel)
1149:Drivers/STM32F2xx_HAL_Driver/Src/stm32f2xx_hal_tim_ex.c **** {
1150:Drivers/STM32F2xx_HAL_Driver/Src/stm32f2xx_hal_tim_ex.c ****   /* Check the parameters */
1151:Drivers/STM32F2xx_HAL_Driver/Src/stm32f2xx_hal_tim_ex.c ****   assert_param(IS_TIM_CCXN_INSTANCE(htim->Instance, Channel));
1152:Drivers/STM32F2xx_HAL_Driver/Src/stm32f2xx_hal_tim_ex.c **** 
1153:Drivers/STM32F2xx_HAL_Driver/Src/stm32f2xx_hal_tim_ex.c ****   /* Disable the complementary PWM output  */
1154:Drivers/STM32F2xx_HAL_Driver/Src/stm32f2xx_hal_tim_ex.c ****   TIM_CCxNChannelCmd(htim->Instance, Channel, TIM_CCxN_DISABLE);
1155:Drivers/STM32F2xx_HAL_Driver/Src/stm32f2xx_hal_tim_ex.c **** 
1156:Drivers/STM32F2xx_HAL_Driver/Src/stm32f2xx_hal_tim_ex.c ****   /* Disable the Main Output */
1157:Drivers/STM32F2xx_HAL_Driver/Src/stm32f2xx_hal_tim_ex.c ****   __HAL_TIM_MOE_DISABLE(htim);
1158:Drivers/STM32F2xx_HAL_Driver/Src/stm32f2xx_hal_tim_ex.c **** 
1159:Drivers/STM32F2xx_HAL_Driver/Src/stm32f2xx_hal_tim_ex.c ****   /* Disable the Peripheral */
1160:Drivers/STM32F2xx_HAL_Driver/Src/stm32f2xx_hal_tim_ex.c ****   __HAL_TIM_DISABLE(htim);
1161:Drivers/STM32F2xx_HAL_Driver/Src/stm32f2xx_hal_tim_ex.c **** 
1162:Drivers/STM32F2xx_HAL_Driver/Src/stm32f2xx_hal_tim_ex.c ****   /* Set the TIM complementary channel state */
1163:Drivers/STM32F2xx_HAL_Driver/Src/stm32f2xx_hal_tim_ex.c ****   TIM_CHANNEL_N_STATE_SET(htim, Channel, HAL_TIM_CHANNEL_STATE_READY);
1164:Drivers/STM32F2xx_HAL_Driver/Src/stm32f2xx_hal_tim_ex.c **** 
1165:Drivers/STM32F2xx_HAL_Driver/Src/stm32f2xx_hal_tim_ex.c ****   /* Return function status */
1166:Drivers/STM32F2xx_HAL_Driver/Src/stm32f2xx_hal_tim_ex.c ****   return HAL_OK;
1167:Drivers/STM32F2xx_HAL_Driver/Src/stm32f2xx_hal_tim_ex.c **** }
1168:Drivers/STM32F2xx_HAL_Driver/Src/stm32f2xx_hal_tim_ex.c **** 
1169:Drivers/STM32F2xx_HAL_Driver/Src/stm32f2xx_hal_tim_ex.c **** /**
1170:Drivers/STM32F2xx_HAL_Driver/Src/stm32f2xx_hal_tim_ex.c ****   * @brief  Starts the PWM signal generation in interrupt mode on the
1171:Drivers/STM32F2xx_HAL_Driver/Src/stm32f2xx_hal_tim_ex.c ****   *         complementary output.
1172:Drivers/STM32F2xx_HAL_Driver/Src/stm32f2xx_hal_tim_ex.c ****   * @param  htim TIM handle
ARM GAS  /tmp/ccdDJwMc.s 			page 22


1173:Drivers/STM32F2xx_HAL_Driver/Src/stm32f2xx_hal_tim_ex.c ****   * @param  Channel TIM Channel to be disabled
1174:Drivers/STM32F2xx_HAL_Driver/Src/stm32f2xx_hal_tim_ex.c ****   *          This parameter can be one of the following values:
1175:Drivers/STM32F2xx_HAL_Driver/Src/stm32f2xx_hal_tim_ex.c ****   *            @arg TIM_CHANNEL_1: TIM Channel 1 selected
1176:Drivers/STM32F2xx_HAL_Driver/Src/stm32f2xx_hal_tim_ex.c ****   *            @arg TIM_CHANNEL_2: TIM Channel 2 selected
1177:Drivers/STM32F2xx_HAL_Driver/Src/stm32f2xx_hal_tim_ex.c ****   *            @arg TIM_CHANNEL_3: TIM Channel 3 selected
1178:Drivers/STM32F2xx_HAL_Driver/Src/stm32f2xx_hal_tim_ex.c ****   * @retval HAL status
1179:Drivers/STM32F2xx_HAL_Driver/Src/stm32f2xx_hal_tim_ex.c ****   */
1180:Drivers/STM32F2xx_HAL_Driver/Src/stm32f2xx_hal_tim_ex.c **** HAL_StatusTypeDef HAL_TIMEx_PWMN_Start_IT(TIM_HandleTypeDef *htim, uint32_t Channel)
1181:Drivers/STM32F2xx_HAL_Driver/Src/stm32f2xx_hal_tim_ex.c **** {
1182:Drivers/STM32F2xx_HAL_Driver/Src/stm32f2xx_hal_tim_ex.c ****   HAL_StatusTypeDef status = HAL_OK;
1183:Drivers/STM32F2xx_HAL_Driver/Src/stm32f2xx_hal_tim_ex.c ****   uint32_t tmpsmcr;
1184:Drivers/STM32F2xx_HAL_Driver/Src/stm32f2xx_hal_tim_ex.c **** 
1185:Drivers/STM32F2xx_HAL_Driver/Src/stm32f2xx_hal_tim_ex.c ****   /* Check the parameters */
1186:Drivers/STM32F2xx_HAL_Driver/Src/stm32f2xx_hal_tim_ex.c ****   assert_param(IS_TIM_CCXN_INSTANCE(htim->Instance, Channel));
1187:Drivers/STM32F2xx_HAL_Driver/Src/stm32f2xx_hal_tim_ex.c **** 
1188:Drivers/STM32F2xx_HAL_Driver/Src/stm32f2xx_hal_tim_ex.c ****   /* Check the TIM complementary channel state */
1189:Drivers/STM32F2xx_HAL_Driver/Src/stm32f2xx_hal_tim_ex.c ****   if (TIM_CHANNEL_N_STATE_GET(htim, Channel) != HAL_TIM_CHANNEL_STATE_READY)
1190:Drivers/STM32F2xx_HAL_Driver/Src/stm32f2xx_hal_tim_ex.c ****   {
1191:Drivers/STM32F2xx_HAL_Driver/Src/stm32f2xx_hal_tim_ex.c ****     return HAL_ERROR;
1192:Drivers/STM32F2xx_HAL_Driver/Src/stm32f2xx_hal_tim_ex.c ****   }
1193:Drivers/STM32F2xx_HAL_Driver/Src/stm32f2xx_hal_tim_ex.c **** 
1194:Drivers/STM32F2xx_HAL_Driver/Src/stm32f2xx_hal_tim_ex.c ****   /* Set the TIM complementary channel state */
1195:Drivers/STM32F2xx_HAL_Driver/Src/stm32f2xx_hal_tim_ex.c ****   TIM_CHANNEL_N_STATE_SET(htim, Channel, HAL_TIM_CHANNEL_STATE_BUSY);
1196:Drivers/STM32F2xx_HAL_Driver/Src/stm32f2xx_hal_tim_ex.c **** 
1197:Drivers/STM32F2xx_HAL_Driver/Src/stm32f2xx_hal_tim_ex.c ****   switch (Channel)
1198:Drivers/STM32F2xx_HAL_Driver/Src/stm32f2xx_hal_tim_ex.c ****   {
1199:Drivers/STM32F2xx_HAL_Driver/Src/stm32f2xx_hal_tim_ex.c ****     case TIM_CHANNEL_1:
1200:Drivers/STM32F2xx_HAL_Driver/Src/stm32f2xx_hal_tim_ex.c ****     {
1201:Drivers/STM32F2xx_HAL_Driver/Src/stm32f2xx_hal_tim_ex.c ****       /* Enable the TIM Capture/Compare 1 interrupt */
1202:Drivers/STM32F2xx_HAL_Driver/Src/stm32f2xx_hal_tim_ex.c ****       __HAL_TIM_ENABLE_IT(htim, TIM_IT_CC1);
1203:Drivers/STM32F2xx_HAL_Driver/Src/stm32f2xx_hal_tim_ex.c ****       break;
1204:Drivers/STM32F2xx_HAL_Driver/Src/stm32f2xx_hal_tim_ex.c ****     }
1205:Drivers/STM32F2xx_HAL_Driver/Src/stm32f2xx_hal_tim_ex.c **** 
1206:Drivers/STM32F2xx_HAL_Driver/Src/stm32f2xx_hal_tim_ex.c ****     case TIM_CHANNEL_2:
1207:Drivers/STM32F2xx_HAL_Driver/Src/stm32f2xx_hal_tim_ex.c ****     {
1208:Drivers/STM32F2xx_HAL_Driver/Src/stm32f2xx_hal_tim_ex.c ****       /* Enable the TIM Capture/Compare 2 interrupt */
1209:Drivers/STM32F2xx_HAL_Driver/Src/stm32f2xx_hal_tim_ex.c ****       __HAL_TIM_ENABLE_IT(htim, TIM_IT_CC2);
1210:Drivers/STM32F2xx_HAL_Driver/Src/stm32f2xx_hal_tim_ex.c ****       break;
1211:Drivers/STM32F2xx_HAL_Driver/Src/stm32f2xx_hal_tim_ex.c ****     }
1212:Drivers/STM32F2xx_HAL_Driver/Src/stm32f2xx_hal_tim_ex.c **** 
1213:Drivers/STM32F2xx_HAL_Driver/Src/stm32f2xx_hal_tim_ex.c ****     case TIM_CHANNEL_3:
1214:Drivers/STM32F2xx_HAL_Driver/Src/stm32f2xx_hal_tim_ex.c ****     {
1215:Drivers/STM32F2xx_HAL_Driver/Src/stm32f2xx_hal_tim_ex.c ****       /* Enable the TIM Capture/Compare 3 interrupt */
1216:Drivers/STM32F2xx_HAL_Driver/Src/stm32f2xx_hal_tim_ex.c ****       __HAL_TIM_ENABLE_IT(htim, TIM_IT_CC3);
1217:Drivers/STM32F2xx_HAL_Driver/Src/stm32f2xx_hal_tim_ex.c ****       break;
1218:Drivers/STM32F2xx_HAL_Driver/Src/stm32f2xx_hal_tim_ex.c ****     }
1219:Drivers/STM32F2xx_HAL_Driver/Src/stm32f2xx_hal_tim_ex.c **** 
1220:Drivers/STM32F2xx_HAL_Driver/Src/stm32f2xx_hal_tim_ex.c ****     default:
1221:Drivers/STM32F2xx_HAL_Driver/Src/stm32f2xx_hal_tim_ex.c ****       status = HAL_ERROR;
1222:Drivers/STM32F2xx_HAL_Driver/Src/stm32f2xx_hal_tim_ex.c ****       break;
1223:Drivers/STM32F2xx_HAL_Driver/Src/stm32f2xx_hal_tim_ex.c ****   }
1224:Drivers/STM32F2xx_HAL_Driver/Src/stm32f2xx_hal_tim_ex.c **** 
1225:Drivers/STM32F2xx_HAL_Driver/Src/stm32f2xx_hal_tim_ex.c ****   if (status == HAL_OK)
1226:Drivers/STM32F2xx_HAL_Driver/Src/stm32f2xx_hal_tim_ex.c ****   {
1227:Drivers/STM32F2xx_HAL_Driver/Src/stm32f2xx_hal_tim_ex.c ****     /* Enable the TIM Break interrupt */
1228:Drivers/STM32F2xx_HAL_Driver/Src/stm32f2xx_hal_tim_ex.c ****     __HAL_TIM_ENABLE_IT(htim, TIM_IT_BREAK);
1229:Drivers/STM32F2xx_HAL_Driver/Src/stm32f2xx_hal_tim_ex.c **** 
ARM GAS  /tmp/ccdDJwMc.s 			page 23


1230:Drivers/STM32F2xx_HAL_Driver/Src/stm32f2xx_hal_tim_ex.c ****     /* Enable the complementary PWM output  */
1231:Drivers/STM32F2xx_HAL_Driver/Src/stm32f2xx_hal_tim_ex.c ****     TIM_CCxNChannelCmd(htim->Instance, Channel, TIM_CCxN_ENABLE);
1232:Drivers/STM32F2xx_HAL_Driver/Src/stm32f2xx_hal_tim_ex.c **** 
1233:Drivers/STM32F2xx_HAL_Driver/Src/stm32f2xx_hal_tim_ex.c ****     /* Enable the Main Output */
1234:Drivers/STM32F2xx_HAL_Driver/Src/stm32f2xx_hal_tim_ex.c ****     __HAL_TIM_MOE_ENABLE(htim);
1235:Drivers/STM32F2xx_HAL_Driver/Src/stm32f2xx_hal_tim_ex.c **** 
1236:Drivers/STM32F2xx_HAL_Driver/Src/stm32f2xx_hal_tim_ex.c ****     /* Enable the Peripheral, except in trigger mode where enable is automatically done with trigge
1237:Drivers/STM32F2xx_HAL_Driver/Src/stm32f2xx_hal_tim_ex.c ****     if (IS_TIM_SLAVE_INSTANCE(htim->Instance))
1238:Drivers/STM32F2xx_HAL_Driver/Src/stm32f2xx_hal_tim_ex.c ****     {
1239:Drivers/STM32F2xx_HAL_Driver/Src/stm32f2xx_hal_tim_ex.c ****       tmpsmcr = htim->Instance->SMCR & TIM_SMCR_SMS;
1240:Drivers/STM32F2xx_HAL_Driver/Src/stm32f2xx_hal_tim_ex.c ****       if (!IS_TIM_SLAVEMODE_TRIGGER_ENABLED(tmpsmcr))
1241:Drivers/STM32F2xx_HAL_Driver/Src/stm32f2xx_hal_tim_ex.c ****       {
1242:Drivers/STM32F2xx_HAL_Driver/Src/stm32f2xx_hal_tim_ex.c ****         __HAL_TIM_ENABLE(htim);
1243:Drivers/STM32F2xx_HAL_Driver/Src/stm32f2xx_hal_tim_ex.c ****       }
1244:Drivers/STM32F2xx_HAL_Driver/Src/stm32f2xx_hal_tim_ex.c ****     }
1245:Drivers/STM32F2xx_HAL_Driver/Src/stm32f2xx_hal_tim_ex.c ****     else
1246:Drivers/STM32F2xx_HAL_Driver/Src/stm32f2xx_hal_tim_ex.c ****     {
1247:Drivers/STM32F2xx_HAL_Driver/Src/stm32f2xx_hal_tim_ex.c ****       __HAL_TIM_ENABLE(htim);
1248:Drivers/STM32F2xx_HAL_Driver/Src/stm32f2xx_hal_tim_ex.c ****     }
1249:Drivers/STM32F2xx_HAL_Driver/Src/stm32f2xx_hal_tim_ex.c ****   }
1250:Drivers/STM32F2xx_HAL_Driver/Src/stm32f2xx_hal_tim_ex.c **** 
1251:Drivers/STM32F2xx_HAL_Driver/Src/stm32f2xx_hal_tim_ex.c ****   /* Return function status */
1252:Drivers/STM32F2xx_HAL_Driver/Src/stm32f2xx_hal_tim_ex.c ****   return status;
1253:Drivers/STM32F2xx_HAL_Driver/Src/stm32f2xx_hal_tim_ex.c **** }
1254:Drivers/STM32F2xx_HAL_Driver/Src/stm32f2xx_hal_tim_ex.c **** 
1255:Drivers/STM32F2xx_HAL_Driver/Src/stm32f2xx_hal_tim_ex.c **** /**
1256:Drivers/STM32F2xx_HAL_Driver/Src/stm32f2xx_hal_tim_ex.c ****   * @brief  Stops the PWM signal generation in interrupt mode on the
1257:Drivers/STM32F2xx_HAL_Driver/Src/stm32f2xx_hal_tim_ex.c ****   *         complementary output.
1258:Drivers/STM32F2xx_HAL_Driver/Src/stm32f2xx_hal_tim_ex.c ****   * @param  htim TIM handle
1259:Drivers/STM32F2xx_HAL_Driver/Src/stm32f2xx_hal_tim_ex.c ****   * @param  Channel TIM Channel to be disabled
1260:Drivers/STM32F2xx_HAL_Driver/Src/stm32f2xx_hal_tim_ex.c ****   *          This parameter can be one of the following values:
1261:Drivers/STM32F2xx_HAL_Driver/Src/stm32f2xx_hal_tim_ex.c ****   *            @arg TIM_CHANNEL_1: TIM Channel 1 selected
1262:Drivers/STM32F2xx_HAL_Driver/Src/stm32f2xx_hal_tim_ex.c ****   *            @arg TIM_CHANNEL_2: TIM Channel 2 selected
1263:Drivers/STM32F2xx_HAL_Driver/Src/stm32f2xx_hal_tim_ex.c ****   *            @arg TIM_CHANNEL_3: TIM Channel 3 selected
1264:Drivers/STM32F2xx_HAL_Driver/Src/stm32f2xx_hal_tim_ex.c ****   * @retval HAL status
1265:Drivers/STM32F2xx_HAL_Driver/Src/stm32f2xx_hal_tim_ex.c ****   */
1266:Drivers/STM32F2xx_HAL_Driver/Src/stm32f2xx_hal_tim_ex.c **** HAL_StatusTypeDef HAL_TIMEx_PWMN_Stop_IT(TIM_HandleTypeDef *htim, uint32_t Channel)
1267:Drivers/STM32F2xx_HAL_Driver/Src/stm32f2xx_hal_tim_ex.c **** {
1268:Drivers/STM32F2xx_HAL_Driver/Src/stm32f2xx_hal_tim_ex.c ****   HAL_StatusTypeDef status = HAL_OK;
1269:Drivers/STM32F2xx_HAL_Driver/Src/stm32f2xx_hal_tim_ex.c ****   uint32_t tmpccer;
1270:Drivers/STM32F2xx_HAL_Driver/Src/stm32f2xx_hal_tim_ex.c **** 
1271:Drivers/STM32F2xx_HAL_Driver/Src/stm32f2xx_hal_tim_ex.c ****   /* Check the parameters */
1272:Drivers/STM32F2xx_HAL_Driver/Src/stm32f2xx_hal_tim_ex.c ****   assert_param(IS_TIM_CCXN_INSTANCE(htim->Instance, Channel));
1273:Drivers/STM32F2xx_HAL_Driver/Src/stm32f2xx_hal_tim_ex.c **** 
1274:Drivers/STM32F2xx_HAL_Driver/Src/stm32f2xx_hal_tim_ex.c ****   switch (Channel)
1275:Drivers/STM32F2xx_HAL_Driver/Src/stm32f2xx_hal_tim_ex.c ****   {
1276:Drivers/STM32F2xx_HAL_Driver/Src/stm32f2xx_hal_tim_ex.c ****     case TIM_CHANNEL_1:
1277:Drivers/STM32F2xx_HAL_Driver/Src/stm32f2xx_hal_tim_ex.c ****     {
1278:Drivers/STM32F2xx_HAL_Driver/Src/stm32f2xx_hal_tim_ex.c ****       /* Disable the TIM Capture/Compare 1 interrupt */
1279:Drivers/STM32F2xx_HAL_Driver/Src/stm32f2xx_hal_tim_ex.c ****       __HAL_TIM_DISABLE_IT(htim, TIM_IT_CC1);
1280:Drivers/STM32F2xx_HAL_Driver/Src/stm32f2xx_hal_tim_ex.c ****       break;
1281:Drivers/STM32F2xx_HAL_Driver/Src/stm32f2xx_hal_tim_ex.c ****     }
1282:Drivers/STM32F2xx_HAL_Driver/Src/stm32f2xx_hal_tim_ex.c **** 
1283:Drivers/STM32F2xx_HAL_Driver/Src/stm32f2xx_hal_tim_ex.c ****     case TIM_CHANNEL_2:
1284:Drivers/STM32F2xx_HAL_Driver/Src/stm32f2xx_hal_tim_ex.c ****     {
1285:Drivers/STM32F2xx_HAL_Driver/Src/stm32f2xx_hal_tim_ex.c ****       /* Disable the TIM Capture/Compare 2 interrupt */
1286:Drivers/STM32F2xx_HAL_Driver/Src/stm32f2xx_hal_tim_ex.c ****       __HAL_TIM_DISABLE_IT(htim, TIM_IT_CC2);
ARM GAS  /tmp/ccdDJwMc.s 			page 24


1287:Drivers/STM32F2xx_HAL_Driver/Src/stm32f2xx_hal_tim_ex.c ****       break;
1288:Drivers/STM32F2xx_HAL_Driver/Src/stm32f2xx_hal_tim_ex.c ****     }
1289:Drivers/STM32F2xx_HAL_Driver/Src/stm32f2xx_hal_tim_ex.c **** 
1290:Drivers/STM32F2xx_HAL_Driver/Src/stm32f2xx_hal_tim_ex.c ****     case TIM_CHANNEL_3:
1291:Drivers/STM32F2xx_HAL_Driver/Src/stm32f2xx_hal_tim_ex.c ****     {
1292:Drivers/STM32F2xx_HAL_Driver/Src/stm32f2xx_hal_tim_ex.c ****       /* Disable the TIM Capture/Compare 3 interrupt */
1293:Drivers/STM32F2xx_HAL_Driver/Src/stm32f2xx_hal_tim_ex.c ****       __HAL_TIM_DISABLE_IT(htim, TIM_IT_CC3);
1294:Drivers/STM32F2xx_HAL_Driver/Src/stm32f2xx_hal_tim_ex.c ****       break;
1295:Drivers/STM32F2xx_HAL_Driver/Src/stm32f2xx_hal_tim_ex.c ****     }
1296:Drivers/STM32F2xx_HAL_Driver/Src/stm32f2xx_hal_tim_ex.c **** 
1297:Drivers/STM32F2xx_HAL_Driver/Src/stm32f2xx_hal_tim_ex.c ****     default:
1298:Drivers/STM32F2xx_HAL_Driver/Src/stm32f2xx_hal_tim_ex.c ****       status = HAL_ERROR;
1299:Drivers/STM32F2xx_HAL_Driver/Src/stm32f2xx_hal_tim_ex.c ****       break;
1300:Drivers/STM32F2xx_HAL_Driver/Src/stm32f2xx_hal_tim_ex.c ****   }
1301:Drivers/STM32F2xx_HAL_Driver/Src/stm32f2xx_hal_tim_ex.c **** 
1302:Drivers/STM32F2xx_HAL_Driver/Src/stm32f2xx_hal_tim_ex.c ****   if (status == HAL_OK)
1303:Drivers/STM32F2xx_HAL_Driver/Src/stm32f2xx_hal_tim_ex.c ****   {
1304:Drivers/STM32F2xx_HAL_Driver/Src/stm32f2xx_hal_tim_ex.c ****     /* Disable the complementary PWM output  */
1305:Drivers/STM32F2xx_HAL_Driver/Src/stm32f2xx_hal_tim_ex.c ****     TIM_CCxNChannelCmd(htim->Instance, Channel, TIM_CCxN_DISABLE);
1306:Drivers/STM32F2xx_HAL_Driver/Src/stm32f2xx_hal_tim_ex.c **** 
1307:Drivers/STM32F2xx_HAL_Driver/Src/stm32f2xx_hal_tim_ex.c ****     /* Disable the TIM Break interrupt (only if no more channel is active) */
1308:Drivers/STM32F2xx_HAL_Driver/Src/stm32f2xx_hal_tim_ex.c ****     tmpccer = htim->Instance->CCER;
1309:Drivers/STM32F2xx_HAL_Driver/Src/stm32f2xx_hal_tim_ex.c ****     if ((tmpccer & TIM_CCER_CCxNE_MASK) == (uint32_t)RESET)
1310:Drivers/STM32F2xx_HAL_Driver/Src/stm32f2xx_hal_tim_ex.c ****     {
1311:Drivers/STM32F2xx_HAL_Driver/Src/stm32f2xx_hal_tim_ex.c ****       __HAL_TIM_DISABLE_IT(htim, TIM_IT_BREAK);
1312:Drivers/STM32F2xx_HAL_Driver/Src/stm32f2xx_hal_tim_ex.c ****     }
1313:Drivers/STM32F2xx_HAL_Driver/Src/stm32f2xx_hal_tim_ex.c **** 
1314:Drivers/STM32F2xx_HAL_Driver/Src/stm32f2xx_hal_tim_ex.c ****     /* Disable the Main Output */
1315:Drivers/STM32F2xx_HAL_Driver/Src/stm32f2xx_hal_tim_ex.c ****     __HAL_TIM_MOE_DISABLE(htim);
1316:Drivers/STM32F2xx_HAL_Driver/Src/stm32f2xx_hal_tim_ex.c **** 
1317:Drivers/STM32F2xx_HAL_Driver/Src/stm32f2xx_hal_tim_ex.c ****     /* Disable the Peripheral */
1318:Drivers/STM32F2xx_HAL_Driver/Src/stm32f2xx_hal_tim_ex.c ****     __HAL_TIM_DISABLE(htim);
1319:Drivers/STM32F2xx_HAL_Driver/Src/stm32f2xx_hal_tim_ex.c **** 
1320:Drivers/STM32F2xx_HAL_Driver/Src/stm32f2xx_hal_tim_ex.c ****     /* Set the TIM complementary channel state */
1321:Drivers/STM32F2xx_HAL_Driver/Src/stm32f2xx_hal_tim_ex.c ****     TIM_CHANNEL_N_STATE_SET(htim, Channel, HAL_TIM_CHANNEL_STATE_READY);
1322:Drivers/STM32F2xx_HAL_Driver/Src/stm32f2xx_hal_tim_ex.c ****   }
1323:Drivers/STM32F2xx_HAL_Driver/Src/stm32f2xx_hal_tim_ex.c **** 
1324:Drivers/STM32F2xx_HAL_Driver/Src/stm32f2xx_hal_tim_ex.c ****   /* Return function status */
1325:Drivers/STM32F2xx_HAL_Driver/Src/stm32f2xx_hal_tim_ex.c ****   return status;
1326:Drivers/STM32F2xx_HAL_Driver/Src/stm32f2xx_hal_tim_ex.c **** }
1327:Drivers/STM32F2xx_HAL_Driver/Src/stm32f2xx_hal_tim_ex.c **** 
1328:Drivers/STM32F2xx_HAL_Driver/Src/stm32f2xx_hal_tim_ex.c **** /**
1329:Drivers/STM32F2xx_HAL_Driver/Src/stm32f2xx_hal_tim_ex.c ****   * @brief  Starts the TIM PWM signal generation in DMA mode on the
1330:Drivers/STM32F2xx_HAL_Driver/Src/stm32f2xx_hal_tim_ex.c ****   *         complementary output
1331:Drivers/STM32F2xx_HAL_Driver/Src/stm32f2xx_hal_tim_ex.c ****   * @param  htim TIM handle
1332:Drivers/STM32F2xx_HAL_Driver/Src/stm32f2xx_hal_tim_ex.c ****   * @param  Channel TIM Channel to be enabled
1333:Drivers/STM32F2xx_HAL_Driver/Src/stm32f2xx_hal_tim_ex.c ****   *          This parameter can be one of the following values:
1334:Drivers/STM32F2xx_HAL_Driver/Src/stm32f2xx_hal_tim_ex.c ****   *            @arg TIM_CHANNEL_1: TIM Channel 1 selected
1335:Drivers/STM32F2xx_HAL_Driver/Src/stm32f2xx_hal_tim_ex.c ****   *            @arg TIM_CHANNEL_2: TIM Channel 2 selected
1336:Drivers/STM32F2xx_HAL_Driver/Src/stm32f2xx_hal_tim_ex.c ****   *            @arg TIM_CHANNEL_3: TIM Channel 3 selected
1337:Drivers/STM32F2xx_HAL_Driver/Src/stm32f2xx_hal_tim_ex.c ****   * @param  pData The source Buffer address.
1338:Drivers/STM32F2xx_HAL_Driver/Src/stm32f2xx_hal_tim_ex.c ****   * @param  Length The length of data to be transferred from memory to TIM peripheral
1339:Drivers/STM32F2xx_HAL_Driver/Src/stm32f2xx_hal_tim_ex.c ****   * @retval HAL status
1340:Drivers/STM32F2xx_HAL_Driver/Src/stm32f2xx_hal_tim_ex.c ****   */
1341:Drivers/STM32F2xx_HAL_Driver/Src/stm32f2xx_hal_tim_ex.c **** HAL_StatusTypeDef HAL_TIMEx_PWMN_Start_DMA(TIM_HandleTypeDef *htim, uint32_t Channel, const uint32_
1342:Drivers/STM32F2xx_HAL_Driver/Src/stm32f2xx_hal_tim_ex.c ****                                            uint16_t Length)
1343:Drivers/STM32F2xx_HAL_Driver/Src/stm32f2xx_hal_tim_ex.c **** {
ARM GAS  /tmp/ccdDJwMc.s 			page 25


1344:Drivers/STM32F2xx_HAL_Driver/Src/stm32f2xx_hal_tim_ex.c ****   HAL_StatusTypeDef status = HAL_OK;
1345:Drivers/STM32F2xx_HAL_Driver/Src/stm32f2xx_hal_tim_ex.c ****   uint32_t tmpsmcr;
1346:Drivers/STM32F2xx_HAL_Driver/Src/stm32f2xx_hal_tim_ex.c **** 
1347:Drivers/STM32F2xx_HAL_Driver/Src/stm32f2xx_hal_tim_ex.c ****   /* Check the parameters */
1348:Drivers/STM32F2xx_HAL_Driver/Src/stm32f2xx_hal_tim_ex.c ****   assert_param(IS_TIM_CCXN_INSTANCE(htim->Instance, Channel));
1349:Drivers/STM32F2xx_HAL_Driver/Src/stm32f2xx_hal_tim_ex.c **** 
1350:Drivers/STM32F2xx_HAL_Driver/Src/stm32f2xx_hal_tim_ex.c ****   /* Set the TIM complementary channel state */
1351:Drivers/STM32F2xx_HAL_Driver/Src/stm32f2xx_hal_tim_ex.c ****   if (TIM_CHANNEL_N_STATE_GET(htim, Channel) == HAL_TIM_CHANNEL_STATE_BUSY)
1352:Drivers/STM32F2xx_HAL_Driver/Src/stm32f2xx_hal_tim_ex.c ****   {
1353:Drivers/STM32F2xx_HAL_Driver/Src/stm32f2xx_hal_tim_ex.c ****     return HAL_BUSY;
1354:Drivers/STM32F2xx_HAL_Driver/Src/stm32f2xx_hal_tim_ex.c ****   }
1355:Drivers/STM32F2xx_HAL_Driver/Src/stm32f2xx_hal_tim_ex.c ****   else if (TIM_CHANNEL_N_STATE_GET(htim, Channel) == HAL_TIM_CHANNEL_STATE_READY)
1356:Drivers/STM32F2xx_HAL_Driver/Src/stm32f2xx_hal_tim_ex.c ****   {
1357:Drivers/STM32F2xx_HAL_Driver/Src/stm32f2xx_hal_tim_ex.c ****     if ((pData == NULL) || (Length == 0U))
1358:Drivers/STM32F2xx_HAL_Driver/Src/stm32f2xx_hal_tim_ex.c ****     {
1359:Drivers/STM32F2xx_HAL_Driver/Src/stm32f2xx_hal_tim_ex.c ****       return HAL_ERROR;
1360:Drivers/STM32F2xx_HAL_Driver/Src/stm32f2xx_hal_tim_ex.c ****     }
1361:Drivers/STM32F2xx_HAL_Driver/Src/stm32f2xx_hal_tim_ex.c ****     else
1362:Drivers/STM32F2xx_HAL_Driver/Src/stm32f2xx_hal_tim_ex.c ****     {
1363:Drivers/STM32F2xx_HAL_Driver/Src/stm32f2xx_hal_tim_ex.c ****       TIM_CHANNEL_N_STATE_SET(htim, Channel, HAL_TIM_CHANNEL_STATE_BUSY);
1364:Drivers/STM32F2xx_HAL_Driver/Src/stm32f2xx_hal_tim_ex.c ****     }
1365:Drivers/STM32F2xx_HAL_Driver/Src/stm32f2xx_hal_tim_ex.c ****   }
1366:Drivers/STM32F2xx_HAL_Driver/Src/stm32f2xx_hal_tim_ex.c ****   else
1367:Drivers/STM32F2xx_HAL_Driver/Src/stm32f2xx_hal_tim_ex.c ****   {
1368:Drivers/STM32F2xx_HAL_Driver/Src/stm32f2xx_hal_tim_ex.c ****     return HAL_ERROR;
1369:Drivers/STM32F2xx_HAL_Driver/Src/stm32f2xx_hal_tim_ex.c ****   }
1370:Drivers/STM32F2xx_HAL_Driver/Src/stm32f2xx_hal_tim_ex.c **** 
1371:Drivers/STM32F2xx_HAL_Driver/Src/stm32f2xx_hal_tim_ex.c ****   switch (Channel)
1372:Drivers/STM32F2xx_HAL_Driver/Src/stm32f2xx_hal_tim_ex.c ****   {
1373:Drivers/STM32F2xx_HAL_Driver/Src/stm32f2xx_hal_tim_ex.c ****     case TIM_CHANNEL_1:
1374:Drivers/STM32F2xx_HAL_Driver/Src/stm32f2xx_hal_tim_ex.c ****     {
1375:Drivers/STM32F2xx_HAL_Driver/Src/stm32f2xx_hal_tim_ex.c ****       /* Set the DMA compare callbacks */
1376:Drivers/STM32F2xx_HAL_Driver/Src/stm32f2xx_hal_tim_ex.c ****       htim->hdma[TIM_DMA_ID_CC1]->XferCpltCallback = TIM_DMADelayPulseNCplt;
1377:Drivers/STM32F2xx_HAL_Driver/Src/stm32f2xx_hal_tim_ex.c ****       htim->hdma[TIM_DMA_ID_CC1]->XferHalfCpltCallback = TIM_DMADelayPulseHalfCplt;
1378:Drivers/STM32F2xx_HAL_Driver/Src/stm32f2xx_hal_tim_ex.c **** 
1379:Drivers/STM32F2xx_HAL_Driver/Src/stm32f2xx_hal_tim_ex.c ****       /* Set the DMA error callback */
1380:Drivers/STM32F2xx_HAL_Driver/Src/stm32f2xx_hal_tim_ex.c ****       htim->hdma[TIM_DMA_ID_CC1]->XferErrorCallback = TIM_DMAErrorCCxN ;
1381:Drivers/STM32F2xx_HAL_Driver/Src/stm32f2xx_hal_tim_ex.c **** 
1382:Drivers/STM32F2xx_HAL_Driver/Src/stm32f2xx_hal_tim_ex.c ****       /* Enable the DMA stream */
1383:Drivers/STM32F2xx_HAL_Driver/Src/stm32f2xx_hal_tim_ex.c ****       if (HAL_DMA_Start_IT(htim->hdma[TIM_DMA_ID_CC1], (uint32_t)pData, (uint32_t)&htim->Instance->
1384:Drivers/STM32F2xx_HAL_Driver/Src/stm32f2xx_hal_tim_ex.c ****                            Length) != HAL_OK)
1385:Drivers/STM32F2xx_HAL_Driver/Src/stm32f2xx_hal_tim_ex.c ****       {
1386:Drivers/STM32F2xx_HAL_Driver/Src/stm32f2xx_hal_tim_ex.c ****         /* Return error status */
1387:Drivers/STM32F2xx_HAL_Driver/Src/stm32f2xx_hal_tim_ex.c ****         return HAL_ERROR;
1388:Drivers/STM32F2xx_HAL_Driver/Src/stm32f2xx_hal_tim_ex.c ****       }
1389:Drivers/STM32F2xx_HAL_Driver/Src/stm32f2xx_hal_tim_ex.c ****       /* Enable the TIM Capture/Compare 1 DMA request */
1390:Drivers/STM32F2xx_HAL_Driver/Src/stm32f2xx_hal_tim_ex.c ****       __HAL_TIM_ENABLE_DMA(htim, TIM_DMA_CC1);
1391:Drivers/STM32F2xx_HAL_Driver/Src/stm32f2xx_hal_tim_ex.c ****       break;
1392:Drivers/STM32F2xx_HAL_Driver/Src/stm32f2xx_hal_tim_ex.c ****     }
1393:Drivers/STM32F2xx_HAL_Driver/Src/stm32f2xx_hal_tim_ex.c **** 
1394:Drivers/STM32F2xx_HAL_Driver/Src/stm32f2xx_hal_tim_ex.c ****     case TIM_CHANNEL_2:
1395:Drivers/STM32F2xx_HAL_Driver/Src/stm32f2xx_hal_tim_ex.c ****     {
1396:Drivers/STM32F2xx_HAL_Driver/Src/stm32f2xx_hal_tim_ex.c ****       /* Set the DMA compare callbacks */
1397:Drivers/STM32F2xx_HAL_Driver/Src/stm32f2xx_hal_tim_ex.c ****       htim->hdma[TIM_DMA_ID_CC2]->XferCpltCallback = TIM_DMADelayPulseNCplt;
1398:Drivers/STM32F2xx_HAL_Driver/Src/stm32f2xx_hal_tim_ex.c ****       htim->hdma[TIM_DMA_ID_CC2]->XferHalfCpltCallback = TIM_DMADelayPulseHalfCplt;
1399:Drivers/STM32F2xx_HAL_Driver/Src/stm32f2xx_hal_tim_ex.c **** 
1400:Drivers/STM32F2xx_HAL_Driver/Src/stm32f2xx_hal_tim_ex.c ****       /* Set the DMA error callback */
ARM GAS  /tmp/ccdDJwMc.s 			page 26


1401:Drivers/STM32F2xx_HAL_Driver/Src/stm32f2xx_hal_tim_ex.c ****       htim->hdma[TIM_DMA_ID_CC2]->XferErrorCallback = TIM_DMAErrorCCxN ;
1402:Drivers/STM32F2xx_HAL_Driver/Src/stm32f2xx_hal_tim_ex.c **** 
1403:Drivers/STM32F2xx_HAL_Driver/Src/stm32f2xx_hal_tim_ex.c ****       /* Enable the DMA stream */
1404:Drivers/STM32F2xx_HAL_Driver/Src/stm32f2xx_hal_tim_ex.c ****       if (HAL_DMA_Start_IT(htim->hdma[TIM_DMA_ID_CC2], (uint32_t)pData, (uint32_t)&htim->Instance->
1405:Drivers/STM32F2xx_HAL_Driver/Src/stm32f2xx_hal_tim_ex.c ****                            Length) != HAL_OK)
1406:Drivers/STM32F2xx_HAL_Driver/Src/stm32f2xx_hal_tim_ex.c ****       {
1407:Drivers/STM32F2xx_HAL_Driver/Src/stm32f2xx_hal_tim_ex.c ****         /* Return error status */
1408:Drivers/STM32F2xx_HAL_Driver/Src/stm32f2xx_hal_tim_ex.c ****         return HAL_ERROR;
1409:Drivers/STM32F2xx_HAL_Driver/Src/stm32f2xx_hal_tim_ex.c ****       }
1410:Drivers/STM32F2xx_HAL_Driver/Src/stm32f2xx_hal_tim_ex.c ****       /* Enable the TIM Capture/Compare 2 DMA request */
1411:Drivers/STM32F2xx_HAL_Driver/Src/stm32f2xx_hal_tim_ex.c ****       __HAL_TIM_ENABLE_DMA(htim, TIM_DMA_CC2);
1412:Drivers/STM32F2xx_HAL_Driver/Src/stm32f2xx_hal_tim_ex.c ****       break;
1413:Drivers/STM32F2xx_HAL_Driver/Src/stm32f2xx_hal_tim_ex.c ****     }
1414:Drivers/STM32F2xx_HAL_Driver/Src/stm32f2xx_hal_tim_ex.c **** 
1415:Drivers/STM32F2xx_HAL_Driver/Src/stm32f2xx_hal_tim_ex.c ****     case TIM_CHANNEL_3:
1416:Drivers/STM32F2xx_HAL_Driver/Src/stm32f2xx_hal_tim_ex.c ****     {
1417:Drivers/STM32F2xx_HAL_Driver/Src/stm32f2xx_hal_tim_ex.c ****       /* Set the DMA compare callbacks */
1418:Drivers/STM32F2xx_HAL_Driver/Src/stm32f2xx_hal_tim_ex.c ****       htim->hdma[TIM_DMA_ID_CC3]->XferCpltCallback = TIM_DMADelayPulseNCplt;
1419:Drivers/STM32F2xx_HAL_Driver/Src/stm32f2xx_hal_tim_ex.c ****       htim->hdma[TIM_DMA_ID_CC3]->XferHalfCpltCallback = TIM_DMADelayPulseHalfCplt;
1420:Drivers/STM32F2xx_HAL_Driver/Src/stm32f2xx_hal_tim_ex.c **** 
1421:Drivers/STM32F2xx_HAL_Driver/Src/stm32f2xx_hal_tim_ex.c ****       /* Set the DMA error callback */
1422:Drivers/STM32F2xx_HAL_Driver/Src/stm32f2xx_hal_tim_ex.c ****       htim->hdma[TIM_DMA_ID_CC3]->XferErrorCallback = TIM_DMAErrorCCxN ;
1423:Drivers/STM32F2xx_HAL_Driver/Src/stm32f2xx_hal_tim_ex.c **** 
1424:Drivers/STM32F2xx_HAL_Driver/Src/stm32f2xx_hal_tim_ex.c ****       /* Enable the DMA stream */
1425:Drivers/STM32F2xx_HAL_Driver/Src/stm32f2xx_hal_tim_ex.c ****       if (HAL_DMA_Start_IT(htim->hdma[TIM_DMA_ID_CC3], (uint32_t)pData, (uint32_t)&htim->Instance->
1426:Drivers/STM32F2xx_HAL_Driver/Src/stm32f2xx_hal_tim_ex.c ****                            Length) != HAL_OK)
1427:Drivers/STM32F2xx_HAL_Driver/Src/stm32f2xx_hal_tim_ex.c ****       {
1428:Drivers/STM32F2xx_HAL_Driver/Src/stm32f2xx_hal_tim_ex.c ****         /* Return error status */
1429:Drivers/STM32F2xx_HAL_Driver/Src/stm32f2xx_hal_tim_ex.c ****         return HAL_ERROR;
1430:Drivers/STM32F2xx_HAL_Driver/Src/stm32f2xx_hal_tim_ex.c ****       }
1431:Drivers/STM32F2xx_HAL_Driver/Src/stm32f2xx_hal_tim_ex.c ****       /* Enable the TIM Capture/Compare 3 DMA request */
1432:Drivers/STM32F2xx_HAL_Driver/Src/stm32f2xx_hal_tim_ex.c ****       __HAL_TIM_ENABLE_DMA(htim, TIM_DMA_CC3);
1433:Drivers/STM32F2xx_HAL_Driver/Src/stm32f2xx_hal_tim_ex.c ****       break;
1434:Drivers/STM32F2xx_HAL_Driver/Src/stm32f2xx_hal_tim_ex.c ****     }
1435:Drivers/STM32F2xx_HAL_Driver/Src/stm32f2xx_hal_tim_ex.c **** 
1436:Drivers/STM32F2xx_HAL_Driver/Src/stm32f2xx_hal_tim_ex.c ****     default:
1437:Drivers/STM32F2xx_HAL_Driver/Src/stm32f2xx_hal_tim_ex.c ****       status = HAL_ERROR;
1438:Drivers/STM32F2xx_HAL_Driver/Src/stm32f2xx_hal_tim_ex.c ****       break;
1439:Drivers/STM32F2xx_HAL_Driver/Src/stm32f2xx_hal_tim_ex.c ****   }
1440:Drivers/STM32F2xx_HAL_Driver/Src/stm32f2xx_hal_tim_ex.c **** 
1441:Drivers/STM32F2xx_HAL_Driver/Src/stm32f2xx_hal_tim_ex.c ****   if (status == HAL_OK)
1442:Drivers/STM32F2xx_HAL_Driver/Src/stm32f2xx_hal_tim_ex.c ****   {
1443:Drivers/STM32F2xx_HAL_Driver/Src/stm32f2xx_hal_tim_ex.c ****     /* Enable the complementary PWM output  */
1444:Drivers/STM32F2xx_HAL_Driver/Src/stm32f2xx_hal_tim_ex.c ****     TIM_CCxNChannelCmd(htim->Instance, Channel, TIM_CCxN_ENABLE);
1445:Drivers/STM32F2xx_HAL_Driver/Src/stm32f2xx_hal_tim_ex.c **** 
1446:Drivers/STM32F2xx_HAL_Driver/Src/stm32f2xx_hal_tim_ex.c ****     /* Enable the Main Output */
1447:Drivers/STM32F2xx_HAL_Driver/Src/stm32f2xx_hal_tim_ex.c ****     __HAL_TIM_MOE_ENABLE(htim);
1448:Drivers/STM32F2xx_HAL_Driver/Src/stm32f2xx_hal_tim_ex.c **** 
1449:Drivers/STM32F2xx_HAL_Driver/Src/stm32f2xx_hal_tim_ex.c ****     /* Enable the Peripheral, except in trigger mode where enable is automatically done with trigge
1450:Drivers/STM32F2xx_HAL_Driver/Src/stm32f2xx_hal_tim_ex.c ****     if (IS_TIM_SLAVE_INSTANCE(htim->Instance))
1451:Drivers/STM32F2xx_HAL_Driver/Src/stm32f2xx_hal_tim_ex.c ****     {
1452:Drivers/STM32F2xx_HAL_Driver/Src/stm32f2xx_hal_tim_ex.c ****       tmpsmcr = htim->Instance->SMCR & TIM_SMCR_SMS;
1453:Drivers/STM32F2xx_HAL_Driver/Src/stm32f2xx_hal_tim_ex.c ****       if (!IS_TIM_SLAVEMODE_TRIGGER_ENABLED(tmpsmcr))
1454:Drivers/STM32F2xx_HAL_Driver/Src/stm32f2xx_hal_tim_ex.c ****       {
1455:Drivers/STM32F2xx_HAL_Driver/Src/stm32f2xx_hal_tim_ex.c ****         __HAL_TIM_ENABLE(htim);
1456:Drivers/STM32F2xx_HAL_Driver/Src/stm32f2xx_hal_tim_ex.c ****       }
1457:Drivers/STM32F2xx_HAL_Driver/Src/stm32f2xx_hal_tim_ex.c ****     }
ARM GAS  /tmp/ccdDJwMc.s 			page 27


1458:Drivers/STM32F2xx_HAL_Driver/Src/stm32f2xx_hal_tim_ex.c ****     else
1459:Drivers/STM32F2xx_HAL_Driver/Src/stm32f2xx_hal_tim_ex.c ****     {
1460:Drivers/STM32F2xx_HAL_Driver/Src/stm32f2xx_hal_tim_ex.c ****       __HAL_TIM_ENABLE(htim);
1461:Drivers/STM32F2xx_HAL_Driver/Src/stm32f2xx_hal_tim_ex.c ****     }
1462:Drivers/STM32F2xx_HAL_Driver/Src/stm32f2xx_hal_tim_ex.c ****   }
1463:Drivers/STM32F2xx_HAL_Driver/Src/stm32f2xx_hal_tim_ex.c **** 
1464:Drivers/STM32F2xx_HAL_Driver/Src/stm32f2xx_hal_tim_ex.c ****   /* Return function status */
1465:Drivers/STM32F2xx_HAL_Driver/Src/stm32f2xx_hal_tim_ex.c ****   return status;
1466:Drivers/STM32F2xx_HAL_Driver/Src/stm32f2xx_hal_tim_ex.c **** }
1467:Drivers/STM32F2xx_HAL_Driver/Src/stm32f2xx_hal_tim_ex.c **** 
1468:Drivers/STM32F2xx_HAL_Driver/Src/stm32f2xx_hal_tim_ex.c **** /**
1469:Drivers/STM32F2xx_HAL_Driver/Src/stm32f2xx_hal_tim_ex.c ****   * @brief  Stops the TIM PWM signal generation in DMA mode on the complementary
1470:Drivers/STM32F2xx_HAL_Driver/Src/stm32f2xx_hal_tim_ex.c ****   *         output
1471:Drivers/STM32F2xx_HAL_Driver/Src/stm32f2xx_hal_tim_ex.c ****   * @param  htim TIM handle
1472:Drivers/STM32F2xx_HAL_Driver/Src/stm32f2xx_hal_tim_ex.c ****   * @param  Channel TIM Channel to be disabled
1473:Drivers/STM32F2xx_HAL_Driver/Src/stm32f2xx_hal_tim_ex.c ****   *          This parameter can be one of the following values:
1474:Drivers/STM32F2xx_HAL_Driver/Src/stm32f2xx_hal_tim_ex.c ****   *            @arg TIM_CHANNEL_1: TIM Channel 1 selected
1475:Drivers/STM32F2xx_HAL_Driver/Src/stm32f2xx_hal_tim_ex.c ****   *            @arg TIM_CHANNEL_2: TIM Channel 2 selected
1476:Drivers/STM32F2xx_HAL_Driver/Src/stm32f2xx_hal_tim_ex.c ****   *            @arg TIM_CHANNEL_3: TIM Channel 3 selected
1477:Drivers/STM32F2xx_HAL_Driver/Src/stm32f2xx_hal_tim_ex.c ****   * @retval HAL status
1478:Drivers/STM32F2xx_HAL_Driver/Src/stm32f2xx_hal_tim_ex.c ****   */
1479:Drivers/STM32F2xx_HAL_Driver/Src/stm32f2xx_hal_tim_ex.c **** HAL_StatusTypeDef HAL_TIMEx_PWMN_Stop_DMA(TIM_HandleTypeDef *htim, uint32_t Channel)
1480:Drivers/STM32F2xx_HAL_Driver/Src/stm32f2xx_hal_tim_ex.c **** {
1481:Drivers/STM32F2xx_HAL_Driver/Src/stm32f2xx_hal_tim_ex.c ****   HAL_StatusTypeDef status = HAL_OK;
1482:Drivers/STM32F2xx_HAL_Driver/Src/stm32f2xx_hal_tim_ex.c **** 
1483:Drivers/STM32F2xx_HAL_Driver/Src/stm32f2xx_hal_tim_ex.c ****   /* Check the parameters */
1484:Drivers/STM32F2xx_HAL_Driver/Src/stm32f2xx_hal_tim_ex.c ****   assert_param(IS_TIM_CCXN_INSTANCE(htim->Instance, Channel));
1485:Drivers/STM32F2xx_HAL_Driver/Src/stm32f2xx_hal_tim_ex.c **** 
1486:Drivers/STM32F2xx_HAL_Driver/Src/stm32f2xx_hal_tim_ex.c ****   switch (Channel)
1487:Drivers/STM32F2xx_HAL_Driver/Src/stm32f2xx_hal_tim_ex.c ****   {
1488:Drivers/STM32F2xx_HAL_Driver/Src/stm32f2xx_hal_tim_ex.c ****     case TIM_CHANNEL_1:
1489:Drivers/STM32F2xx_HAL_Driver/Src/stm32f2xx_hal_tim_ex.c ****     {
1490:Drivers/STM32F2xx_HAL_Driver/Src/stm32f2xx_hal_tim_ex.c ****       /* Disable the TIM Capture/Compare 1 DMA request */
1491:Drivers/STM32F2xx_HAL_Driver/Src/stm32f2xx_hal_tim_ex.c ****       __HAL_TIM_DISABLE_DMA(htim, TIM_DMA_CC1);
1492:Drivers/STM32F2xx_HAL_Driver/Src/stm32f2xx_hal_tim_ex.c ****       (void)HAL_DMA_Abort_IT(htim->hdma[TIM_DMA_ID_CC1]);
1493:Drivers/STM32F2xx_HAL_Driver/Src/stm32f2xx_hal_tim_ex.c ****       break;
1494:Drivers/STM32F2xx_HAL_Driver/Src/stm32f2xx_hal_tim_ex.c ****     }
1495:Drivers/STM32F2xx_HAL_Driver/Src/stm32f2xx_hal_tim_ex.c **** 
1496:Drivers/STM32F2xx_HAL_Driver/Src/stm32f2xx_hal_tim_ex.c ****     case TIM_CHANNEL_2:
1497:Drivers/STM32F2xx_HAL_Driver/Src/stm32f2xx_hal_tim_ex.c ****     {
1498:Drivers/STM32F2xx_HAL_Driver/Src/stm32f2xx_hal_tim_ex.c ****       /* Disable the TIM Capture/Compare 2 DMA request */
1499:Drivers/STM32F2xx_HAL_Driver/Src/stm32f2xx_hal_tim_ex.c ****       __HAL_TIM_DISABLE_DMA(htim, TIM_DMA_CC2);
1500:Drivers/STM32F2xx_HAL_Driver/Src/stm32f2xx_hal_tim_ex.c ****       (void)HAL_DMA_Abort_IT(htim->hdma[TIM_DMA_ID_CC2]);
1501:Drivers/STM32F2xx_HAL_Driver/Src/stm32f2xx_hal_tim_ex.c ****       break;
1502:Drivers/STM32F2xx_HAL_Driver/Src/stm32f2xx_hal_tim_ex.c ****     }
1503:Drivers/STM32F2xx_HAL_Driver/Src/stm32f2xx_hal_tim_ex.c **** 
1504:Drivers/STM32F2xx_HAL_Driver/Src/stm32f2xx_hal_tim_ex.c ****     case TIM_CHANNEL_3:
1505:Drivers/STM32F2xx_HAL_Driver/Src/stm32f2xx_hal_tim_ex.c ****     {
1506:Drivers/STM32F2xx_HAL_Driver/Src/stm32f2xx_hal_tim_ex.c ****       /* Disable the TIM Capture/Compare 3 DMA request */
1507:Drivers/STM32F2xx_HAL_Driver/Src/stm32f2xx_hal_tim_ex.c ****       __HAL_TIM_DISABLE_DMA(htim, TIM_DMA_CC3);
1508:Drivers/STM32F2xx_HAL_Driver/Src/stm32f2xx_hal_tim_ex.c ****       (void)HAL_DMA_Abort_IT(htim->hdma[TIM_DMA_ID_CC3]);
1509:Drivers/STM32F2xx_HAL_Driver/Src/stm32f2xx_hal_tim_ex.c ****       break;
1510:Drivers/STM32F2xx_HAL_Driver/Src/stm32f2xx_hal_tim_ex.c ****     }
1511:Drivers/STM32F2xx_HAL_Driver/Src/stm32f2xx_hal_tim_ex.c **** 
1512:Drivers/STM32F2xx_HAL_Driver/Src/stm32f2xx_hal_tim_ex.c ****     default:
1513:Drivers/STM32F2xx_HAL_Driver/Src/stm32f2xx_hal_tim_ex.c ****       status = HAL_ERROR;
1514:Drivers/STM32F2xx_HAL_Driver/Src/stm32f2xx_hal_tim_ex.c ****       break;
ARM GAS  /tmp/ccdDJwMc.s 			page 28


1515:Drivers/STM32F2xx_HAL_Driver/Src/stm32f2xx_hal_tim_ex.c ****   }
1516:Drivers/STM32F2xx_HAL_Driver/Src/stm32f2xx_hal_tim_ex.c **** 
1517:Drivers/STM32F2xx_HAL_Driver/Src/stm32f2xx_hal_tim_ex.c ****   if (status == HAL_OK)
1518:Drivers/STM32F2xx_HAL_Driver/Src/stm32f2xx_hal_tim_ex.c ****   {
1519:Drivers/STM32F2xx_HAL_Driver/Src/stm32f2xx_hal_tim_ex.c ****     /* Disable the complementary PWM output */
1520:Drivers/STM32F2xx_HAL_Driver/Src/stm32f2xx_hal_tim_ex.c ****     TIM_CCxNChannelCmd(htim->Instance, Channel, TIM_CCxN_DISABLE);
1521:Drivers/STM32F2xx_HAL_Driver/Src/stm32f2xx_hal_tim_ex.c **** 
1522:Drivers/STM32F2xx_HAL_Driver/Src/stm32f2xx_hal_tim_ex.c ****     /* Disable the Main Output */
1523:Drivers/STM32F2xx_HAL_Driver/Src/stm32f2xx_hal_tim_ex.c ****     __HAL_TIM_MOE_DISABLE(htim);
1524:Drivers/STM32F2xx_HAL_Driver/Src/stm32f2xx_hal_tim_ex.c **** 
1525:Drivers/STM32F2xx_HAL_Driver/Src/stm32f2xx_hal_tim_ex.c ****     /* Disable the Peripheral */
1526:Drivers/STM32F2xx_HAL_Driver/Src/stm32f2xx_hal_tim_ex.c ****     __HAL_TIM_DISABLE(htim);
1527:Drivers/STM32F2xx_HAL_Driver/Src/stm32f2xx_hal_tim_ex.c **** 
1528:Drivers/STM32F2xx_HAL_Driver/Src/stm32f2xx_hal_tim_ex.c ****     /* Set the TIM complementary channel state */
1529:Drivers/STM32F2xx_HAL_Driver/Src/stm32f2xx_hal_tim_ex.c ****     TIM_CHANNEL_N_STATE_SET(htim, Channel, HAL_TIM_CHANNEL_STATE_READY);
1530:Drivers/STM32F2xx_HAL_Driver/Src/stm32f2xx_hal_tim_ex.c ****   }
1531:Drivers/STM32F2xx_HAL_Driver/Src/stm32f2xx_hal_tim_ex.c **** 
1532:Drivers/STM32F2xx_HAL_Driver/Src/stm32f2xx_hal_tim_ex.c ****   /* Return function status */
1533:Drivers/STM32F2xx_HAL_Driver/Src/stm32f2xx_hal_tim_ex.c ****   return status;
1534:Drivers/STM32F2xx_HAL_Driver/Src/stm32f2xx_hal_tim_ex.c **** }
1535:Drivers/STM32F2xx_HAL_Driver/Src/stm32f2xx_hal_tim_ex.c **** 
1536:Drivers/STM32F2xx_HAL_Driver/Src/stm32f2xx_hal_tim_ex.c **** /**
1537:Drivers/STM32F2xx_HAL_Driver/Src/stm32f2xx_hal_tim_ex.c ****   * @}
1538:Drivers/STM32F2xx_HAL_Driver/Src/stm32f2xx_hal_tim_ex.c ****   */
1539:Drivers/STM32F2xx_HAL_Driver/Src/stm32f2xx_hal_tim_ex.c **** 
1540:Drivers/STM32F2xx_HAL_Driver/Src/stm32f2xx_hal_tim_ex.c **** /** @defgroup TIMEx_Exported_Functions_Group4 Extended Timer Complementary One Pulse functions
1541:Drivers/STM32F2xx_HAL_Driver/Src/stm32f2xx_hal_tim_ex.c ****   * @brief    Timer Complementary One Pulse functions
1542:Drivers/STM32F2xx_HAL_Driver/Src/stm32f2xx_hal_tim_ex.c ****   *
1543:Drivers/STM32F2xx_HAL_Driver/Src/stm32f2xx_hal_tim_ex.c **** @verbatim
1544:Drivers/STM32F2xx_HAL_Driver/Src/stm32f2xx_hal_tim_ex.c ****   ==============================================================================
1545:Drivers/STM32F2xx_HAL_Driver/Src/stm32f2xx_hal_tim_ex.c ****                 ##### Timer Complementary One Pulse functions #####
1546:Drivers/STM32F2xx_HAL_Driver/Src/stm32f2xx_hal_tim_ex.c ****   ==============================================================================
1547:Drivers/STM32F2xx_HAL_Driver/Src/stm32f2xx_hal_tim_ex.c ****   [..]
1548:Drivers/STM32F2xx_HAL_Driver/Src/stm32f2xx_hal_tim_ex.c ****     This section provides functions allowing to:
1549:Drivers/STM32F2xx_HAL_Driver/Src/stm32f2xx_hal_tim_ex.c ****     (+) Start the Complementary One Pulse generation.
1550:Drivers/STM32F2xx_HAL_Driver/Src/stm32f2xx_hal_tim_ex.c ****     (+) Stop the Complementary One Pulse.
1551:Drivers/STM32F2xx_HAL_Driver/Src/stm32f2xx_hal_tim_ex.c ****     (+) Start the Complementary One Pulse and enable interrupts.
1552:Drivers/STM32F2xx_HAL_Driver/Src/stm32f2xx_hal_tim_ex.c ****     (+) Stop the Complementary One Pulse and disable interrupts.
1553:Drivers/STM32F2xx_HAL_Driver/Src/stm32f2xx_hal_tim_ex.c **** 
1554:Drivers/STM32F2xx_HAL_Driver/Src/stm32f2xx_hal_tim_ex.c **** @endverbatim
1555:Drivers/STM32F2xx_HAL_Driver/Src/stm32f2xx_hal_tim_ex.c ****   * @{
1556:Drivers/STM32F2xx_HAL_Driver/Src/stm32f2xx_hal_tim_ex.c ****   */
1557:Drivers/STM32F2xx_HAL_Driver/Src/stm32f2xx_hal_tim_ex.c **** 
1558:Drivers/STM32F2xx_HAL_Driver/Src/stm32f2xx_hal_tim_ex.c **** /**
1559:Drivers/STM32F2xx_HAL_Driver/Src/stm32f2xx_hal_tim_ex.c ****   * @brief  Starts the TIM One Pulse signal generation on the complementary
1560:Drivers/STM32F2xx_HAL_Driver/Src/stm32f2xx_hal_tim_ex.c ****   *         output.
1561:Drivers/STM32F2xx_HAL_Driver/Src/stm32f2xx_hal_tim_ex.c ****   * @note OutputChannel must match the pulse output channel chosen when calling
1562:Drivers/STM32F2xx_HAL_Driver/Src/stm32f2xx_hal_tim_ex.c ****   *       @ref HAL_TIM_OnePulse_ConfigChannel().
1563:Drivers/STM32F2xx_HAL_Driver/Src/stm32f2xx_hal_tim_ex.c ****   * @param  htim TIM One Pulse handle
1564:Drivers/STM32F2xx_HAL_Driver/Src/stm32f2xx_hal_tim_ex.c ****   * @param  OutputChannel pulse output channel to enable
1565:Drivers/STM32F2xx_HAL_Driver/Src/stm32f2xx_hal_tim_ex.c ****   *          This parameter can be one of the following values:
1566:Drivers/STM32F2xx_HAL_Driver/Src/stm32f2xx_hal_tim_ex.c ****   *            @arg TIM_CHANNEL_1: TIM Channel 1 selected
1567:Drivers/STM32F2xx_HAL_Driver/Src/stm32f2xx_hal_tim_ex.c ****   *            @arg TIM_CHANNEL_2: TIM Channel 2 selected
1568:Drivers/STM32F2xx_HAL_Driver/Src/stm32f2xx_hal_tim_ex.c ****   * @retval HAL status
1569:Drivers/STM32F2xx_HAL_Driver/Src/stm32f2xx_hal_tim_ex.c ****   */
1570:Drivers/STM32F2xx_HAL_Driver/Src/stm32f2xx_hal_tim_ex.c **** HAL_StatusTypeDef HAL_TIMEx_OnePulseN_Start(TIM_HandleTypeDef *htim, uint32_t OutputChannel)
1571:Drivers/STM32F2xx_HAL_Driver/Src/stm32f2xx_hal_tim_ex.c **** {
ARM GAS  /tmp/ccdDJwMc.s 			page 29


1572:Drivers/STM32F2xx_HAL_Driver/Src/stm32f2xx_hal_tim_ex.c ****   uint32_t input_channel = (OutputChannel == TIM_CHANNEL_1) ? TIM_CHANNEL_2 : TIM_CHANNEL_1;
1573:Drivers/STM32F2xx_HAL_Driver/Src/stm32f2xx_hal_tim_ex.c ****   HAL_TIM_ChannelStateTypeDef channel_1_state = TIM_CHANNEL_STATE_GET(htim, TIM_CHANNEL_1);
1574:Drivers/STM32F2xx_HAL_Driver/Src/stm32f2xx_hal_tim_ex.c ****   HAL_TIM_ChannelStateTypeDef channel_2_state = TIM_CHANNEL_STATE_GET(htim, TIM_CHANNEL_2);
1575:Drivers/STM32F2xx_HAL_Driver/Src/stm32f2xx_hal_tim_ex.c ****   HAL_TIM_ChannelStateTypeDef complementary_channel_1_state = TIM_CHANNEL_N_STATE_GET(htim, TIM_CHA
1576:Drivers/STM32F2xx_HAL_Driver/Src/stm32f2xx_hal_tim_ex.c ****   HAL_TIM_ChannelStateTypeDef complementary_channel_2_state = TIM_CHANNEL_N_STATE_GET(htim, TIM_CHA
1577:Drivers/STM32F2xx_HAL_Driver/Src/stm32f2xx_hal_tim_ex.c **** 
1578:Drivers/STM32F2xx_HAL_Driver/Src/stm32f2xx_hal_tim_ex.c ****   /* Check the parameters */
1579:Drivers/STM32F2xx_HAL_Driver/Src/stm32f2xx_hal_tim_ex.c ****   assert_param(IS_TIM_CCXN_INSTANCE(htim->Instance, OutputChannel));
1580:Drivers/STM32F2xx_HAL_Driver/Src/stm32f2xx_hal_tim_ex.c **** 
1581:Drivers/STM32F2xx_HAL_Driver/Src/stm32f2xx_hal_tim_ex.c ****   /* Check the TIM channels state */
1582:Drivers/STM32F2xx_HAL_Driver/Src/stm32f2xx_hal_tim_ex.c ****   if ((channel_1_state != HAL_TIM_CHANNEL_STATE_READY)
1583:Drivers/STM32F2xx_HAL_Driver/Src/stm32f2xx_hal_tim_ex.c ****       || (channel_2_state != HAL_TIM_CHANNEL_STATE_READY)
1584:Drivers/STM32F2xx_HAL_Driver/Src/stm32f2xx_hal_tim_ex.c ****       || (complementary_channel_1_state != HAL_TIM_CHANNEL_STATE_READY)
1585:Drivers/STM32F2xx_HAL_Driver/Src/stm32f2xx_hal_tim_ex.c ****       || (complementary_channel_2_state != HAL_TIM_CHANNEL_STATE_READY))
1586:Drivers/STM32F2xx_HAL_Driver/Src/stm32f2xx_hal_tim_ex.c ****   {
1587:Drivers/STM32F2xx_HAL_Driver/Src/stm32f2xx_hal_tim_ex.c ****     return HAL_ERROR;
1588:Drivers/STM32F2xx_HAL_Driver/Src/stm32f2xx_hal_tim_ex.c ****   }
1589:Drivers/STM32F2xx_HAL_Driver/Src/stm32f2xx_hal_tim_ex.c **** 
1590:Drivers/STM32F2xx_HAL_Driver/Src/stm32f2xx_hal_tim_ex.c ****   /* Set the TIM channels state */
1591:Drivers/STM32F2xx_HAL_Driver/Src/stm32f2xx_hal_tim_ex.c ****   TIM_CHANNEL_STATE_SET(htim, TIM_CHANNEL_1, HAL_TIM_CHANNEL_STATE_BUSY);
1592:Drivers/STM32F2xx_HAL_Driver/Src/stm32f2xx_hal_tim_ex.c ****   TIM_CHANNEL_STATE_SET(htim, TIM_CHANNEL_2, HAL_TIM_CHANNEL_STATE_BUSY);
1593:Drivers/STM32F2xx_HAL_Driver/Src/stm32f2xx_hal_tim_ex.c ****   TIM_CHANNEL_N_STATE_SET(htim, TIM_CHANNEL_1, HAL_TIM_CHANNEL_STATE_BUSY);
1594:Drivers/STM32F2xx_HAL_Driver/Src/stm32f2xx_hal_tim_ex.c ****   TIM_CHANNEL_N_STATE_SET(htim, TIM_CHANNEL_2, HAL_TIM_CHANNEL_STATE_BUSY);
1595:Drivers/STM32F2xx_HAL_Driver/Src/stm32f2xx_hal_tim_ex.c **** 
1596:Drivers/STM32F2xx_HAL_Driver/Src/stm32f2xx_hal_tim_ex.c ****   /* Enable the complementary One Pulse output channel and the Input Capture channel */
1597:Drivers/STM32F2xx_HAL_Driver/Src/stm32f2xx_hal_tim_ex.c ****   TIM_CCxNChannelCmd(htim->Instance, OutputChannel, TIM_CCxN_ENABLE);
1598:Drivers/STM32F2xx_HAL_Driver/Src/stm32f2xx_hal_tim_ex.c ****   TIM_CCxChannelCmd(htim->Instance, input_channel, TIM_CCx_ENABLE);
1599:Drivers/STM32F2xx_HAL_Driver/Src/stm32f2xx_hal_tim_ex.c **** 
1600:Drivers/STM32F2xx_HAL_Driver/Src/stm32f2xx_hal_tim_ex.c ****   /* Enable the Main Output */
1601:Drivers/STM32F2xx_HAL_Driver/Src/stm32f2xx_hal_tim_ex.c ****   __HAL_TIM_MOE_ENABLE(htim);
1602:Drivers/STM32F2xx_HAL_Driver/Src/stm32f2xx_hal_tim_ex.c **** 
1603:Drivers/STM32F2xx_HAL_Driver/Src/stm32f2xx_hal_tim_ex.c ****   /* Return function status */
1604:Drivers/STM32F2xx_HAL_Driver/Src/stm32f2xx_hal_tim_ex.c ****   return HAL_OK;
1605:Drivers/STM32F2xx_HAL_Driver/Src/stm32f2xx_hal_tim_ex.c **** }
1606:Drivers/STM32F2xx_HAL_Driver/Src/stm32f2xx_hal_tim_ex.c **** 
1607:Drivers/STM32F2xx_HAL_Driver/Src/stm32f2xx_hal_tim_ex.c **** /**
1608:Drivers/STM32F2xx_HAL_Driver/Src/stm32f2xx_hal_tim_ex.c ****   * @brief  Stops the TIM One Pulse signal generation on the complementary
1609:Drivers/STM32F2xx_HAL_Driver/Src/stm32f2xx_hal_tim_ex.c ****   *         output.
1610:Drivers/STM32F2xx_HAL_Driver/Src/stm32f2xx_hal_tim_ex.c ****   * @note OutputChannel must match the pulse output channel chosen when calling
1611:Drivers/STM32F2xx_HAL_Driver/Src/stm32f2xx_hal_tim_ex.c ****   *       @ref HAL_TIM_OnePulse_ConfigChannel().
1612:Drivers/STM32F2xx_HAL_Driver/Src/stm32f2xx_hal_tim_ex.c ****   * @param  htim TIM One Pulse handle
1613:Drivers/STM32F2xx_HAL_Driver/Src/stm32f2xx_hal_tim_ex.c ****   * @param  OutputChannel pulse output channel to disable
1614:Drivers/STM32F2xx_HAL_Driver/Src/stm32f2xx_hal_tim_ex.c ****   *          This parameter can be one of the following values:
1615:Drivers/STM32F2xx_HAL_Driver/Src/stm32f2xx_hal_tim_ex.c ****   *            @arg TIM_CHANNEL_1: TIM Channel 1 selected
1616:Drivers/STM32F2xx_HAL_Driver/Src/stm32f2xx_hal_tim_ex.c ****   *            @arg TIM_CHANNEL_2: TIM Channel 2 selected
1617:Drivers/STM32F2xx_HAL_Driver/Src/stm32f2xx_hal_tim_ex.c ****   * @retval HAL status
1618:Drivers/STM32F2xx_HAL_Driver/Src/stm32f2xx_hal_tim_ex.c ****   */
1619:Drivers/STM32F2xx_HAL_Driver/Src/stm32f2xx_hal_tim_ex.c **** HAL_StatusTypeDef HAL_TIMEx_OnePulseN_Stop(TIM_HandleTypeDef *htim, uint32_t OutputChannel)
1620:Drivers/STM32F2xx_HAL_Driver/Src/stm32f2xx_hal_tim_ex.c **** {
1621:Drivers/STM32F2xx_HAL_Driver/Src/stm32f2xx_hal_tim_ex.c ****   uint32_t input_channel = (OutputChannel == TIM_CHANNEL_1) ? TIM_CHANNEL_2 : TIM_CHANNEL_1;
1622:Drivers/STM32F2xx_HAL_Driver/Src/stm32f2xx_hal_tim_ex.c **** 
1623:Drivers/STM32F2xx_HAL_Driver/Src/stm32f2xx_hal_tim_ex.c ****   /* Check the parameters */
1624:Drivers/STM32F2xx_HAL_Driver/Src/stm32f2xx_hal_tim_ex.c ****   assert_param(IS_TIM_CCXN_INSTANCE(htim->Instance, OutputChannel));
1625:Drivers/STM32F2xx_HAL_Driver/Src/stm32f2xx_hal_tim_ex.c **** 
1626:Drivers/STM32F2xx_HAL_Driver/Src/stm32f2xx_hal_tim_ex.c ****   /* Disable the complementary One Pulse output channel and the Input Capture channel */
1627:Drivers/STM32F2xx_HAL_Driver/Src/stm32f2xx_hal_tim_ex.c ****   TIM_CCxNChannelCmd(htim->Instance, OutputChannel, TIM_CCxN_DISABLE);
1628:Drivers/STM32F2xx_HAL_Driver/Src/stm32f2xx_hal_tim_ex.c ****   TIM_CCxChannelCmd(htim->Instance, input_channel, TIM_CCx_DISABLE);
ARM GAS  /tmp/ccdDJwMc.s 			page 30


1629:Drivers/STM32F2xx_HAL_Driver/Src/stm32f2xx_hal_tim_ex.c **** 
1630:Drivers/STM32F2xx_HAL_Driver/Src/stm32f2xx_hal_tim_ex.c ****   /* Disable the Main Output */
1631:Drivers/STM32F2xx_HAL_Driver/Src/stm32f2xx_hal_tim_ex.c ****   __HAL_TIM_MOE_DISABLE(htim);
1632:Drivers/STM32F2xx_HAL_Driver/Src/stm32f2xx_hal_tim_ex.c **** 
1633:Drivers/STM32F2xx_HAL_Driver/Src/stm32f2xx_hal_tim_ex.c ****   /* Disable the Peripheral */
1634:Drivers/STM32F2xx_HAL_Driver/Src/stm32f2xx_hal_tim_ex.c ****   __HAL_TIM_DISABLE(htim);
1635:Drivers/STM32F2xx_HAL_Driver/Src/stm32f2xx_hal_tim_ex.c **** 
1636:Drivers/STM32F2xx_HAL_Driver/Src/stm32f2xx_hal_tim_ex.c ****   /* Set the TIM  channels state */
1637:Drivers/STM32F2xx_HAL_Driver/Src/stm32f2xx_hal_tim_ex.c ****   TIM_CHANNEL_STATE_SET(htim, TIM_CHANNEL_1, HAL_TIM_CHANNEL_STATE_READY);
1638:Drivers/STM32F2xx_HAL_Driver/Src/stm32f2xx_hal_tim_ex.c ****   TIM_CHANNEL_STATE_SET(htim, TIM_CHANNEL_2, HAL_TIM_CHANNEL_STATE_READY);
1639:Drivers/STM32F2xx_HAL_Driver/Src/stm32f2xx_hal_tim_ex.c ****   TIM_CHANNEL_N_STATE_SET(htim, TIM_CHANNEL_1, HAL_TIM_CHANNEL_STATE_READY);
1640:Drivers/STM32F2xx_HAL_Driver/Src/stm32f2xx_hal_tim_ex.c ****   TIM_CHANNEL_N_STATE_SET(htim, TIM_CHANNEL_2, HAL_TIM_CHANNEL_STATE_READY);
1641:Drivers/STM32F2xx_HAL_Driver/Src/stm32f2xx_hal_tim_ex.c **** 
1642:Drivers/STM32F2xx_HAL_Driver/Src/stm32f2xx_hal_tim_ex.c ****   /* Return function status */
1643:Drivers/STM32F2xx_HAL_Driver/Src/stm32f2xx_hal_tim_ex.c ****   return HAL_OK;
1644:Drivers/STM32F2xx_HAL_Driver/Src/stm32f2xx_hal_tim_ex.c **** }
1645:Drivers/STM32F2xx_HAL_Driver/Src/stm32f2xx_hal_tim_ex.c **** 
1646:Drivers/STM32F2xx_HAL_Driver/Src/stm32f2xx_hal_tim_ex.c **** /**
1647:Drivers/STM32F2xx_HAL_Driver/Src/stm32f2xx_hal_tim_ex.c ****   * @brief  Starts the TIM One Pulse signal generation in interrupt mode on the
1648:Drivers/STM32F2xx_HAL_Driver/Src/stm32f2xx_hal_tim_ex.c ****   *         complementary channel.
1649:Drivers/STM32F2xx_HAL_Driver/Src/stm32f2xx_hal_tim_ex.c ****   * @note OutputChannel must match the pulse output channel chosen when calling
1650:Drivers/STM32F2xx_HAL_Driver/Src/stm32f2xx_hal_tim_ex.c ****   *       @ref HAL_TIM_OnePulse_ConfigChannel().
1651:Drivers/STM32F2xx_HAL_Driver/Src/stm32f2xx_hal_tim_ex.c ****   * @param  htim TIM One Pulse handle
1652:Drivers/STM32F2xx_HAL_Driver/Src/stm32f2xx_hal_tim_ex.c ****   * @param  OutputChannel pulse output channel to enable
1653:Drivers/STM32F2xx_HAL_Driver/Src/stm32f2xx_hal_tim_ex.c ****   *          This parameter can be one of the following values:
1654:Drivers/STM32F2xx_HAL_Driver/Src/stm32f2xx_hal_tim_ex.c ****   *            @arg TIM_CHANNEL_1: TIM Channel 1 selected
1655:Drivers/STM32F2xx_HAL_Driver/Src/stm32f2xx_hal_tim_ex.c ****   *            @arg TIM_CHANNEL_2: TIM Channel 2 selected
1656:Drivers/STM32F2xx_HAL_Driver/Src/stm32f2xx_hal_tim_ex.c ****   * @retval HAL status
1657:Drivers/STM32F2xx_HAL_Driver/Src/stm32f2xx_hal_tim_ex.c ****   */
1658:Drivers/STM32F2xx_HAL_Driver/Src/stm32f2xx_hal_tim_ex.c **** HAL_StatusTypeDef HAL_TIMEx_OnePulseN_Start_IT(TIM_HandleTypeDef *htim, uint32_t OutputChannel)
1659:Drivers/STM32F2xx_HAL_Driver/Src/stm32f2xx_hal_tim_ex.c **** {
1660:Drivers/STM32F2xx_HAL_Driver/Src/stm32f2xx_hal_tim_ex.c ****   uint32_t input_channel = (OutputChannel == TIM_CHANNEL_1) ? TIM_CHANNEL_2 : TIM_CHANNEL_1;
1661:Drivers/STM32F2xx_HAL_Driver/Src/stm32f2xx_hal_tim_ex.c ****   HAL_TIM_ChannelStateTypeDef channel_1_state = TIM_CHANNEL_STATE_GET(htim, TIM_CHANNEL_1);
1662:Drivers/STM32F2xx_HAL_Driver/Src/stm32f2xx_hal_tim_ex.c ****   HAL_TIM_ChannelStateTypeDef channel_2_state = TIM_CHANNEL_STATE_GET(htim, TIM_CHANNEL_2);
1663:Drivers/STM32F2xx_HAL_Driver/Src/stm32f2xx_hal_tim_ex.c ****   HAL_TIM_ChannelStateTypeDef complementary_channel_1_state = TIM_CHANNEL_N_STATE_GET(htim, TIM_CHA
1664:Drivers/STM32F2xx_HAL_Driver/Src/stm32f2xx_hal_tim_ex.c ****   HAL_TIM_ChannelStateTypeDef complementary_channel_2_state = TIM_CHANNEL_N_STATE_GET(htim, TIM_CHA
1665:Drivers/STM32F2xx_HAL_Driver/Src/stm32f2xx_hal_tim_ex.c **** 
1666:Drivers/STM32F2xx_HAL_Driver/Src/stm32f2xx_hal_tim_ex.c ****   /* Check the parameters */
1667:Drivers/STM32F2xx_HAL_Driver/Src/stm32f2xx_hal_tim_ex.c ****   assert_param(IS_TIM_CCXN_INSTANCE(htim->Instance, OutputChannel));
1668:Drivers/STM32F2xx_HAL_Driver/Src/stm32f2xx_hal_tim_ex.c **** 
1669:Drivers/STM32F2xx_HAL_Driver/Src/stm32f2xx_hal_tim_ex.c ****   /* Check the TIM channels state */
1670:Drivers/STM32F2xx_HAL_Driver/Src/stm32f2xx_hal_tim_ex.c ****   if ((channel_1_state != HAL_TIM_CHANNEL_STATE_READY)
1671:Drivers/STM32F2xx_HAL_Driver/Src/stm32f2xx_hal_tim_ex.c ****       || (channel_2_state != HAL_TIM_CHANNEL_STATE_READY)
1672:Drivers/STM32F2xx_HAL_Driver/Src/stm32f2xx_hal_tim_ex.c ****       || (complementary_channel_1_state != HAL_TIM_CHANNEL_STATE_READY)
1673:Drivers/STM32F2xx_HAL_Driver/Src/stm32f2xx_hal_tim_ex.c ****       || (complementary_channel_2_state != HAL_TIM_CHANNEL_STATE_READY))
1674:Drivers/STM32F2xx_HAL_Driver/Src/stm32f2xx_hal_tim_ex.c ****   {
1675:Drivers/STM32F2xx_HAL_Driver/Src/stm32f2xx_hal_tim_ex.c ****     return HAL_ERROR;
1676:Drivers/STM32F2xx_HAL_Driver/Src/stm32f2xx_hal_tim_ex.c ****   }
1677:Drivers/STM32F2xx_HAL_Driver/Src/stm32f2xx_hal_tim_ex.c **** 
1678:Drivers/STM32F2xx_HAL_Driver/Src/stm32f2xx_hal_tim_ex.c ****   /* Set the TIM channels state */
1679:Drivers/STM32F2xx_HAL_Driver/Src/stm32f2xx_hal_tim_ex.c ****   TIM_CHANNEL_STATE_SET(htim, TIM_CHANNEL_1, HAL_TIM_CHANNEL_STATE_BUSY);
1680:Drivers/STM32F2xx_HAL_Driver/Src/stm32f2xx_hal_tim_ex.c ****   TIM_CHANNEL_STATE_SET(htim, TIM_CHANNEL_2, HAL_TIM_CHANNEL_STATE_BUSY);
1681:Drivers/STM32F2xx_HAL_Driver/Src/stm32f2xx_hal_tim_ex.c ****   TIM_CHANNEL_N_STATE_SET(htim, TIM_CHANNEL_1, HAL_TIM_CHANNEL_STATE_BUSY);
1682:Drivers/STM32F2xx_HAL_Driver/Src/stm32f2xx_hal_tim_ex.c ****   TIM_CHANNEL_N_STATE_SET(htim, TIM_CHANNEL_2, HAL_TIM_CHANNEL_STATE_BUSY);
1683:Drivers/STM32F2xx_HAL_Driver/Src/stm32f2xx_hal_tim_ex.c **** 
1684:Drivers/STM32F2xx_HAL_Driver/Src/stm32f2xx_hal_tim_ex.c ****   /* Enable the TIM Capture/Compare 1 interrupt */
1685:Drivers/STM32F2xx_HAL_Driver/Src/stm32f2xx_hal_tim_ex.c ****   __HAL_TIM_ENABLE_IT(htim, TIM_IT_CC1);
ARM GAS  /tmp/ccdDJwMc.s 			page 31


1686:Drivers/STM32F2xx_HAL_Driver/Src/stm32f2xx_hal_tim_ex.c **** 
1687:Drivers/STM32F2xx_HAL_Driver/Src/stm32f2xx_hal_tim_ex.c ****   /* Enable the TIM Capture/Compare 2 interrupt */
1688:Drivers/STM32F2xx_HAL_Driver/Src/stm32f2xx_hal_tim_ex.c ****   __HAL_TIM_ENABLE_IT(htim, TIM_IT_CC2);
1689:Drivers/STM32F2xx_HAL_Driver/Src/stm32f2xx_hal_tim_ex.c **** 
1690:Drivers/STM32F2xx_HAL_Driver/Src/stm32f2xx_hal_tim_ex.c ****   /* Enable the complementary One Pulse output channel and the Input Capture channel */
1691:Drivers/STM32F2xx_HAL_Driver/Src/stm32f2xx_hal_tim_ex.c ****   TIM_CCxNChannelCmd(htim->Instance, OutputChannel, TIM_CCxN_ENABLE);
1692:Drivers/STM32F2xx_HAL_Driver/Src/stm32f2xx_hal_tim_ex.c ****   TIM_CCxChannelCmd(htim->Instance, input_channel, TIM_CCx_ENABLE);
1693:Drivers/STM32F2xx_HAL_Driver/Src/stm32f2xx_hal_tim_ex.c **** 
1694:Drivers/STM32F2xx_HAL_Driver/Src/stm32f2xx_hal_tim_ex.c ****   /* Enable the Main Output */
1695:Drivers/STM32F2xx_HAL_Driver/Src/stm32f2xx_hal_tim_ex.c ****   __HAL_TIM_MOE_ENABLE(htim);
1696:Drivers/STM32F2xx_HAL_Driver/Src/stm32f2xx_hal_tim_ex.c **** 
1697:Drivers/STM32F2xx_HAL_Driver/Src/stm32f2xx_hal_tim_ex.c ****   /* Return function status */
1698:Drivers/STM32F2xx_HAL_Driver/Src/stm32f2xx_hal_tim_ex.c ****   return HAL_OK;
1699:Drivers/STM32F2xx_HAL_Driver/Src/stm32f2xx_hal_tim_ex.c **** }
1700:Drivers/STM32F2xx_HAL_Driver/Src/stm32f2xx_hal_tim_ex.c **** 
1701:Drivers/STM32F2xx_HAL_Driver/Src/stm32f2xx_hal_tim_ex.c **** /**
1702:Drivers/STM32F2xx_HAL_Driver/Src/stm32f2xx_hal_tim_ex.c ****   * @brief  Stops the TIM One Pulse signal generation in interrupt mode on the
1703:Drivers/STM32F2xx_HAL_Driver/Src/stm32f2xx_hal_tim_ex.c ****   *         complementary channel.
1704:Drivers/STM32F2xx_HAL_Driver/Src/stm32f2xx_hal_tim_ex.c ****   * @note OutputChannel must match the pulse output channel chosen when calling
1705:Drivers/STM32F2xx_HAL_Driver/Src/stm32f2xx_hal_tim_ex.c ****   *       @ref HAL_TIM_OnePulse_ConfigChannel().
1706:Drivers/STM32F2xx_HAL_Driver/Src/stm32f2xx_hal_tim_ex.c ****   * @param  htim TIM One Pulse handle
1707:Drivers/STM32F2xx_HAL_Driver/Src/stm32f2xx_hal_tim_ex.c ****   * @param  OutputChannel pulse output channel to disable
1708:Drivers/STM32F2xx_HAL_Driver/Src/stm32f2xx_hal_tim_ex.c ****   *          This parameter can be one of the following values:
1709:Drivers/STM32F2xx_HAL_Driver/Src/stm32f2xx_hal_tim_ex.c ****   *            @arg TIM_CHANNEL_1: TIM Channel 1 selected
1710:Drivers/STM32F2xx_HAL_Driver/Src/stm32f2xx_hal_tim_ex.c ****   *            @arg TIM_CHANNEL_2: TIM Channel 2 selected
1711:Drivers/STM32F2xx_HAL_Driver/Src/stm32f2xx_hal_tim_ex.c ****   * @retval HAL status
1712:Drivers/STM32F2xx_HAL_Driver/Src/stm32f2xx_hal_tim_ex.c ****   */
1713:Drivers/STM32F2xx_HAL_Driver/Src/stm32f2xx_hal_tim_ex.c **** HAL_StatusTypeDef HAL_TIMEx_OnePulseN_Stop_IT(TIM_HandleTypeDef *htim, uint32_t OutputChannel)
1714:Drivers/STM32F2xx_HAL_Driver/Src/stm32f2xx_hal_tim_ex.c **** {
1715:Drivers/STM32F2xx_HAL_Driver/Src/stm32f2xx_hal_tim_ex.c ****   uint32_t input_channel = (OutputChannel == TIM_CHANNEL_1) ? TIM_CHANNEL_2 : TIM_CHANNEL_1;
1716:Drivers/STM32F2xx_HAL_Driver/Src/stm32f2xx_hal_tim_ex.c **** 
1717:Drivers/STM32F2xx_HAL_Driver/Src/stm32f2xx_hal_tim_ex.c ****   /* Check the parameters */
1718:Drivers/STM32F2xx_HAL_Driver/Src/stm32f2xx_hal_tim_ex.c ****   assert_param(IS_TIM_CCXN_INSTANCE(htim->Instance, OutputChannel));
1719:Drivers/STM32F2xx_HAL_Driver/Src/stm32f2xx_hal_tim_ex.c **** 
1720:Drivers/STM32F2xx_HAL_Driver/Src/stm32f2xx_hal_tim_ex.c ****   /* Disable the TIM Capture/Compare 1 interrupt */
1721:Drivers/STM32F2xx_HAL_Driver/Src/stm32f2xx_hal_tim_ex.c ****   __HAL_TIM_DISABLE_IT(htim, TIM_IT_CC1);
1722:Drivers/STM32F2xx_HAL_Driver/Src/stm32f2xx_hal_tim_ex.c **** 
1723:Drivers/STM32F2xx_HAL_Driver/Src/stm32f2xx_hal_tim_ex.c ****   /* Disable the TIM Capture/Compare 2 interrupt */
1724:Drivers/STM32F2xx_HAL_Driver/Src/stm32f2xx_hal_tim_ex.c ****   __HAL_TIM_DISABLE_IT(htim, TIM_IT_CC2);
1725:Drivers/STM32F2xx_HAL_Driver/Src/stm32f2xx_hal_tim_ex.c **** 
1726:Drivers/STM32F2xx_HAL_Driver/Src/stm32f2xx_hal_tim_ex.c ****   /* Disable the complementary One Pulse output channel and the Input Capture channel */
1727:Drivers/STM32F2xx_HAL_Driver/Src/stm32f2xx_hal_tim_ex.c ****   TIM_CCxNChannelCmd(htim->Instance, OutputChannel, TIM_CCxN_DISABLE);
1728:Drivers/STM32F2xx_HAL_Driver/Src/stm32f2xx_hal_tim_ex.c ****   TIM_CCxChannelCmd(htim->Instance, input_channel, TIM_CCx_DISABLE);
1729:Drivers/STM32F2xx_HAL_Driver/Src/stm32f2xx_hal_tim_ex.c **** 
1730:Drivers/STM32F2xx_HAL_Driver/Src/stm32f2xx_hal_tim_ex.c ****   /* Disable the Main Output */
1731:Drivers/STM32F2xx_HAL_Driver/Src/stm32f2xx_hal_tim_ex.c ****   __HAL_TIM_MOE_DISABLE(htim);
1732:Drivers/STM32F2xx_HAL_Driver/Src/stm32f2xx_hal_tim_ex.c **** 
1733:Drivers/STM32F2xx_HAL_Driver/Src/stm32f2xx_hal_tim_ex.c ****   /* Disable the Peripheral */
1734:Drivers/STM32F2xx_HAL_Driver/Src/stm32f2xx_hal_tim_ex.c ****   __HAL_TIM_DISABLE(htim);
1735:Drivers/STM32F2xx_HAL_Driver/Src/stm32f2xx_hal_tim_ex.c **** 
1736:Drivers/STM32F2xx_HAL_Driver/Src/stm32f2xx_hal_tim_ex.c ****   /* Set the TIM  channels state */
1737:Drivers/STM32F2xx_HAL_Driver/Src/stm32f2xx_hal_tim_ex.c ****   TIM_CHANNEL_STATE_SET(htim, TIM_CHANNEL_1, HAL_TIM_CHANNEL_STATE_READY);
1738:Drivers/STM32F2xx_HAL_Driver/Src/stm32f2xx_hal_tim_ex.c ****   TIM_CHANNEL_STATE_SET(htim, TIM_CHANNEL_2, HAL_TIM_CHANNEL_STATE_READY);
1739:Drivers/STM32F2xx_HAL_Driver/Src/stm32f2xx_hal_tim_ex.c ****   TIM_CHANNEL_N_STATE_SET(htim, TIM_CHANNEL_1, HAL_TIM_CHANNEL_STATE_READY);
1740:Drivers/STM32F2xx_HAL_Driver/Src/stm32f2xx_hal_tim_ex.c ****   TIM_CHANNEL_N_STATE_SET(htim, TIM_CHANNEL_2, HAL_TIM_CHANNEL_STATE_READY);
1741:Drivers/STM32F2xx_HAL_Driver/Src/stm32f2xx_hal_tim_ex.c **** 
1742:Drivers/STM32F2xx_HAL_Driver/Src/stm32f2xx_hal_tim_ex.c ****   /* Return function status */
ARM GAS  /tmp/ccdDJwMc.s 			page 32


1743:Drivers/STM32F2xx_HAL_Driver/Src/stm32f2xx_hal_tim_ex.c ****   return HAL_OK;
1744:Drivers/STM32F2xx_HAL_Driver/Src/stm32f2xx_hal_tim_ex.c **** }
1745:Drivers/STM32F2xx_HAL_Driver/Src/stm32f2xx_hal_tim_ex.c **** 
1746:Drivers/STM32F2xx_HAL_Driver/Src/stm32f2xx_hal_tim_ex.c **** /**
1747:Drivers/STM32F2xx_HAL_Driver/Src/stm32f2xx_hal_tim_ex.c ****   * @}
1748:Drivers/STM32F2xx_HAL_Driver/Src/stm32f2xx_hal_tim_ex.c ****   */
1749:Drivers/STM32F2xx_HAL_Driver/Src/stm32f2xx_hal_tim_ex.c **** 
1750:Drivers/STM32F2xx_HAL_Driver/Src/stm32f2xx_hal_tim_ex.c **** /** @defgroup TIMEx_Exported_Functions_Group5 Extended Peripheral Control functions
1751:Drivers/STM32F2xx_HAL_Driver/Src/stm32f2xx_hal_tim_ex.c ****   * @brief    Peripheral Control functions
1752:Drivers/STM32F2xx_HAL_Driver/Src/stm32f2xx_hal_tim_ex.c ****   *
1753:Drivers/STM32F2xx_HAL_Driver/Src/stm32f2xx_hal_tim_ex.c **** @verbatim
1754:Drivers/STM32F2xx_HAL_Driver/Src/stm32f2xx_hal_tim_ex.c ****   ==============================================================================
1755:Drivers/STM32F2xx_HAL_Driver/Src/stm32f2xx_hal_tim_ex.c ****                     ##### Peripheral Control functions #####
1756:Drivers/STM32F2xx_HAL_Driver/Src/stm32f2xx_hal_tim_ex.c ****   ==============================================================================
1757:Drivers/STM32F2xx_HAL_Driver/Src/stm32f2xx_hal_tim_ex.c ****   [..]
1758:Drivers/STM32F2xx_HAL_Driver/Src/stm32f2xx_hal_tim_ex.c ****     This section provides functions allowing to:
1759:Drivers/STM32F2xx_HAL_Driver/Src/stm32f2xx_hal_tim_ex.c ****       (+) Configure the commutation event in case of use of the Hall sensor interface.
1760:Drivers/STM32F2xx_HAL_Driver/Src/stm32f2xx_hal_tim_ex.c ****       (+) Configure Output channels for OC and PWM mode.
1761:Drivers/STM32F2xx_HAL_Driver/Src/stm32f2xx_hal_tim_ex.c **** 
1762:Drivers/STM32F2xx_HAL_Driver/Src/stm32f2xx_hal_tim_ex.c ****       (+) Configure Complementary channels, break features and dead time.
1763:Drivers/STM32F2xx_HAL_Driver/Src/stm32f2xx_hal_tim_ex.c ****       (+) Configure Master synchronization.
1764:Drivers/STM32F2xx_HAL_Driver/Src/stm32f2xx_hal_tim_ex.c ****       (+) Configure timer remapping capabilities.
1765:Drivers/STM32F2xx_HAL_Driver/Src/stm32f2xx_hal_tim_ex.c **** 
1766:Drivers/STM32F2xx_HAL_Driver/Src/stm32f2xx_hal_tim_ex.c **** @endverbatim
1767:Drivers/STM32F2xx_HAL_Driver/Src/stm32f2xx_hal_tim_ex.c ****   * @{
1768:Drivers/STM32F2xx_HAL_Driver/Src/stm32f2xx_hal_tim_ex.c ****   */
1769:Drivers/STM32F2xx_HAL_Driver/Src/stm32f2xx_hal_tim_ex.c **** 
1770:Drivers/STM32F2xx_HAL_Driver/Src/stm32f2xx_hal_tim_ex.c **** /**
1771:Drivers/STM32F2xx_HAL_Driver/Src/stm32f2xx_hal_tim_ex.c ****   * @brief  Configure the TIM commutation event sequence.
1772:Drivers/STM32F2xx_HAL_Driver/Src/stm32f2xx_hal_tim_ex.c ****   * @note  This function is mandatory to use the commutation event in order to
1773:Drivers/STM32F2xx_HAL_Driver/Src/stm32f2xx_hal_tim_ex.c ****   *        update the configuration at each commutation detection on the TRGI input of the Timer,
1774:Drivers/STM32F2xx_HAL_Driver/Src/stm32f2xx_hal_tim_ex.c ****   *        the typical use of this feature is with the use of another Timer(interface Timer)
1775:Drivers/STM32F2xx_HAL_Driver/Src/stm32f2xx_hal_tim_ex.c ****   *        configured in Hall sensor interface, this interface Timer will generate the
1776:Drivers/STM32F2xx_HAL_Driver/Src/stm32f2xx_hal_tim_ex.c ****   *        commutation at its TRGO output (connected to Timer used in this function) each time
1777:Drivers/STM32F2xx_HAL_Driver/Src/stm32f2xx_hal_tim_ex.c ****   *        the TI1 of the Interface Timer detect a commutation at its input TI1.
1778:Drivers/STM32F2xx_HAL_Driver/Src/stm32f2xx_hal_tim_ex.c ****   * @param  htim TIM handle
1779:Drivers/STM32F2xx_HAL_Driver/Src/stm32f2xx_hal_tim_ex.c ****   * @param  InputTrigger the Internal trigger corresponding to the Timer Interfacing with the Hall 
1780:Drivers/STM32F2xx_HAL_Driver/Src/stm32f2xx_hal_tim_ex.c ****   *          This parameter can be one of the following values:
1781:Drivers/STM32F2xx_HAL_Driver/Src/stm32f2xx_hal_tim_ex.c ****   *            @arg TIM_TS_ITR0: Internal trigger 0 selected
1782:Drivers/STM32F2xx_HAL_Driver/Src/stm32f2xx_hal_tim_ex.c ****   *            @arg TIM_TS_ITR1: Internal trigger 1 selected
1783:Drivers/STM32F2xx_HAL_Driver/Src/stm32f2xx_hal_tim_ex.c ****   *            @arg TIM_TS_ITR2: Internal trigger 2 selected
1784:Drivers/STM32F2xx_HAL_Driver/Src/stm32f2xx_hal_tim_ex.c ****   *            @arg TIM_TS_ITR3: Internal trigger 3 selected
1785:Drivers/STM32F2xx_HAL_Driver/Src/stm32f2xx_hal_tim_ex.c ****   *            @arg TIM_TS_NONE: No trigger is needed
1786:Drivers/STM32F2xx_HAL_Driver/Src/stm32f2xx_hal_tim_ex.c ****   * @param  CommutationSource the Commutation Event source
1787:Drivers/STM32F2xx_HAL_Driver/Src/stm32f2xx_hal_tim_ex.c ****   *          This parameter can be one of the following values:
1788:Drivers/STM32F2xx_HAL_Driver/Src/stm32f2xx_hal_tim_ex.c ****   *            @arg TIM_COMMUTATION_TRGI: Commutation source is the TRGI of the Interface Timer
1789:Drivers/STM32F2xx_HAL_Driver/Src/stm32f2xx_hal_tim_ex.c ****   *            @arg TIM_COMMUTATION_SOFTWARE:  Commutation source is set by software using the COMG
1790:Drivers/STM32F2xx_HAL_Driver/Src/stm32f2xx_hal_tim_ex.c ****   * @retval HAL status
1791:Drivers/STM32F2xx_HAL_Driver/Src/stm32f2xx_hal_tim_ex.c ****   */
1792:Drivers/STM32F2xx_HAL_Driver/Src/stm32f2xx_hal_tim_ex.c **** HAL_StatusTypeDef HAL_TIMEx_ConfigCommutEvent(TIM_HandleTypeDef *htim, uint32_t  InputTrigger,
1793:Drivers/STM32F2xx_HAL_Driver/Src/stm32f2xx_hal_tim_ex.c ****                                               uint32_t  CommutationSource)
1794:Drivers/STM32F2xx_HAL_Driver/Src/stm32f2xx_hal_tim_ex.c **** {
1795:Drivers/STM32F2xx_HAL_Driver/Src/stm32f2xx_hal_tim_ex.c ****   /* Check the parameters */
1796:Drivers/STM32F2xx_HAL_Driver/Src/stm32f2xx_hal_tim_ex.c ****   assert_param(IS_TIM_COMMUTATION_EVENT_INSTANCE(htim->Instance));
1797:Drivers/STM32F2xx_HAL_Driver/Src/stm32f2xx_hal_tim_ex.c ****   assert_param(IS_TIM_INTERNAL_TRIGGEREVENT_SELECTION(InputTrigger));
1798:Drivers/STM32F2xx_HAL_Driver/Src/stm32f2xx_hal_tim_ex.c **** 
1799:Drivers/STM32F2xx_HAL_Driver/Src/stm32f2xx_hal_tim_ex.c ****   __HAL_LOCK(htim);
ARM GAS  /tmp/ccdDJwMc.s 			page 33


1800:Drivers/STM32F2xx_HAL_Driver/Src/stm32f2xx_hal_tim_ex.c **** 
1801:Drivers/STM32F2xx_HAL_Driver/Src/stm32f2xx_hal_tim_ex.c ****   if ((InputTrigger == TIM_TS_ITR0) || (InputTrigger == TIM_TS_ITR1) ||
1802:Drivers/STM32F2xx_HAL_Driver/Src/stm32f2xx_hal_tim_ex.c ****       (InputTrigger == TIM_TS_ITR2) || (InputTrigger == TIM_TS_ITR3))
1803:Drivers/STM32F2xx_HAL_Driver/Src/stm32f2xx_hal_tim_ex.c ****   {
1804:Drivers/STM32F2xx_HAL_Driver/Src/stm32f2xx_hal_tim_ex.c ****     /* Select the Input trigger */
1805:Drivers/STM32F2xx_HAL_Driver/Src/stm32f2xx_hal_tim_ex.c ****     htim->Instance->SMCR &= ~TIM_SMCR_TS;
1806:Drivers/STM32F2xx_HAL_Driver/Src/stm32f2xx_hal_tim_ex.c ****     htim->Instance->SMCR |= InputTrigger;
1807:Drivers/STM32F2xx_HAL_Driver/Src/stm32f2xx_hal_tim_ex.c ****   }
1808:Drivers/STM32F2xx_HAL_Driver/Src/stm32f2xx_hal_tim_ex.c **** 
1809:Drivers/STM32F2xx_HAL_Driver/Src/stm32f2xx_hal_tim_ex.c ****   /* Select the Capture Compare preload feature */
1810:Drivers/STM32F2xx_HAL_Driver/Src/stm32f2xx_hal_tim_ex.c ****   htim->Instance->CR2 |= TIM_CR2_CCPC;
1811:Drivers/STM32F2xx_HAL_Driver/Src/stm32f2xx_hal_tim_ex.c ****   /* Select the Commutation event source */
1812:Drivers/STM32F2xx_HAL_Driver/Src/stm32f2xx_hal_tim_ex.c ****   htim->Instance->CR2 &= ~TIM_CR2_CCUS;
1813:Drivers/STM32F2xx_HAL_Driver/Src/stm32f2xx_hal_tim_ex.c ****   htim->Instance->CR2 |= CommutationSource;
1814:Drivers/STM32F2xx_HAL_Driver/Src/stm32f2xx_hal_tim_ex.c **** 
1815:Drivers/STM32F2xx_HAL_Driver/Src/stm32f2xx_hal_tim_ex.c ****   /* Disable Commutation Interrupt */
1816:Drivers/STM32F2xx_HAL_Driver/Src/stm32f2xx_hal_tim_ex.c ****   __HAL_TIM_DISABLE_IT(htim, TIM_IT_COM);
1817:Drivers/STM32F2xx_HAL_Driver/Src/stm32f2xx_hal_tim_ex.c **** 
1818:Drivers/STM32F2xx_HAL_Driver/Src/stm32f2xx_hal_tim_ex.c ****   /* Disable Commutation DMA request */
1819:Drivers/STM32F2xx_HAL_Driver/Src/stm32f2xx_hal_tim_ex.c ****   __HAL_TIM_DISABLE_DMA(htim, TIM_DMA_COM);
1820:Drivers/STM32F2xx_HAL_Driver/Src/stm32f2xx_hal_tim_ex.c **** 
1821:Drivers/STM32F2xx_HAL_Driver/Src/stm32f2xx_hal_tim_ex.c ****   __HAL_UNLOCK(htim);
1822:Drivers/STM32F2xx_HAL_Driver/Src/stm32f2xx_hal_tim_ex.c **** 
1823:Drivers/STM32F2xx_HAL_Driver/Src/stm32f2xx_hal_tim_ex.c ****   return HAL_OK;
1824:Drivers/STM32F2xx_HAL_Driver/Src/stm32f2xx_hal_tim_ex.c **** }
1825:Drivers/STM32F2xx_HAL_Driver/Src/stm32f2xx_hal_tim_ex.c **** 
1826:Drivers/STM32F2xx_HAL_Driver/Src/stm32f2xx_hal_tim_ex.c **** /**
1827:Drivers/STM32F2xx_HAL_Driver/Src/stm32f2xx_hal_tim_ex.c ****   * @brief  Configure the TIM commutation event sequence with interrupt.
1828:Drivers/STM32F2xx_HAL_Driver/Src/stm32f2xx_hal_tim_ex.c ****   * @note  This function is mandatory to use the commutation event in order to
1829:Drivers/STM32F2xx_HAL_Driver/Src/stm32f2xx_hal_tim_ex.c ****   *        update the configuration at each commutation detection on the TRGI input of the Timer,
1830:Drivers/STM32F2xx_HAL_Driver/Src/stm32f2xx_hal_tim_ex.c ****   *        the typical use of this feature is with the use of another Timer(interface Timer)
1831:Drivers/STM32F2xx_HAL_Driver/Src/stm32f2xx_hal_tim_ex.c ****   *        configured in Hall sensor interface, this interface Timer will generate the
1832:Drivers/STM32F2xx_HAL_Driver/Src/stm32f2xx_hal_tim_ex.c ****   *        commutation at its TRGO output (connected to Timer used in this function) each time
1833:Drivers/STM32F2xx_HAL_Driver/Src/stm32f2xx_hal_tim_ex.c ****   *        the TI1 of the Interface Timer detect a commutation at its input TI1.
1834:Drivers/STM32F2xx_HAL_Driver/Src/stm32f2xx_hal_tim_ex.c ****   * @param  htim TIM handle
1835:Drivers/STM32F2xx_HAL_Driver/Src/stm32f2xx_hal_tim_ex.c ****   * @param  InputTrigger the Internal trigger corresponding to the Timer Interfacing with the Hall 
1836:Drivers/STM32F2xx_HAL_Driver/Src/stm32f2xx_hal_tim_ex.c ****   *          This parameter can be one of the following values:
1837:Drivers/STM32F2xx_HAL_Driver/Src/stm32f2xx_hal_tim_ex.c ****   *            @arg TIM_TS_ITR0: Internal trigger 0 selected
1838:Drivers/STM32F2xx_HAL_Driver/Src/stm32f2xx_hal_tim_ex.c ****   *            @arg TIM_TS_ITR1: Internal trigger 1 selected
1839:Drivers/STM32F2xx_HAL_Driver/Src/stm32f2xx_hal_tim_ex.c ****   *            @arg TIM_TS_ITR2: Internal trigger 2 selected
1840:Drivers/STM32F2xx_HAL_Driver/Src/stm32f2xx_hal_tim_ex.c ****   *            @arg TIM_TS_ITR3: Internal trigger 3 selected
1841:Drivers/STM32F2xx_HAL_Driver/Src/stm32f2xx_hal_tim_ex.c ****   *            @arg TIM_TS_NONE: No trigger is needed
1842:Drivers/STM32F2xx_HAL_Driver/Src/stm32f2xx_hal_tim_ex.c ****   * @param  CommutationSource the Commutation Event source
1843:Drivers/STM32F2xx_HAL_Driver/Src/stm32f2xx_hal_tim_ex.c ****   *          This parameter can be one of the following values:
1844:Drivers/STM32F2xx_HAL_Driver/Src/stm32f2xx_hal_tim_ex.c ****   *            @arg TIM_COMMUTATION_TRGI: Commutation source is the TRGI of the Interface Timer
1845:Drivers/STM32F2xx_HAL_Driver/Src/stm32f2xx_hal_tim_ex.c ****   *            @arg TIM_COMMUTATION_SOFTWARE:  Commutation source is set by software using the COMG
1846:Drivers/STM32F2xx_HAL_Driver/Src/stm32f2xx_hal_tim_ex.c ****   * @retval HAL status
1847:Drivers/STM32F2xx_HAL_Driver/Src/stm32f2xx_hal_tim_ex.c ****   */
1848:Drivers/STM32F2xx_HAL_Driver/Src/stm32f2xx_hal_tim_ex.c **** HAL_StatusTypeDef HAL_TIMEx_ConfigCommutEvent_IT(TIM_HandleTypeDef *htim, uint32_t  InputTrigger,
1849:Drivers/STM32F2xx_HAL_Driver/Src/stm32f2xx_hal_tim_ex.c ****                                                  uint32_t  CommutationSource)
1850:Drivers/STM32F2xx_HAL_Driver/Src/stm32f2xx_hal_tim_ex.c **** {
1851:Drivers/STM32F2xx_HAL_Driver/Src/stm32f2xx_hal_tim_ex.c ****   /* Check the parameters */
1852:Drivers/STM32F2xx_HAL_Driver/Src/stm32f2xx_hal_tim_ex.c ****   assert_param(IS_TIM_COMMUTATION_EVENT_INSTANCE(htim->Instance));
1853:Drivers/STM32F2xx_HAL_Driver/Src/stm32f2xx_hal_tim_ex.c ****   assert_param(IS_TIM_INTERNAL_TRIGGEREVENT_SELECTION(InputTrigger));
1854:Drivers/STM32F2xx_HAL_Driver/Src/stm32f2xx_hal_tim_ex.c **** 
1855:Drivers/STM32F2xx_HAL_Driver/Src/stm32f2xx_hal_tim_ex.c ****   __HAL_LOCK(htim);
1856:Drivers/STM32F2xx_HAL_Driver/Src/stm32f2xx_hal_tim_ex.c **** 
ARM GAS  /tmp/ccdDJwMc.s 			page 34


1857:Drivers/STM32F2xx_HAL_Driver/Src/stm32f2xx_hal_tim_ex.c ****   if ((InputTrigger == TIM_TS_ITR0) || (InputTrigger == TIM_TS_ITR1) ||
1858:Drivers/STM32F2xx_HAL_Driver/Src/stm32f2xx_hal_tim_ex.c ****       (InputTrigger == TIM_TS_ITR2) || (InputTrigger == TIM_TS_ITR3))
1859:Drivers/STM32F2xx_HAL_Driver/Src/stm32f2xx_hal_tim_ex.c ****   {
1860:Drivers/STM32F2xx_HAL_Driver/Src/stm32f2xx_hal_tim_ex.c ****     /* Select the Input trigger */
1861:Drivers/STM32F2xx_HAL_Driver/Src/stm32f2xx_hal_tim_ex.c ****     htim->Instance->SMCR &= ~TIM_SMCR_TS;
1862:Drivers/STM32F2xx_HAL_Driver/Src/stm32f2xx_hal_tim_ex.c ****     htim->Instance->SMCR |= InputTrigger;
1863:Drivers/STM32F2xx_HAL_Driver/Src/stm32f2xx_hal_tim_ex.c ****   }
1864:Drivers/STM32F2xx_HAL_Driver/Src/stm32f2xx_hal_tim_ex.c **** 
1865:Drivers/STM32F2xx_HAL_Driver/Src/stm32f2xx_hal_tim_ex.c ****   /* Select the Capture Compare preload feature */
1866:Drivers/STM32F2xx_HAL_Driver/Src/stm32f2xx_hal_tim_ex.c ****   htim->Instance->CR2 |= TIM_CR2_CCPC;
1867:Drivers/STM32F2xx_HAL_Driver/Src/stm32f2xx_hal_tim_ex.c ****   /* Select the Commutation event source */
1868:Drivers/STM32F2xx_HAL_Driver/Src/stm32f2xx_hal_tim_ex.c ****   htim->Instance->CR2 &= ~TIM_CR2_CCUS;
1869:Drivers/STM32F2xx_HAL_Driver/Src/stm32f2xx_hal_tim_ex.c ****   htim->Instance->CR2 |= CommutationSource;
1870:Drivers/STM32F2xx_HAL_Driver/Src/stm32f2xx_hal_tim_ex.c **** 
1871:Drivers/STM32F2xx_HAL_Driver/Src/stm32f2xx_hal_tim_ex.c ****   /* Disable Commutation DMA request */
1872:Drivers/STM32F2xx_HAL_Driver/Src/stm32f2xx_hal_tim_ex.c ****   __HAL_TIM_DISABLE_DMA(htim, TIM_DMA_COM);
1873:Drivers/STM32F2xx_HAL_Driver/Src/stm32f2xx_hal_tim_ex.c **** 
1874:Drivers/STM32F2xx_HAL_Driver/Src/stm32f2xx_hal_tim_ex.c ****   /* Enable the Commutation Interrupt */
1875:Drivers/STM32F2xx_HAL_Driver/Src/stm32f2xx_hal_tim_ex.c ****   __HAL_TIM_ENABLE_IT(htim, TIM_IT_COM);
1876:Drivers/STM32F2xx_HAL_Driver/Src/stm32f2xx_hal_tim_ex.c **** 
1877:Drivers/STM32F2xx_HAL_Driver/Src/stm32f2xx_hal_tim_ex.c ****   __HAL_UNLOCK(htim);
1878:Drivers/STM32F2xx_HAL_Driver/Src/stm32f2xx_hal_tim_ex.c **** 
1879:Drivers/STM32F2xx_HAL_Driver/Src/stm32f2xx_hal_tim_ex.c ****   return HAL_OK;
1880:Drivers/STM32F2xx_HAL_Driver/Src/stm32f2xx_hal_tim_ex.c **** }
1881:Drivers/STM32F2xx_HAL_Driver/Src/stm32f2xx_hal_tim_ex.c **** 
1882:Drivers/STM32F2xx_HAL_Driver/Src/stm32f2xx_hal_tim_ex.c **** /**
1883:Drivers/STM32F2xx_HAL_Driver/Src/stm32f2xx_hal_tim_ex.c ****   * @brief  Configure the TIM commutation event sequence with DMA.
1884:Drivers/STM32F2xx_HAL_Driver/Src/stm32f2xx_hal_tim_ex.c ****   * @note  This function is mandatory to use the commutation event in order to
1885:Drivers/STM32F2xx_HAL_Driver/Src/stm32f2xx_hal_tim_ex.c ****   *        update the configuration at each commutation detection on the TRGI input of the Timer,
1886:Drivers/STM32F2xx_HAL_Driver/Src/stm32f2xx_hal_tim_ex.c ****   *        the typical use of this feature is with the use of another Timer(interface Timer)
1887:Drivers/STM32F2xx_HAL_Driver/Src/stm32f2xx_hal_tim_ex.c ****   *        configured in Hall sensor interface, this interface Timer will generate the
1888:Drivers/STM32F2xx_HAL_Driver/Src/stm32f2xx_hal_tim_ex.c ****   *        commutation at its TRGO output (connected to Timer used in this function) each time
1889:Drivers/STM32F2xx_HAL_Driver/Src/stm32f2xx_hal_tim_ex.c ****   *        the TI1 of the Interface Timer detect a commutation at its input TI1.
1890:Drivers/STM32F2xx_HAL_Driver/Src/stm32f2xx_hal_tim_ex.c ****   * @note  The user should configure the DMA in his own software, in This function only the COMDE b
1891:Drivers/STM32F2xx_HAL_Driver/Src/stm32f2xx_hal_tim_ex.c ****   * @param  htim TIM handle
1892:Drivers/STM32F2xx_HAL_Driver/Src/stm32f2xx_hal_tim_ex.c ****   * @param  InputTrigger the Internal trigger corresponding to the Timer Interfacing with the Hall 
1893:Drivers/STM32F2xx_HAL_Driver/Src/stm32f2xx_hal_tim_ex.c ****   *          This parameter can be one of the following values:
1894:Drivers/STM32F2xx_HAL_Driver/Src/stm32f2xx_hal_tim_ex.c ****   *            @arg TIM_TS_ITR0: Internal trigger 0 selected
1895:Drivers/STM32F2xx_HAL_Driver/Src/stm32f2xx_hal_tim_ex.c ****   *            @arg TIM_TS_ITR1: Internal trigger 1 selected
1896:Drivers/STM32F2xx_HAL_Driver/Src/stm32f2xx_hal_tim_ex.c ****   *            @arg TIM_TS_ITR2: Internal trigger 2 selected
1897:Drivers/STM32F2xx_HAL_Driver/Src/stm32f2xx_hal_tim_ex.c ****   *            @arg TIM_TS_ITR3: Internal trigger 3 selected
1898:Drivers/STM32F2xx_HAL_Driver/Src/stm32f2xx_hal_tim_ex.c ****   *            @arg TIM_TS_NONE: No trigger is needed
1899:Drivers/STM32F2xx_HAL_Driver/Src/stm32f2xx_hal_tim_ex.c ****   * @param  CommutationSource the Commutation Event source
1900:Drivers/STM32F2xx_HAL_Driver/Src/stm32f2xx_hal_tim_ex.c ****   *          This parameter can be one of the following values:
1901:Drivers/STM32F2xx_HAL_Driver/Src/stm32f2xx_hal_tim_ex.c ****   *            @arg TIM_COMMUTATION_TRGI: Commutation source is the TRGI of the Interface Timer
1902:Drivers/STM32F2xx_HAL_Driver/Src/stm32f2xx_hal_tim_ex.c ****   *            @arg TIM_COMMUTATION_SOFTWARE:  Commutation source is set by software using the COMG
1903:Drivers/STM32F2xx_HAL_Driver/Src/stm32f2xx_hal_tim_ex.c ****   * @retval HAL status
1904:Drivers/STM32F2xx_HAL_Driver/Src/stm32f2xx_hal_tim_ex.c ****   */
1905:Drivers/STM32F2xx_HAL_Driver/Src/stm32f2xx_hal_tim_ex.c **** HAL_StatusTypeDef HAL_TIMEx_ConfigCommutEvent_DMA(TIM_HandleTypeDef *htim, uint32_t  InputTrigger,
1906:Drivers/STM32F2xx_HAL_Driver/Src/stm32f2xx_hal_tim_ex.c ****                                                   uint32_t  CommutationSource)
1907:Drivers/STM32F2xx_HAL_Driver/Src/stm32f2xx_hal_tim_ex.c **** {
1908:Drivers/STM32F2xx_HAL_Driver/Src/stm32f2xx_hal_tim_ex.c ****   /* Check the parameters */
1909:Drivers/STM32F2xx_HAL_Driver/Src/stm32f2xx_hal_tim_ex.c ****   assert_param(IS_TIM_COMMUTATION_EVENT_INSTANCE(htim->Instance));
1910:Drivers/STM32F2xx_HAL_Driver/Src/stm32f2xx_hal_tim_ex.c ****   assert_param(IS_TIM_INTERNAL_TRIGGEREVENT_SELECTION(InputTrigger));
1911:Drivers/STM32F2xx_HAL_Driver/Src/stm32f2xx_hal_tim_ex.c **** 
1912:Drivers/STM32F2xx_HAL_Driver/Src/stm32f2xx_hal_tim_ex.c ****   __HAL_LOCK(htim);
1913:Drivers/STM32F2xx_HAL_Driver/Src/stm32f2xx_hal_tim_ex.c **** 
ARM GAS  /tmp/ccdDJwMc.s 			page 35


1914:Drivers/STM32F2xx_HAL_Driver/Src/stm32f2xx_hal_tim_ex.c ****   if ((InputTrigger == TIM_TS_ITR0) || (InputTrigger == TIM_TS_ITR1) ||
1915:Drivers/STM32F2xx_HAL_Driver/Src/stm32f2xx_hal_tim_ex.c ****       (InputTrigger == TIM_TS_ITR2) || (InputTrigger == TIM_TS_ITR3))
1916:Drivers/STM32F2xx_HAL_Driver/Src/stm32f2xx_hal_tim_ex.c ****   {
1917:Drivers/STM32F2xx_HAL_Driver/Src/stm32f2xx_hal_tim_ex.c ****     /* Select the Input trigger */
1918:Drivers/STM32F2xx_HAL_Driver/Src/stm32f2xx_hal_tim_ex.c ****     htim->Instance->SMCR &= ~TIM_SMCR_TS;
1919:Drivers/STM32F2xx_HAL_Driver/Src/stm32f2xx_hal_tim_ex.c ****     htim->Instance->SMCR |= InputTrigger;
1920:Drivers/STM32F2xx_HAL_Driver/Src/stm32f2xx_hal_tim_ex.c ****   }
1921:Drivers/STM32F2xx_HAL_Driver/Src/stm32f2xx_hal_tim_ex.c **** 
1922:Drivers/STM32F2xx_HAL_Driver/Src/stm32f2xx_hal_tim_ex.c ****   /* Select the Capture Compare preload feature */
1923:Drivers/STM32F2xx_HAL_Driver/Src/stm32f2xx_hal_tim_ex.c ****   htim->Instance->CR2 |= TIM_CR2_CCPC;
1924:Drivers/STM32F2xx_HAL_Driver/Src/stm32f2xx_hal_tim_ex.c ****   /* Select the Commutation event source */
1925:Drivers/STM32F2xx_HAL_Driver/Src/stm32f2xx_hal_tim_ex.c ****   htim->Instance->CR2 &= ~TIM_CR2_CCUS;
1926:Drivers/STM32F2xx_HAL_Driver/Src/stm32f2xx_hal_tim_ex.c ****   htim->Instance->CR2 |= CommutationSource;
1927:Drivers/STM32F2xx_HAL_Driver/Src/stm32f2xx_hal_tim_ex.c **** 
1928:Drivers/STM32F2xx_HAL_Driver/Src/stm32f2xx_hal_tim_ex.c ****   /* Enable the Commutation DMA Request */
1929:Drivers/STM32F2xx_HAL_Driver/Src/stm32f2xx_hal_tim_ex.c ****   /* Set the DMA Commutation Callback */
1930:Drivers/STM32F2xx_HAL_Driver/Src/stm32f2xx_hal_tim_ex.c ****   htim->hdma[TIM_DMA_ID_COMMUTATION]->XferCpltCallback = TIMEx_DMACommutationCplt;
1931:Drivers/STM32F2xx_HAL_Driver/Src/stm32f2xx_hal_tim_ex.c ****   htim->hdma[TIM_DMA_ID_COMMUTATION]->XferHalfCpltCallback = TIMEx_DMACommutationHalfCplt;
1932:Drivers/STM32F2xx_HAL_Driver/Src/stm32f2xx_hal_tim_ex.c ****   /* Set the DMA error callback */
1933:Drivers/STM32F2xx_HAL_Driver/Src/stm32f2xx_hal_tim_ex.c ****   htim->hdma[TIM_DMA_ID_COMMUTATION]->XferErrorCallback = TIM_DMAError;
1934:Drivers/STM32F2xx_HAL_Driver/Src/stm32f2xx_hal_tim_ex.c **** 
1935:Drivers/STM32F2xx_HAL_Driver/Src/stm32f2xx_hal_tim_ex.c ****   /* Disable Commutation Interrupt */
1936:Drivers/STM32F2xx_HAL_Driver/Src/stm32f2xx_hal_tim_ex.c ****   __HAL_TIM_DISABLE_IT(htim, TIM_IT_COM);
1937:Drivers/STM32F2xx_HAL_Driver/Src/stm32f2xx_hal_tim_ex.c **** 
1938:Drivers/STM32F2xx_HAL_Driver/Src/stm32f2xx_hal_tim_ex.c ****   /* Enable the Commutation DMA Request */
1939:Drivers/STM32F2xx_HAL_Driver/Src/stm32f2xx_hal_tim_ex.c ****   __HAL_TIM_ENABLE_DMA(htim, TIM_DMA_COM);
1940:Drivers/STM32F2xx_HAL_Driver/Src/stm32f2xx_hal_tim_ex.c **** 
1941:Drivers/STM32F2xx_HAL_Driver/Src/stm32f2xx_hal_tim_ex.c ****   __HAL_UNLOCK(htim);
1942:Drivers/STM32F2xx_HAL_Driver/Src/stm32f2xx_hal_tim_ex.c **** 
1943:Drivers/STM32F2xx_HAL_Driver/Src/stm32f2xx_hal_tim_ex.c ****   return HAL_OK;
1944:Drivers/STM32F2xx_HAL_Driver/Src/stm32f2xx_hal_tim_ex.c **** }
1945:Drivers/STM32F2xx_HAL_Driver/Src/stm32f2xx_hal_tim_ex.c **** 
1946:Drivers/STM32F2xx_HAL_Driver/Src/stm32f2xx_hal_tim_ex.c **** /**
1947:Drivers/STM32F2xx_HAL_Driver/Src/stm32f2xx_hal_tim_ex.c ****   * @brief  Configures the TIM in master mode.
1948:Drivers/STM32F2xx_HAL_Driver/Src/stm32f2xx_hal_tim_ex.c ****   * @param  htim TIM handle.
1949:Drivers/STM32F2xx_HAL_Driver/Src/stm32f2xx_hal_tim_ex.c ****   * @param  sMasterConfig pointer to a TIM_MasterConfigTypeDef structure that
1950:Drivers/STM32F2xx_HAL_Driver/Src/stm32f2xx_hal_tim_ex.c ****   *         contains the selected trigger output (TRGO) and the Master/Slave
1951:Drivers/STM32F2xx_HAL_Driver/Src/stm32f2xx_hal_tim_ex.c ****   *         mode.
1952:Drivers/STM32F2xx_HAL_Driver/Src/stm32f2xx_hal_tim_ex.c ****   * @retval HAL status
1953:Drivers/STM32F2xx_HAL_Driver/Src/stm32f2xx_hal_tim_ex.c ****   */
1954:Drivers/STM32F2xx_HAL_Driver/Src/stm32f2xx_hal_tim_ex.c **** HAL_StatusTypeDef HAL_TIMEx_MasterConfigSynchronization(TIM_HandleTypeDef *htim,
1955:Drivers/STM32F2xx_HAL_Driver/Src/stm32f2xx_hal_tim_ex.c ****                                                         const TIM_MasterConfigTypeDef *sMasterConfi
1956:Drivers/STM32F2xx_HAL_Driver/Src/stm32f2xx_hal_tim_ex.c **** {
1957:Drivers/STM32F2xx_HAL_Driver/Src/stm32f2xx_hal_tim_ex.c ****   uint32_t tmpcr2;
1958:Drivers/STM32F2xx_HAL_Driver/Src/stm32f2xx_hal_tim_ex.c ****   uint32_t tmpsmcr;
1959:Drivers/STM32F2xx_HAL_Driver/Src/stm32f2xx_hal_tim_ex.c **** 
1960:Drivers/STM32F2xx_HAL_Driver/Src/stm32f2xx_hal_tim_ex.c ****   /* Check the parameters */
1961:Drivers/STM32F2xx_HAL_Driver/Src/stm32f2xx_hal_tim_ex.c ****   assert_param(IS_TIM_MASTER_INSTANCE(htim->Instance));
1962:Drivers/STM32F2xx_HAL_Driver/Src/stm32f2xx_hal_tim_ex.c ****   assert_param(IS_TIM_TRGO_SOURCE(sMasterConfig->MasterOutputTrigger));
1963:Drivers/STM32F2xx_HAL_Driver/Src/stm32f2xx_hal_tim_ex.c ****   assert_param(IS_TIM_MSM_STATE(sMasterConfig->MasterSlaveMode));
1964:Drivers/STM32F2xx_HAL_Driver/Src/stm32f2xx_hal_tim_ex.c **** 
1965:Drivers/STM32F2xx_HAL_Driver/Src/stm32f2xx_hal_tim_ex.c ****   /* Check input state */
1966:Drivers/STM32F2xx_HAL_Driver/Src/stm32f2xx_hal_tim_ex.c ****   __HAL_LOCK(htim);
1967:Drivers/STM32F2xx_HAL_Driver/Src/stm32f2xx_hal_tim_ex.c **** 
1968:Drivers/STM32F2xx_HAL_Driver/Src/stm32f2xx_hal_tim_ex.c ****   /* Change the handler state */
1969:Drivers/STM32F2xx_HAL_Driver/Src/stm32f2xx_hal_tim_ex.c ****   htim->State = HAL_TIM_STATE_BUSY;
1970:Drivers/STM32F2xx_HAL_Driver/Src/stm32f2xx_hal_tim_ex.c **** 
ARM GAS  /tmp/ccdDJwMc.s 			page 36


1971:Drivers/STM32F2xx_HAL_Driver/Src/stm32f2xx_hal_tim_ex.c ****   /* Get the TIMx CR2 register value */
1972:Drivers/STM32F2xx_HAL_Driver/Src/stm32f2xx_hal_tim_ex.c ****   tmpcr2 = htim->Instance->CR2;
1973:Drivers/STM32F2xx_HAL_Driver/Src/stm32f2xx_hal_tim_ex.c **** 
1974:Drivers/STM32F2xx_HAL_Driver/Src/stm32f2xx_hal_tim_ex.c ****   /* Get the TIMx SMCR register value */
1975:Drivers/STM32F2xx_HAL_Driver/Src/stm32f2xx_hal_tim_ex.c ****   tmpsmcr = htim->Instance->SMCR;
1976:Drivers/STM32F2xx_HAL_Driver/Src/stm32f2xx_hal_tim_ex.c **** 
1977:Drivers/STM32F2xx_HAL_Driver/Src/stm32f2xx_hal_tim_ex.c ****   /* Reset the MMS Bits */
1978:Drivers/STM32F2xx_HAL_Driver/Src/stm32f2xx_hal_tim_ex.c ****   tmpcr2 &= ~TIM_CR2_MMS;
1979:Drivers/STM32F2xx_HAL_Driver/Src/stm32f2xx_hal_tim_ex.c ****   /* Select the TRGO source */
1980:Drivers/STM32F2xx_HAL_Driver/Src/stm32f2xx_hal_tim_ex.c ****   tmpcr2 |=  sMasterConfig->MasterOutputTrigger;
1981:Drivers/STM32F2xx_HAL_Driver/Src/stm32f2xx_hal_tim_ex.c **** 
1982:Drivers/STM32F2xx_HAL_Driver/Src/stm32f2xx_hal_tim_ex.c ****   /* Update TIMx CR2 */
1983:Drivers/STM32F2xx_HAL_Driver/Src/stm32f2xx_hal_tim_ex.c ****   htim->Instance->CR2 = tmpcr2;
1984:Drivers/STM32F2xx_HAL_Driver/Src/stm32f2xx_hal_tim_ex.c **** 
1985:Drivers/STM32F2xx_HAL_Driver/Src/stm32f2xx_hal_tim_ex.c ****   if (IS_TIM_SLAVE_INSTANCE(htim->Instance))
1986:Drivers/STM32F2xx_HAL_Driver/Src/stm32f2xx_hal_tim_ex.c ****   {
1987:Drivers/STM32F2xx_HAL_Driver/Src/stm32f2xx_hal_tim_ex.c ****     /* Reset the MSM Bit */
1988:Drivers/STM32F2xx_HAL_Driver/Src/stm32f2xx_hal_tim_ex.c ****     tmpsmcr &= ~TIM_SMCR_MSM;
1989:Drivers/STM32F2xx_HAL_Driver/Src/stm32f2xx_hal_tim_ex.c ****     /* Set master mode */
1990:Drivers/STM32F2xx_HAL_Driver/Src/stm32f2xx_hal_tim_ex.c ****     tmpsmcr |= sMasterConfig->MasterSlaveMode;
1991:Drivers/STM32F2xx_HAL_Driver/Src/stm32f2xx_hal_tim_ex.c **** 
1992:Drivers/STM32F2xx_HAL_Driver/Src/stm32f2xx_hal_tim_ex.c ****     /* Update TIMx SMCR */
1993:Drivers/STM32F2xx_HAL_Driver/Src/stm32f2xx_hal_tim_ex.c ****     htim->Instance->SMCR = tmpsmcr;
1994:Drivers/STM32F2xx_HAL_Driver/Src/stm32f2xx_hal_tim_ex.c ****   }
1995:Drivers/STM32F2xx_HAL_Driver/Src/stm32f2xx_hal_tim_ex.c **** 
1996:Drivers/STM32F2xx_HAL_Driver/Src/stm32f2xx_hal_tim_ex.c ****   /* Change the htim state */
1997:Drivers/STM32F2xx_HAL_Driver/Src/stm32f2xx_hal_tim_ex.c ****   htim->State = HAL_TIM_STATE_READY;
1998:Drivers/STM32F2xx_HAL_Driver/Src/stm32f2xx_hal_tim_ex.c **** 
1999:Drivers/STM32F2xx_HAL_Driver/Src/stm32f2xx_hal_tim_ex.c ****   __HAL_UNLOCK(htim);
2000:Drivers/STM32F2xx_HAL_Driver/Src/stm32f2xx_hal_tim_ex.c **** 
2001:Drivers/STM32F2xx_HAL_Driver/Src/stm32f2xx_hal_tim_ex.c ****   return HAL_OK;
2002:Drivers/STM32F2xx_HAL_Driver/Src/stm32f2xx_hal_tim_ex.c **** }
2003:Drivers/STM32F2xx_HAL_Driver/Src/stm32f2xx_hal_tim_ex.c **** 
2004:Drivers/STM32F2xx_HAL_Driver/Src/stm32f2xx_hal_tim_ex.c **** /**
2005:Drivers/STM32F2xx_HAL_Driver/Src/stm32f2xx_hal_tim_ex.c ****   * @brief  Configures the Break feature, dead time, Lock level, OSSI/OSSR State
2006:Drivers/STM32F2xx_HAL_Driver/Src/stm32f2xx_hal_tim_ex.c ****   *         and the AOE(automatic output enable).
2007:Drivers/STM32F2xx_HAL_Driver/Src/stm32f2xx_hal_tim_ex.c ****   * @param  htim TIM handle
2008:Drivers/STM32F2xx_HAL_Driver/Src/stm32f2xx_hal_tim_ex.c ****   * @param  sBreakDeadTimeConfig pointer to a TIM_ConfigBreakDeadConfigTypeDef structure that
2009:Drivers/STM32F2xx_HAL_Driver/Src/stm32f2xx_hal_tim_ex.c ****   *         contains the BDTR Register configuration  information for the TIM peripheral.
2010:Drivers/STM32F2xx_HAL_Driver/Src/stm32f2xx_hal_tim_ex.c ****   * @note   Interrupts can be generated when an active level is detected on the
2011:Drivers/STM32F2xx_HAL_Driver/Src/stm32f2xx_hal_tim_ex.c ****   *         break input, the break 2 input or the system break input. Break
2012:Drivers/STM32F2xx_HAL_Driver/Src/stm32f2xx_hal_tim_ex.c ****   *         interrupt can be enabled by calling the @ref __HAL_TIM_ENABLE_IT macro.
2013:Drivers/STM32F2xx_HAL_Driver/Src/stm32f2xx_hal_tim_ex.c ****   * @retval HAL status
2014:Drivers/STM32F2xx_HAL_Driver/Src/stm32f2xx_hal_tim_ex.c ****   */
2015:Drivers/STM32F2xx_HAL_Driver/Src/stm32f2xx_hal_tim_ex.c **** HAL_StatusTypeDef HAL_TIMEx_ConfigBreakDeadTime(TIM_HandleTypeDef *htim,
2016:Drivers/STM32F2xx_HAL_Driver/Src/stm32f2xx_hal_tim_ex.c ****                                                 const TIM_BreakDeadTimeConfigTypeDef *sBreakDeadTim
2017:Drivers/STM32F2xx_HAL_Driver/Src/stm32f2xx_hal_tim_ex.c **** {
2018:Drivers/STM32F2xx_HAL_Driver/Src/stm32f2xx_hal_tim_ex.c ****   /* Keep this variable initialized to 0 as it is used to configure BDTR register */
2019:Drivers/STM32F2xx_HAL_Driver/Src/stm32f2xx_hal_tim_ex.c ****   uint32_t tmpbdtr = 0U;
2020:Drivers/STM32F2xx_HAL_Driver/Src/stm32f2xx_hal_tim_ex.c **** 
2021:Drivers/STM32F2xx_HAL_Driver/Src/stm32f2xx_hal_tim_ex.c ****   /* Check the parameters */
2022:Drivers/STM32F2xx_HAL_Driver/Src/stm32f2xx_hal_tim_ex.c ****   assert_param(IS_TIM_BREAK_INSTANCE(htim->Instance));
2023:Drivers/STM32F2xx_HAL_Driver/Src/stm32f2xx_hal_tim_ex.c ****   assert_param(IS_TIM_OSSR_STATE(sBreakDeadTimeConfig->OffStateRunMode));
2024:Drivers/STM32F2xx_HAL_Driver/Src/stm32f2xx_hal_tim_ex.c ****   assert_param(IS_TIM_OSSI_STATE(sBreakDeadTimeConfig->OffStateIDLEMode));
2025:Drivers/STM32F2xx_HAL_Driver/Src/stm32f2xx_hal_tim_ex.c ****   assert_param(IS_TIM_LOCK_LEVEL(sBreakDeadTimeConfig->LockLevel));
2026:Drivers/STM32F2xx_HAL_Driver/Src/stm32f2xx_hal_tim_ex.c ****   assert_param(IS_TIM_DEADTIME(sBreakDeadTimeConfig->DeadTime));
2027:Drivers/STM32F2xx_HAL_Driver/Src/stm32f2xx_hal_tim_ex.c ****   assert_param(IS_TIM_BREAK_STATE(sBreakDeadTimeConfig->BreakState));
ARM GAS  /tmp/ccdDJwMc.s 			page 37


2028:Drivers/STM32F2xx_HAL_Driver/Src/stm32f2xx_hal_tim_ex.c ****   assert_param(IS_TIM_BREAK_POLARITY(sBreakDeadTimeConfig->BreakPolarity));
2029:Drivers/STM32F2xx_HAL_Driver/Src/stm32f2xx_hal_tim_ex.c ****   assert_param(IS_TIM_AUTOMATIC_OUTPUT_STATE(sBreakDeadTimeConfig->AutomaticOutput));
2030:Drivers/STM32F2xx_HAL_Driver/Src/stm32f2xx_hal_tim_ex.c **** 
2031:Drivers/STM32F2xx_HAL_Driver/Src/stm32f2xx_hal_tim_ex.c ****   /* Check input state */
2032:Drivers/STM32F2xx_HAL_Driver/Src/stm32f2xx_hal_tim_ex.c ****   __HAL_LOCK(htim);
2033:Drivers/STM32F2xx_HAL_Driver/Src/stm32f2xx_hal_tim_ex.c **** 
2034:Drivers/STM32F2xx_HAL_Driver/Src/stm32f2xx_hal_tim_ex.c ****   /* Set the Lock level, the Break enable Bit and the Polarity, the OSSR State,
2035:Drivers/STM32F2xx_HAL_Driver/Src/stm32f2xx_hal_tim_ex.c ****      the OSSI State, the dead time value and the Automatic Output Enable Bit */
2036:Drivers/STM32F2xx_HAL_Driver/Src/stm32f2xx_hal_tim_ex.c **** 
2037:Drivers/STM32F2xx_HAL_Driver/Src/stm32f2xx_hal_tim_ex.c ****   /* Set the BDTR bits */
2038:Drivers/STM32F2xx_HAL_Driver/Src/stm32f2xx_hal_tim_ex.c ****   MODIFY_REG(tmpbdtr, TIM_BDTR_DTG, sBreakDeadTimeConfig->DeadTime);
2039:Drivers/STM32F2xx_HAL_Driver/Src/stm32f2xx_hal_tim_ex.c ****   MODIFY_REG(tmpbdtr, TIM_BDTR_LOCK, sBreakDeadTimeConfig->LockLevel);
2040:Drivers/STM32F2xx_HAL_Driver/Src/stm32f2xx_hal_tim_ex.c ****   MODIFY_REG(tmpbdtr, TIM_BDTR_OSSI, sBreakDeadTimeConfig->OffStateIDLEMode);
2041:Drivers/STM32F2xx_HAL_Driver/Src/stm32f2xx_hal_tim_ex.c ****   MODIFY_REG(tmpbdtr, TIM_BDTR_OSSR, sBreakDeadTimeConfig->OffStateRunMode);
2042:Drivers/STM32F2xx_HAL_Driver/Src/stm32f2xx_hal_tim_ex.c ****   MODIFY_REG(tmpbdtr, TIM_BDTR_BKE, sBreakDeadTimeConfig->BreakState);
2043:Drivers/STM32F2xx_HAL_Driver/Src/stm32f2xx_hal_tim_ex.c ****   MODIFY_REG(tmpbdtr, TIM_BDTR_BKP, sBreakDeadTimeConfig->BreakPolarity);
2044:Drivers/STM32F2xx_HAL_Driver/Src/stm32f2xx_hal_tim_ex.c ****   MODIFY_REG(tmpbdtr, TIM_BDTR_AOE, sBreakDeadTimeConfig->AutomaticOutput);
2045:Drivers/STM32F2xx_HAL_Driver/Src/stm32f2xx_hal_tim_ex.c **** 
2046:Drivers/STM32F2xx_HAL_Driver/Src/stm32f2xx_hal_tim_ex.c **** 
2047:Drivers/STM32F2xx_HAL_Driver/Src/stm32f2xx_hal_tim_ex.c ****   /* Set TIMx_BDTR */
2048:Drivers/STM32F2xx_HAL_Driver/Src/stm32f2xx_hal_tim_ex.c ****   htim->Instance->BDTR = tmpbdtr;
2049:Drivers/STM32F2xx_HAL_Driver/Src/stm32f2xx_hal_tim_ex.c **** 
2050:Drivers/STM32F2xx_HAL_Driver/Src/stm32f2xx_hal_tim_ex.c ****   __HAL_UNLOCK(htim);
2051:Drivers/STM32F2xx_HAL_Driver/Src/stm32f2xx_hal_tim_ex.c **** 
2052:Drivers/STM32F2xx_HAL_Driver/Src/stm32f2xx_hal_tim_ex.c ****   return HAL_OK;
2053:Drivers/STM32F2xx_HAL_Driver/Src/stm32f2xx_hal_tim_ex.c **** }
2054:Drivers/STM32F2xx_HAL_Driver/Src/stm32f2xx_hal_tim_ex.c **** 
2055:Drivers/STM32F2xx_HAL_Driver/Src/stm32f2xx_hal_tim_ex.c **** /**
2056:Drivers/STM32F2xx_HAL_Driver/Src/stm32f2xx_hal_tim_ex.c ****   * @brief  Configures the TIMx Remapping input capabilities.
2057:Drivers/STM32F2xx_HAL_Driver/Src/stm32f2xx_hal_tim_ex.c ****   * @param  htim TIM handle.
2058:Drivers/STM32F2xx_HAL_Driver/Src/stm32f2xx_hal_tim_ex.c ****   * @param  Remap specifies the TIM remapping source.
2059:Drivers/STM32F2xx_HAL_Driver/Src/stm32f2xx_hal_tim_ex.c ****   *         For TIM2, the parameter can have the following values:
2060:Drivers/STM32F2xx_HAL_Driver/Src/stm32f2xx_hal_tim_ex.c ****   *           @arg TIM_TIM2_TIM8_TRGO:  TIM2 ITR1 is connected to TIM8 TRGO
2061:Drivers/STM32F2xx_HAL_Driver/Src/stm32f2xx_hal_tim_ex.c ****   *           @arg TIM_TIM2_ETH_PTP:    TIM2 ITR1 is connected to PTP trigger output
2062:Drivers/STM32F2xx_HAL_Driver/Src/stm32f2xx_hal_tim_ex.c ****   *           @arg TIM_TIM2_USBFS_SOF:  TIM2 ITR1 is connected to OTG FS SOF
2063:Drivers/STM32F2xx_HAL_Driver/Src/stm32f2xx_hal_tim_ex.c ****   *           @arg TIM_TIM2_USBHS_SOF:  TIM2 ITR1 is connected to OTG FS SOF
2064:Drivers/STM32F2xx_HAL_Driver/Src/stm32f2xx_hal_tim_ex.c ****   *
2065:Drivers/STM32F2xx_HAL_Driver/Src/stm32f2xx_hal_tim_ex.c ****   *         For TIM5, the parameter can have the following values:
2066:Drivers/STM32F2xx_HAL_Driver/Src/stm32f2xx_hal_tim_ex.c ****   *           @arg TIM_TIM5_GPIO:       TIM5 TI4 is connected to GPIO
2067:Drivers/STM32F2xx_HAL_Driver/Src/stm32f2xx_hal_tim_ex.c ****   *           @arg TIM_TIM5_LSI:        TIM5 TI4 is connected to LSI
2068:Drivers/STM32F2xx_HAL_Driver/Src/stm32f2xx_hal_tim_ex.c ****   *           @arg TIM_TIM5_LSE:        TIM5 TI4 is connected to LSE
2069:Drivers/STM32F2xx_HAL_Driver/Src/stm32f2xx_hal_tim_ex.c ****   *           @arg TIM_TIM5_RTC:        TIM5 TI4 is connected to the RTC wakeup interrupt
2070:Drivers/STM32F2xx_HAL_Driver/Src/stm32f2xx_hal_tim_ex.c ****   *
2071:Drivers/STM32F2xx_HAL_Driver/Src/stm32f2xx_hal_tim_ex.c ****   *         For TIM11, the parameter can have the following values:
2072:Drivers/STM32F2xx_HAL_Driver/Src/stm32f2xx_hal_tim_ex.c ****   *           @arg TIM_TIM11_GPIO:     TIM11 TI1 is connected to GPIO
2073:Drivers/STM32F2xx_HAL_Driver/Src/stm32f2xx_hal_tim_ex.c ****   *           @arg TIM_TIM11_HSE:      TIM11 TI1 is connected to HSE_RTC clock
2074:Drivers/STM32F2xx_HAL_Driver/Src/stm32f2xx_hal_tim_ex.c ****   *
2075:Drivers/STM32F2xx_HAL_Driver/Src/stm32f2xx_hal_tim_ex.c ****   * @retval HAL status
2076:Drivers/STM32F2xx_HAL_Driver/Src/stm32f2xx_hal_tim_ex.c ****   */
2077:Drivers/STM32F2xx_HAL_Driver/Src/stm32f2xx_hal_tim_ex.c **** HAL_StatusTypeDef HAL_TIMEx_RemapConfig(TIM_HandleTypeDef *htim, uint32_t Remap)
2078:Drivers/STM32F2xx_HAL_Driver/Src/stm32f2xx_hal_tim_ex.c **** {
2079:Drivers/STM32F2xx_HAL_Driver/Src/stm32f2xx_hal_tim_ex.c **** 
2080:Drivers/STM32F2xx_HAL_Driver/Src/stm32f2xx_hal_tim_ex.c ****   /* Check parameters */
2081:Drivers/STM32F2xx_HAL_Driver/Src/stm32f2xx_hal_tim_ex.c ****   assert_param(IS_TIM_REMAP(htim->Instance, Remap));
2082:Drivers/STM32F2xx_HAL_Driver/Src/stm32f2xx_hal_tim_ex.c **** 
2083:Drivers/STM32F2xx_HAL_Driver/Src/stm32f2xx_hal_tim_ex.c ****   __HAL_LOCK(htim);
2084:Drivers/STM32F2xx_HAL_Driver/Src/stm32f2xx_hal_tim_ex.c **** 
ARM GAS  /tmp/ccdDJwMc.s 			page 38


2085:Drivers/STM32F2xx_HAL_Driver/Src/stm32f2xx_hal_tim_ex.c ****   /* Set the Timer remapping configuration */
2086:Drivers/STM32F2xx_HAL_Driver/Src/stm32f2xx_hal_tim_ex.c ****   WRITE_REG(htim->Instance->OR, Remap);
2087:Drivers/STM32F2xx_HAL_Driver/Src/stm32f2xx_hal_tim_ex.c **** 
2088:Drivers/STM32F2xx_HAL_Driver/Src/stm32f2xx_hal_tim_ex.c ****   __HAL_UNLOCK(htim);
2089:Drivers/STM32F2xx_HAL_Driver/Src/stm32f2xx_hal_tim_ex.c **** 
2090:Drivers/STM32F2xx_HAL_Driver/Src/stm32f2xx_hal_tim_ex.c ****   return HAL_OK;
2091:Drivers/STM32F2xx_HAL_Driver/Src/stm32f2xx_hal_tim_ex.c **** }
2092:Drivers/STM32F2xx_HAL_Driver/Src/stm32f2xx_hal_tim_ex.c **** 
2093:Drivers/STM32F2xx_HAL_Driver/Src/stm32f2xx_hal_tim_ex.c **** /**
2094:Drivers/STM32F2xx_HAL_Driver/Src/stm32f2xx_hal_tim_ex.c ****   * @}
2095:Drivers/STM32F2xx_HAL_Driver/Src/stm32f2xx_hal_tim_ex.c ****   */
2096:Drivers/STM32F2xx_HAL_Driver/Src/stm32f2xx_hal_tim_ex.c **** 
2097:Drivers/STM32F2xx_HAL_Driver/Src/stm32f2xx_hal_tim_ex.c **** /** @defgroup TIMEx_Exported_Functions_Group6 Extended Callbacks functions
2098:Drivers/STM32F2xx_HAL_Driver/Src/stm32f2xx_hal_tim_ex.c ****   * @brief    Extended Callbacks functions
2099:Drivers/STM32F2xx_HAL_Driver/Src/stm32f2xx_hal_tim_ex.c ****   *
2100:Drivers/STM32F2xx_HAL_Driver/Src/stm32f2xx_hal_tim_ex.c **** @verbatim
2101:Drivers/STM32F2xx_HAL_Driver/Src/stm32f2xx_hal_tim_ex.c ****   ==============================================================================
2102:Drivers/STM32F2xx_HAL_Driver/Src/stm32f2xx_hal_tim_ex.c ****                     ##### Extended Callbacks functions #####
2103:Drivers/STM32F2xx_HAL_Driver/Src/stm32f2xx_hal_tim_ex.c ****   ==============================================================================
2104:Drivers/STM32F2xx_HAL_Driver/Src/stm32f2xx_hal_tim_ex.c ****   [..]
2105:Drivers/STM32F2xx_HAL_Driver/Src/stm32f2xx_hal_tim_ex.c ****     This section provides Extended TIM callback functions:
2106:Drivers/STM32F2xx_HAL_Driver/Src/stm32f2xx_hal_tim_ex.c ****     (+) Timer Commutation callback
2107:Drivers/STM32F2xx_HAL_Driver/Src/stm32f2xx_hal_tim_ex.c ****     (+) Timer Break callback
2108:Drivers/STM32F2xx_HAL_Driver/Src/stm32f2xx_hal_tim_ex.c **** 
2109:Drivers/STM32F2xx_HAL_Driver/Src/stm32f2xx_hal_tim_ex.c **** @endverbatim
2110:Drivers/STM32F2xx_HAL_Driver/Src/stm32f2xx_hal_tim_ex.c ****   * @{
2111:Drivers/STM32F2xx_HAL_Driver/Src/stm32f2xx_hal_tim_ex.c ****   */
2112:Drivers/STM32F2xx_HAL_Driver/Src/stm32f2xx_hal_tim_ex.c **** 
2113:Drivers/STM32F2xx_HAL_Driver/Src/stm32f2xx_hal_tim_ex.c **** /**
2114:Drivers/STM32F2xx_HAL_Driver/Src/stm32f2xx_hal_tim_ex.c ****   * @brief  Commutation callback in non-blocking mode
2115:Drivers/STM32F2xx_HAL_Driver/Src/stm32f2xx_hal_tim_ex.c ****   * @param  htim TIM handle
2116:Drivers/STM32F2xx_HAL_Driver/Src/stm32f2xx_hal_tim_ex.c ****   * @retval None
2117:Drivers/STM32F2xx_HAL_Driver/Src/stm32f2xx_hal_tim_ex.c ****   */
2118:Drivers/STM32F2xx_HAL_Driver/Src/stm32f2xx_hal_tim_ex.c **** __weak void HAL_TIMEx_CommutCallback(TIM_HandleTypeDef *htim)
2119:Drivers/STM32F2xx_HAL_Driver/Src/stm32f2xx_hal_tim_ex.c **** {
2120:Drivers/STM32F2xx_HAL_Driver/Src/stm32f2xx_hal_tim_ex.c ****   /* Prevent unused argument(s) compilation warning */
2121:Drivers/STM32F2xx_HAL_Driver/Src/stm32f2xx_hal_tim_ex.c ****   UNUSED(htim);
2122:Drivers/STM32F2xx_HAL_Driver/Src/stm32f2xx_hal_tim_ex.c **** 
2123:Drivers/STM32F2xx_HAL_Driver/Src/stm32f2xx_hal_tim_ex.c ****   /* NOTE : This function should not be modified, when the callback is needed,
2124:Drivers/STM32F2xx_HAL_Driver/Src/stm32f2xx_hal_tim_ex.c ****             the HAL_TIMEx_CommutCallback could be implemented in the user file
2125:Drivers/STM32F2xx_HAL_Driver/Src/stm32f2xx_hal_tim_ex.c ****    */
2126:Drivers/STM32F2xx_HAL_Driver/Src/stm32f2xx_hal_tim_ex.c **** }
2127:Drivers/STM32F2xx_HAL_Driver/Src/stm32f2xx_hal_tim_ex.c **** /**
2128:Drivers/STM32F2xx_HAL_Driver/Src/stm32f2xx_hal_tim_ex.c ****   * @brief  Commutation half complete callback in non-blocking mode
2129:Drivers/STM32F2xx_HAL_Driver/Src/stm32f2xx_hal_tim_ex.c ****   * @param  htim TIM handle
2130:Drivers/STM32F2xx_HAL_Driver/Src/stm32f2xx_hal_tim_ex.c ****   * @retval None
2131:Drivers/STM32F2xx_HAL_Driver/Src/stm32f2xx_hal_tim_ex.c ****   */
2132:Drivers/STM32F2xx_HAL_Driver/Src/stm32f2xx_hal_tim_ex.c **** __weak void HAL_TIMEx_CommutHalfCpltCallback(TIM_HandleTypeDef *htim)
2133:Drivers/STM32F2xx_HAL_Driver/Src/stm32f2xx_hal_tim_ex.c **** {
2134:Drivers/STM32F2xx_HAL_Driver/Src/stm32f2xx_hal_tim_ex.c ****   /* Prevent unused argument(s) compilation warning */
2135:Drivers/STM32F2xx_HAL_Driver/Src/stm32f2xx_hal_tim_ex.c ****   UNUSED(htim);
2136:Drivers/STM32F2xx_HAL_Driver/Src/stm32f2xx_hal_tim_ex.c **** 
2137:Drivers/STM32F2xx_HAL_Driver/Src/stm32f2xx_hal_tim_ex.c ****   /* NOTE : This function should not be modified, when the callback is needed,
2138:Drivers/STM32F2xx_HAL_Driver/Src/stm32f2xx_hal_tim_ex.c ****             the HAL_TIMEx_CommutHalfCpltCallback could be implemented in the user file
2139:Drivers/STM32F2xx_HAL_Driver/Src/stm32f2xx_hal_tim_ex.c ****    */
2140:Drivers/STM32F2xx_HAL_Driver/Src/stm32f2xx_hal_tim_ex.c **** }
2141:Drivers/STM32F2xx_HAL_Driver/Src/stm32f2xx_hal_tim_ex.c **** 
ARM GAS  /tmp/ccdDJwMc.s 			page 39


2142:Drivers/STM32F2xx_HAL_Driver/Src/stm32f2xx_hal_tim_ex.c **** /**
2143:Drivers/STM32F2xx_HAL_Driver/Src/stm32f2xx_hal_tim_ex.c ****   * @brief  Break detection callback in non-blocking mode
2144:Drivers/STM32F2xx_HAL_Driver/Src/stm32f2xx_hal_tim_ex.c ****   * @param  htim TIM handle
2145:Drivers/STM32F2xx_HAL_Driver/Src/stm32f2xx_hal_tim_ex.c ****   * @retval None
2146:Drivers/STM32F2xx_HAL_Driver/Src/stm32f2xx_hal_tim_ex.c ****   */
2147:Drivers/STM32F2xx_HAL_Driver/Src/stm32f2xx_hal_tim_ex.c **** __weak void HAL_TIMEx_BreakCallback(TIM_HandleTypeDef *htim)
2148:Drivers/STM32F2xx_HAL_Driver/Src/stm32f2xx_hal_tim_ex.c **** {
2149:Drivers/STM32F2xx_HAL_Driver/Src/stm32f2xx_hal_tim_ex.c ****   /* Prevent unused argument(s) compilation warning */
2150:Drivers/STM32F2xx_HAL_Driver/Src/stm32f2xx_hal_tim_ex.c ****   UNUSED(htim);
2151:Drivers/STM32F2xx_HAL_Driver/Src/stm32f2xx_hal_tim_ex.c **** 
2152:Drivers/STM32F2xx_HAL_Driver/Src/stm32f2xx_hal_tim_ex.c ****   /* NOTE : This function should not be modified, when the callback is needed,
2153:Drivers/STM32F2xx_HAL_Driver/Src/stm32f2xx_hal_tim_ex.c ****             the HAL_TIMEx_BreakCallback could be implemented in the user file
2154:Drivers/STM32F2xx_HAL_Driver/Src/stm32f2xx_hal_tim_ex.c ****    */
2155:Drivers/STM32F2xx_HAL_Driver/Src/stm32f2xx_hal_tim_ex.c **** }
2156:Drivers/STM32F2xx_HAL_Driver/Src/stm32f2xx_hal_tim_ex.c **** /**
2157:Drivers/STM32F2xx_HAL_Driver/Src/stm32f2xx_hal_tim_ex.c ****   * @}
2158:Drivers/STM32F2xx_HAL_Driver/Src/stm32f2xx_hal_tim_ex.c ****   */
2159:Drivers/STM32F2xx_HAL_Driver/Src/stm32f2xx_hal_tim_ex.c **** 
2160:Drivers/STM32F2xx_HAL_Driver/Src/stm32f2xx_hal_tim_ex.c **** /** @defgroup TIMEx_Exported_Functions_Group7 Extended Peripheral State functions
2161:Drivers/STM32F2xx_HAL_Driver/Src/stm32f2xx_hal_tim_ex.c ****   * @brief    Extended Peripheral State functions
2162:Drivers/STM32F2xx_HAL_Driver/Src/stm32f2xx_hal_tim_ex.c ****   *
2163:Drivers/STM32F2xx_HAL_Driver/Src/stm32f2xx_hal_tim_ex.c **** @verbatim
2164:Drivers/STM32F2xx_HAL_Driver/Src/stm32f2xx_hal_tim_ex.c ****   ==============================================================================
2165:Drivers/STM32F2xx_HAL_Driver/Src/stm32f2xx_hal_tim_ex.c ****                 ##### Extended Peripheral State functions #####
2166:Drivers/STM32F2xx_HAL_Driver/Src/stm32f2xx_hal_tim_ex.c ****   ==============================================================================
2167:Drivers/STM32F2xx_HAL_Driver/Src/stm32f2xx_hal_tim_ex.c ****   [..]
2168:Drivers/STM32F2xx_HAL_Driver/Src/stm32f2xx_hal_tim_ex.c ****     This subsection permits to get in run-time the status of the peripheral
2169:Drivers/STM32F2xx_HAL_Driver/Src/stm32f2xx_hal_tim_ex.c ****     and the data flow.
2170:Drivers/STM32F2xx_HAL_Driver/Src/stm32f2xx_hal_tim_ex.c **** 
2171:Drivers/STM32F2xx_HAL_Driver/Src/stm32f2xx_hal_tim_ex.c **** @endverbatim
2172:Drivers/STM32F2xx_HAL_Driver/Src/stm32f2xx_hal_tim_ex.c ****   * @{
2173:Drivers/STM32F2xx_HAL_Driver/Src/stm32f2xx_hal_tim_ex.c ****   */
2174:Drivers/STM32F2xx_HAL_Driver/Src/stm32f2xx_hal_tim_ex.c **** 
2175:Drivers/STM32F2xx_HAL_Driver/Src/stm32f2xx_hal_tim_ex.c **** /**
2176:Drivers/STM32F2xx_HAL_Driver/Src/stm32f2xx_hal_tim_ex.c ****   * @brief  Return the TIM Hall Sensor interface handle state.
2177:Drivers/STM32F2xx_HAL_Driver/Src/stm32f2xx_hal_tim_ex.c ****   * @param  htim TIM Hall Sensor handle
2178:Drivers/STM32F2xx_HAL_Driver/Src/stm32f2xx_hal_tim_ex.c ****   * @retval HAL state
2179:Drivers/STM32F2xx_HAL_Driver/Src/stm32f2xx_hal_tim_ex.c ****   */
2180:Drivers/STM32F2xx_HAL_Driver/Src/stm32f2xx_hal_tim_ex.c **** HAL_TIM_StateTypeDef HAL_TIMEx_HallSensor_GetState(const TIM_HandleTypeDef *htim)
2181:Drivers/STM32F2xx_HAL_Driver/Src/stm32f2xx_hal_tim_ex.c **** {
2182:Drivers/STM32F2xx_HAL_Driver/Src/stm32f2xx_hal_tim_ex.c ****   return htim->State;
2183:Drivers/STM32F2xx_HAL_Driver/Src/stm32f2xx_hal_tim_ex.c **** }
2184:Drivers/STM32F2xx_HAL_Driver/Src/stm32f2xx_hal_tim_ex.c **** 
2185:Drivers/STM32F2xx_HAL_Driver/Src/stm32f2xx_hal_tim_ex.c **** /**
2186:Drivers/STM32F2xx_HAL_Driver/Src/stm32f2xx_hal_tim_ex.c ****   * @brief  Return actual state of the TIM complementary channel.
2187:Drivers/STM32F2xx_HAL_Driver/Src/stm32f2xx_hal_tim_ex.c ****   * @param  htim TIM handle
2188:Drivers/STM32F2xx_HAL_Driver/Src/stm32f2xx_hal_tim_ex.c ****   * @param  ChannelN TIM Complementary channel
2189:Drivers/STM32F2xx_HAL_Driver/Src/stm32f2xx_hal_tim_ex.c ****   *          This parameter can be one of the following values:
2190:Drivers/STM32F2xx_HAL_Driver/Src/stm32f2xx_hal_tim_ex.c ****   *            @arg TIM_CHANNEL_1: TIM Channel 1
2191:Drivers/STM32F2xx_HAL_Driver/Src/stm32f2xx_hal_tim_ex.c ****   *            @arg TIM_CHANNEL_2: TIM Channel 2
2192:Drivers/STM32F2xx_HAL_Driver/Src/stm32f2xx_hal_tim_ex.c ****   *            @arg TIM_CHANNEL_3: TIM Channel 3
2193:Drivers/STM32F2xx_HAL_Driver/Src/stm32f2xx_hal_tim_ex.c ****   * @retval TIM Complementary channel state
2194:Drivers/STM32F2xx_HAL_Driver/Src/stm32f2xx_hal_tim_ex.c ****   */
2195:Drivers/STM32F2xx_HAL_Driver/Src/stm32f2xx_hal_tim_ex.c **** HAL_TIM_ChannelStateTypeDef HAL_TIMEx_GetChannelNState(const TIM_HandleTypeDef *htim,  uint32_t Cha
2196:Drivers/STM32F2xx_HAL_Driver/Src/stm32f2xx_hal_tim_ex.c **** {
2197:Drivers/STM32F2xx_HAL_Driver/Src/stm32f2xx_hal_tim_ex.c ****   HAL_TIM_ChannelStateTypeDef channel_state;
2198:Drivers/STM32F2xx_HAL_Driver/Src/stm32f2xx_hal_tim_ex.c **** 
ARM GAS  /tmp/ccdDJwMc.s 			page 40


2199:Drivers/STM32F2xx_HAL_Driver/Src/stm32f2xx_hal_tim_ex.c ****   /* Check the parameters */
2200:Drivers/STM32F2xx_HAL_Driver/Src/stm32f2xx_hal_tim_ex.c ****   assert_param(IS_TIM_CCXN_INSTANCE(htim->Instance, ChannelN));
2201:Drivers/STM32F2xx_HAL_Driver/Src/stm32f2xx_hal_tim_ex.c **** 
2202:Drivers/STM32F2xx_HAL_Driver/Src/stm32f2xx_hal_tim_ex.c ****   channel_state = TIM_CHANNEL_N_STATE_GET(htim, ChannelN);
2203:Drivers/STM32F2xx_HAL_Driver/Src/stm32f2xx_hal_tim_ex.c **** 
2204:Drivers/STM32F2xx_HAL_Driver/Src/stm32f2xx_hal_tim_ex.c ****   return channel_state;
2205:Drivers/STM32F2xx_HAL_Driver/Src/stm32f2xx_hal_tim_ex.c **** }
2206:Drivers/STM32F2xx_HAL_Driver/Src/stm32f2xx_hal_tim_ex.c **** /**
2207:Drivers/STM32F2xx_HAL_Driver/Src/stm32f2xx_hal_tim_ex.c ****   * @}
2208:Drivers/STM32F2xx_HAL_Driver/Src/stm32f2xx_hal_tim_ex.c ****   */
2209:Drivers/STM32F2xx_HAL_Driver/Src/stm32f2xx_hal_tim_ex.c **** 
2210:Drivers/STM32F2xx_HAL_Driver/Src/stm32f2xx_hal_tim_ex.c **** /**
2211:Drivers/STM32F2xx_HAL_Driver/Src/stm32f2xx_hal_tim_ex.c ****   * @}
2212:Drivers/STM32F2xx_HAL_Driver/Src/stm32f2xx_hal_tim_ex.c ****   */
2213:Drivers/STM32F2xx_HAL_Driver/Src/stm32f2xx_hal_tim_ex.c **** 
2214:Drivers/STM32F2xx_HAL_Driver/Src/stm32f2xx_hal_tim_ex.c **** /* Private functions ---------------------------------------------------------*/
2215:Drivers/STM32F2xx_HAL_Driver/Src/stm32f2xx_hal_tim_ex.c **** /** @defgroup TIMEx_Private_Functions TIM Extended Private Functions
2216:Drivers/STM32F2xx_HAL_Driver/Src/stm32f2xx_hal_tim_ex.c ****   * @{
2217:Drivers/STM32F2xx_HAL_Driver/Src/stm32f2xx_hal_tim_ex.c ****   */
2218:Drivers/STM32F2xx_HAL_Driver/Src/stm32f2xx_hal_tim_ex.c **** 
2219:Drivers/STM32F2xx_HAL_Driver/Src/stm32f2xx_hal_tim_ex.c **** /**
2220:Drivers/STM32F2xx_HAL_Driver/Src/stm32f2xx_hal_tim_ex.c ****   * @brief  TIM DMA Commutation callback.
2221:Drivers/STM32F2xx_HAL_Driver/Src/stm32f2xx_hal_tim_ex.c ****   * @param  hdma pointer to DMA handle.
2222:Drivers/STM32F2xx_HAL_Driver/Src/stm32f2xx_hal_tim_ex.c ****   * @retval None
2223:Drivers/STM32F2xx_HAL_Driver/Src/stm32f2xx_hal_tim_ex.c ****   */
2224:Drivers/STM32F2xx_HAL_Driver/Src/stm32f2xx_hal_tim_ex.c **** void TIMEx_DMACommutationCplt(DMA_HandleTypeDef *hdma)
2225:Drivers/STM32F2xx_HAL_Driver/Src/stm32f2xx_hal_tim_ex.c **** {
2226:Drivers/STM32F2xx_HAL_Driver/Src/stm32f2xx_hal_tim_ex.c ****   TIM_HandleTypeDef *htim = (TIM_HandleTypeDef *)((DMA_HandleTypeDef *)hdma)->Parent;
2227:Drivers/STM32F2xx_HAL_Driver/Src/stm32f2xx_hal_tim_ex.c **** 
2228:Drivers/STM32F2xx_HAL_Driver/Src/stm32f2xx_hal_tim_ex.c ****   /* Change the htim state */
2229:Drivers/STM32F2xx_HAL_Driver/Src/stm32f2xx_hal_tim_ex.c ****   htim->State = HAL_TIM_STATE_READY;
2230:Drivers/STM32F2xx_HAL_Driver/Src/stm32f2xx_hal_tim_ex.c **** 
2231:Drivers/STM32F2xx_HAL_Driver/Src/stm32f2xx_hal_tim_ex.c **** #if (USE_HAL_TIM_REGISTER_CALLBACKS == 1)
2232:Drivers/STM32F2xx_HAL_Driver/Src/stm32f2xx_hal_tim_ex.c ****   htim->CommutationCallback(htim);
2233:Drivers/STM32F2xx_HAL_Driver/Src/stm32f2xx_hal_tim_ex.c **** #else
2234:Drivers/STM32F2xx_HAL_Driver/Src/stm32f2xx_hal_tim_ex.c ****   HAL_TIMEx_CommutCallback(htim);
2235:Drivers/STM32F2xx_HAL_Driver/Src/stm32f2xx_hal_tim_ex.c **** #endif /* USE_HAL_TIM_REGISTER_CALLBACKS */
2236:Drivers/STM32F2xx_HAL_Driver/Src/stm32f2xx_hal_tim_ex.c **** }
2237:Drivers/STM32F2xx_HAL_Driver/Src/stm32f2xx_hal_tim_ex.c **** 
2238:Drivers/STM32F2xx_HAL_Driver/Src/stm32f2xx_hal_tim_ex.c **** /**
2239:Drivers/STM32F2xx_HAL_Driver/Src/stm32f2xx_hal_tim_ex.c ****   * @brief  TIM DMA Commutation half complete callback.
2240:Drivers/STM32F2xx_HAL_Driver/Src/stm32f2xx_hal_tim_ex.c ****   * @param  hdma pointer to DMA handle.
2241:Drivers/STM32F2xx_HAL_Driver/Src/stm32f2xx_hal_tim_ex.c ****   * @retval None
2242:Drivers/STM32F2xx_HAL_Driver/Src/stm32f2xx_hal_tim_ex.c ****   */
2243:Drivers/STM32F2xx_HAL_Driver/Src/stm32f2xx_hal_tim_ex.c **** void TIMEx_DMACommutationHalfCplt(DMA_HandleTypeDef *hdma)
2244:Drivers/STM32F2xx_HAL_Driver/Src/stm32f2xx_hal_tim_ex.c **** {
2245:Drivers/STM32F2xx_HAL_Driver/Src/stm32f2xx_hal_tim_ex.c ****   TIM_HandleTypeDef *htim = (TIM_HandleTypeDef *)((DMA_HandleTypeDef *)hdma)->Parent;
2246:Drivers/STM32F2xx_HAL_Driver/Src/stm32f2xx_hal_tim_ex.c **** 
2247:Drivers/STM32F2xx_HAL_Driver/Src/stm32f2xx_hal_tim_ex.c ****   /* Change the htim state */
2248:Drivers/STM32F2xx_HAL_Driver/Src/stm32f2xx_hal_tim_ex.c ****   htim->State = HAL_TIM_STATE_READY;
2249:Drivers/STM32F2xx_HAL_Driver/Src/stm32f2xx_hal_tim_ex.c **** 
2250:Drivers/STM32F2xx_HAL_Driver/Src/stm32f2xx_hal_tim_ex.c **** #if (USE_HAL_TIM_REGISTER_CALLBACKS == 1)
2251:Drivers/STM32F2xx_HAL_Driver/Src/stm32f2xx_hal_tim_ex.c ****   htim->CommutationHalfCpltCallback(htim);
2252:Drivers/STM32F2xx_HAL_Driver/Src/stm32f2xx_hal_tim_ex.c **** #else
2253:Drivers/STM32F2xx_HAL_Driver/Src/stm32f2xx_hal_tim_ex.c ****   HAL_TIMEx_CommutHalfCpltCallback(htim);
2254:Drivers/STM32F2xx_HAL_Driver/Src/stm32f2xx_hal_tim_ex.c **** #endif /* USE_HAL_TIM_REGISTER_CALLBACKS */
2255:Drivers/STM32F2xx_HAL_Driver/Src/stm32f2xx_hal_tim_ex.c **** }
ARM GAS  /tmp/ccdDJwMc.s 			page 41


2256:Drivers/STM32F2xx_HAL_Driver/Src/stm32f2xx_hal_tim_ex.c **** 
2257:Drivers/STM32F2xx_HAL_Driver/Src/stm32f2xx_hal_tim_ex.c **** 
2258:Drivers/STM32F2xx_HAL_Driver/Src/stm32f2xx_hal_tim_ex.c **** /**
2259:Drivers/STM32F2xx_HAL_Driver/Src/stm32f2xx_hal_tim_ex.c ****   * @brief  TIM DMA Delay Pulse complete callback (complementary channel).
2260:Drivers/STM32F2xx_HAL_Driver/Src/stm32f2xx_hal_tim_ex.c ****   * @param  hdma pointer to DMA handle.
2261:Drivers/STM32F2xx_HAL_Driver/Src/stm32f2xx_hal_tim_ex.c ****   * @retval None
2262:Drivers/STM32F2xx_HAL_Driver/Src/stm32f2xx_hal_tim_ex.c ****   */
2263:Drivers/STM32F2xx_HAL_Driver/Src/stm32f2xx_hal_tim_ex.c **** static void TIM_DMADelayPulseNCplt(DMA_HandleTypeDef *hdma)
2264:Drivers/STM32F2xx_HAL_Driver/Src/stm32f2xx_hal_tim_ex.c **** {
2265:Drivers/STM32F2xx_HAL_Driver/Src/stm32f2xx_hal_tim_ex.c ****   TIM_HandleTypeDef *htim = (TIM_HandleTypeDef *)((DMA_HandleTypeDef *)hdma)->Parent;
2266:Drivers/STM32F2xx_HAL_Driver/Src/stm32f2xx_hal_tim_ex.c **** 
2267:Drivers/STM32F2xx_HAL_Driver/Src/stm32f2xx_hal_tim_ex.c ****   if (hdma == htim->hdma[TIM_DMA_ID_CC1])
2268:Drivers/STM32F2xx_HAL_Driver/Src/stm32f2xx_hal_tim_ex.c ****   {
2269:Drivers/STM32F2xx_HAL_Driver/Src/stm32f2xx_hal_tim_ex.c ****     htim->Channel = HAL_TIM_ACTIVE_CHANNEL_1;
2270:Drivers/STM32F2xx_HAL_Driver/Src/stm32f2xx_hal_tim_ex.c **** 
2271:Drivers/STM32F2xx_HAL_Driver/Src/stm32f2xx_hal_tim_ex.c ****     if (hdma->Init.Mode == DMA_NORMAL)
2272:Drivers/STM32F2xx_HAL_Driver/Src/stm32f2xx_hal_tim_ex.c ****     {
2273:Drivers/STM32F2xx_HAL_Driver/Src/stm32f2xx_hal_tim_ex.c ****       TIM_CHANNEL_N_STATE_SET(htim, TIM_CHANNEL_1, HAL_TIM_CHANNEL_STATE_READY);
2274:Drivers/STM32F2xx_HAL_Driver/Src/stm32f2xx_hal_tim_ex.c ****     }
2275:Drivers/STM32F2xx_HAL_Driver/Src/stm32f2xx_hal_tim_ex.c ****   }
2276:Drivers/STM32F2xx_HAL_Driver/Src/stm32f2xx_hal_tim_ex.c ****   else if (hdma == htim->hdma[TIM_DMA_ID_CC2])
2277:Drivers/STM32F2xx_HAL_Driver/Src/stm32f2xx_hal_tim_ex.c ****   {
2278:Drivers/STM32F2xx_HAL_Driver/Src/stm32f2xx_hal_tim_ex.c ****     htim->Channel = HAL_TIM_ACTIVE_CHANNEL_2;
2279:Drivers/STM32F2xx_HAL_Driver/Src/stm32f2xx_hal_tim_ex.c **** 
2280:Drivers/STM32F2xx_HAL_Driver/Src/stm32f2xx_hal_tim_ex.c ****     if (hdma->Init.Mode == DMA_NORMAL)
2281:Drivers/STM32F2xx_HAL_Driver/Src/stm32f2xx_hal_tim_ex.c ****     {
2282:Drivers/STM32F2xx_HAL_Driver/Src/stm32f2xx_hal_tim_ex.c ****       TIM_CHANNEL_N_STATE_SET(htim, TIM_CHANNEL_2, HAL_TIM_CHANNEL_STATE_READY);
2283:Drivers/STM32F2xx_HAL_Driver/Src/stm32f2xx_hal_tim_ex.c ****     }
2284:Drivers/STM32F2xx_HAL_Driver/Src/stm32f2xx_hal_tim_ex.c ****   }
2285:Drivers/STM32F2xx_HAL_Driver/Src/stm32f2xx_hal_tim_ex.c ****   else if (hdma == htim->hdma[TIM_DMA_ID_CC3])
2286:Drivers/STM32F2xx_HAL_Driver/Src/stm32f2xx_hal_tim_ex.c ****   {
2287:Drivers/STM32F2xx_HAL_Driver/Src/stm32f2xx_hal_tim_ex.c ****     htim->Channel = HAL_TIM_ACTIVE_CHANNEL_3;
2288:Drivers/STM32F2xx_HAL_Driver/Src/stm32f2xx_hal_tim_ex.c **** 
2289:Drivers/STM32F2xx_HAL_Driver/Src/stm32f2xx_hal_tim_ex.c ****     if (hdma->Init.Mode == DMA_NORMAL)
2290:Drivers/STM32F2xx_HAL_Driver/Src/stm32f2xx_hal_tim_ex.c ****     {
2291:Drivers/STM32F2xx_HAL_Driver/Src/stm32f2xx_hal_tim_ex.c ****       TIM_CHANNEL_N_STATE_SET(htim, TIM_CHANNEL_3, HAL_TIM_CHANNEL_STATE_READY);
2292:Drivers/STM32F2xx_HAL_Driver/Src/stm32f2xx_hal_tim_ex.c ****     }
2293:Drivers/STM32F2xx_HAL_Driver/Src/stm32f2xx_hal_tim_ex.c ****   }
2294:Drivers/STM32F2xx_HAL_Driver/Src/stm32f2xx_hal_tim_ex.c ****   else
2295:Drivers/STM32F2xx_HAL_Driver/Src/stm32f2xx_hal_tim_ex.c ****   {
2296:Drivers/STM32F2xx_HAL_Driver/Src/stm32f2xx_hal_tim_ex.c ****     /* nothing to do */
2297:Drivers/STM32F2xx_HAL_Driver/Src/stm32f2xx_hal_tim_ex.c ****   }
2298:Drivers/STM32F2xx_HAL_Driver/Src/stm32f2xx_hal_tim_ex.c **** 
2299:Drivers/STM32F2xx_HAL_Driver/Src/stm32f2xx_hal_tim_ex.c **** #if (USE_HAL_TIM_REGISTER_CALLBACKS == 1)
2300:Drivers/STM32F2xx_HAL_Driver/Src/stm32f2xx_hal_tim_ex.c ****   htim->PWM_PulseFinishedCallback(htim);
2301:Drivers/STM32F2xx_HAL_Driver/Src/stm32f2xx_hal_tim_ex.c **** #else
2302:Drivers/STM32F2xx_HAL_Driver/Src/stm32f2xx_hal_tim_ex.c ****   HAL_TIM_PWM_PulseFinishedCallback(htim);
2303:Drivers/STM32F2xx_HAL_Driver/Src/stm32f2xx_hal_tim_ex.c **** #endif /* USE_HAL_TIM_REGISTER_CALLBACKS */
2304:Drivers/STM32F2xx_HAL_Driver/Src/stm32f2xx_hal_tim_ex.c **** 
2305:Drivers/STM32F2xx_HAL_Driver/Src/stm32f2xx_hal_tim_ex.c ****   htim->Channel = HAL_TIM_ACTIVE_CHANNEL_CLEARED;
2306:Drivers/STM32F2xx_HAL_Driver/Src/stm32f2xx_hal_tim_ex.c **** }
2307:Drivers/STM32F2xx_HAL_Driver/Src/stm32f2xx_hal_tim_ex.c **** 
2308:Drivers/STM32F2xx_HAL_Driver/Src/stm32f2xx_hal_tim_ex.c **** /**
2309:Drivers/STM32F2xx_HAL_Driver/Src/stm32f2xx_hal_tim_ex.c ****   * @brief  TIM DMA error callback (complementary channel)
2310:Drivers/STM32F2xx_HAL_Driver/Src/stm32f2xx_hal_tim_ex.c ****   * @param  hdma pointer to DMA handle.
2311:Drivers/STM32F2xx_HAL_Driver/Src/stm32f2xx_hal_tim_ex.c ****   * @retval None
2312:Drivers/STM32F2xx_HAL_Driver/Src/stm32f2xx_hal_tim_ex.c ****   */
ARM GAS  /tmp/ccdDJwMc.s 			page 42


2313:Drivers/STM32F2xx_HAL_Driver/Src/stm32f2xx_hal_tim_ex.c **** static void TIM_DMAErrorCCxN(DMA_HandleTypeDef *hdma)
2314:Drivers/STM32F2xx_HAL_Driver/Src/stm32f2xx_hal_tim_ex.c **** {
2315:Drivers/STM32F2xx_HAL_Driver/Src/stm32f2xx_hal_tim_ex.c ****   TIM_HandleTypeDef *htim = (TIM_HandleTypeDef *)((DMA_HandleTypeDef *)hdma)->Parent;
2316:Drivers/STM32F2xx_HAL_Driver/Src/stm32f2xx_hal_tim_ex.c **** 
2317:Drivers/STM32F2xx_HAL_Driver/Src/stm32f2xx_hal_tim_ex.c ****   if (hdma == htim->hdma[TIM_DMA_ID_CC1])
2318:Drivers/STM32F2xx_HAL_Driver/Src/stm32f2xx_hal_tim_ex.c ****   {
2319:Drivers/STM32F2xx_HAL_Driver/Src/stm32f2xx_hal_tim_ex.c ****     htim->Channel = HAL_TIM_ACTIVE_CHANNEL_1;
2320:Drivers/STM32F2xx_HAL_Driver/Src/stm32f2xx_hal_tim_ex.c ****     TIM_CHANNEL_N_STATE_SET(htim, TIM_CHANNEL_1, HAL_TIM_CHANNEL_STATE_READY);
2321:Drivers/STM32F2xx_HAL_Driver/Src/stm32f2xx_hal_tim_ex.c ****   }
2322:Drivers/STM32F2xx_HAL_Driver/Src/stm32f2xx_hal_tim_ex.c ****   else if (hdma == htim->hdma[TIM_DMA_ID_CC2])
2323:Drivers/STM32F2xx_HAL_Driver/Src/stm32f2xx_hal_tim_ex.c ****   {
2324:Drivers/STM32F2xx_HAL_Driver/Src/stm32f2xx_hal_tim_ex.c ****     htim->Channel = HAL_TIM_ACTIVE_CHANNEL_2;
2325:Drivers/STM32F2xx_HAL_Driver/Src/stm32f2xx_hal_tim_ex.c ****     TIM_CHANNEL_N_STATE_SET(htim, TIM_CHANNEL_2, HAL_TIM_CHANNEL_STATE_READY);
2326:Drivers/STM32F2xx_HAL_Driver/Src/stm32f2xx_hal_tim_ex.c ****   }
2327:Drivers/STM32F2xx_HAL_Driver/Src/stm32f2xx_hal_tim_ex.c ****   else if (hdma == htim->hdma[TIM_DMA_ID_CC3])
2328:Drivers/STM32F2xx_HAL_Driver/Src/stm32f2xx_hal_tim_ex.c ****   {
2329:Drivers/STM32F2xx_HAL_Driver/Src/stm32f2xx_hal_tim_ex.c ****     htim->Channel = HAL_TIM_ACTIVE_CHANNEL_3;
2330:Drivers/STM32F2xx_HAL_Driver/Src/stm32f2xx_hal_tim_ex.c ****     TIM_CHANNEL_N_STATE_SET(htim, TIM_CHANNEL_3, HAL_TIM_CHANNEL_STATE_READY);
2331:Drivers/STM32F2xx_HAL_Driver/Src/stm32f2xx_hal_tim_ex.c ****   }
2332:Drivers/STM32F2xx_HAL_Driver/Src/stm32f2xx_hal_tim_ex.c ****   else
2333:Drivers/STM32F2xx_HAL_Driver/Src/stm32f2xx_hal_tim_ex.c ****   {
2334:Drivers/STM32F2xx_HAL_Driver/Src/stm32f2xx_hal_tim_ex.c ****     /* nothing to do */
2335:Drivers/STM32F2xx_HAL_Driver/Src/stm32f2xx_hal_tim_ex.c ****   }
2336:Drivers/STM32F2xx_HAL_Driver/Src/stm32f2xx_hal_tim_ex.c **** 
2337:Drivers/STM32F2xx_HAL_Driver/Src/stm32f2xx_hal_tim_ex.c **** #if (USE_HAL_TIM_REGISTER_CALLBACKS == 1)
2338:Drivers/STM32F2xx_HAL_Driver/Src/stm32f2xx_hal_tim_ex.c ****   htim->ErrorCallback(htim);
2339:Drivers/STM32F2xx_HAL_Driver/Src/stm32f2xx_hal_tim_ex.c **** #else
2340:Drivers/STM32F2xx_HAL_Driver/Src/stm32f2xx_hal_tim_ex.c ****   HAL_TIM_ErrorCallback(htim);
2341:Drivers/STM32F2xx_HAL_Driver/Src/stm32f2xx_hal_tim_ex.c **** #endif /* USE_HAL_TIM_REGISTER_CALLBACKS */
2342:Drivers/STM32F2xx_HAL_Driver/Src/stm32f2xx_hal_tim_ex.c **** 
2343:Drivers/STM32F2xx_HAL_Driver/Src/stm32f2xx_hal_tim_ex.c ****   htim->Channel = HAL_TIM_ACTIVE_CHANNEL_CLEARED;
2344:Drivers/STM32F2xx_HAL_Driver/Src/stm32f2xx_hal_tim_ex.c **** }
2345:Drivers/STM32F2xx_HAL_Driver/Src/stm32f2xx_hal_tim_ex.c **** 
2346:Drivers/STM32F2xx_HAL_Driver/Src/stm32f2xx_hal_tim_ex.c **** /**
2347:Drivers/STM32F2xx_HAL_Driver/Src/stm32f2xx_hal_tim_ex.c ****   * @brief  Enables or disables the TIM Capture Compare Channel xN.
2348:Drivers/STM32F2xx_HAL_Driver/Src/stm32f2xx_hal_tim_ex.c ****   * @param  TIMx to select the TIM peripheral
2349:Drivers/STM32F2xx_HAL_Driver/Src/stm32f2xx_hal_tim_ex.c ****   * @param  Channel specifies the TIM Channel
2350:Drivers/STM32F2xx_HAL_Driver/Src/stm32f2xx_hal_tim_ex.c ****   *          This parameter can be one of the following values:
2351:Drivers/STM32F2xx_HAL_Driver/Src/stm32f2xx_hal_tim_ex.c ****   *            @arg TIM_CHANNEL_1: TIM Channel 1
2352:Drivers/STM32F2xx_HAL_Driver/Src/stm32f2xx_hal_tim_ex.c ****   *            @arg TIM_CHANNEL_2: TIM Channel 2
2353:Drivers/STM32F2xx_HAL_Driver/Src/stm32f2xx_hal_tim_ex.c ****   *            @arg TIM_CHANNEL_3: TIM Channel 3
2354:Drivers/STM32F2xx_HAL_Driver/Src/stm32f2xx_hal_tim_ex.c ****   * @param  ChannelNState specifies the TIM Channel CCxNE bit new state.
2355:Drivers/STM32F2xx_HAL_Driver/Src/stm32f2xx_hal_tim_ex.c ****   *          This parameter can be: TIM_CCxN_ENABLE or TIM_CCxN_Disable.
2356:Drivers/STM32F2xx_HAL_Driver/Src/stm32f2xx_hal_tim_ex.c ****   * @retval None
2357:Drivers/STM32F2xx_HAL_Driver/Src/stm32f2xx_hal_tim_ex.c ****   */
2358:Drivers/STM32F2xx_HAL_Driver/Src/stm32f2xx_hal_tim_ex.c **** static void TIM_CCxNChannelCmd(TIM_TypeDef *TIMx, uint32_t Channel, uint32_t ChannelNState)
2359:Drivers/STM32F2xx_HAL_Driver/Src/stm32f2xx_hal_tim_ex.c **** {
  27              		.loc 1 2359 1 view -0
  28              		.cfi_startproc
  29              		@ args = 0, pretend = 0, frame = 0
  30              		@ frame_needed = 0, uses_anonymous_args = 0
  31              		@ link register save eliminated.
2360:Drivers/STM32F2xx_HAL_Driver/Src/stm32f2xx_hal_tim_ex.c ****   uint32_t tmp;
  32              		.loc 1 2360 3 view .LVU1
2361:Drivers/STM32F2xx_HAL_Driver/Src/stm32f2xx_hal_tim_ex.c **** 
2362:Drivers/STM32F2xx_HAL_Driver/Src/stm32f2xx_hal_tim_ex.c ****   tmp = TIM_CCER_CC1NE << (Channel & 0xFU); /* 0xFU = 15 bits max shift */
  33              		.loc 1 2362 3 view .LVU2
ARM GAS  /tmp/ccdDJwMc.s 			page 43


  34              		.loc 1 2362 36 is_stmt 0 view .LVU3
  35 0000 01F00F01 		and	r1, r1, #15
  36              	.LVL1:
  37              		.loc 1 2362 7 view .LVU4
  38 0004 4FF0040C 		mov	ip, #4
  39 0008 0CFA01FC 		lsl	ip, ip, r1
  40              	.LVL2:
2363:Drivers/STM32F2xx_HAL_Driver/Src/stm32f2xx_hal_tim_ex.c **** 
2364:Drivers/STM32F2xx_HAL_Driver/Src/stm32f2xx_hal_tim_ex.c ****   /* Reset the CCxNE Bit */
2365:Drivers/STM32F2xx_HAL_Driver/Src/stm32f2xx_hal_tim_ex.c ****   TIMx->CCER &=  ~tmp;
  41              		.loc 1 2365 3 is_stmt 1 view .LVU5
  42              		.loc 1 2365 7 is_stmt 0 view .LVU6
  43 000c 036A     		ldr	r3, [r0, #32]
  44              		.loc 1 2365 14 view .LVU7
  45 000e 23EA0C03 		bic	r3, r3, ip
  46 0012 0362     		str	r3, [r0, #32]
2366:Drivers/STM32F2xx_HAL_Driver/Src/stm32f2xx_hal_tim_ex.c **** 
2367:Drivers/STM32F2xx_HAL_Driver/Src/stm32f2xx_hal_tim_ex.c ****   /* Set or reset the CCxNE Bit */
2368:Drivers/STM32F2xx_HAL_Driver/Src/stm32f2xx_hal_tim_ex.c ****   TIMx->CCER |= (uint32_t)(ChannelNState << (Channel & 0xFU)); /* 0xFU = 15 bits max shift */
  47              		.loc 1 2368 3 is_stmt 1 view .LVU8
  48              		.loc 1 2368 7 is_stmt 0 view .LVU9
  49 0014 036A     		ldr	r3, [r0, #32]
  50              		.loc 1 2368 42 view .LVU10
  51 0016 8A40     		lsls	r2, r2, r1
  52              	.LVL3:
  53              		.loc 1 2368 14 view .LVU11
  54 0018 1343     		orrs	r3, r3, r2
  55 001a 0362     		str	r3, [r0, #32]
2369:Drivers/STM32F2xx_HAL_Driver/Src/stm32f2xx_hal_tim_ex.c **** }
  56              		.loc 1 2369 1 view .LVU12
  57 001c 7047     		bx	lr
  58              		.cfi_endproc
  59              	.LFE113:
  61              		.section	.text.TIM_DMAErrorCCxN,"ax",%progbits
  62              		.align	1
  63              		.syntax unified
  64              		.thumb
  65              		.thumb_func
  67              	TIM_DMAErrorCCxN:
  68              	.LVL4:
  69              	.LFB112:
2314:Drivers/STM32F2xx_HAL_Driver/Src/stm32f2xx_hal_tim_ex.c ****   TIM_HandleTypeDef *htim = (TIM_HandleTypeDef *)((DMA_HandleTypeDef *)hdma)->Parent;
  70              		.loc 1 2314 1 is_stmt 1 view -0
  71              		.cfi_startproc
  72              		@ args = 0, pretend = 0, frame = 0
  73              		@ frame_needed = 0, uses_anonymous_args = 0
2314:Drivers/STM32F2xx_HAL_Driver/Src/stm32f2xx_hal_tim_ex.c ****   TIM_HandleTypeDef *htim = (TIM_HandleTypeDef *)((DMA_HandleTypeDef *)hdma)->Parent;
  74              		.loc 1 2314 1 is_stmt 0 view .LVU14
  75 0000 10B5     		push	{r4, lr}
  76              	.LCFI0:
  77              		.cfi_def_cfa_offset 8
  78              		.cfi_offset 4, -8
  79              		.cfi_offset 14, -4
2315:Drivers/STM32F2xx_HAL_Driver/Src/stm32f2xx_hal_tim_ex.c **** 
  80              		.loc 1 2315 3 is_stmt 1 view .LVU15
2315:Drivers/STM32F2xx_HAL_Driver/Src/stm32f2xx_hal_tim_ex.c **** 
  81              		.loc 1 2315 22 is_stmt 0 view .LVU16
ARM GAS  /tmp/ccdDJwMc.s 			page 44


  82 0002 846B     		ldr	r4, [r0, #56]
  83              	.LVL5:
2317:Drivers/STM32F2xx_HAL_Driver/Src/stm32f2xx_hal_tim_ex.c ****   {
  84              		.loc 1 2317 3 is_stmt 1 view .LVU17
2317:Drivers/STM32F2xx_HAL_Driver/Src/stm32f2xx_hal_tim_ex.c ****   {
  85              		.loc 1 2317 25 is_stmt 0 view .LVU18
  86 0004 636A     		ldr	r3, [r4, #36]
2317:Drivers/STM32F2xx_HAL_Driver/Src/stm32f2xx_hal_tim_ex.c ****   {
  87              		.loc 1 2317 6 view .LVU19
  88 0006 8342     		cmp	r3, r0
  89 0008 0BD0     		beq	.L7
2322:Drivers/STM32F2xx_HAL_Driver/Src/stm32f2xx_hal_tim_ex.c ****   {
  90              		.loc 1 2322 8 is_stmt 1 view .LVU20
2322:Drivers/STM32F2xx_HAL_Driver/Src/stm32f2xx_hal_tim_ex.c ****   {
  91              		.loc 1 2322 30 is_stmt 0 view .LVU21
  92 000a A36A     		ldr	r3, [r4, #40]
2322:Drivers/STM32F2xx_HAL_Driver/Src/stm32f2xx_hal_tim_ex.c ****   {
  93              		.loc 1 2322 11 view .LVU22
  94 000c 8342     		cmp	r3, r0
  95 000e 0DD0     		beq	.L8
2327:Drivers/STM32F2xx_HAL_Driver/Src/stm32f2xx_hal_tim_ex.c ****   {
  96              		.loc 1 2327 8 is_stmt 1 view .LVU23
2327:Drivers/STM32F2xx_HAL_Driver/Src/stm32f2xx_hal_tim_ex.c ****   {
  97              		.loc 1 2327 30 is_stmt 0 view .LVU24
  98 0010 E36A     		ldr	r3, [r4, #44]
2327:Drivers/STM32F2xx_HAL_Driver/Src/stm32f2xx_hal_tim_ex.c ****   {
  99              		.loc 1 2327 11 view .LVU25
 100 0012 8342     		cmp	r3, r0
 101 0014 10D0     		beq	.L9
 102              	.L4:
2335:Drivers/STM32F2xx_HAL_Driver/Src/stm32f2xx_hal_tim_ex.c **** 
 103              		.loc 1 2335 3 is_stmt 1 view .LVU26
2340:Drivers/STM32F2xx_HAL_Driver/Src/stm32f2xx_hal_tim_ex.c **** #endif /* USE_HAL_TIM_REGISTER_CALLBACKS */
 104              		.loc 1 2340 3 view .LVU27
 105 0016 2046     		mov	r0, r4
 106              	.LVL6:
2340:Drivers/STM32F2xx_HAL_Driver/Src/stm32f2xx_hal_tim_ex.c **** #endif /* USE_HAL_TIM_REGISTER_CALLBACKS */
 107              		.loc 1 2340 3 is_stmt 0 view .LVU28
 108 0018 FFF7FEFF 		bl	HAL_TIM_ErrorCallback
 109              	.LVL7:
2343:Drivers/STM32F2xx_HAL_Driver/Src/stm32f2xx_hal_tim_ex.c **** }
 110              		.loc 1 2343 3 is_stmt 1 view .LVU29
2343:Drivers/STM32F2xx_HAL_Driver/Src/stm32f2xx_hal_tim_ex.c **** }
 111              		.loc 1 2343 17 is_stmt 0 view .LVU30
 112 001c 0023     		movs	r3, #0
 113 001e 2377     		strb	r3, [r4, #28]
2344:Drivers/STM32F2xx_HAL_Driver/Src/stm32f2xx_hal_tim_ex.c **** 
 114              		.loc 1 2344 1 view .LVU31
 115 0020 10BD     		pop	{r4, pc}
 116              	.LVL8:
 117              	.L7:
2319:Drivers/STM32F2xx_HAL_Driver/Src/stm32f2xx_hal_tim_ex.c ****     TIM_CHANNEL_N_STATE_SET(htim, TIM_CHANNEL_1, HAL_TIM_CHANNEL_STATE_READY);
 118              		.loc 1 2319 5 is_stmt 1 view .LVU32
2319:Drivers/STM32F2xx_HAL_Driver/Src/stm32f2xx_hal_tim_ex.c ****     TIM_CHANNEL_N_STATE_SET(htim, TIM_CHANNEL_1, HAL_TIM_CHANNEL_STATE_READY);
 119              		.loc 1 2319 19 is_stmt 0 view .LVU33
 120 0022 0123     		movs	r3, #1
 121 0024 2377     		strb	r3, [r4, #28]
ARM GAS  /tmp/ccdDJwMc.s 			page 45


2320:Drivers/STM32F2xx_HAL_Driver/Src/stm32f2xx_hal_tim_ex.c ****   }
 122              		.loc 1 2320 5 is_stmt 1 view .LVU34
 123 0026 84F84230 		strb	r3, [r4, #66]
 124 002a F4E7     		b	.L4
 125              	.L8:
2324:Drivers/STM32F2xx_HAL_Driver/Src/stm32f2xx_hal_tim_ex.c ****     TIM_CHANNEL_N_STATE_SET(htim, TIM_CHANNEL_2, HAL_TIM_CHANNEL_STATE_READY);
 126              		.loc 1 2324 5 view .LVU35
2324:Drivers/STM32F2xx_HAL_Driver/Src/stm32f2xx_hal_tim_ex.c ****     TIM_CHANNEL_N_STATE_SET(htim, TIM_CHANNEL_2, HAL_TIM_CHANNEL_STATE_READY);
 127              		.loc 1 2324 19 is_stmt 0 view .LVU36
 128 002c 0223     		movs	r3, #2
 129 002e 2377     		strb	r3, [r4, #28]
2325:Drivers/STM32F2xx_HAL_Driver/Src/stm32f2xx_hal_tim_ex.c ****   }
 130              		.loc 1 2325 5 is_stmt 1 view .LVU37
 131 0030 0123     		movs	r3, #1
 132 0032 84F84330 		strb	r3, [r4, #67]
 133 0036 EEE7     		b	.L4
 134              	.L9:
2329:Drivers/STM32F2xx_HAL_Driver/Src/stm32f2xx_hal_tim_ex.c ****     TIM_CHANNEL_N_STATE_SET(htim, TIM_CHANNEL_3, HAL_TIM_CHANNEL_STATE_READY);
 135              		.loc 1 2329 5 view .LVU38
2329:Drivers/STM32F2xx_HAL_Driver/Src/stm32f2xx_hal_tim_ex.c ****     TIM_CHANNEL_N_STATE_SET(htim, TIM_CHANNEL_3, HAL_TIM_CHANNEL_STATE_READY);
 136              		.loc 1 2329 19 is_stmt 0 view .LVU39
 137 0038 0423     		movs	r3, #4
 138 003a 2377     		strb	r3, [r4, #28]
2330:Drivers/STM32F2xx_HAL_Driver/Src/stm32f2xx_hal_tim_ex.c ****   }
 139              		.loc 1 2330 5 is_stmt 1 view .LVU40
 140 003c 0123     		movs	r3, #1
 141 003e 84F84430 		strb	r3, [r4, #68]
 142 0042 E8E7     		b	.L4
 143              		.cfi_endproc
 144              	.LFE112:
 146              		.section	.text.TIM_DMADelayPulseNCplt,"ax",%progbits
 147              		.align	1
 148              		.syntax unified
 149              		.thumb
 150              		.thumb_func
 152              	TIM_DMADelayPulseNCplt:
 153              	.LVL9:
 154              	.LFB111:
2264:Drivers/STM32F2xx_HAL_Driver/Src/stm32f2xx_hal_tim_ex.c ****   TIM_HandleTypeDef *htim = (TIM_HandleTypeDef *)((DMA_HandleTypeDef *)hdma)->Parent;
 155              		.loc 1 2264 1 view -0
 156              		.cfi_startproc
 157              		@ args = 0, pretend = 0, frame = 0
 158              		@ frame_needed = 0, uses_anonymous_args = 0
2264:Drivers/STM32F2xx_HAL_Driver/Src/stm32f2xx_hal_tim_ex.c ****   TIM_HandleTypeDef *htim = (TIM_HandleTypeDef *)((DMA_HandleTypeDef *)hdma)->Parent;
 159              		.loc 1 2264 1 is_stmt 0 view .LVU42
 160 0000 10B5     		push	{r4, lr}
 161              	.LCFI1:
 162              		.cfi_def_cfa_offset 8
 163              		.cfi_offset 4, -8
 164              		.cfi_offset 14, -4
2265:Drivers/STM32F2xx_HAL_Driver/Src/stm32f2xx_hal_tim_ex.c **** 
 165              		.loc 1 2265 3 is_stmt 1 view .LVU43
2265:Drivers/STM32F2xx_HAL_Driver/Src/stm32f2xx_hal_tim_ex.c **** 
 166              		.loc 1 2265 22 is_stmt 0 view .LVU44
 167 0002 846B     		ldr	r4, [r0, #56]
 168              	.LVL10:
2267:Drivers/STM32F2xx_HAL_Driver/Src/stm32f2xx_hal_tim_ex.c ****   {
ARM GAS  /tmp/ccdDJwMc.s 			page 46


 169              		.loc 1 2267 3 is_stmt 1 view .LVU45
2267:Drivers/STM32F2xx_HAL_Driver/Src/stm32f2xx_hal_tim_ex.c ****   {
 170              		.loc 1 2267 25 is_stmt 0 view .LVU46
 171 0004 636A     		ldr	r3, [r4, #36]
2267:Drivers/STM32F2xx_HAL_Driver/Src/stm32f2xx_hal_tim_ex.c ****   {
 172              		.loc 1 2267 6 view .LVU47
 173 0006 8342     		cmp	r3, r0
 174 0008 0BD0     		beq	.L15
2276:Drivers/STM32F2xx_HAL_Driver/Src/stm32f2xx_hal_tim_ex.c ****   {
 175              		.loc 1 2276 8 is_stmt 1 view .LVU48
2276:Drivers/STM32F2xx_HAL_Driver/Src/stm32f2xx_hal_tim_ex.c ****   {
 176              		.loc 1 2276 30 is_stmt 0 view .LVU49
 177 000a A36A     		ldr	r3, [r4, #40]
2276:Drivers/STM32F2xx_HAL_Driver/Src/stm32f2xx_hal_tim_ex.c ****   {
 178              		.loc 1 2276 11 view .LVU50
 179 000c 8342     		cmp	r3, r0
 180 000e 11D0     		beq	.L16
2285:Drivers/STM32F2xx_HAL_Driver/Src/stm32f2xx_hal_tim_ex.c ****   {
 181              		.loc 1 2285 8 is_stmt 1 view .LVU51
2285:Drivers/STM32F2xx_HAL_Driver/Src/stm32f2xx_hal_tim_ex.c ****   {
 182              		.loc 1 2285 30 is_stmt 0 view .LVU52
 183 0010 E36A     		ldr	r3, [r4, #44]
2285:Drivers/STM32F2xx_HAL_Driver/Src/stm32f2xx_hal_tim_ex.c ****   {
 184              		.loc 1 2285 11 view .LVU53
 185 0012 8342     		cmp	r3, r0
 186 0014 17D0     		beq	.L17
 187              	.L12:
2297:Drivers/STM32F2xx_HAL_Driver/Src/stm32f2xx_hal_tim_ex.c **** 
 188              		.loc 1 2297 3 is_stmt 1 view .LVU54
2302:Drivers/STM32F2xx_HAL_Driver/Src/stm32f2xx_hal_tim_ex.c **** #endif /* USE_HAL_TIM_REGISTER_CALLBACKS */
 189              		.loc 1 2302 3 view .LVU55
 190 0016 2046     		mov	r0, r4
 191              	.LVL11:
2302:Drivers/STM32F2xx_HAL_Driver/Src/stm32f2xx_hal_tim_ex.c **** #endif /* USE_HAL_TIM_REGISTER_CALLBACKS */
 192              		.loc 1 2302 3 is_stmt 0 view .LVU56
 193 0018 FFF7FEFF 		bl	HAL_TIM_PWM_PulseFinishedCallback
 194              	.LVL12:
2305:Drivers/STM32F2xx_HAL_Driver/Src/stm32f2xx_hal_tim_ex.c **** }
 195              		.loc 1 2305 3 is_stmt 1 view .LVU57
2305:Drivers/STM32F2xx_HAL_Driver/Src/stm32f2xx_hal_tim_ex.c **** }
 196              		.loc 1 2305 17 is_stmt 0 view .LVU58
 197 001c 0023     		movs	r3, #0
 198 001e 2377     		strb	r3, [r4, #28]
2306:Drivers/STM32F2xx_HAL_Driver/Src/stm32f2xx_hal_tim_ex.c **** 
 199              		.loc 1 2306 1 view .LVU59
 200 0020 10BD     		pop	{r4, pc}
 201              	.LVL13:
 202              	.L15:
2269:Drivers/STM32F2xx_HAL_Driver/Src/stm32f2xx_hal_tim_ex.c **** 
 203              		.loc 1 2269 5 is_stmt 1 view .LVU60
2269:Drivers/STM32F2xx_HAL_Driver/Src/stm32f2xx_hal_tim_ex.c **** 
 204              		.loc 1 2269 19 is_stmt 0 view .LVU61
 205 0022 0123     		movs	r3, #1
 206 0024 2377     		strb	r3, [r4, #28]
2271:Drivers/STM32F2xx_HAL_Driver/Src/stm32f2xx_hal_tim_ex.c ****     {
 207              		.loc 1 2271 5 is_stmt 1 view .LVU62
2271:Drivers/STM32F2xx_HAL_Driver/Src/stm32f2xx_hal_tim_ex.c ****     {
ARM GAS  /tmp/ccdDJwMc.s 			page 47


 208              		.loc 1 2271 19 is_stmt 0 view .LVU63
 209 0026 C369     		ldr	r3, [r0, #28]
2271:Drivers/STM32F2xx_HAL_Driver/Src/stm32f2xx_hal_tim_ex.c ****     {
 210              		.loc 1 2271 8 view .LVU64
 211 0028 002B     		cmp	r3, #0
 212 002a F4D1     		bne	.L12
2273:Drivers/STM32F2xx_HAL_Driver/Src/stm32f2xx_hal_tim_ex.c ****     }
 213              		.loc 1 2273 7 is_stmt 1 view .LVU65
 214 002c 0123     		movs	r3, #1
 215 002e 84F84230 		strb	r3, [r4, #66]
 216 0032 F0E7     		b	.L12
 217              	.L16:
2278:Drivers/STM32F2xx_HAL_Driver/Src/stm32f2xx_hal_tim_ex.c **** 
 218              		.loc 1 2278 5 view .LVU66
2278:Drivers/STM32F2xx_HAL_Driver/Src/stm32f2xx_hal_tim_ex.c **** 
 219              		.loc 1 2278 19 is_stmt 0 view .LVU67
 220 0034 0223     		movs	r3, #2
 221 0036 2377     		strb	r3, [r4, #28]
2280:Drivers/STM32F2xx_HAL_Driver/Src/stm32f2xx_hal_tim_ex.c ****     {
 222              		.loc 1 2280 5 is_stmt 1 view .LVU68
2280:Drivers/STM32F2xx_HAL_Driver/Src/stm32f2xx_hal_tim_ex.c ****     {
 223              		.loc 1 2280 19 is_stmt 0 view .LVU69
 224 0038 C369     		ldr	r3, [r0, #28]
2280:Drivers/STM32F2xx_HAL_Driver/Src/stm32f2xx_hal_tim_ex.c ****     {
 225              		.loc 1 2280 8 view .LVU70
 226 003a 002B     		cmp	r3, #0
 227 003c EBD1     		bne	.L12
2282:Drivers/STM32F2xx_HAL_Driver/Src/stm32f2xx_hal_tim_ex.c ****     }
 228              		.loc 1 2282 7 is_stmt 1 view .LVU71
 229 003e 0123     		movs	r3, #1
 230 0040 84F84330 		strb	r3, [r4, #67]
 231 0044 E7E7     		b	.L12
 232              	.L17:
2287:Drivers/STM32F2xx_HAL_Driver/Src/stm32f2xx_hal_tim_ex.c **** 
 233              		.loc 1 2287 5 view .LVU72
2287:Drivers/STM32F2xx_HAL_Driver/Src/stm32f2xx_hal_tim_ex.c **** 
 234              		.loc 1 2287 19 is_stmt 0 view .LVU73
 235 0046 0423     		movs	r3, #4
 236 0048 2377     		strb	r3, [r4, #28]
2289:Drivers/STM32F2xx_HAL_Driver/Src/stm32f2xx_hal_tim_ex.c ****     {
 237              		.loc 1 2289 5 is_stmt 1 view .LVU74
2289:Drivers/STM32F2xx_HAL_Driver/Src/stm32f2xx_hal_tim_ex.c ****     {
 238              		.loc 1 2289 19 is_stmt 0 view .LVU75
 239 004a C369     		ldr	r3, [r0, #28]
2289:Drivers/STM32F2xx_HAL_Driver/Src/stm32f2xx_hal_tim_ex.c ****     {
 240              		.loc 1 2289 8 view .LVU76
 241 004c 002B     		cmp	r3, #0
 242 004e E2D1     		bne	.L12
2291:Drivers/STM32F2xx_HAL_Driver/Src/stm32f2xx_hal_tim_ex.c ****     }
 243              		.loc 1 2291 7 is_stmt 1 view .LVU77
 244 0050 0123     		movs	r3, #1
 245 0052 84F84430 		strb	r3, [r4, #68]
 246 0056 DEE7     		b	.L12
 247              		.cfi_endproc
 248              	.LFE111:
 250              		.section	.text.HAL_TIMEx_HallSensor_MspInit,"ax",%progbits
 251              		.align	1
ARM GAS  /tmp/ccdDJwMc.s 			page 48


 252              		.weak	HAL_TIMEx_HallSensor_MspInit
 253              		.syntax unified
 254              		.thumb
 255              		.thumb_func
 257              	HAL_TIMEx_HallSensor_MspInit:
 258              	.LVL14:
 259              	.LFB74:
 286:Drivers/STM32F2xx_HAL_Driver/Src/stm32f2xx_hal_tim_ex.c ****   /* Prevent unused argument(s) compilation warning */
 260              		.loc 1 286 1 view -0
 261              		.cfi_startproc
 262              		@ args = 0, pretend = 0, frame = 0
 263              		@ frame_needed = 0, uses_anonymous_args = 0
 264              		@ link register save eliminated.
 288:Drivers/STM32F2xx_HAL_Driver/Src/stm32f2xx_hal_tim_ex.c **** 
 265              		.loc 1 288 3 view .LVU79
 293:Drivers/STM32F2xx_HAL_Driver/Src/stm32f2xx_hal_tim_ex.c **** 
 266              		.loc 1 293 1 is_stmt 0 view .LVU80
 267 0000 7047     		bx	lr
 268              		.cfi_endproc
 269              	.LFE74:
 271              		.section	.text.HAL_TIMEx_HallSensor_Init,"ax",%progbits
 272              		.align	1
 273              		.global	HAL_TIMEx_HallSensor_Init
 274              		.syntax unified
 275              		.thumb
 276              		.thumb_func
 278              	HAL_TIMEx_HallSensor_Init:
 279              	.LVL15:
 280              	.LFB72:
 139:Drivers/STM32F2xx_HAL_Driver/Src/stm32f2xx_hal_tim_ex.c ****   TIM_OC_InitTypeDef OC_Config;
 281              		.loc 1 139 1 is_stmt 1 view -0
 282              		.cfi_startproc
 283              		@ args = 0, pretend = 0, frame = 32
 284              		@ frame_needed = 0, uses_anonymous_args = 0
 140:Drivers/STM32F2xx_HAL_Driver/Src/stm32f2xx_hal_tim_ex.c **** 
 285              		.loc 1 140 3 view .LVU82
 143:Drivers/STM32F2xx_HAL_Driver/Src/stm32f2xx_hal_tim_ex.c ****   {
 286              		.loc 1 143 3 view .LVU83
 143:Drivers/STM32F2xx_HAL_Driver/Src/stm32f2xx_hal_tim_ex.c ****   {
 287              		.loc 1 143 6 is_stmt 0 view .LVU84
 288 0000 0028     		cmp	r0, #0
 289 0002 65D0     		beq	.L22
 139:Drivers/STM32F2xx_HAL_Driver/Src/stm32f2xx_hal_tim_ex.c ****   TIM_OC_InitTypeDef OC_Config;
 290              		.loc 1 139 1 view .LVU85
 291 0004 70B5     		push	{r4, r5, r6, lr}
 292              	.LCFI2:
 293              		.cfi_def_cfa_offset 16
 294              		.cfi_offset 4, -16
 295              		.cfi_offset 5, -12
 296              		.cfi_offset 6, -8
 297              		.cfi_offset 14, -4
 298 0006 88B0     		sub	sp, sp, #32
 299              	.LCFI3:
 300              		.cfi_def_cfa_offset 48
 301 0008 0E46     		mov	r6, r1
 302 000a 0446     		mov	r4, r0
 149:Drivers/STM32F2xx_HAL_Driver/Src/stm32f2xx_hal_tim_ex.c ****   assert_param(IS_TIM_COUNTER_MODE(htim->Init.CounterMode));
ARM GAS  /tmp/ccdDJwMc.s 			page 49


 303              		.loc 1 149 3 is_stmt 1 view .LVU86
 150:Drivers/STM32F2xx_HAL_Driver/Src/stm32f2xx_hal_tim_ex.c ****   assert_param(IS_TIM_CLOCKDIVISION_DIV(htim->Init.ClockDivision));
 304              		.loc 1 150 3 view .LVU87
 151:Drivers/STM32F2xx_HAL_Driver/Src/stm32f2xx_hal_tim_ex.c ****   assert_param(IS_TIM_AUTORELOAD_PRELOAD(htim->Init.AutoReloadPreload));
 305              		.loc 1 151 3 view .LVU88
 152:Drivers/STM32F2xx_HAL_Driver/Src/stm32f2xx_hal_tim_ex.c ****   assert_param(IS_TIM_IC_POLARITY(sConfig->IC1Polarity));
 306              		.loc 1 152 3 view .LVU89
 153:Drivers/STM32F2xx_HAL_Driver/Src/stm32f2xx_hal_tim_ex.c ****   assert_param(IS_TIM_PERIOD(htim, htim->Init.Period));
 307              		.loc 1 153 3 view .LVU90
 154:Drivers/STM32F2xx_HAL_Driver/Src/stm32f2xx_hal_tim_ex.c ****   assert_param(IS_TIM_IC_PRESCALER(sConfig->IC1Prescaler));
 308              		.loc 1 154 3 view .LVU91
 155:Drivers/STM32F2xx_HAL_Driver/Src/stm32f2xx_hal_tim_ex.c ****   assert_param(IS_TIM_IC_FILTER(sConfig->IC1Filter));
 309              		.loc 1 155 3 view .LVU92
 156:Drivers/STM32F2xx_HAL_Driver/Src/stm32f2xx_hal_tim_ex.c **** 
 310              		.loc 1 156 3 view .LVU93
 158:Drivers/STM32F2xx_HAL_Driver/Src/stm32f2xx_hal_tim_ex.c ****   {
 311              		.loc 1 158 3 view .LVU94
 158:Drivers/STM32F2xx_HAL_Driver/Src/stm32f2xx_hal_tim_ex.c ****   {
 312              		.loc 1 158 11 is_stmt 0 view .LVU95
 313 000c 90F83D30 		ldrb	r3, [r0, #61]	@ zero_extendqisi2
 158:Drivers/STM32F2xx_HAL_Driver/Src/stm32f2xx_hal_tim_ex.c ****   {
 314              		.loc 1 158 6 view .LVU96
 315 0010 002B     		cmp	r3, #0
 316 0012 58D0     		beq	.L27
 317              	.LVL16:
 318              	.L21:
 180:Drivers/STM32F2xx_HAL_Driver/Src/stm32f2xx_hal_tim_ex.c **** 
 319              		.loc 1 180 3 is_stmt 1 view .LVU97
 180:Drivers/STM32F2xx_HAL_Driver/Src/stm32f2xx_hal_tim_ex.c **** 
 320              		.loc 1 180 15 is_stmt 0 view .LVU98
 321 0014 0223     		movs	r3, #2
 322 0016 84F83D30 		strb	r3, [r4, #61]
 183:Drivers/STM32F2xx_HAL_Driver/Src/stm32f2xx_hal_tim_ex.c **** 
 323              		.loc 1 183 3 is_stmt 1 view .LVU99
 183:Drivers/STM32F2xx_HAL_Driver/Src/stm32f2xx_hal_tim_ex.c **** 
 324              		.loc 1 183 38 is_stmt 0 view .LVU100
 325 001a 2146     		mov	r1, r4
 183:Drivers/STM32F2xx_HAL_Driver/Src/stm32f2xx_hal_tim_ex.c **** 
 326              		.loc 1 183 3 view .LVU101
 327 001c 51F8040B 		ldr	r0, [r1], #4
 328 0020 FFF7FEFF 		bl	TIM_Base_SetConfig
 329              	.LVL17:
 186:Drivers/STM32F2xx_HAL_Driver/Src/stm32f2xx_hal_tim_ex.c **** 
 330              		.loc 1 186 3 is_stmt 1 view .LVU102
 331 0024 B368     		ldr	r3, [r6, #8]
 332 0026 0322     		movs	r2, #3
 333 0028 3168     		ldr	r1, [r6]
 334 002a 2068     		ldr	r0, [r4]
 335 002c FFF7FEFF 		bl	TIM_TI1_SetConfig
 336              	.LVL18:
 189:Drivers/STM32F2xx_HAL_Driver/Src/stm32f2xx_hal_tim_ex.c ****   /* Set the IC1PSC value */
 337              		.loc 1 189 3 view .LVU103
 189:Drivers/STM32F2xx_HAL_Driver/Src/stm32f2xx_hal_tim_ex.c ****   /* Set the IC1PSC value */
 338              		.loc 1 189 7 is_stmt 0 view .LVU104
 339 0030 2268     		ldr	r2, [r4]
 189:Drivers/STM32F2xx_HAL_Driver/Src/stm32f2xx_hal_tim_ex.c ****   /* Set the IC1PSC value */
 340              		.loc 1 189 17 view .LVU105
ARM GAS  /tmp/ccdDJwMc.s 			page 50


 341 0032 9369     		ldr	r3, [r2, #24]
 189:Drivers/STM32F2xx_HAL_Driver/Src/stm32f2xx_hal_tim_ex.c ****   /* Set the IC1PSC value */
 342              		.loc 1 189 25 view .LVU106
 343 0034 23F00C03 		bic	r3, r3, #12
 344 0038 9361     		str	r3, [r2, #24]
 191:Drivers/STM32F2xx_HAL_Driver/Src/stm32f2xx_hal_tim_ex.c **** 
 345              		.loc 1 191 3 is_stmt 1 view .LVU107
 191:Drivers/STM32F2xx_HAL_Driver/Src/stm32f2xx_hal_tim_ex.c **** 
 346              		.loc 1 191 7 is_stmt 0 view .LVU108
 347 003a 2268     		ldr	r2, [r4]
 191:Drivers/STM32F2xx_HAL_Driver/Src/stm32f2xx_hal_tim_ex.c **** 
 348              		.loc 1 191 17 view .LVU109
 349 003c 9369     		ldr	r3, [r2, #24]
 191:Drivers/STM32F2xx_HAL_Driver/Src/stm32f2xx_hal_tim_ex.c **** 
 350              		.loc 1 191 35 view .LVU110
 351 003e 7168     		ldr	r1, [r6, #4]
 191:Drivers/STM32F2xx_HAL_Driver/Src/stm32f2xx_hal_tim_ex.c **** 
 352              		.loc 1 191 25 view .LVU111
 353 0040 0B43     		orrs	r3, r3, r1
 354 0042 9361     		str	r3, [r2, #24]
 194:Drivers/STM32F2xx_HAL_Driver/Src/stm32f2xx_hal_tim_ex.c **** 
 355              		.loc 1 194 3 is_stmt 1 view .LVU112
 194:Drivers/STM32F2xx_HAL_Driver/Src/stm32f2xx_hal_tim_ex.c **** 
 356              		.loc 1 194 7 is_stmt 0 view .LVU113
 357 0044 2268     		ldr	r2, [r4]
 194:Drivers/STM32F2xx_HAL_Driver/Src/stm32f2xx_hal_tim_ex.c **** 
 358              		.loc 1 194 17 view .LVU114
 359 0046 5368     		ldr	r3, [r2, #4]
 194:Drivers/STM32F2xx_HAL_Driver/Src/stm32f2xx_hal_tim_ex.c **** 
 360              		.loc 1 194 23 view .LVU115
 361 0048 43F08003 		orr	r3, r3, #128
 362 004c 5360     		str	r3, [r2, #4]
 197:Drivers/STM32F2xx_HAL_Driver/Src/stm32f2xx_hal_tim_ex.c ****   htim->Instance->SMCR |= TIM_TS_TI1F_ED;
 363              		.loc 1 197 3 is_stmt 1 view .LVU116
 197:Drivers/STM32F2xx_HAL_Driver/Src/stm32f2xx_hal_tim_ex.c ****   htim->Instance->SMCR |= TIM_TS_TI1F_ED;
 364              		.loc 1 197 7 is_stmt 0 view .LVU117
 365 004e 2268     		ldr	r2, [r4]
 197:Drivers/STM32F2xx_HAL_Driver/Src/stm32f2xx_hal_tim_ex.c ****   htim->Instance->SMCR |= TIM_TS_TI1F_ED;
 366              		.loc 1 197 17 view .LVU118
 367 0050 9368     		ldr	r3, [r2, #8]
 197:Drivers/STM32F2xx_HAL_Driver/Src/stm32f2xx_hal_tim_ex.c ****   htim->Instance->SMCR |= TIM_TS_TI1F_ED;
 368              		.loc 1 197 24 view .LVU119
 369 0052 23F07003 		bic	r3, r3, #112
 370 0056 9360     		str	r3, [r2, #8]
 198:Drivers/STM32F2xx_HAL_Driver/Src/stm32f2xx_hal_tim_ex.c **** 
 371              		.loc 1 198 3 is_stmt 1 view .LVU120
 198:Drivers/STM32F2xx_HAL_Driver/Src/stm32f2xx_hal_tim_ex.c **** 
 372              		.loc 1 198 7 is_stmt 0 view .LVU121
 373 0058 2268     		ldr	r2, [r4]
 198:Drivers/STM32F2xx_HAL_Driver/Src/stm32f2xx_hal_tim_ex.c **** 
 374              		.loc 1 198 17 view .LVU122
 375 005a 9368     		ldr	r3, [r2, #8]
 198:Drivers/STM32F2xx_HAL_Driver/Src/stm32f2xx_hal_tim_ex.c **** 
 376              		.loc 1 198 24 view .LVU123
 377 005c 43F04003 		orr	r3, r3, #64
 378 0060 9360     		str	r3, [r2, #8]
 201:Drivers/STM32F2xx_HAL_Driver/Src/stm32f2xx_hal_tim_ex.c ****   htim->Instance->SMCR |= TIM_SLAVEMODE_RESET;
ARM GAS  /tmp/ccdDJwMc.s 			page 51


 379              		.loc 1 201 3 is_stmt 1 view .LVU124
 201:Drivers/STM32F2xx_HAL_Driver/Src/stm32f2xx_hal_tim_ex.c ****   htim->Instance->SMCR |= TIM_SLAVEMODE_RESET;
 380              		.loc 1 201 7 is_stmt 0 view .LVU125
 381 0062 2268     		ldr	r2, [r4]
 201:Drivers/STM32F2xx_HAL_Driver/Src/stm32f2xx_hal_tim_ex.c ****   htim->Instance->SMCR |= TIM_SLAVEMODE_RESET;
 382              		.loc 1 201 17 view .LVU126
 383 0064 9368     		ldr	r3, [r2, #8]
 201:Drivers/STM32F2xx_HAL_Driver/Src/stm32f2xx_hal_tim_ex.c ****   htim->Instance->SMCR |= TIM_SLAVEMODE_RESET;
 384              		.loc 1 201 24 view .LVU127
 385 0066 23F00703 		bic	r3, r3, #7
 386 006a 9360     		str	r3, [r2, #8]
 202:Drivers/STM32F2xx_HAL_Driver/Src/stm32f2xx_hal_tim_ex.c **** 
 387              		.loc 1 202 3 is_stmt 1 view .LVU128
 202:Drivers/STM32F2xx_HAL_Driver/Src/stm32f2xx_hal_tim_ex.c **** 
 388              		.loc 1 202 7 is_stmt 0 view .LVU129
 389 006c 2268     		ldr	r2, [r4]
 202:Drivers/STM32F2xx_HAL_Driver/Src/stm32f2xx_hal_tim_ex.c **** 
 390              		.loc 1 202 17 view .LVU130
 391 006e 9368     		ldr	r3, [r2, #8]
 202:Drivers/STM32F2xx_HAL_Driver/Src/stm32f2xx_hal_tim_ex.c **** 
 392              		.loc 1 202 24 view .LVU131
 393 0070 43F00403 		orr	r3, r3, #4
 394 0074 9360     		str	r3, [r2, #8]
 205:Drivers/STM32F2xx_HAL_Driver/Src/stm32f2xx_hal_tim_ex.c ****   OC_Config.OCIdleState = TIM_OCIDLESTATE_RESET;
 395              		.loc 1 205 3 is_stmt 1 view .LVU132
 205:Drivers/STM32F2xx_HAL_Driver/Src/stm32f2xx_hal_tim_ex.c ****   OC_Config.OCIdleState = TIM_OCIDLESTATE_RESET;
 396              		.loc 1 205 24 is_stmt 0 view .LVU133
 397 0076 0025     		movs	r5, #0
 398 0078 0595     		str	r5, [sp, #20]
 206:Drivers/STM32F2xx_HAL_Driver/Src/stm32f2xx_hal_tim_ex.c ****   OC_Config.OCMode = TIM_OCMODE_PWM2;
 399              		.loc 1 206 3 is_stmt 1 view .LVU134
 206:Drivers/STM32F2xx_HAL_Driver/Src/stm32f2xx_hal_tim_ex.c ****   OC_Config.OCMode = TIM_OCMODE_PWM2;
 400              		.loc 1 206 25 is_stmt 0 view .LVU135
 401 007a 0695     		str	r5, [sp, #24]
 207:Drivers/STM32F2xx_HAL_Driver/Src/stm32f2xx_hal_tim_ex.c ****   OC_Config.OCNIdleState = TIM_OCNIDLESTATE_RESET;
 402              		.loc 1 207 3 is_stmt 1 view .LVU136
 207:Drivers/STM32F2xx_HAL_Driver/Src/stm32f2xx_hal_tim_ex.c ****   OC_Config.OCNIdleState = TIM_OCNIDLESTATE_RESET;
 403              		.loc 1 207 20 is_stmt 0 view .LVU137
 404 007c 7023     		movs	r3, #112
 405 007e 0193     		str	r3, [sp, #4]
 208:Drivers/STM32F2xx_HAL_Driver/Src/stm32f2xx_hal_tim_ex.c ****   OC_Config.OCNPolarity = TIM_OCNPOLARITY_HIGH;
 406              		.loc 1 208 3 is_stmt 1 view .LVU138
 208:Drivers/STM32F2xx_HAL_Driver/Src/stm32f2xx_hal_tim_ex.c ****   OC_Config.OCNPolarity = TIM_OCNPOLARITY_HIGH;
 407              		.loc 1 208 26 is_stmt 0 view .LVU139
 408 0080 0795     		str	r5, [sp, #28]
 209:Drivers/STM32F2xx_HAL_Driver/Src/stm32f2xx_hal_tim_ex.c ****   OC_Config.OCPolarity = TIM_OCPOLARITY_HIGH;
 409              		.loc 1 209 3 is_stmt 1 view .LVU140
 209:Drivers/STM32F2xx_HAL_Driver/Src/stm32f2xx_hal_tim_ex.c ****   OC_Config.OCPolarity = TIM_OCPOLARITY_HIGH;
 410              		.loc 1 209 25 is_stmt 0 view .LVU141
 411 0082 0495     		str	r5, [sp, #16]
 210:Drivers/STM32F2xx_HAL_Driver/Src/stm32f2xx_hal_tim_ex.c ****   OC_Config.Pulse = sConfig->Commutation_Delay;
 412              		.loc 1 210 3 is_stmt 1 view .LVU142
 210:Drivers/STM32F2xx_HAL_Driver/Src/stm32f2xx_hal_tim_ex.c ****   OC_Config.Pulse = sConfig->Commutation_Delay;
 413              		.loc 1 210 24 is_stmt 0 view .LVU143
 414 0084 0395     		str	r5, [sp, #12]
 211:Drivers/STM32F2xx_HAL_Driver/Src/stm32f2xx_hal_tim_ex.c **** 
 415              		.loc 1 211 3 is_stmt 1 view .LVU144
ARM GAS  /tmp/ccdDJwMc.s 			page 52


 211:Drivers/STM32F2xx_HAL_Driver/Src/stm32f2xx_hal_tim_ex.c **** 
 416              		.loc 1 211 28 is_stmt 0 view .LVU145
 417 0086 F368     		ldr	r3, [r6, #12]
 211:Drivers/STM32F2xx_HAL_Driver/Src/stm32f2xx_hal_tim_ex.c **** 
 418              		.loc 1 211 19 view .LVU146
 419 0088 0293     		str	r3, [sp, #8]
 213:Drivers/STM32F2xx_HAL_Driver/Src/stm32f2xx_hal_tim_ex.c **** 
 420              		.loc 1 213 3 is_stmt 1 view .LVU147
 421 008a 01A9     		add	r1, sp, #4
 422 008c 2068     		ldr	r0, [r4]
 423 008e FFF7FEFF 		bl	TIM_OC2_SetConfig
 424              	.LVL19:
 217:Drivers/STM32F2xx_HAL_Driver/Src/stm32f2xx_hal_tim_ex.c ****   htim->Instance->CR2 |= TIM_TRGO_OC2REF;
 425              		.loc 1 217 3 view .LVU148
 217:Drivers/STM32F2xx_HAL_Driver/Src/stm32f2xx_hal_tim_ex.c ****   htim->Instance->CR2 |= TIM_TRGO_OC2REF;
 426              		.loc 1 217 7 is_stmt 0 view .LVU149
 427 0092 2268     		ldr	r2, [r4]
 217:Drivers/STM32F2xx_HAL_Driver/Src/stm32f2xx_hal_tim_ex.c ****   htim->Instance->CR2 |= TIM_TRGO_OC2REF;
 428              		.loc 1 217 17 view .LVU150
 429 0094 5368     		ldr	r3, [r2, #4]
 217:Drivers/STM32F2xx_HAL_Driver/Src/stm32f2xx_hal_tim_ex.c ****   htim->Instance->CR2 |= TIM_TRGO_OC2REF;
 430              		.loc 1 217 23 view .LVU151
 431 0096 23F07003 		bic	r3, r3, #112
 432 009a 5360     		str	r3, [r2, #4]
 218:Drivers/STM32F2xx_HAL_Driver/Src/stm32f2xx_hal_tim_ex.c **** 
 433              		.loc 1 218 3 is_stmt 1 view .LVU152
 218:Drivers/STM32F2xx_HAL_Driver/Src/stm32f2xx_hal_tim_ex.c **** 
 434              		.loc 1 218 7 is_stmt 0 view .LVU153
 435 009c 2268     		ldr	r2, [r4]
 218:Drivers/STM32F2xx_HAL_Driver/Src/stm32f2xx_hal_tim_ex.c **** 
 436              		.loc 1 218 17 view .LVU154
 437 009e 5368     		ldr	r3, [r2, #4]
 218:Drivers/STM32F2xx_HAL_Driver/Src/stm32f2xx_hal_tim_ex.c **** 
 438              		.loc 1 218 23 view .LVU155
 439 00a0 43F05003 		orr	r3, r3, #80
 440 00a4 5360     		str	r3, [r2, #4]
 221:Drivers/STM32F2xx_HAL_Driver/Src/stm32f2xx_hal_tim_ex.c **** 
 441              		.loc 1 221 3 is_stmt 1 view .LVU156
 221:Drivers/STM32F2xx_HAL_Driver/Src/stm32f2xx_hal_tim_ex.c **** 
 442              		.loc 1 221 23 is_stmt 0 view .LVU157
 443 00a6 0123     		movs	r3, #1
 444 00a8 84F84630 		strb	r3, [r4, #70]
 224:Drivers/STM32F2xx_HAL_Driver/Src/stm32f2xx_hal_tim_ex.c ****   TIM_CHANNEL_STATE_SET(htim, TIM_CHANNEL_2, HAL_TIM_CHANNEL_STATE_READY);
 445              		.loc 1 224 3 is_stmt 1 view .LVU158
 446 00ac 84F83E30 		strb	r3, [r4, #62]
 225:Drivers/STM32F2xx_HAL_Driver/Src/stm32f2xx_hal_tim_ex.c ****   TIM_CHANNEL_N_STATE_SET(htim, TIM_CHANNEL_1, HAL_TIM_CHANNEL_STATE_READY);
 447              		.loc 1 225 3 view .LVU159
 448 00b0 84F83F30 		strb	r3, [r4, #63]
 226:Drivers/STM32F2xx_HAL_Driver/Src/stm32f2xx_hal_tim_ex.c ****   TIM_CHANNEL_N_STATE_SET(htim, TIM_CHANNEL_2, HAL_TIM_CHANNEL_STATE_READY);
 449              		.loc 1 226 3 view .LVU160
 450 00b4 84F84230 		strb	r3, [r4, #66]
 227:Drivers/STM32F2xx_HAL_Driver/Src/stm32f2xx_hal_tim_ex.c **** 
 451              		.loc 1 227 3 view .LVU161
 452 00b8 84F84330 		strb	r3, [r4, #67]
 230:Drivers/STM32F2xx_HAL_Driver/Src/stm32f2xx_hal_tim_ex.c **** 
 453              		.loc 1 230 3 view .LVU162
 230:Drivers/STM32F2xx_HAL_Driver/Src/stm32f2xx_hal_tim_ex.c **** 
ARM GAS  /tmp/ccdDJwMc.s 			page 53


 454              		.loc 1 230 15 is_stmt 0 view .LVU163
 455 00bc 84F83D30 		strb	r3, [r4, #61]
 232:Drivers/STM32F2xx_HAL_Driver/Src/stm32f2xx_hal_tim_ex.c **** }
 456              		.loc 1 232 3 is_stmt 1 view .LVU164
 232:Drivers/STM32F2xx_HAL_Driver/Src/stm32f2xx_hal_tim_ex.c **** }
 457              		.loc 1 232 10 is_stmt 0 view .LVU165
 458 00c0 2846     		mov	r0, r5
 233:Drivers/STM32F2xx_HAL_Driver/Src/stm32f2xx_hal_tim_ex.c **** 
 459              		.loc 1 233 1 view .LVU166
 460 00c2 08B0     		add	sp, sp, #32
 461              	.LCFI4:
 462              		.cfi_remember_state
 463              		.cfi_def_cfa_offset 16
 464              		@ sp needed
 465 00c4 70BD     		pop	{r4, r5, r6, pc}
 466              	.LVL20:
 467              	.L27:
 468              	.LCFI5:
 469              		.cfi_restore_state
 161:Drivers/STM32F2xx_HAL_Driver/Src/stm32f2xx_hal_tim_ex.c **** 
 470              		.loc 1 161 5 is_stmt 1 view .LVU167
 161:Drivers/STM32F2xx_HAL_Driver/Src/stm32f2xx_hal_tim_ex.c **** 
 471              		.loc 1 161 16 is_stmt 0 view .LVU168
 472 00c6 80F83C30 		strb	r3, [r0, #60]
 175:Drivers/STM32F2xx_HAL_Driver/Src/stm32f2xx_hal_tim_ex.c **** #endif /* USE_HAL_TIM_REGISTER_CALLBACKS */
 473              		.loc 1 175 5 is_stmt 1 view .LVU169
 474 00ca FFF7FEFF 		bl	HAL_TIMEx_HallSensor_MspInit
 475              	.LVL21:
 175:Drivers/STM32F2xx_HAL_Driver/Src/stm32f2xx_hal_tim_ex.c **** #endif /* USE_HAL_TIM_REGISTER_CALLBACKS */
 476              		.loc 1 175 5 is_stmt 0 view .LVU170
 477 00ce A1E7     		b	.L21
 478              	.LVL22:
 479              	.L22:
 480              	.LCFI6:
 481              		.cfi_def_cfa_offset 0
 482              		.cfi_restore 4
 483              		.cfi_restore 5
 484              		.cfi_restore 6
 485              		.cfi_restore 14
 145:Drivers/STM32F2xx_HAL_Driver/Src/stm32f2xx_hal_tim_ex.c ****   }
 486              		.loc 1 145 12 view .LVU171
 487 00d0 0120     		movs	r0, #1
 488              	.LVL23:
 233:Drivers/STM32F2xx_HAL_Driver/Src/stm32f2xx_hal_tim_ex.c **** 
 489              		.loc 1 233 1 view .LVU172
 490 00d2 7047     		bx	lr
 491              		.cfi_endproc
 492              	.LFE72:
 494              		.section	.text.HAL_TIMEx_HallSensor_MspDeInit,"ax",%progbits
 495              		.align	1
 496              		.weak	HAL_TIMEx_HallSensor_MspDeInit
 497              		.syntax unified
 498              		.thumb
 499              		.thumb_func
 501              	HAL_TIMEx_HallSensor_MspDeInit:
 502              	.LVL24:
 503              	.LFB75:
ARM GAS  /tmp/ccdDJwMc.s 			page 54


 301:Drivers/STM32F2xx_HAL_Driver/Src/stm32f2xx_hal_tim_ex.c ****   /* Prevent unused argument(s) compilation warning */
 504              		.loc 1 301 1 is_stmt 1 view -0
 505              		.cfi_startproc
 506              		@ args = 0, pretend = 0, frame = 0
 507              		@ frame_needed = 0, uses_anonymous_args = 0
 508              		@ link register save eliminated.
 303:Drivers/STM32F2xx_HAL_Driver/Src/stm32f2xx_hal_tim_ex.c **** 
 509              		.loc 1 303 3 view .LVU174
 308:Drivers/STM32F2xx_HAL_Driver/Src/stm32f2xx_hal_tim_ex.c **** 
 510              		.loc 1 308 1 is_stmt 0 view .LVU175
 511 0000 7047     		bx	lr
 512              		.cfi_endproc
 513              	.LFE75:
 515              		.section	.text.HAL_TIMEx_HallSensor_DeInit,"ax",%progbits
 516              		.align	1
 517              		.global	HAL_TIMEx_HallSensor_DeInit
 518              		.syntax unified
 519              		.thumb
 520              		.thumb_func
 522              	HAL_TIMEx_HallSensor_DeInit:
 523              	.LVL25:
 524              	.LFB73:
 241:Drivers/STM32F2xx_HAL_Driver/Src/stm32f2xx_hal_tim_ex.c ****   /* Check the parameters */
 525              		.loc 1 241 1 is_stmt 1 view -0
 526              		.cfi_startproc
 527              		@ args = 0, pretend = 0, frame = 0
 528              		@ frame_needed = 0, uses_anonymous_args = 0
 241:Drivers/STM32F2xx_HAL_Driver/Src/stm32f2xx_hal_tim_ex.c ****   /* Check the parameters */
 529              		.loc 1 241 1 is_stmt 0 view .LVU177
 530 0000 10B5     		push	{r4, lr}
 531              	.LCFI7:
 532              		.cfi_def_cfa_offset 8
 533              		.cfi_offset 4, -8
 534              		.cfi_offset 14, -4
 535 0002 0446     		mov	r4, r0
 243:Drivers/STM32F2xx_HAL_Driver/Src/stm32f2xx_hal_tim_ex.c **** 
 536              		.loc 1 243 3 is_stmt 1 view .LVU178
 245:Drivers/STM32F2xx_HAL_Driver/Src/stm32f2xx_hal_tim_ex.c **** 
 537              		.loc 1 245 3 view .LVU179
 245:Drivers/STM32F2xx_HAL_Driver/Src/stm32f2xx_hal_tim_ex.c **** 
 538              		.loc 1 245 15 is_stmt 0 view .LVU180
 539 0004 0223     		movs	r3, #2
 540 0006 80F83D30 		strb	r3, [r0, #61]
 248:Drivers/STM32F2xx_HAL_Driver/Src/stm32f2xx_hal_tim_ex.c **** 
 541              		.loc 1 248 3 is_stmt 1 view .LVU181
 248:Drivers/STM32F2xx_HAL_Driver/Src/stm32f2xx_hal_tim_ex.c **** 
 542              		.loc 1 248 3 view .LVU182
 543 000a 0368     		ldr	r3, [r0]
 544 000c 196A     		ldr	r1, [r3, #32]
 545 000e 41F21112 		movw	r2, #4369
 546 0012 1142     		tst	r1, r2
 547 0014 08D1     		bne	.L30
 248:Drivers/STM32F2xx_HAL_Driver/Src/stm32f2xx_hal_tim_ex.c **** 
 548              		.loc 1 248 3 discriminator 1 view .LVU183
 549 0016 196A     		ldr	r1, [r3, #32]
 550 0018 40F24442 		movw	r2, #1092
 551 001c 1142     		tst	r1, r2
ARM GAS  /tmp/ccdDJwMc.s 			page 55


 552 001e 03D1     		bne	.L30
 248:Drivers/STM32F2xx_HAL_Driver/Src/stm32f2xx_hal_tim_ex.c **** 
 553              		.loc 1 248 3 discriminator 3 view .LVU184
 554 0020 1A68     		ldr	r2, [r3]
 555 0022 22F00102 		bic	r2, r2, #1
 556 0026 1A60     		str	r2, [r3]
 557              	.L30:
 248:Drivers/STM32F2xx_HAL_Driver/Src/stm32f2xx_hal_tim_ex.c **** 
 558              		.loc 1 248 3 discriminator 5 view .LVU185
 259:Drivers/STM32F2xx_HAL_Driver/Src/stm32f2xx_hal_tim_ex.c **** #endif /* USE_HAL_TIM_REGISTER_CALLBACKS */
 559              		.loc 1 259 3 view .LVU186
 560 0028 2046     		mov	r0, r4
 561              	.LVL26:
 259:Drivers/STM32F2xx_HAL_Driver/Src/stm32f2xx_hal_tim_ex.c **** #endif /* USE_HAL_TIM_REGISTER_CALLBACKS */
 562              		.loc 1 259 3 is_stmt 0 view .LVU187
 563 002a FFF7FEFF 		bl	HAL_TIMEx_HallSensor_MspDeInit
 564              	.LVL27:
 263:Drivers/STM32F2xx_HAL_Driver/Src/stm32f2xx_hal_tim_ex.c **** 
 565              		.loc 1 263 3 is_stmt 1 view .LVU188
 263:Drivers/STM32F2xx_HAL_Driver/Src/stm32f2xx_hal_tim_ex.c **** 
 566              		.loc 1 263 23 is_stmt 0 view .LVU189
 567 002e 0020     		movs	r0, #0
 568 0030 84F84600 		strb	r0, [r4, #70]
 266:Drivers/STM32F2xx_HAL_Driver/Src/stm32f2xx_hal_tim_ex.c ****   TIM_CHANNEL_STATE_SET(htim, TIM_CHANNEL_2, HAL_TIM_CHANNEL_STATE_RESET);
 569              		.loc 1 266 3 is_stmt 1 view .LVU190
 570 0034 84F83E00 		strb	r0, [r4, #62]
 267:Drivers/STM32F2xx_HAL_Driver/Src/stm32f2xx_hal_tim_ex.c ****   TIM_CHANNEL_N_STATE_SET(htim, TIM_CHANNEL_1, HAL_TIM_CHANNEL_STATE_RESET);
 571              		.loc 1 267 3 view .LVU191
 572 0038 84F83F00 		strb	r0, [r4, #63]
 268:Drivers/STM32F2xx_HAL_Driver/Src/stm32f2xx_hal_tim_ex.c ****   TIM_CHANNEL_N_STATE_SET(htim, TIM_CHANNEL_2, HAL_TIM_CHANNEL_STATE_RESET);
 573              		.loc 1 268 3 view .LVU192
 574 003c 84F84200 		strb	r0, [r4, #66]
 269:Drivers/STM32F2xx_HAL_Driver/Src/stm32f2xx_hal_tim_ex.c **** 
 575              		.loc 1 269 3 view .LVU193
 576 0040 84F84300 		strb	r0, [r4, #67]
 272:Drivers/STM32F2xx_HAL_Driver/Src/stm32f2xx_hal_tim_ex.c **** 
 577              		.loc 1 272 3 view .LVU194
 272:Drivers/STM32F2xx_HAL_Driver/Src/stm32f2xx_hal_tim_ex.c **** 
 578              		.loc 1 272 15 is_stmt 0 view .LVU195
 579 0044 84F83D00 		strb	r0, [r4, #61]
 275:Drivers/STM32F2xx_HAL_Driver/Src/stm32f2xx_hal_tim_ex.c **** 
 580              		.loc 1 275 3 is_stmt 1 view .LVU196
 275:Drivers/STM32F2xx_HAL_Driver/Src/stm32f2xx_hal_tim_ex.c **** 
 581              		.loc 1 275 3 view .LVU197
 582 0048 84F83C00 		strb	r0, [r4, #60]
 275:Drivers/STM32F2xx_HAL_Driver/Src/stm32f2xx_hal_tim_ex.c **** 
 583              		.loc 1 275 3 view .LVU198
 277:Drivers/STM32F2xx_HAL_Driver/Src/stm32f2xx_hal_tim_ex.c **** }
 584              		.loc 1 277 3 view .LVU199
 278:Drivers/STM32F2xx_HAL_Driver/Src/stm32f2xx_hal_tim_ex.c **** 
 585              		.loc 1 278 1 is_stmt 0 view .LVU200
 586 004c 10BD     		pop	{r4, pc}
 278:Drivers/STM32F2xx_HAL_Driver/Src/stm32f2xx_hal_tim_ex.c **** 
 587              		.loc 1 278 1 view .LVU201
 588              		.cfi_endproc
 589              	.LFE73:
 591              		.section	.text.HAL_TIMEx_HallSensor_Start,"ax",%progbits
ARM GAS  /tmp/ccdDJwMc.s 			page 56


 592              		.align	1
 593              		.global	HAL_TIMEx_HallSensor_Start
 594              		.syntax unified
 595              		.thumb
 596              		.thumb_func
 598              	HAL_TIMEx_HallSensor_Start:
 599              	.LVL28:
 600              	.LFB76:
 316:Drivers/STM32F2xx_HAL_Driver/Src/stm32f2xx_hal_tim_ex.c ****   uint32_t tmpsmcr;
 601              		.loc 1 316 1 is_stmt 1 view -0
 602              		.cfi_startproc
 603              		@ args = 0, pretend = 0, frame = 0
 604              		@ frame_needed = 0, uses_anonymous_args = 0
 316:Drivers/STM32F2xx_HAL_Driver/Src/stm32f2xx_hal_tim_ex.c ****   uint32_t tmpsmcr;
 605              		.loc 1 316 1 is_stmt 0 view .LVU203
 606 0000 10B5     		push	{r4, lr}
 607              	.LCFI8:
 608              		.cfi_def_cfa_offset 8
 609              		.cfi_offset 4, -8
 610              		.cfi_offset 14, -4
 611 0002 0446     		mov	r4, r0
 317:Drivers/STM32F2xx_HAL_Driver/Src/stm32f2xx_hal_tim_ex.c ****   HAL_TIM_ChannelStateTypeDef channel_1_state = TIM_CHANNEL_STATE_GET(htim, TIM_CHANNEL_1);
 612              		.loc 1 317 3 is_stmt 1 view .LVU204
 318:Drivers/STM32F2xx_HAL_Driver/Src/stm32f2xx_hal_tim_ex.c ****   HAL_TIM_ChannelStateTypeDef channel_2_state = TIM_CHANNEL_STATE_GET(htim, TIM_CHANNEL_2);
 613              		.loc 1 318 3 view .LVU205
 318:Drivers/STM32F2xx_HAL_Driver/Src/stm32f2xx_hal_tim_ex.c ****   HAL_TIM_ChannelStateTypeDef channel_2_state = TIM_CHANNEL_STATE_GET(htim, TIM_CHANNEL_2);
 614              		.loc 1 318 31 is_stmt 0 view .LVU206
 615 0004 90F83EC0 		ldrb	ip, [r0, #62]	@ zero_extendqisi2
 616              	.LVL29:
 319:Drivers/STM32F2xx_HAL_Driver/Src/stm32f2xx_hal_tim_ex.c ****   HAL_TIM_ChannelStateTypeDef complementary_channel_1_state = TIM_CHANNEL_N_STATE_GET(htim, TIM_CHA
 617              		.loc 1 319 3 is_stmt 1 view .LVU207
 319:Drivers/STM32F2xx_HAL_Driver/Src/stm32f2xx_hal_tim_ex.c ****   HAL_TIM_ChannelStateTypeDef complementary_channel_1_state = TIM_CHANNEL_N_STATE_GET(htim, TIM_CHA
 618              		.loc 1 319 31 is_stmt 0 view .LVU208
 619 0008 90F83F30 		ldrb	r3, [r0, #63]	@ zero_extendqisi2
 620              	.LVL30:
 320:Drivers/STM32F2xx_HAL_Driver/Src/stm32f2xx_hal_tim_ex.c ****   HAL_TIM_ChannelStateTypeDef complementary_channel_2_state = TIM_CHANNEL_N_STATE_GET(htim, TIM_CHA
 621              		.loc 1 320 3 is_stmt 1 view .LVU209
 320:Drivers/STM32F2xx_HAL_Driver/Src/stm32f2xx_hal_tim_ex.c ****   HAL_TIM_ChannelStateTypeDef complementary_channel_2_state = TIM_CHANNEL_N_STATE_GET(htim, TIM_CHA
 622              		.loc 1 320 31 is_stmt 0 view .LVU210
 623 000c 90F84220 		ldrb	r2, [r0, #66]	@ zero_extendqisi2
 624              	.LVL31:
 321:Drivers/STM32F2xx_HAL_Driver/Src/stm32f2xx_hal_tim_ex.c **** 
 625              		.loc 1 321 3 is_stmt 1 view .LVU211
 321:Drivers/STM32F2xx_HAL_Driver/Src/stm32f2xx_hal_tim_ex.c **** 
 626              		.loc 1 321 31 is_stmt 0 view .LVU212
 627 0010 90F84310 		ldrb	r1, [r0, #67]	@ zero_extendqisi2
 628              	.LVL32:
 324:Drivers/STM32F2xx_HAL_Driver/Src/stm32f2xx_hal_tim_ex.c **** 
 629              		.loc 1 324 3 is_stmt 1 view .LVU213
 327:Drivers/STM32F2xx_HAL_Driver/Src/stm32f2xx_hal_tim_ex.c ****       || (channel_2_state != HAL_TIM_CHANNEL_STATE_READY)
 630              		.loc 1 327 3 view .LVU214
 327:Drivers/STM32F2xx_HAL_Driver/Src/stm32f2xx_hal_tim_ex.c ****       || (channel_2_state != HAL_TIM_CHANNEL_STATE_READY)
 631              		.loc 1 327 6 is_stmt 0 view .LVU215
 632 0014 BCF1010F 		cmp	ip, #1
 633 0018 49D1     		bne	.L36
 634 001a 5FFA8CF0 		uxtb	r0, ip
 635              	.LVL33:
ARM GAS  /tmp/ccdDJwMc.s 			page 57


 327:Drivers/STM32F2xx_HAL_Driver/Src/stm32f2xx_hal_tim_ex.c ****       || (channel_2_state != HAL_TIM_CHANNEL_STATE_READY)
 636              		.loc 1 327 6 view .LVU216
 637 001e DBB2     		uxtb	r3, r3
 327:Drivers/STM32F2xx_HAL_Driver/Src/stm32f2xx_hal_tim_ex.c ****       || (channel_2_state != HAL_TIM_CHANNEL_STATE_READY)
 638              		.loc 1 327 6 view .LVU217
 639 0020 D2B2     		uxtb	r2, r2
 327:Drivers/STM32F2xx_HAL_Driver/Src/stm32f2xx_hal_tim_ex.c ****       || (channel_2_state != HAL_TIM_CHANNEL_STATE_READY)
 640              		.loc 1 327 6 view .LVU218
 641 0022 C9B2     		uxtb	r1, r1
 328:Drivers/STM32F2xx_HAL_Driver/Src/stm32f2xx_hal_tim_ex.c ****       || (complementary_channel_1_state != HAL_TIM_CHANNEL_STATE_READY)
 642              		.loc 1 328 7 view .LVU219
 643 0024 012B     		cmp	r3, #1
 644 0026 43D1     		bne	.L33
 329:Drivers/STM32F2xx_HAL_Driver/Src/stm32f2xx_hal_tim_ex.c ****       || (complementary_channel_2_state != HAL_TIM_CHANNEL_STATE_READY))
 645              		.loc 1 329 7 view .LVU220
 646 0028 012A     		cmp	r2, #1
 647 002a 42D1     		bne	.L37
 330:Drivers/STM32F2xx_HAL_Driver/Src/stm32f2xx_hal_tim_ex.c ****   {
 648              		.loc 1 330 7 view .LVU221
 649 002c 0129     		cmp	r1, #1
 650 002e 01D0     		beq	.L41
 332:Drivers/STM32F2xx_HAL_Driver/Src/stm32f2xx_hal_tim_ex.c ****   }
 651              		.loc 1 332 12 view .LVU222
 652 0030 1046     		mov	r0, r2
 653 0032 3DE0     		b	.L33
 654              	.L41:
 336:Drivers/STM32F2xx_HAL_Driver/Src/stm32f2xx_hal_tim_ex.c ****   TIM_CHANNEL_STATE_SET(htim, TIM_CHANNEL_2, HAL_TIM_CHANNEL_STATE_BUSY);
 655              		.loc 1 336 3 is_stmt 1 view .LVU223
 656 0034 0223     		movs	r3, #2
 657              	.LVL34:
 336:Drivers/STM32F2xx_HAL_Driver/Src/stm32f2xx_hal_tim_ex.c ****   TIM_CHANNEL_STATE_SET(htim, TIM_CHANNEL_2, HAL_TIM_CHANNEL_STATE_BUSY);
 658              		.loc 1 336 3 is_stmt 0 view .LVU224
 659 0036 84F83E30 		strb	r3, [r4, #62]
 337:Drivers/STM32F2xx_HAL_Driver/Src/stm32f2xx_hal_tim_ex.c ****   TIM_CHANNEL_N_STATE_SET(htim, TIM_CHANNEL_1, HAL_TIM_CHANNEL_STATE_BUSY);
 660              		.loc 1 337 3 is_stmt 1 view .LVU225
 661 003a 84F83F30 		strb	r3, [r4, #63]
 338:Drivers/STM32F2xx_HAL_Driver/Src/stm32f2xx_hal_tim_ex.c ****   TIM_CHANNEL_N_STATE_SET(htim, TIM_CHANNEL_2, HAL_TIM_CHANNEL_STATE_BUSY);
 662              		.loc 1 338 3 view .LVU226
 663 003e 84F84230 		strb	r3, [r4, #66]
 339:Drivers/STM32F2xx_HAL_Driver/Src/stm32f2xx_hal_tim_ex.c **** 
 664              		.loc 1 339 3 view .LVU227
 665 0042 84F84330 		strb	r3, [r4, #67]
 344:Drivers/STM32F2xx_HAL_Driver/Src/stm32f2xx_hal_tim_ex.c **** 
 666              		.loc 1 344 3 view .LVU228
 667 0046 0021     		movs	r1, #0
 668              	.LVL35:
 344:Drivers/STM32F2xx_HAL_Driver/Src/stm32f2xx_hal_tim_ex.c **** 
 669              		.loc 1 344 3 is_stmt 0 view .LVU229
 670 0048 2068     		ldr	r0, [r4]
 671 004a FFF7FEFF 		bl	TIM_CCxChannelCmd
 672              	.LVL36:
 347:Drivers/STM32F2xx_HAL_Driver/Src/stm32f2xx_hal_tim_ex.c ****   {
 673              		.loc 1 347 3 is_stmt 1 view .LVU230
 347:Drivers/STM32F2xx_HAL_Driver/Src/stm32f2xx_hal_tim_ex.c ****   {
 674              		.loc 1 347 7 is_stmt 0 view .LVU231
 675 004e 2368     		ldr	r3, [r4]
 347:Drivers/STM32F2xx_HAL_Driver/Src/stm32f2xx_hal_tim_ex.c ****   {
ARM GAS  /tmp/ccdDJwMc.s 			page 58


 676              		.loc 1 347 6 view .LVU232
 677 0050 1A4A     		ldr	r2, .L42
 678 0052 9342     		cmp	r3, r2
 679 0054 20D0     		beq	.L34
 347:Drivers/STM32F2xx_HAL_Driver/Src/stm32f2xx_hal_tim_ex.c ****   {
 680              		.loc 1 347 7 discriminator 1 view .LVU233
 681 0056 B3F1804F 		cmp	r3, #1073741824
 682 005a 1DD0     		beq	.L34
 347:Drivers/STM32F2xx_HAL_Driver/Src/stm32f2xx_hal_tim_ex.c ****   {
 683              		.loc 1 347 7 discriminator 2 view .LVU234
 684 005c A2F57C42 		sub	r2, r2, #64512
 685 0060 9342     		cmp	r3, r2
 686 0062 19D0     		beq	.L34
 347:Drivers/STM32F2xx_HAL_Driver/Src/stm32f2xx_hal_tim_ex.c ****   {
 687              		.loc 1 347 7 discriminator 3 view .LVU235
 688 0064 02F58062 		add	r2, r2, #1024
 689 0068 9342     		cmp	r3, r2
 690 006a 15D0     		beq	.L34
 347:Drivers/STM32F2xx_HAL_Driver/Src/stm32f2xx_hal_tim_ex.c ****   {
 691              		.loc 1 347 7 discriminator 4 view .LVU236
 692 006c 02F58062 		add	r2, r2, #1024
 693 0070 9342     		cmp	r3, r2
 694 0072 11D0     		beq	.L34
 347:Drivers/STM32F2xx_HAL_Driver/Src/stm32f2xx_hal_tim_ex.c ****   {
 695              		.loc 1 347 7 discriminator 5 view .LVU237
 696 0074 02F57842 		add	r2, r2, #63488
 697 0078 9342     		cmp	r3, r2
 698 007a 0DD0     		beq	.L34
 347:Drivers/STM32F2xx_HAL_Driver/Src/stm32f2xx_hal_tim_ex.c ****   {
 699              		.loc 1 347 7 discriminator 6 view .LVU238
 700 007c 02F57052 		add	r2, r2, #15360
 701 0080 9342     		cmp	r3, r2
 702 0082 09D0     		beq	.L34
 347:Drivers/STM32F2xx_HAL_Driver/Src/stm32f2xx_hal_tim_ex.c ****   {
 703              		.loc 1 347 7 discriminator 7 view .LVU239
 704 0084 A2F59432 		sub	r2, r2, #75776
 705 0088 9342     		cmp	r3, r2
 706 008a 05D0     		beq	.L34
 357:Drivers/STM32F2xx_HAL_Driver/Src/stm32f2xx_hal_tim_ex.c ****   }
 707              		.loc 1 357 5 is_stmt 1 view .LVU240
 708 008c 1A68     		ldr	r2, [r3]
 709 008e 42F00102 		orr	r2, r2, #1
 710 0092 1A60     		str	r2, [r3]
 361:Drivers/STM32F2xx_HAL_Driver/Src/stm32f2xx_hal_tim_ex.c **** }
 711              		.loc 1 361 10 is_stmt 0 view .LVU241
 712 0094 0020     		movs	r0, #0
 713 0096 0BE0     		b	.L33
 714              	.L34:
 349:Drivers/STM32F2xx_HAL_Driver/Src/stm32f2xx_hal_tim_ex.c ****     if (!IS_TIM_SLAVEMODE_TRIGGER_ENABLED(tmpsmcr))
 715              		.loc 1 349 5 is_stmt 1 view .LVU242
 349:Drivers/STM32F2xx_HAL_Driver/Src/stm32f2xx_hal_tim_ex.c ****     if (!IS_TIM_SLAVEMODE_TRIGGER_ENABLED(tmpsmcr))
 716              		.loc 1 349 29 is_stmt 0 view .LVU243
 717 0098 9A68     		ldr	r2, [r3, #8]
 349:Drivers/STM32F2xx_HAL_Driver/Src/stm32f2xx_hal_tim_ex.c ****     if (!IS_TIM_SLAVEMODE_TRIGGER_ENABLED(tmpsmcr))
 718              		.loc 1 349 13 view .LVU244
 719 009a 02F00702 		and	r2, r2, #7
 720              	.LVL37:
ARM GAS  /tmp/ccdDJwMc.s 			page 59


 350:Drivers/STM32F2xx_HAL_Driver/Src/stm32f2xx_hal_tim_ex.c ****     {
 721              		.loc 1 350 5 is_stmt 1 view .LVU245
 350:Drivers/STM32F2xx_HAL_Driver/Src/stm32f2xx_hal_tim_ex.c ****     {
 722              		.loc 1 350 8 is_stmt 0 view .LVU246
 723 009e 062A     		cmp	r2, #6
 724 00a0 09D0     		beq	.L39
 352:Drivers/STM32F2xx_HAL_Driver/Src/stm32f2xx_hal_tim_ex.c ****     }
 725              		.loc 1 352 7 is_stmt 1 view .LVU247
 726 00a2 1A68     		ldr	r2, [r3]
 727              	.LVL38:
 352:Drivers/STM32F2xx_HAL_Driver/Src/stm32f2xx_hal_tim_ex.c ****     }
 728              		.loc 1 352 7 is_stmt 0 view .LVU248
 729 00a4 42F00102 		orr	r2, r2, #1
 730 00a8 1A60     		str	r2, [r3]
 361:Drivers/STM32F2xx_HAL_Driver/Src/stm32f2xx_hal_tim_ex.c **** }
 731              		.loc 1 361 10 view .LVU249
 732 00aa 0020     		movs	r0, #0
 733 00ac 00E0     		b	.L33
 734              	.LVL39:
 735              	.L36:
 332:Drivers/STM32F2xx_HAL_Driver/Src/stm32f2xx_hal_tim_ex.c ****   }
 736              		.loc 1 332 12 view .LVU250
 737 00ae 0120     		movs	r0, #1
 738              	.LVL40:
 739              	.L33:
 362:Drivers/STM32F2xx_HAL_Driver/Src/stm32f2xx_hal_tim_ex.c **** 
 740              		.loc 1 362 1 view .LVU251
 741 00b0 10BD     		pop	{r4, pc}
 742              	.LVL41:
 743              	.L37:
 332:Drivers/STM32F2xx_HAL_Driver/Src/stm32f2xx_hal_tim_ex.c ****   }
 744              		.loc 1 332 12 view .LVU252
 745 00b2 1846     		mov	r0, r3
 746 00b4 FCE7     		b	.L33
 747              	.LVL42:
 748              	.L39:
 361:Drivers/STM32F2xx_HAL_Driver/Src/stm32f2xx_hal_tim_ex.c **** }
 749              		.loc 1 361 10 view .LVU253
 750 00b6 0020     		movs	r0, #0
 751 00b8 FAE7     		b	.L33
 752              	.L43:
 753 00ba 00BF     		.align	2
 754              	.L42:
 755 00bc 00000140 		.word	1073807360
 756              		.cfi_endproc
 757              	.LFE76:
 759              		.section	.text.HAL_TIMEx_HallSensor_Stop,"ax",%progbits
 760              		.align	1
 761              		.global	HAL_TIMEx_HallSensor_Stop
 762              		.syntax unified
 763              		.thumb
 764              		.thumb_func
 766              	HAL_TIMEx_HallSensor_Stop:
 767              	.LVL43:
 768              	.LFB77:
 370:Drivers/STM32F2xx_HAL_Driver/Src/stm32f2xx_hal_tim_ex.c ****   /* Check the parameters */
 769              		.loc 1 370 1 is_stmt 1 view -0
ARM GAS  /tmp/ccdDJwMc.s 			page 60


 770              		.cfi_startproc
 771              		@ args = 0, pretend = 0, frame = 0
 772              		@ frame_needed = 0, uses_anonymous_args = 0
 370:Drivers/STM32F2xx_HAL_Driver/Src/stm32f2xx_hal_tim_ex.c ****   /* Check the parameters */
 773              		.loc 1 370 1 is_stmt 0 view .LVU255
 774 0000 10B5     		push	{r4, lr}
 775              	.LCFI9:
 776              		.cfi_def_cfa_offset 8
 777              		.cfi_offset 4, -8
 778              		.cfi_offset 14, -4
 779 0002 0446     		mov	r4, r0
 372:Drivers/STM32F2xx_HAL_Driver/Src/stm32f2xx_hal_tim_ex.c **** 
 780              		.loc 1 372 3 is_stmt 1 view .LVU256
 377:Drivers/STM32F2xx_HAL_Driver/Src/stm32f2xx_hal_tim_ex.c **** 
 781              		.loc 1 377 3 view .LVU257
 782 0004 0022     		movs	r2, #0
 783 0006 1146     		mov	r1, r2
 784 0008 0068     		ldr	r0, [r0]
 785              	.LVL44:
 377:Drivers/STM32F2xx_HAL_Driver/Src/stm32f2xx_hal_tim_ex.c **** 
 786              		.loc 1 377 3 is_stmt 0 view .LVU258
 787 000a FFF7FEFF 		bl	TIM_CCxChannelCmd
 788              	.LVL45:
 380:Drivers/STM32F2xx_HAL_Driver/Src/stm32f2xx_hal_tim_ex.c **** 
 789              		.loc 1 380 3 is_stmt 1 view .LVU259
 380:Drivers/STM32F2xx_HAL_Driver/Src/stm32f2xx_hal_tim_ex.c **** 
 790              		.loc 1 380 3 view .LVU260
 791 000e 2368     		ldr	r3, [r4]
 792 0010 196A     		ldr	r1, [r3, #32]
 793 0012 41F21112 		movw	r2, #4369
 794 0016 1142     		tst	r1, r2
 795 0018 08D1     		bne	.L45
 380:Drivers/STM32F2xx_HAL_Driver/Src/stm32f2xx_hal_tim_ex.c **** 
 796              		.loc 1 380 3 discriminator 1 view .LVU261
 797 001a 196A     		ldr	r1, [r3, #32]
 798 001c 40F24442 		movw	r2, #1092
 799 0020 1142     		tst	r1, r2
 800 0022 03D1     		bne	.L45
 380:Drivers/STM32F2xx_HAL_Driver/Src/stm32f2xx_hal_tim_ex.c **** 
 801              		.loc 1 380 3 discriminator 3 view .LVU262
 802 0024 1A68     		ldr	r2, [r3]
 803 0026 22F00102 		bic	r2, r2, #1
 804 002a 1A60     		str	r2, [r3]
 805              	.L45:
 380:Drivers/STM32F2xx_HAL_Driver/Src/stm32f2xx_hal_tim_ex.c **** 
 806              		.loc 1 380 3 discriminator 5 view .LVU263
 383:Drivers/STM32F2xx_HAL_Driver/Src/stm32f2xx_hal_tim_ex.c ****   TIM_CHANNEL_STATE_SET(htim, TIM_CHANNEL_2, HAL_TIM_CHANNEL_STATE_READY);
 807              		.loc 1 383 3 view .LVU264
 808 002c 0123     		movs	r3, #1
 809 002e 84F83E30 		strb	r3, [r4, #62]
 384:Drivers/STM32F2xx_HAL_Driver/Src/stm32f2xx_hal_tim_ex.c ****   TIM_CHANNEL_N_STATE_SET(htim, TIM_CHANNEL_1, HAL_TIM_CHANNEL_STATE_READY);
 810              		.loc 1 384 3 view .LVU265
 811 0032 84F83F30 		strb	r3, [r4, #63]
 385:Drivers/STM32F2xx_HAL_Driver/Src/stm32f2xx_hal_tim_ex.c ****   TIM_CHANNEL_N_STATE_SET(htim, TIM_CHANNEL_2, HAL_TIM_CHANNEL_STATE_READY);
 812              		.loc 1 385 3 view .LVU266
 813 0036 84F84230 		strb	r3, [r4, #66]
 386:Drivers/STM32F2xx_HAL_Driver/Src/stm32f2xx_hal_tim_ex.c **** 
ARM GAS  /tmp/ccdDJwMc.s 			page 61


 814              		.loc 1 386 3 view .LVU267
 815 003a 84F84330 		strb	r3, [r4, #67]
 389:Drivers/STM32F2xx_HAL_Driver/Src/stm32f2xx_hal_tim_ex.c **** }
 816              		.loc 1 389 3 view .LVU268
 390:Drivers/STM32F2xx_HAL_Driver/Src/stm32f2xx_hal_tim_ex.c **** 
 817              		.loc 1 390 1 is_stmt 0 view .LVU269
 818 003e 0020     		movs	r0, #0
 819 0040 10BD     		pop	{r4, pc}
 390:Drivers/STM32F2xx_HAL_Driver/Src/stm32f2xx_hal_tim_ex.c **** 
 820              		.loc 1 390 1 view .LVU270
 821              		.cfi_endproc
 822              	.LFE77:
 824              		.section	.text.HAL_TIMEx_HallSensor_Start_IT,"ax",%progbits
 825              		.align	1
 826              		.global	HAL_TIMEx_HallSensor_Start_IT
 827              		.syntax unified
 828              		.thumb
 829              		.thumb_func
 831              	HAL_TIMEx_HallSensor_Start_IT:
 832              	.LVL46:
 833              	.LFB78:
 398:Drivers/STM32F2xx_HAL_Driver/Src/stm32f2xx_hal_tim_ex.c ****   uint32_t tmpsmcr;
 834              		.loc 1 398 1 is_stmt 1 view -0
 835              		.cfi_startproc
 836              		@ args = 0, pretend = 0, frame = 0
 837              		@ frame_needed = 0, uses_anonymous_args = 0
 398:Drivers/STM32F2xx_HAL_Driver/Src/stm32f2xx_hal_tim_ex.c ****   uint32_t tmpsmcr;
 838              		.loc 1 398 1 is_stmt 0 view .LVU272
 839 0000 10B5     		push	{r4, lr}
 840              	.LCFI10:
 841              		.cfi_def_cfa_offset 8
 842              		.cfi_offset 4, -8
 843              		.cfi_offset 14, -4
 844 0002 0446     		mov	r4, r0
 399:Drivers/STM32F2xx_HAL_Driver/Src/stm32f2xx_hal_tim_ex.c ****   HAL_TIM_ChannelStateTypeDef channel_1_state = TIM_CHANNEL_STATE_GET(htim, TIM_CHANNEL_1);
 845              		.loc 1 399 3 is_stmt 1 view .LVU273
 400:Drivers/STM32F2xx_HAL_Driver/Src/stm32f2xx_hal_tim_ex.c ****   HAL_TIM_ChannelStateTypeDef channel_2_state = TIM_CHANNEL_STATE_GET(htim, TIM_CHANNEL_2);
 846              		.loc 1 400 3 view .LVU274
 400:Drivers/STM32F2xx_HAL_Driver/Src/stm32f2xx_hal_tim_ex.c ****   HAL_TIM_ChannelStateTypeDef channel_2_state = TIM_CHANNEL_STATE_GET(htim, TIM_CHANNEL_2);
 847              		.loc 1 400 31 is_stmt 0 view .LVU275
 848 0004 90F83EC0 		ldrb	ip, [r0, #62]	@ zero_extendqisi2
 849              	.LVL47:
 401:Drivers/STM32F2xx_HAL_Driver/Src/stm32f2xx_hal_tim_ex.c ****   HAL_TIM_ChannelStateTypeDef complementary_channel_1_state = TIM_CHANNEL_N_STATE_GET(htim, TIM_CHA
 850              		.loc 1 401 3 is_stmt 1 view .LVU276
 401:Drivers/STM32F2xx_HAL_Driver/Src/stm32f2xx_hal_tim_ex.c ****   HAL_TIM_ChannelStateTypeDef complementary_channel_1_state = TIM_CHANNEL_N_STATE_GET(htim, TIM_CHA
 851              		.loc 1 401 31 is_stmt 0 view .LVU277
 852 0008 90F83F30 		ldrb	r3, [r0, #63]	@ zero_extendqisi2
 853              	.LVL48:
 402:Drivers/STM32F2xx_HAL_Driver/Src/stm32f2xx_hal_tim_ex.c ****   HAL_TIM_ChannelStateTypeDef complementary_channel_2_state = TIM_CHANNEL_N_STATE_GET(htim, TIM_CHA
 854              		.loc 1 402 3 is_stmt 1 view .LVU278
 402:Drivers/STM32F2xx_HAL_Driver/Src/stm32f2xx_hal_tim_ex.c ****   HAL_TIM_ChannelStateTypeDef complementary_channel_2_state = TIM_CHANNEL_N_STATE_GET(htim, TIM_CHA
 855              		.loc 1 402 31 is_stmt 0 view .LVU279
 856 000c 90F84220 		ldrb	r2, [r0, #66]	@ zero_extendqisi2
 857              	.LVL49:
 403:Drivers/STM32F2xx_HAL_Driver/Src/stm32f2xx_hal_tim_ex.c **** 
 858              		.loc 1 403 3 is_stmt 1 view .LVU280
 403:Drivers/STM32F2xx_HAL_Driver/Src/stm32f2xx_hal_tim_ex.c **** 
ARM GAS  /tmp/ccdDJwMc.s 			page 62


 859              		.loc 1 403 31 is_stmt 0 view .LVU281
 860 0010 90F84310 		ldrb	r1, [r0, #67]	@ zero_extendqisi2
 861              	.LVL50:
 406:Drivers/STM32F2xx_HAL_Driver/Src/stm32f2xx_hal_tim_ex.c **** 
 862              		.loc 1 406 3 is_stmt 1 view .LVU282
 409:Drivers/STM32F2xx_HAL_Driver/Src/stm32f2xx_hal_tim_ex.c ****       || (channel_2_state != HAL_TIM_CHANNEL_STATE_READY)
 863              		.loc 1 409 3 view .LVU283
 409:Drivers/STM32F2xx_HAL_Driver/Src/stm32f2xx_hal_tim_ex.c ****       || (channel_2_state != HAL_TIM_CHANNEL_STATE_READY)
 864              		.loc 1 409 6 is_stmt 0 view .LVU284
 865 0014 BCF1010F 		cmp	ip, #1
 866 0018 4FD1     		bne	.L51
 867 001a 5FFA8CF0 		uxtb	r0, ip
 868              	.LVL51:
 409:Drivers/STM32F2xx_HAL_Driver/Src/stm32f2xx_hal_tim_ex.c ****       || (channel_2_state != HAL_TIM_CHANNEL_STATE_READY)
 869              		.loc 1 409 6 view .LVU285
 870 001e DBB2     		uxtb	r3, r3
 409:Drivers/STM32F2xx_HAL_Driver/Src/stm32f2xx_hal_tim_ex.c ****       || (channel_2_state != HAL_TIM_CHANNEL_STATE_READY)
 871              		.loc 1 409 6 view .LVU286
 872 0020 D2B2     		uxtb	r2, r2
 409:Drivers/STM32F2xx_HAL_Driver/Src/stm32f2xx_hal_tim_ex.c ****       || (channel_2_state != HAL_TIM_CHANNEL_STATE_READY)
 873              		.loc 1 409 6 view .LVU287
 874 0022 C9B2     		uxtb	r1, r1
 410:Drivers/STM32F2xx_HAL_Driver/Src/stm32f2xx_hal_tim_ex.c ****       || (complementary_channel_1_state != HAL_TIM_CHANNEL_STATE_READY)
 875              		.loc 1 410 7 view .LVU288
 876 0024 012B     		cmp	r3, #1
 877 0026 49D1     		bne	.L48
 411:Drivers/STM32F2xx_HAL_Driver/Src/stm32f2xx_hal_tim_ex.c ****       || (complementary_channel_2_state != HAL_TIM_CHANNEL_STATE_READY))
 878              		.loc 1 411 7 view .LVU289
 879 0028 012A     		cmp	r2, #1
 880 002a 48D1     		bne	.L52
 412:Drivers/STM32F2xx_HAL_Driver/Src/stm32f2xx_hal_tim_ex.c ****   {
 881              		.loc 1 412 7 view .LVU290
 882 002c 0129     		cmp	r1, #1
 883 002e 01D0     		beq	.L56
 414:Drivers/STM32F2xx_HAL_Driver/Src/stm32f2xx_hal_tim_ex.c ****   }
 884              		.loc 1 414 12 view .LVU291
 885 0030 1046     		mov	r0, r2
 886 0032 43E0     		b	.L48
 887              	.L56:
 418:Drivers/STM32F2xx_HAL_Driver/Src/stm32f2xx_hal_tim_ex.c ****   TIM_CHANNEL_STATE_SET(htim, TIM_CHANNEL_2, HAL_TIM_CHANNEL_STATE_BUSY);
 888              		.loc 1 418 3 is_stmt 1 view .LVU292
 889 0034 0223     		movs	r3, #2
 890              	.LVL52:
 418:Drivers/STM32F2xx_HAL_Driver/Src/stm32f2xx_hal_tim_ex.c ****   TIM_CHANNEL_STATE_SET(htim, TIM_CHANNEL_2, HAL_TIM_CHANNEL_STATE_BUSY);
 891              		.loc 1 418 3 is_stmt 0 view .LVU293
 892 0036 84F83E30 		strb	r3, [r4, #62]
 419:Drivers/STM32F2xx_HAL_Driver/Src/stm32f2xx_hal_tim_ex.c ****   TIM_CHANNEL_N_STATE_SET(htim, TIM_CHANNEL_1, HAL_TIM_CHANNEL_STATE_BUSY);
 893              		.loc 1 419 3 is_stmt 1 view .LVU294
 894 003a 84F83F30 		strb	r3, [r4, #63]
 420:Drivers/STM32F2xx_HAL_Driver/Src/stm32f2xx_hal_tim_ex.c ****   TIM_CHANNEL_N_STATE_SET(htim, TIM_CHANNEL_2, HAL_TIM_CHANNEL_STATE_BUSY);
 895              		.loc 1 420 3 view .LVU295
 896 003e 84F84230 		strb	r3, [r4, #66]
 421:Drivers/STM32F2xx_HAL_Driver/Src/stm32f2xx_hal_tim_ex.c **** 
 897              		.loc 1 421 3 view .LVU296
 898 0042 84F84330 		strb	r3, [r4, #67]
 424:Drivers/STM32F2xx_HAL_Driver/Src/stm32f2xx_hal_tim_ex.c **** 
 899              		.loc 1 424 3 view .LVU297
ARM GAS  /tmp/ccdDJwMc.s 			page 63


 900 0046 2268     		ldr	r2, [r4]
 901              	.LVL53:
 424:Drivers/STM32F2xx_HAL_Driver/Src/stm32f2xx_hal_tim_ex.c **** 
 902              		.loc 1 424 3 is_stmt 0 view .LVU298
 903 0048 D368     		ldr	r3, [r2, #12]
 904 004a 43F00203 		orr	r3, r3, #2
 905 004e D360     		str	r3, [r2, #12]
 429:Drivers/STM32F2xx_HAL_Driver/Src/stm32f2xx_hal_tim_ex.c **** 
 906              		.loc 1 429 3 is_stmt 1 view .LVU299
 907 0050 0122     		movs	r2, #1
 908 0052 0021     		movs	r1, #0
 909              	.LVL54:
 429:Drivers/STM32F2xx_HAL_Driver/Src/stm32f2xx_hal_tim_ex.c **** 
 910              		.loc 1 429 3 is_stmt 0 view .LVU300
 911 0054 2068     		ldr	r0, [r4]
 912 0056 FFF7FEFF 		bl	TIM_CCxChannelCmd
 913              	.LVL55:
 432:Drivers/STM32F2xx_HAL_Driver/Src/stm32f2xx_hal_tim_ex.c ****   {
 914              		.loc 1 432 3 is_stmt 1 view .LVU301
 432:Drivers/STM32F2xx_HAL_Driver/Src/stm32f2xx_hal_tim_ex.c ****   {
 915              		.loc 1 432 7 is_stmt 0 view .LVU302
 916 005a 2368     		ldr	r3, [r4]
 432:Drivers/STM32F2xx_HAL_Driver/Src/stm32f2xx_hal_tim_ex.c ****   {
 917              		.loc 1 432 6 view .LVU303
 918 005c 1A4A     		ldr	r2, .L57
 919 005e 9342     		cmp	r3, r2
 920 0060 20D0     		beq	.L49
 432:Drivers/STM32F2xx_HAL_Driver/Src/stm32f2xx_hal_tim_ex.c ****   {
 921              		.loc 1 432 7 discriminator 1 view .LVU304
 922 0062 B3F1804F 		cmp	r3, #1073741824
 923 0066 1DD0     		beq	.L49
 432:Drivers/STM32F2xx_HAL_Driver/Src/stm32f2xx_hal_tim_ex.c ****   {
 924              		.loc 1 432 7 discriminator 2 view .LVU305
 925 0068 A2F57C42 		sub	r2, r2, #64512
 926 006c 9342     		cmp	r3, r2
 927 006e 19D0     		beq	.L49
 432:Drivers/STM32F2xx_HAL_Driver/Src/stm32f2xx_hal_tim_ex.c ****   {
 928              		.loc 1 432 7 discriminator 3 view .LVU306
 929 0070 02F58062 		add	r2, r2, #1024
 930 0074 9342     		cmp	r3, r2
 931 0076 15D0     		beq	.L49
 432:Drivers/STM32F2xx_HAL_Driver/Src/stm32f2xx_hal_tim_ex.c ****   {
 932              		.loc 1 432 7 discriminator 4 view .LVU307
 933 0078 02F58062 		add	r2, r2, #1024
 934 007c 9342     		cmp	r3, r2
 935 007e 11D0     		beq	.L49
 432:Drivers/STM32F2xx_HAL_Driver/Src/stm32f2xx_hal_tim_ex.c ****   {
 936              		.loc 1 432 7 discriminator 5 view .LVU308
 937 0080 02F57842 		add	r2, r2, #63488
 938 0084 9342     		cmp	r3, r2
 939 0086 0DD0     		beq	.L49
 432:Drivers/STM32F2xx_HAL_Driver/Src/stm32f2xx_hal_tim_ex.c ****   {
 940              		.loc 1 432 7 discriminator 6 view .LVU309
 941 0088 02F57052 		add	r2, r2, #15360
 942 008c 9342     		cmp	r3, r2
 943 008e 09D0     		beq	.L49
 432:Drivers/STM32F2xx_HAL_Driver/Src/stm32f2xx_hal_tim_ex.c ****   {
ARM GAS  /tmp/ccdDJwMc.s 			page 64


 944              		.loc 1 432 7 discriminator 7 view .LVU310
 945 0090 A2F59432 		sub	r2, r2, #75776
 946 0094 9342     		cmp	r3, r2
 947 0096 05D0     		beq	.L49
 442:Drivers/STM32F2xx_HAL_Driver/Src/stm32f2xx_hal_tim_ex.c ****   }
 948              		.loc 1 442 5 is_stmt 1 view .LVU311
 949 0098 1A68     		ldr	r2, [r3]
 950 009a 42F00102 		orr	r2, r2, #1
 951 009e 1A60     		str	r2, [r3]
 446:Drivers/STM32F2xx_HAL_Driver/Src/stm32f2xx_hal_tim_ex.c **** }
 952              		.loc 1 446 10 is_stmt 0 view .LVU312
 953 00a0 0020     		movs	r0, #0
 954 00a2 0BE0     		b	.L48
 955              	.L49:
 434:Drivers/STM32F2xx_HAL_Driver/Src/stm32f2xx_hal_tim_ex.c ****     if (!IS_TIM_SLAVEMODE_TRIGGER_ENABLED(tmpsmcr))
 956              		.loc 1 434 5 is_stmt 1 view .LVU313
 434:Drivers/STM32F2xx_HAL_Driver/Src/stm32f2xx_hal_tim_ex.c ****     if (!IS_TIM_SLAVEMODE_TRIGGER_ENABLED(tmpsmcr))
 957              		.loc 1 434 29 is_stmt 0 view .LVU314
 958 00a4 9A68     		ldr	r2, [r3, #8]
 434:Drivers/STM32F2xx_HAL_Driver/Src/stm32f2xx_hal_tim_ex.c ****     if (!IS_TIM_SLAVEMODE_TRIGGER_ENABLED(tmpsmcr))
 959              		.loc 1 434 13 view .LVU315
 960 00a6 02F00702 		and	r2, r2, #7
 961              	.LVL56:
 435:Drivers/STM32F2xx_HAL_Driver/Src/stm32f2xx_hal_tim_ex.c ****     {
 962              		.loc 1 435 5 is_stmt 1 view .LVU316
 435:Drivers/STM32F2xx_HAL_Driver/Src/stm32f2xx_hal_tim_ex.c ****     {
 963              		.loc 1 435 8 is_stmt 0 view .LVU317
 964 00aa 062A     		cmp	r2, #6
 965 00ac 09D0     		beq	.L54
 437:Drivers/STM32F2xx_HAL_Driver/Src/stm32f2xx_hal_tim_ex.c ****     }
 966              		.loc 1 437 7 is_stmt 1 view .LVU318
 967 00ae 1A68     		ldr	r2, [r3]
 968              	.LVL57:
 437:Drivers/STM32F2xx_HAL_Driver/Src/stm32f2xx_hal_tim_ex.c ****     }
 969              		.loc 1 437 7 is_stmt 0 view .LVU319
 970 00b0 42F00102 		orr	r2, r2, #1
 971 00b4 1A60     		str	r2, [r3]
 446:Drivers/STM32F2xx_HAL_Driver/Src/stm32f2xx_hal_tim_ex.c **** }
 972              		.loc 1 446 10 view .LVU320
 973 00b6 0020     		movs	r0, #0
 974 00b8 00E0     		b	.L48
 975              	.LVL58:
 976              	.L51:
 414:Drivers/STM32F2xx_HAL_Driver/Src/stm32f2xx_hal_tim_ex.c ****   }
 977              		.loc 1 414 12 view .LVU321
 978 00ba 0120     		movs	r0, #1
 979              	.LVL59:
 980              	.L48:
 447:Drivers/STM32F2xx_HAL_Driver/Src/stm32f2xx_hal_tim_ex.c **** 
 981              		.loc 1 447 1 view .LVU322
 982 00bc 10BD     		pop	{r4, pc}
 983              	.LVL60:
 984              	.L52:
 414:Drivers/STM32F2xx_HAL_Driver/Src/stm32f2xx_hal_tim_ex.c ****   }
 985              		.loc 1 414 12 view .LVU323
 986 00be 1846     		mov	r0, r3
 987 00c0 FCE7     		b	.L48
ARM GAS  /tmp/ccdDJwMc.s 			page 65


 988              	.LVL61:
 989              	.L54:
 446:Drivers/STM32F2xx_HAL_Driver/Src/stm32f2xx_hal_tim_ex.c **** }
 990              		.loc 1 446 10 view .LVU324
 991 00c2 0020     		movs	r0, #0
 992 00c4 FAE7     		b	.L48
 993              	.L58:
 994 00c6 00BF     		.align	2
 995              	.L57:
 996 00c8 00000140 		.word	1073807360
 997              		.cfi_endproc
 998              	.LFE78:
 1000              		.section	.text.HAL_TIMEx_HallSensor_Stop_IT,"ax",%progbits
 1001              		.align	1
 1002              		.global	HAL_TIMEx_HallSensor_Stop_IT
 1003              		.syntax unified
 1004              		.thumb
 1005              		.thumb_func
 1007              	HAL_TIMEx_HallSensor_Stop_IT:
 1008              	.LVL62:
 1009              	.LFB79:
 455:Drivers/STM32F2xx_HAL_Driver/Src/stm32f2xx_hal_tim_ex.c ****   /* Check the parameters */
 1010              		.loc 1 455 1 is_stmt 1 view -0
 1011              		.cfi_startproc
 1012              		@ args = 0, pretend = 0, frame = 0
 1013              		@ frame_needed = 0, uses_anonymous_args = 0
 455:Drivers/STM32F2xx_HAL_Driver/Src/stm32f2xx_hal_tim_ex.c ****   /* Check the parameters */
 1014              		.loc 1 455 1 is_stmt 0 view .LVU326
 1015 0000 10B5     		push	{r4, lr}
 1016              	.LCFI11:
 1017              		.cfi_def_cfa_offset 8
 1018              		.cfi_offset 4, -8
 1019              		.cfi_offset 14, -4
 1020 0002 0446     		mov	r4, r0
 457:Drivers/STM32F2xx_HAL_Driver/Src/stm32f2xx_hal_tim_ex.c **** 
 1021              		.loc 1 457 3 is_stmt 1 view .LVU327
 462:Drivers/STM32F2xx_HAL_Driver/Src/stm32f2xx_hal_tim_ex.c **** 
 1022              		.loc 1 462 3 view .LVU328
 1023 0004 0022     		movs	r2, #0
 1024 0006 1146     		mov	r1, r2
 1025 0008 0068     		ldr	r0, [r0]
 1026              	.LVL63:
 462:Drivers/STM32F2xx_HAL_Driver/Src/stm32f2xx_hal_tim_ex.c **** 
 1027              		.loc 1 462 3 is_stmt 0 view .LVU329
 1028 000a FFF7FEFF 		bl	TIM_CCxChannelCmd
 1029              	.LVL64:
 465:Drivers/STM32F2xx_HAL_Driver/Src/stm32f2xx_hal_tim_ex.c **** 
 1030              		.loc 1 465 3 is_stmt 1 view .LVU330
 1031 000e 2268     		ldr	r2, [r4]
 1032 0010 D368     		ldr	r3, [r2, #12]
 1033 0012 23F00203 		bic	r3, r3, #2
 1034 0016 D360     		str	r3, [r2, #12]
 468:Drivers/STM32F2xx_HAL_Driver/Src/stm32f2xx_hal_tim_ex.c **** 
 1035              		.loc 1 468 3 view .LVU331
 468:Drivers/STM32F2xx_HAL_Driver/Src/stm32f2xx_hal_tim_ex.c **** 
 1036              		.loc 1 468 3 view .LVU332
 1037 0018 2368     		ldr	r3, [r4]
ARM GAS  /tmp/ccdDJwMc.s 			page 66


 1038 001a 196A     		ldr	r1, [r3, #32]
 1039 001c 41F21112 		movw	r2, #4369
 1040 0020 1142     		tst	r1, r2
 1041 0022 08D1     		bne	.L60
 468:Drivers/STM32F2xx_HAL_Driver/Src/stm32f2xx_hal_tim_ex.c **** 
 1042              		.loc 1 468 3 discriminator 1 view .LVU333
 1043 0024 196A     		ldr	r1, [r3, #32]
 1044 0026 40F24442 		movw	r2, #1092
 1045 002a 1142     		tst	r1, r2
 1046 002c 03D1     		bne	.L60
 468:Drivers/STM32F2xx_HAL_Driver/Src/stm32f2xx_hal_tim_ex.c **** 
 1047              		.loc 1 468 3 discriminator 3 view .LVU334
 1048 002e 1A68     		ldr	r2, [r3]
 1049 0030 22F00102 		bic	r2, r2, #1
 1050 0034 1A60     		str	r2, [r3]
 1051              	.L60:
 468:Drivers/STM32F2xx_HAL_Driver/Src/stm32f2xx_hal_tim_ex.c **** 
 1052              		.loc 1 468 3 discriminator 5 view .LVU335
 471:Drivers/STM32F2xx_HAL_Driver/Src/stm32f2xx_hal_tim_ex.c ****   TIM_CHANNEL_STATE_SET(htim, TIM_CHANNEL_2, HAL_TIM_CHANNEL_STATE_READY);
 1053              		.loc 1 471 3 view .LVU336
 1054 0036 0123     		movs	r3, #1
 1055 0038 84F83E30 		strb	r3, [r4, #62]
 472:Drivers/STM32F2xx_HAL_Driver/Src/stm32f2xx_hal_tim_ex.c ****   TIM_CHANNEL_N_STATE_SET(htim, TIM_CHANNEL_1, HAL_TIM_CHANNEL_STATE_READY);
 1056              		.loc 1 472 3 view .LVU337
 1057 003c 84F83F30 		strb	r3, [r4, #63]
 473:Drivers/STM32F2xx_HAL_Driver/Src/stm32f2xx_hal_tim_ex.c ****   TIM_CHANNEL_N_STATE_SET(htim, TIM_CHANNEL_2, HAL_TIM_CHANNEL_STATE_READY);
 1058              		.loc 1 473 3 view .LVU338
 1059 0040 84F84230 		strb	r3, [r4, #66]
 474:Drivers/STM32F2xx_HAL_Driver/Src/stm32f2xx_hal_tim_ex.c **** 
 1060              		.loc 1 474 3 view .LVU339
 1061 0044 84F84330 		strb	r3, [r4, #67]
 477:Drivers/STM32F2xx_HAL_Driver/Src/stm32f2xx_hal_tim_ex.c **** }
 1062              		.loc 1 477 3 view .LVU340
 478:Drivers/STM32F2xx_HAL_Driver/Src/stm32f2xx_hal_tim_ex.c **** 
 1063              		.loc 1 478 1 is_stmt 0 view .LVU341
 1064 0048 0020     		movs	r0, #0
 1065 004a 10BD     		pop	{r4, pc}
 478:Drivers/STM32F2xx_HAL_Driver/Src/stm32f2xx_hal_tim_ex.c **** 
 1066              		.loc 1 478 1 view .LVU342
 1067              		.cfi_endproc
 1068              	.LFE79:
 1070              		.section	.text.HAL_TIMEx_HallSensor_Start_DMA,"ax",%progbits
 1071              		.align	1
 1072              		.global	HAL_TIMEx_HallSensor_Start_DMA
 1073              		.syntax unified
 1074              		.thumb
 1075              		.thumb_func
 1077              	HAL_TIMEx_HallSensor_Start_DMA:
 1078              	.LVL65:
 1079              	.LFB80:
 488:Drivers/STM32F2xx_HAL_Driver/Src/stm32f2xx_hal_tim_ex.c ****   uint32_t tmpsmcr;
 1080              		.loc 1 488 1 is_stmt 1 view -0
 1081              		.cfi_startproc
 1082              		@ args = 0, pretend = 0, frame = 0
 1083              		@ frame_needed = 0, uses_anonymous_args = 0
 488:Drivers/STM32F2xx_HAL_Driver/Src/stm32f2xx_hal_tim_ex.c ****   uint32_t tmpsmcr;
 1084              		.loc 1 488 1 is_stmt 0 view .LVU344
ARM GAS  /tmp/ccdDJwMc.s 			page 67


 1085 0000 F8B5     		push	{r3, r4, r5, r6, r7, lr}
 1086              	.LCFI12:
 1087              		.cfi_def_cfa_offset 24
 1088              		.cfi_offset 3, -24
 1089              		.cfi_offset 4, -20
 1090              		.cfi_offset 5, -16
 1091              		.cfi_offset 6, -12
 1092              		.cfi_offset 7, -8
 1093              		.cfi_offset 14, -4
 1094 0002 0446     		mov	r4, r0
 489:Drivers/STM32F2xx_HAL_Driver/Src/stm32f2xx_hal_tim_ex.c ****   HAL_TIM_ChannelStateTypeDef channel_1_state = TIM_CHANNEL_STATE_GET(htim, TIM_CHANNEL_1);
 1095              		.loc 1 489 3 is_stmt 1 view .LVU345
 490:Drivers/STM32F2xx_HAL_Driver/Src/stm32f2xx_hal_tim_ex.c ****   HAL_TIM_ChannelStateTypeDef complementary_channel_1_state = TIM_CHANNEL_N_STATE_GET(htim, TIM_CHA
 1096              		.loc 1 490 3 view .LVU346
 490:Drivers/STM32F2xx_HAL_Driver/Src/stm32f2xx_hal_tim_ex.c ****   HAL_TIM_ChannelStateTypeDef complementary_channel_1_state = TIM_CHANNEL_N_STATE_GET(htim, TIM_CHA
 1097              		.loc 1 490 31 is_stmt 0 view .LVU347
 1098 0004 90F83EC0 		ldrb	ip, [r0, #62]	@ zero_extendqisi2
 1099 0008 5FFA8CF0 		uxtb	r0, ip
 1100              	.LVL66:
 491:Drivers/STM32F2xx_HAL_Driver/Src/stm32f2xx_hal_tim_ex.c **** 
 1101              		.loc 1 491 3 is_stmt 1 view .LVU348
 491:Drivers/STM32F2xx_HAL_Driver/Src/stm32f2xx_hal_tim_ex.c **** 
 1102              		.loc 1 491 31 is_stmt 0 view .LVU349
 1103 000c 94F84250 		ldrb	r5, [r4, #66]	@ zero_extendqisi2
 1104              	.LVL67:
 494:Drivers/STM32F2xx_HAL_Driver/Src/stm32f2xx_hal_tim_ex.c **** 
 1105              		.loc 1 494 3 is_stmt 1 view .LVU350
 497:Drivers/STM32F2xx_HAL_Driver/Src/stm32f2xx_hal_tim_ex.c ****       || (complementary_channel_1_state == HAL_TIM_CHANNEL_STATE_BUSY))
 1106              		.loc 1 497 3 view .LVU351
 497:Drivers/STM32F2xx_HAL_Driver/Src/stm32f2xx_hal_tim_ex.c ****       || (complementary_channel_1_state == HAL_TIM_CHANNEL_STATE_BUSY))
 1107              		.loc 1 497 6 is_stmt 0 view .LVU352
 1108 0010 BCF1020F 		cmp	ip, #2
 1109 0014 5FD0     		beq	.L63
 1110 0016 0F46     		mov	r7, r1
 1111 0018 1646     		mov	r6, r2
 1112 001a EDB2     		uxtb	r5, r5
 498:Drivers/STM32F2xx_HAL_Driver/Src/stm32f2xx_hal_tim_ex.c ****   {
 1113              		.loc 1 498 7 view .LVU353
 1114 001c 022D     		cmp	r5, #2
 1115 001e 57D0     		beq	.L66
 502:Drivers/STM32F2xx_HAL_Driver/Src/stm32f2xx_hal_tim_ex.c ****            && (complementary_channel_1_state == HAL_TIM_CHANNEL_STATE_READY))
 1116              		.loc 1 502 8 is_stmt 1 view .LVU354
 502:Drivers/STM32F2xx_HAL_Driver/Src/stm32f2xx_hal_tim_ex.c ****            && (complementary_channel_1_state == HAL_TIM_CHANNEL_STATE_READY))
 1117              		.loc 1 502 11 is_stmt 0 view .LVU355
 1118 0020 0128     		cmp	r0, #1
 1119 0022 57D1     		bne	.L67
 503:Drivers/STM32F2xx_HAL_Driver/Src/stm32f2xx_hal_tim_ex.c ****   {
 1120              		.loc 1 503 12 view .LVU356
 1121 0024 012D     		cmp	r5, #1
 1122 0026 56D1     		bne	.L63
 505:Drivers/STM32F2xx_HAL_Driver/Src/stm32f2xx_hal_tim_ex.c ****     {
 1123              		.loc 1 505 5 is_stmt 1 view .LVU357
 505:Drivers/STM32F2xx_HAL_Driver/Src/stm32f2xx_hal_tim_ex.c ****     {
 1124              		.loc 1 505 8 is_stmt 0 view .LVU358
 1125 0028 0029     		cmp	r1, #0
 1126 002a 55D0     		beq	.L68
 505:Drivers/STM32F2xx_HAL_Driver/Src/stm32f2xx_hal_tim_ex.c ****     {
ARM GAS  /tmp/ccdDJwMc.s 			page 68


 1127              		.loc 1 505 25 discriminator 1 view .LVU359
 1128 002c 0AB9     		cbnz	r2, .L72
 507:Drivers/STM32F2xx_HAL_Driver/Src/stm32f2xx_hal_tim_ex.c ****     }
 1129              		.loc 1 507 14 view .LVU360
 1130 002e 2846     		mov	r0, r5
 1131              	.LVL68:
 507:Drivers/STM32F2xx_HAL_Driver/Src/stm32f2xx_hal_tim_ex.c ****     }
 1132              		.loc 1 507 14 view .LVU361
 1133 0030 51E0     		b	.L63
 1134              	.LVL69:
 1135              	.L72:
 511:Drivers/STM32F2xx_HAL_Driver/Src/stm32f2xx_hal_tim_ex.c ****       TIM_CHANNEL_N_STATE_SET(htim, TIM_CHANNEL_1, HAL_TIM_CHANNEL_STATE_BUSY);
 1136              		.loc 1 511 7 is_stmt 1 view .LVU362
 1137 0032 0223     		movs	r3, #2
 1138 0034 84F83E30 		strb	r3, [r4, #62]
 512:Drivers/STM32F2xx_HAL_Driver/Src/stm32f2xx_hal_tim_ex.c ****     }
 1139              		.loc 1 512 7 view .LVU363
 1140 0038 84F84230 		strb	r3, [r4, #66]
 523:Drivers/STM32F2xx_HAL_Driver/Src/stm32f2xx_hal_tim_ex.c **** 
 1141              		.loc 1 523 3 view .LVU364
 1142 003c 0122     		movs	r2, #1
 1143              	.LVL70:
 523:Drivers/STM32F2xx_HAL_Driver/Src/stm32f2xx_hal_tim_ex.c **** 
 1144              		.loc 1 523 3 is_stmt 0 view .LVU365
 1145 003e 0021     		movs	r1, #0
 1146              	.LVL71:
 523:Drivers/STM32F2xx_HAL_Driver/Src/stm32f2xx_hal_tim_ex.c **** 
 1147              		.loc 1 523 3 view .LVU366
 1148 0040 2068     		ldr	r0, [r4]
 1149              	.LVL72:
 523:Drivers/STM32F2xx_HAL_Driver/Src/stm32f2xx_hal_tim_ex.c **** 
 1150              		.loc 1 523 3 view .LVU367
 1151 0042 FFF7FEFF 		bl	TIM_CCxChannelCmd
 1152              	.LVL73:
 526:Drivers/STM32F2xx_HAL_Driver/Src/stm32f2xx_hal_tim_ex.c ****   htim->hdma[TIM_DMA_ID_CC1]->XferHalfCpltCallback = TIM_DMACaptureHalfCplt;
 1153              		.loc 1 526 3 is_stmt 1 view .LVU368
 526:Drivers/STM32F2xx_HAL_Driver/Src/stm32f2xx_hal_tim_ex.c ****   htim->hdma[TIM_DMA_ID_CC1]->XferHalfCpltCallback = TIM_DMACaptureHalfCplt;
 1154              		.loc 1 526 13 is_stmt 0 view .LVU369
 1155 0046 636A     		ldr	r3, [r4, #36]
 526:Drivers/STM32F2xx_HAL_Driver/Src/stm32f2xx_hal_tim_ex.c ****   htim->hdma[TIM_DMA_ID_CC1]->XferHalfCpltCallback = TIM_DMACaptureHalfCplt;
 1156              		.loc 1 526 48 view .LVU370
 1157 0048 254A     		ldr	r2, .L73
 1158 004a DA63     		str	r2, [r3, #60]
 527:Drivers/STM32F2xx_HAL_Driver/Src/stm32f2xx_hal_tim_ex.c ****   /* Set the DMA error callback */
 1159              		.loc 1 527 3 is_stmt 1 view .LVU371
 527:Drivers/STM32F2xx_HAL_Driver/Src/stm32f2xx_hal_tim_ex.c ****   /* Set the DMA error callback */
 1160              		.loc 1 527 13 is_stmt 0 view .LVU372
 1161 004c 636A     		ldr	r3, [r4, #36]
 527:Drivers/STM32F2xx_HAL_Driver/Src/stm32f2xx_hal_tim_ex.c ****   /* Set the DMA error callback */
 1162              		.loc 1 527 52 view .LVU373
 1163 004e 254A     		ldr	r2, .L73+4
 1164 0050 1A64     		str	r2, [r3, #64]
 529:Drivers/STM32F2xx_HAL_Driver/Src/stm32f2xx_hal_tim_ex.c **** 
 1165              		.loc 1 529 3 is_stmt 1 view .LVU374
 529:Drivers/STM32F2xx_HAL_Driver/Src/stm32f2xx_hal_tim_ex.c **** 
 1166              		.loc 1 529 13 is_stmt 0 view .LVU375
 1167 0052 636A     		ldr	r3, [r4, #36]
ARM GAS  /tmp/ccdDJwMc.s 			page 69


 529:Drivers/STM32F2xx_HAL_Driver/Src/stm32f2xx_hal_tim_ex.c **** 
 1168              		.loc 1 529 49 view .LVU376
 1169 0054 244A     		ldr	r2, .L73+8
 1170 0056 DA64     		str	r2, [r3, #76]
 532:Drivers/STM32F2xx_HAL_Driver/Src/stm32f2xx_hal_tim_ex.c ****   {
 1171              		.loc 1 532 3 is_stmt 1 view .LVU377
 532:Drivers/STM32F2xx_HAL_Driver/Src/stm32f2xx_hal_tim_ex.c ****   {
 1172              		.loc 1 532 67 is_stmt 0 view .LVU378
 1173 0058 2168     		ldr	r1, [r4]
 532:Drivers/STM32F2xx_HAL_Driver/Src/stm32f2xx_hal_tim_ex.c ****   {
 1174              		.loc 1 532 7 view .LVU379
 1175 005a 3346     		mov	r3, r6
 1176 005c 3A46     		mov	r2, r7
 1177 005e 3431     		adds	r1, r1, #52
 1178 0060 606A     		ldr	r0, [r4, #36]
 1179 0062 FFF7FEFF 		bl	HAL_DMA_Start_IT
 1180              	.LVL74:
 532:Drivers/STM32F2xx_HAL_Driver/Src/stm32f2xx_hal_tim_ex.c ****   {
 1181              		.loc 1 532 6 discriminator 1 view .LVU380
 1182 0066 0028     		cmp	r0, #0
 1183 0068 38D1     		bne	.L70
 538:Drivers/STM32F2xx_HAL_Driver/Src/stm32f2xx_hal_tim_ex.c **** 
 1184              		.loc 1 538 3 is_stmt 1 view .LVU381
 1185 006a 2268     		ldr	r2, [r4]
 1186 006c D368     		ldr	r3, [r2, #12]
 1187 006e 43F40073 		orr	r3, r3, #512
 1188 0072 D360     		str	r3, [r2, #12]
 541:Drivers/STM32F2xx_HAL_Driver/Src/stm32f2xx_hal_tim_ex.c ****   {
 1189              		.loc 1 541 3 view .LVU382
 541:Drivers/STM32F2xx_HAL_Driver/Src/stm32f2xx_hal_tim_ex.c ****   {
 1190              		.loc 1 541 7 is_stmt 0 view .LVU383
 1191 0074 2368     		ldr	r3, [r4]
 541:Drivers/STM32F2xx_HAL_Driver/Src/stm32f2xx_hal_tim_ex.c ****   {
 1192              		.loc 1 541 6 view .LVU384
 1193 0076 1D4A     		ldr	r2, .L73+12
 1194 0078 9342     		cmp	r3, r2
 1195 007a 1FD0     		beq	.L64
 541:Drivers/STM32F2xx_HAL_Driver/Src/stm32f2xx_hal_tim_ex.c ****   {
 1196              		.loc 1 541 7 discriminator 1 view .LVU385
 1197 007c B3F1804F 		cmp	r3, #1073741824
 1198 0080 1CD0     		beq	.L64
 541:Drivers/STM32F2xx_HAL_Driver/Src/stm32f2xx_hal_tim_ex.c ****   {
 1199              		.loc 1 541 7 discriminator 2 view .LVU386
 1200 0082 A2F57C42 		sub	r2, r2, #64512
 1201 0086 9342     		cmp	r3, r2
 1202 0088 18D0     		beq	.L64
 541:Drivers/STM32F2xx_HAL_Driver/Src/stm32f2xx_hal_tim_ex.c ****   {
 1203              		.loc 1 541 7 discriminator 3 view .LVU387
 1204 008a 02F58062 		add	r2, r2, #1024
 1205 008e 9342     		cmp	r3, r2
 1206 0090 14D0     		beq	.L64
 541:Drivers/STM32F2xx_HAL_Driver/Src/stm32f2xx_hal_tim_ex.c ****   {
 1207              		.loc 1 541 7 discriminator 4 view .LVU388
 1208 0092 02F58062 		add	r2, r2, #1024
 1209 0096 9342     		cmp	r3, r2
 1210 0098 10D0     		beq	.L64
 541:Drivers/STM32F2xx_HAL_Driver/Src/stm32f2xx_hal_tim_ex.c ****   {
ARM GAS  /tmp/ccdDJwMc.s 			page 70


 1211              		.loc 1 541 7 discriminator 5 view .LVU389
 1212 009a 02F57842 		add	r2, r2, #63488
 1213 009e 9342     		cmp	r3, r2
 1214 00a0 0CD0     		beq	.L64
 541:Drivers/STM32F2xx_HAL_Driver/Src/stm32f2xx_hal_tim_ex.c ****   {
 1215              		.loc 1 541 7 discriminator 6 view .LVU390
 1216 00a2 02F57052 		add	r2, r2, #15360
 1217 00a6 9342     		cmp	r3, r2
 1218 00a8 08D0     		beq	.L64
 541:Drivers/STM32F2xx_HAL_Driver/Src/stm32f2xx_hal_tim_ex.c ****   {
 1219              		.loc 1 541 7 discriminator 7 view .LVU391
 1220 00aa A2F59432 		sub	r2, r2, #75776
 1221 00ae 9342     		cmp	r3, r2
 1222 00b0 04D0     		beq	.L64
 551:Drivers/STM32F2xx_HAL_Driver/Src/stm32f2xx_hal_tim_ex.c ****   }
 1223              		.loc 1 551 5 is_stmt 1 view .LVU392
 1224 00b2 1A68     		ldr	r2, [r3]
 1225 00b4 42F00102 		orr	r2, r2, #1
 1226 00b8 1A60     		str	r2, [r3]
 1227 00ba 0CE0     		b	.L63
 1228              	.L64:
 543:Drivers/STM32F2xx_HAL_Driver/Src/stm32f2xx_hal_tim_ex.c ****     if (!IS_TIM_SLAVEMODE_TRIGGER_ENABLED(tmpsmcr))
 1229              		.loc 1 543 5 view .LVU393
 543:Drivers/STM32F2xx_HAL_Driver/Src/stm32f2xx_hal_tim_ex.c ****     if (!IS_TIM_SLAVEMODE_TRIGGER_ENABLED(tmpsmcr))
 1230              		.loc 1 543 29 is_stmt 0 view .LVU394
 1231 00bc 9A68     		ldr	r2, [r3, #8]
 543:Drivers/STM32F2xx_HAL_Driver/Src/stm32f2xx_hal_tim_ex.c ****     if (!IS_TIM_SLAVEMODE_TRIGGER_ENABLED(tmpsmcr))
 1232              		.loc 1 543 13 view .LVU395
 1233 00be 02F00702 		and	r2, r2, #7
 1234              	.LVL75:
 544:Drivers/STM32F2xx_HAL_Driver/Src/stm32f2xx_hal_tim_ex.c ****     {
 1235              		.loc 1 544 5 is_stmt 1 view .LVU396
 544:Drivers/STM32F2xx_HAL_Driver/Src/stm32f2xx_hal_tim_ex.c ****     {
 1236              		.loc 1 544 8 is_stmt 0 view .LVU397
 1237 00c2 062A     		cmp	r2, #6
 1238 00c4 07D0     		beq	.L63
 546:Drivers/STM32F2xx_HAL_Driver/Src/stm32f2xx_hal_tim_ex.c ****     }
 1239              		.loc 1 546 7 is_stmt 1 view .LVU398
 1240 00c6 1A68     		ldr	r2, [r3]
 1241              	.LVL76:
 546:Drivers/STM32F2xx_HAL_Driver/Src/stm32f2xx_hal_tim_ex.c ****     }
 1242              		.loc 1 546 7 is_stmt 0 view .LVU399
 1243 00c8 42F00102 		orr	r2, r2, #1
 1244 00cc 1A60     		str	r2, [r3]
 1245 00ce 02E0     		b	.L63
 1246              	.LVL77:
 1247              	.L66:
 500:Drivers/STM32F2xx_HAL_Driver/Src/stm32f2xx_hal_tim_ex.c ****   }
 1248              		.loc 1 500 12 view .LVU400
 1249 00d0 2846     		mov	r0, r5
 1250              	.LVL78:
 500:Drivers/STM32F2xx_HAL_Driver/Src/stm32f2xx_hal_tim_ex.c ****   }
 1251              		.loc 1 500 12 view .LVU401
 1252 00d2 00E0     		b	.L63
 1253              	.LVL79:
 1254              	.L67:
 517:Drivers/STM32F2xx_HAL_Driver/Src/stm32f2xx_hal_tim_ex.c ****   }
ARM GAS  /tmp/ccdDJwMc.s 			page 71


 1255              		.loc 1 517 12 view .LVU402
 1256 00d4 0120     		movs	r0, #1
 1257              	.LVL80:
 1258              	.L63:
 556:Drivers/STM32F2xx_HAL_Driver/Src/stm32f2xx_hal_tim_ex.c **** 
 1259              		.loc 1 556 1 view .LVU403
 1260 00d6 F8BD     		pop	{r3, r4, r5, r6, r7, pc}
 1261              	.LVL81:
 1262              	.L68:
 507:Drivers/STM32F2xx_HAL_Driver/Src/stm32f2xx_hal_tim_ex.c ****     }
 1263              		.loc 1 507 14 view .LVU404
 1264 00d8 2846     		mov	r0, r5
 1265              	.LVL82:
 507:Drivers/STM32F2xx_HAL_Driver/Src/stm32f2xx_hal_tim_ex.c ****     }
 1266              		.loc 1 507 14 view .LVU405
 1267 00da FCE7     		b	.L63
 1268              	.LVL83:
 1269              	.L70:
 535:Drivers/STM32F2xx_HAL_Driver/Src/stm32f2xx_hal_tim_ex.c ****   }
 1270              		.loc 1 535 12 view .LVU406
 1271 00dc 2846     		mov	r0, r5
 1272 00de FAE7     		b	.L63
 1273              	.L74:
 1274              		.align	2
 1275              	.L73:
 1276 00e0 00000000 		.word	TIM_DMACaptureCplt
 1277 00e4 00000000 		.word	TIM_DMACaptureHalfCplt
 1278 00e8 00000000 		.word	TIM_DMAError
 1279 00ec 00000140 		.word	1073807360
 1280              		.cfi_endproc
 1281              	.LFE80:
 1283              		.section	.text.HAL_TIMEx_HallSensor_Stop_DMA,"ax",%progbits
 1284              		.align	1
 1285              		.global	HAL_TIMEx_HallSensor_Stop_DMA
 1286              		.syntax unified
 1287              		.thumb
 1288              		.thumb_func
 1290              	HAL_TIMEx_HallSensor_Stop_DMA:
 1291              	.LVL84:
 1292              	.LFB81:
 564:Drivers/STM32F2xx_HAL_Driver/Src/stm32f2xx_hal_tim_ex.c ****   /* Check the parameters */
 1293              		.loc 1 564 1 is_stmt 1 view -0
 1294              		.cfi_startproc
 1295              		@ args = 0, pretend = 0, frame = 0
 1296              		@ frame_needed = 0, uses_anonymous_args = 0
 564:Drivers/STM32F2xx_HAL_Driver/Src/stm32f2xx_hal_tim_ex.c ****   /* Check the parameters */
 1297              		.loc 1 564 1 is_stmt 0 view .LVU408
 1298 0000 10B5     		push	{r4, lr}
 1299              	.LCFI13:
 1300              		.cfi_def_cfa_offset 8
 1301              		.cfi_offset 4, -8
 1302              		.cfi_offset 14, -4
 1303 0002 0446     		mov	r4, r0
 566:Drivers/STM32F2xx_HAL_Driver/Src/stm32f2xx_hal_tim_ex.c **** 
 1304              		.loc 1 566 3 is_stmt 1 view .LVU409
 571:Drivers/STM32F2xx_HAL_Driver/Src/stm32f2xx_hal_tim_ex.c **** 
 1305              		.loc 1 571 3 view .LVU410
ARM GAS  /tmp/ccdDJwMc.s 			page 72


 1306 0004 0022     		movs	r2, #0
 1307 0006 1146     		mov	r1, r2
 1308 0008 0068     		ldr	r0, [r0]
 1309              	.LVL85:
 571:Drivers/STM32F2xx_HAL_Driver/Src/stm32f2xx_hal_tim_ex.c **** 
 1310              		.loc 1 571 3 is_stmt 0 view .LVU411
 1311 000a FFF7FEFF 		bl	TIM_CCxChannelCmd
 1312              	.LVL86:
 575:Drivers/STM32F2xx_HAL_Driver/Src/stm32f2xx_hal_tim_ex.c **** 
 1313              		.loc 1 575 3 is_stmt 1 view .LVU412
 1314 000e 2268     		ldr	r2, [r4]
 1315 0010 D368     		ldr	r3, [r2, #12]
 1316 0012 23F40073 		bic	r3, r3, #512
 1317 0016 D360     		str	r3, [r2, #12]
 577:Drivers/STM32F2xx_HAL_Driver/Src/stm32f2xx_hal_tim_ex.c **** 
 1318              		.loc 1 577 3 view .LVU413
 577:Drivers/STM32F2xx_HAL_Driver/Src/stm32f2xx_hal_tim_ex.c **** 
 1319              		.loc 1 577 9 is_stmt 0 view .LVU414
 1320 0018 606A     		ldr	r0, [r4, #36]
 1321 001a FFF7FEFF 		bl	HAL_DMA_Abort_IT
 1322              	.LVL87:
 580:Drivers/STM32F2xx_HAL_Driver/Src/stm32f2xx_hal_tim_ex.c **** 
 1323              		.loc 1 580 3 is_stmt 1 view .LVU415
 580:Drivers/STM32F2xx_HAL_Driver/Src/stm32f2xx_hal_tim_ex.c **** 
 1324              		.loc 1 580 3 view .LVU416
 1325 001e 2368     		ldr	r3, [r4]
 1326 0020 196A     		ldr	r1, [r3, #32]
 1327 0022 41F21112 		movw	r2, #4369
 1328 0026 1142     		tst	r1, r2
 1329 0028 08D1     		bne	.L76
 580:Drivers/STM32F2xx_HAL_Driver/Src/stm32f2xx_hal_tim_ex.c **** 
 1330              		.loc 1 580 3 discriminator 1 view .LVU417
 1331 002a 196A     		ldr	r1, [r3, #32]
 1332 002c 40F24442 		movw	r2, #1092
 1333 0030 1142     		tst	r1, r2
 1334 0032 03D1     		bne	.L76
 580:Drivers/STM32F2xx_HAL_Driver/Src/stm32f2xx_hal_tim_ex.c **** 
 1335              		.loc 1 580 3 discriminator 3 view .LVU418
 1336 0034 1A68     		ldr	r2, [r3]
 1337 0036 22F00102 		bic	r2, r2, #1
 1338 003a 1A60     		str	r2, [r3]
 1339              	.L76:
 580:Drivers/STM32F2xx_HAL_Driver/Src/stm32f2xx_hal_tim_ex.c **** 
 1340              		.loc 1 580 3 discriminator 5 view .LVU419
 583:Drivers/STM32F2xx_HAL_Driver/Src/stm32f2xx_hal_tim_ex.c ****   TIM_CHANNEL_N_STATE_SET(htim, TIM_CHANNEL_1, HAL_TIM_CHANNEL_STATE_READY);
 1341              		.loc 1 583 3 view .LVU420
 1342 003c 0123     		movs	r3, #1
 1343 003e 84F83E30 		strb	r3, [r4, #62]
 584:Drivers/STM32F2xx_HAL_Driver/Src/stm32f2xx_hal_tim_ex.c **** 
 1344              		.loc 1 584 3 view .LVU421
 1345 0042 84F84230 		strb	r3, [r4, #66]
 587:Drivers/STM32F2xx_HAL_Driver/Src/stm32f2xx_hal_tim_ex.c **** }
 1346              		.loc 1 587 3 view .LVU422
 588:Drivers/STM32F2xx_HAL_Driver/Src/stm32f2xx_hal_tim_ex.c **** 
 1347              		.loc 1 588 1 is_stmt 0 view .LVU423
 1348 0046 0020     		movs	r0, #0
 1349 0048 10BD     		pop	{r4, pc}
ARM GAS  /tmp/ccdDJwMc.s 			page 73


 588:Drivers/STM32F2xx_HAL_Driver/Src/stm32f2xx_hal_tim_ex.c **** 
 1350              		.loc 1 588 1 view .LVU424
 1351              		.cfi_endproc
 1352              	.LFE81:
 1354              		.section	.text.HAL_TIMEx_OCN_Start,"ax",%progbits
 1355              		.align	1
 1356              		.global	HAL_TIMEx_OCN_Start
 1357              		.syntax unified
 1358              		.thumb
 1359              		.thumb_func
 1361              	HAL_TIMEx_OCN_Start:
 1362              	.LVL88:
 1363              	.LFB82:
 626:Drivers/STM32F2xx_HAL_Driver/Src/stm32f2xx_hal_tim_ex.c ****   uint32_t tmpsmcr;
 1364              		.loc 1 626 1 is_stmt 1 view -0
 1365              		.cfi_startproc
 1366              		@ args = 0, pretend = 0, frame = 0
 1367              		@ frame_needed = 0, uses_anonymous_args = 0
 626:Drivers/STM32F2xx_HAL_Driver/Src/stm32f2xx_hal_tim_ex.c ****   uint32_t tmpsmcr;
 1368              		.loc 1 626 1 is_stmt 0 view .LVU426
 1369 0000 10B5     		push	{r4, lr}
 1370              	.LCFI14:
 1371              		.cfi_def_cfa_offset 8
 1372              		.cfi_offset 4, -8
 1373              		.cfi_offset 14, -4
 1374 0002 0446     		mov	r4, r0
 627:Drivers/STM32F2xx_HAL_Driver/Src/stm32f2xx_hal_tim_ex.c **** 
 1375              		.loc 1 627 3 is_stmt 1 view .LVU427
 630:Drivers/STM32F2xx_HAL_Driver/Src/stm32f2xx_hal_tim_ex.c **** 
 1376              		.loc 1 630 3 view .LVU428
 633:Drivers/STM32F2xx_HAL_Driver/Src/stm32f2xx_hal_tim_ex.c ****   {
 1377              		.loc 1 633 3 view .LVU429
 633:Drivers/STM32F2xx_HAL_Driver/Src/stm32f2xx_hal_tim_ex.c ****   {
 1378              		.loc 1 633 46 is_stmt 0 view .LVU430
 1379 0004 0846     		mov	r0, r1
 1380              	.LVL89:
 633:Drivers/STM32F2xx_HAL_Driver/Src/stm32f2xx_hal_tim_ex.c ****   {
 1381              		.loc 1 633 46 view .LVU431
 1382 0006 0029     		cmp	r1, #0
 1383 0008 3AD1     		bne	.L79
 633:Drivers/STM32F2xx_HAL_Driver/Src/stm32f2xx_hal_tim_ex.c ****   {
 1384              		.loc 1 633 7 discriminator 1 view .LVU432
 1385 000a 94F84230 		ldrb	r3, [r4, #66]	@ zero_extendqisi2
 633:Drivers/STM32F2xx_HAL_Driver/Src/stm32f2xx_hal_tim_ex.c ****   {
 1386              		.loc 1 633 46 discriminator 1 view .LVU433
 1387 000e 013B     		subs	r3, r3, #1
 1388 0010 18BF     		it	ne
 1389 0012 0123     		movne	r3, #1
 1390              	.L80:
 633:Drivers/STM32F2xx_HAL_Driver/Src/stm32f2xx_hal_tim_ex.c ****   {
 1391              		.loc 1 633 6 discriminator 12 view .LVU434
 1392 0014 002B     		cmp	r3, #0
 1393 0016 64D1     		bne	.L90
 639:Drivers/STM32F2xx_HAL_Driver/Src/stm32f2xx_hal_tim_ex.c **** 
 1394              		.loc 1 639 3 is_stmt 1 view .LVU435
 1395 0018 0028     		cmp	r0, #0
 1396 001a 47D1     		bne	.L84
ARM GAS  /tmp/ccdDJwMc.s 			page 74


 639:Drivers/STM32F2xx_HAL_Driver/Src/stm32f2xx_hal_tim_ex.c **** 
 1397              		.loc 1 639 3 is_stmt 0 discriminator 1 view .LVU436
 1398 001c 0223     		movs	r3, #2
 1399 001e 84F84230 		strb	r3, [r4, #66]
 1400              	.L85:
 642:Drivers/STM32F2xx_HAL_Driver/Src/stm32f2xx_hal_tim_ex.c **** 
 1401              		.loc 1 642 3 is_stmt 1 view .LVU437
 1402 0022 0422     		movs	r2, #4
 1403 0024 0146     		mov	r1, r0
 1404              	.LVL90:
 642:Drivers/STM32F2xx_HAL_Driver/Src/stm32f2xx_hal_tim_ex.c **** 
 1405              		.loc 1 642 3 is_stmt 0 view .LVU438
 1406 0026 2068     		ldr	r0, [r4]
 1407              	.LVL91:
 642:Drivers/STM32F2xx_HAL_Driver/Src/stm32f2xx_hal_tim_ex.c **** 
 1408              		.loc 1 642 3 view .LVU439
 1409 0028 FFF7FEFF 		bl	TIM_CCxNChannelCmd
 1410              	.LVL92:
 645:Drivers/STM32F2xx_HAL_Driver/Src/stm32f2xx_hal_tim_ex.c **** 
 1411              		.loc 1 645 3 is_stmt 1 view .LVU440
 1412 002c 2268     		ldr	r2, [r4]
 1413 002e 536C     		ldr	r3, [r2, #68]
 1414 0030 43F40043 		orr	r3, r3, #32768
 1415 0034 5364     		str	r3, [r2, #68]
 648:Drivers/STM32F2xx_HAL_Driver/Src/stm32f2xx_hal_tim_ex.c ****   {
 1416              		.loc 1 648 3 view .LVU441
 648:Drivers/STM32F2xx_HAL_Driver/Src/stm32f2xx_hal_tim_ex.c ****   {
 1417              		.loc 1 648 7 is_stmt 0 view .LVU442
 1418 0036 2368     		ldr	r3, [r4]
 648:Drivers/STM32F2xx_HAL_Driver/Src/stm32f2xx_hal_tim_ex.c ****   {
 1419              		.loc 1 648 6 view .LVU443
 1420 0038 2C4A     		ldr	r2, .L97
 1421 003a 9342     		cmp	r3, r2
 1422 003c 46D0     		beq	.L88
 648:Drivers/STM32F2xx_HAL_Driver/Src/stm32f2xx_hal_tim_ex.c ****   {
 1423              		.loc 1 648 7 discriminator 1 view .LVU444
 1424 003e B3F1804F 		cmp	r3, #1073741824
 1425 0042 43D0     		beq	.L88
 648:Drivers/STM32F2xx_HAL_Driver/Src/stm32f2xx_hal_tim_ex.c ****   {
 1426              		.loc 1 648 7 discriminator 2 view .LVU445
 1427 0044 A2F57C42 		sub	r2, r2, #64512
 1428 0048 9342     		cmp	r3, r2
 1429 004a 3FD0     		beq	.L88
 648:Drivers/STM32F2xx_HAL_Driver/Src/stm32f2xx_hal_tim_ex.c ****   {
 1430              		.loc 1 648 7 discriminator 3 view .LVU446
 1431 004c 02F58062 		add	r2, r2, #1024
 1432 0050 9342     		cmp	r3, r2
 1433 0052 3BD0     		beq	.L88
 648:Drivers/STM32F2xx_HAL_Driver/Src/stm32f2xx_hal_tim_ex.c ****   {
 1434              		.loc 1 648 7 discriminator 4 view .LVU447
 1435 0054 02F58062 		add	r2, r2, #1024
 1436 0058 9342     		cmp	r3, r2
 1437 005a 37D0     		beq	.L88
 648:Drivers/STM32F2xx_HAL_Driver/Src/stm32f2xx_hal_tim_ex.c ****   {
 1438              		.loc 1 648 7 discriminator 5 view .LVU448
 1439 005c 02F57842 		add	r2, r2, #63488
 1440 0060 9342     		cmp	r3, r2
ARM GAS  /tmp/ccdDJwMc.s 			page 75


 1441 0062 33D0     		beq	.L88
 648:Drivers/STM32F2xx_HAL_Driver/Src/stm32f2xx_hal_tim_ex.c ****   {
 1442              		.loc 1 648 7 discriminator 6 view .LVU449
 1443 0064 02F57052 		add	r2, r2, #15360
 1444 0068 9342     		cmp	r3, r2
 1445 006a 2FD0     		beq	.L88
 648:Drivers/STM32F2xx_HAL_Driver/Src/stm32f2xx_hal_tim_ex.c ****   {
 1446              		.loc 1 648 7 discriminator 7 view .LVU450
 1447 006c A2F59432 		sub	r2, r2, #75776
 1448 0070 9342     		cmp	r3, r2
 1449 0072 2BD0     		beq	.L88
 658:Drivers/STM32F2xx_HAL_Driver/Src/stm32f2xx_hal_tim_ex.c ****   }
 1450              		.loc 1 658 5 is_stmt 1 view .LVU451
 1451 0074 1A68     		ldr	r2, [r3]
 1452 0076 42F00102 		orr	r2, r2, #1
 1453 007a 1A60     		str	r2, [r3]
 662:Drivers/STM32F2xx_HAL_Driver/Src/stm32f2xx_hal_tim_ex.c **** }
 1454              		.loc 1 662 10 is_stmt 0 view .LVU452
 1455 007c 0020     		movs	r0, #0
 1456 007e 2FE0     		b	.L83
 1457              	.LVL93:
 1458              	.L79:
 633:Drivers/STM32F2xx_HAL_Driver/Src/stm32f2xx_hal_tim_ex.c ****   {
 1459              		.loc 1 633 46 discriminator 2 view .LVU453
 1460 0080 0429     		cmp	r1, #4
 1461 0082 07D0     		beq	.L93
 633:Drivers/STM32F2xx_HAL_Driver/Src/stm32f2xx_hal_tim_ex.c ****   {
 1462              		.loc 1 633 46 discriminator 5 view .LVU454
 1463 0084 0829     		cmp	r1, #8
 1464 0086 0BD0     		beq	.L94
 633:Drivers/STM32F2xx_HAL_Driver/Src/stm32f2xx_hal_tim_ex.c ****   {
 1465              		.loc 1 633 7 discriminator 8 view .LVU455
 1466 0088 94F84530 		ldrb	r3, [r4, #69]	@ zero_extendqisi2
 633:Drivers/STM32F2xx_HAL_Driver/Src/stm32f2xx_hal_tim_ex.c ****   {
 1467              		.loc 1 633 46 discriminator 8 view .LVU456
 1468 008c 013B     		subs	r3, r3, #1
 1469 008e 18BF     		it	ne
 1470 0090 0123     		movne	r3, #1
 1471 0092 BFE7     		b	.L80
 1472              	.L93:
 633:Drivers/STM32F2xx_HAL_Driver/Src/stm32f2xx_hal_tim_ex.c ****   {
 1473              		.loc 1 633 7 discriminator 4 view .LVU457
 1474 0094 94F84330 		ldrb	r3, [r4, #67]	@ zero_extendqisi2
 633:Drivers/STM32F2xx_HAL_Driver/Src/stm32f2xx_hal_tim_ex.c ****   {
 1475              		.loc 1 633 46 discriminator 4 view .LVU458
 1476 0098 013B     		subs	r3, r3, #1
 1477 009a 18BF     		it	ne
 1478 009c 0123     		movne	r3, #1
 1479 009e B9E7     		b	.L80
 1480              	.L94:
 633:Drivers/STM32F2xx_HAL_Driver/Src/stm32f2xx_hal_tim_ex.c ****   {
 1481              		.loc 1 633 7 discriminator 7 view .LVU459
 1482 00a0 94F84430 		ldrb	r3, [r4, #68]	@ zero_extendqisi2
 633:Drivers/STM32F2xx_HAL_Driver/Src/stm32f2xx_hal_tim_ex.c ****   {
 1483              		.loc 1 633 46 discriminator 7 view .LVU460
 1484 00a4 013B     		subs	r3, r3, #1
 1485 00a6 18BF     		it	ne
ARM GAS  /tmp/ccdDJwMc.s 			page 76


 1486 00a8 0123     		movne	r3, #1
 1487 00aa B3E7     		b	.L80
 1488              	.L84:
 639:Drivers/STM32F2xx_HAL_Driver/Src/stm32f2xx_hal_tim_ex.c **** 
 1489              		.loc 1 639 3 discriminator 2 view .LVU461
 1490 00ac 0428     		cmp	r0, #4
 1491 00ae 05D0     		beq	.L95
 639:Drivers/STM32F2xx_HAL_Driver/Src/stm32f2xx_hal_tim_ex.c **** 
 1492              		.loc 1 639 3 discriminator 4 view .LVU462
 1493 00b0 0828     		cmp	r0, #8
 1494 00b2 07D0     		beq	.L96
 639:Drivers/STM32F2xx_HAL_Driver/Src/stm32f2xx_hal_tim_ex.c **** 
 1495              		.loc 1 639 3 discriminator 7 view .LVU463
 1496 00b4 0223     		movs	r3, #2
 1497 00b6 84F84530 		strb	r3, [r4, #69]
 1498 00ba B2E7     		b	.L85
 1499              	.L95:
 639:Drivers/STM32F2xx_HAL_Driver/Src/stm32f2xx_hal_tim_ex.c **** 
 1500              		.loc 1 639 3 discriminator 3 view .LVU464
 1501 00bc 0223     		movs	r3, #2
 1502 00be 84F84330 		strb	r3, [r4, #67]
 1503 00c2 AEE7     		b	.L85
 1504              	.L96:
 639:Drivers/STM32F2xx_HAL_Driver/Src/stm32f2xx_hal_tim_ex.c **** 
 1505              		.loc 1 639 3 discriminator 6 view .LVU465
 1506 00c4 0223     		movs	r3, #2
 1507 00c6 84F84430 		strb	r3, [r4, #68]
 1508 00ca AAE7     		b	.L85
 1509              	.LVL94:
 1510              	.L88:
 650:Drivers/STM32F2xx_HAL_Driver/Src/stm32f2xx_hal_tim_ex.c ****     if (!IS_TIM_SLAVEMODE_TRIGGER_ENABLED(tmpsmcr))
 1511              		.loc 1 650 5 is_stmt 1 view .LVU466
 650:Drivers/STM32F2xx_HAL_Driver/Src/stm32f2xx_hal_tim_ex.c ****     if (!IS_TIM_SLAVEMODE_TRIGGER_ENABLED(tmpsmcr))
 1512              		.loc 1 650 29 is_stmt 0 view .LVU467
 1513 00cc 9A68     		ldr	r2, [r3, #8]
 650:Drivers/STM32F2xx_HAL_Driver/Src/stm32f2xx_hal_tim_ex.c ****     if (!IS_TIM_SLAVEMODE_TRIGGER_ENABLED(tmpsmcr))
 1514              		.loc 1 650 13 view .LVU468
 1515 00ce 02F00702 		and	r2, r2, #7
 1516              	.LVL95:
 651:Drivers/STM32F2xx_HAL_Driver/Src/stm32f2xx_hal_tim_ex.c ****     {
 1517              		.loc 1 651 5 is_stmt 1 view .LVU469
 651:Drivers/STM32F2xx_HAL_Driver/Src/stm32f2xx_hal_tim_ex.c ****     {
 1518              		.loc 1 651 8 is_stmt 0 view .LVU470
 1519 00d2 062A     		cmp	r2, #6
 1520 00d4 07D0     		beq	.L91
 653:Drivers/STM32F2xx_HAL_Driver/Src/stm32f2xx_hal_tim_ex.c ****     }
 1521              		.loc 1 653 7 is_stmt 1 view .LVU471
 1522 00d6 1A68     		ldr	r2, [r3]
 1523              	.LVL96:
 653:Drivers/STM32F2xx_HAL_Driver/Src/stm32f2xx_hal_tim_ex.c ****     }
 1524              		.loc 1 653 7 is_stmt 0 view .LVU472
 1525 00d8 42F00102 		orr	r2, r2, #1
 1526 00dc 1A60     		str	r2, [r3]
 662:Drivers/STM32F2xx_HAL_Driver/Src/stm32f2xx_hal_tim_ex.c **** }
 1527              		.loc 1 662 10 view .LVU473
 1528 00de 0020     		movs	r0, #0
 1529              	.LVL97:
ARM GAS  /tmp/ccdDJwMc.s 			page 77


 1530              	.L83:
 663:Drivers/STM32F2xx_HAL_Driver/Src/stm32f2xx_hal_tim_ex.c **** 
 1531              		.loc 1 663 1 view .LVU474
 1532 00e0 10BD     		pop	{r4, pc}
 1533              	.LVL98:
 1534              	.L90:
 635:Drivers/STM32F2xx_HAL_Driver/Src/stm32f2xx_hal_tim_ex.c ****   }
 1535              		.loc 1 635 12 view .LVU475
 1536 00e2 0120     		movs	r0, #1
 1537              	.LVL99:
 635:Drivers/STM32F2xx_HAL_Driver/Src/stm32f2xx_hal_tim_ex.c ****   }
 1538              		.loc 1 635 12 view .LVU476
 1539 00e4 FCE7     		b	.L83
 1540              	.LVL100:
 1541              	.L91:
 662:Drivers/STM32F2xx_HAL_Driver/Src/stm32f2xx_hal_tim_ex.c **** }
 1542              		.loc 1 662 10 view .LVU477
 1543 00e6 0020     		movs	r0, #0
 1544 00e8 FAE7     		b	.L83
 1545              	.L98:
 1546 00ea 00BF     		.align	2
 1547              	.L97:
 1548 00ec 00000140 		.word	1073807360
 1549              		.cfi_endproc
 1550              	.LFE82:
 1552              		.section	.text.HAL_TIMEx_OCN_Stop,"ax",%progbits
 1553              		.align	1
 1554              		.global	HAL_TIMEx_OCN_Stop
 1555              		.syntax unified
 1556              		.thumb
 1557              		.thumb_func
 1559              	HAL_TIMEx_OCN_Stop:
 1560              	.LVL101:
 1561              	.LFB83:
 677:Drivers/STM32F2xx_HAL_Driver/Src/stm32f2xx_hal_tim_ex.c ****   /* Check the parameters */
 1562              		.loc 1 677 1 is_stmt 1 view -0
 1563              		.cfi_startproc
 1564              		@ args = 0, pretend = 0, frame = 0
 1565              		@ frame_needed = 0, uses_anonymous_args = 0
 677:Drivers/STM32F2xx_HAL_Driver/Src/stm32f2xx_hal_tim_ex.c ****   /* Check the parameters */
 1566              		.loc 1 677 1 is_stmt 0 view .LVU479
 1567 0000 38B5     		push	{r3, r4, r5, lr}
 1568              	.LCFI15:
 1569              		.cfi_def_cfa_offset 16
 1570              		.cfi_offset 3, -16
 1571              		.cfi_offset 4, -12
 1572              		.cfi_offset 5, -8
 1573              		.cfi_offset 14, -4
 1574 0002 0446     		mov	r4, r0
 1575 0004 0D46     		mov	r5, r1
 679:Drivers/STM32F2xx_HAL_Driver/Src/stm32f2xx_hal_tim_ex.c **** 
 1576              		.loc 1 679 3 is_stmt 1 view .LVU480
 682:Drivers/STM32F2xx_HAL_Driver/Src/stm32f2xx_hal_tim_ex.c **** 
 1577              		.loc 1 682 3 view .LVU481
 1578 0006 0022     		movs	r2, #0
 1579 0008 0068     		ldr	r0, [r0]
 1580              	.LVL102:
ARM GAS  /tmp/ccdDJwMc.s 			page 78


 682:Drivers/STM32F2xx_HAL_Driver/Src/stm32f2xx_hal_tim_ex.c **** 
 1581              		.loc 1 682 3 is_stmt 0 view .LVU482
 1582 000a FFF7FEFF 		bl	TIM_CCxNChannelCmd
 1583              	.LVL103:
 685:Drivers/STM32F2xx_HAL_Driver/Src/stm32f2xx_hal_tim_ex.c **** 
 1584              		.loc 1 685 3 is_stmt 1 view .LVU483
 685:Drivers/STM32F2xx_HAL_Driver/Src/stm32f2xx_hal_tim_ex.c **** 
 1585              		.loc 1 685 3 view .LVU484
 1586 000e 2368     		ldr	r3, [r4]
 1587 0010 196A     		ldr	r1, [r3, #32]
 1588 0012 41F21112 		movw	r2, #4369
 1589 0016 1142     		tst	r1, r2
 1590 0018 08D1     		bne	.L100
 685:Drivers/STM32F2xx_HAL_Driver/Src/stm32f2xx_hal_tim_ex.c **** 
 1591              		.loc 1 685 3 discriminator 1 view .LVU485
 1592 001a 196A     		ldr	r1, [r3, #32]
 1593 001c 40F24442 		movw	r2, #1092
 1594 0020 1142     		tst	r1, r2
 1595 0022 03D1     		bne	.L100
 685:Drivers/STM32F2xx_HAL_Driver/Src/stm32f2xx_hal_tim_ex.c **** 
 1596              		.loc 1 685 3 discriminator 3 view .LVU486
 1597 0024 5A6C     		ldr	r2, [r3, #68]
 1598 0026 22F40042 		bic	r2, r2, #32768
 1599 002a 5A64     		str	r2, [r3, #68]
 1600              	.L100:
 685:Drivers/STM32F2xx_HAL_Driver/Src/stm32f2xx_hal_tim_ex.c **** 
 1601              		.loc 1 685 3 discriminator 5 view .LVU487
 688:Drivers/STM32F2xx_HAL_Driver/Src/stm32f2xx_hal_tim_ex.c **** 
 1602              		.loc 1 688 3 view .LVU488
 688:Drivers/STM32F2xx_HAL_Driver/Src/stm32f2xx_hal_tim_ex.c **** 
 1603              		.loc 1 688 3 view .LVU489
 1604 002c 2368     		ldr	r3, [r4]
 1605 002e 196A     		ldr	r1, [r3, #32]
 1606 0030 41F21112 		movw	r2, #4369
 1607 0034 1142     		tst	r1, r2
 1608 0036 08D1     		bne	.L101
 688:Drivers/STM32F2xx_HAL_Driver/Src/stm32f2xx_hal_tim_ex.c **** 
 1609              		.loc 1 688 3 discriminator 1 view .LVU490
 1610 0038 196A     		ldr	r1, [r3, #32]
 1611 003a 40F24442 		movw	r2, #1092
 1612 003e 1142     		tst	r1, r2
 1613 0040 03D1     		bne	.L101
 688:Drivers/STM32F2xx_HAL_Driver/Src/stm32f2xx_hal_tim_ex.c **** 
 1614              		.loc 1 688 3 discriminator 3 view .LVU491
 1615 0042 1A68     		ldr	r2, [r3]
 1616 0044 22F00102 		bic	r2, r2, #1
 1617 0048 1A60     		str	r2, [r3]
 1618              	.L101:
 688:Drivers/STM32F2xx_HAL_Driver/Src/stm32f2xx_hal_tim_ex.c **** 
 1619              		.loc 1 688 3 discriminator 5 view .LVU492
 691:Drivers/STM32F2xx_HAL_Driver/Src/stm32f2xx_hal_tim_ex.c **** 
 1620              		.loc 1 691 3 view .LVU493
 1621 004a 25B9     		cbnz	r5, .L102
 691:Drivers/STM32F2xx_HAL_Driver/Src/stm32f2xx_hal_tim_ex.c **** 
 1622              		.loc 1 691 3 is_stmt 0 discriminator 1 view .LVU494
 1623 004c 0123     		movs	r3, #1
 1624 004e 84F84230 		strb	r3, [r4, #66]
ARM GAS  /tmp/ccdDJwMc.s 			page 79


 1625              	.L103:
 694:Drivers/STM32F2xx_HAL_Driver/Src/stm32f2xx_hal_tim_ex.c **** }
 1626              		.loc 1 694 3 is_stmt 1 view .LVU495
 695:Drivers/STM32F2xx_HAL_Driver/Src/stm32f2xx_hal_tim_ex.c **** 
 1627              		.loc 1 695 1 is_stmt 0 view .LVU496
 1628 0052 0020     		movs	r0, #0
 1629 0054 38BD     		pop	{r3, r4, r5, pc}
 1630              	.LVL104:
 1631              	.L102:
 691:Drivers/STM32F2xx_HAL_Driver/Src/stm32f2xx_hal_tim_ex.c **** 
 1632              		.loc 1 691 3 discriminator 2 view .LVU497
 1633 0056 042D     		cmp	r5, #4
 1634 0058 05D0     		beq	.L107
 691:Drivers/STM32F2xx_HAL_Driver/Src/stm32f2xx_hal_tim_ex.c **** 
 1635              		.loc 1 691 3 discriminator 4 view .LVU498
 1636 005a 082D     		cmp	r5, #8
 1637 005c 07D0     		beq	.L108
 691:Drivers/STM32F2xx_HAL_Driver/Src/stm32f2xx_hal_tim_ex.c **** 
 1638              		.loc 1 691 3 discriminator 7 view .LVU499
 1639 005e 0123     		movs	r3, #1
 1640 0060 84F84530 		strb	r3, [r4, #69]
 1641 0064 F5E7     		b	.L103
 1642              	.L107:
 691:Drivers/STM32F2xx_HAL_Driver/Src/stm32f2xx_hal_tim_ex.c **** 
 1643              		.loc 1 691 3 discriminator 3 view .LVU500
 1644 0066 0123     		movs	r3, #1
 1645 0068 84F84330 		strb	r3, [r4, #67]
 1646 006c F1E7     		b	.L103
 1647              	.L108:
 691:Drivers/STM32F2xx_HAL_Driver/Src/stm32f2xx_hal_tim_ex.c **** 
 1648              		.loc 1 691 3 discriminator 6 view .LVU501
 1649 006e 0123     		movs	r3, #1
 1650 0070 84F84430 		strb	r3, [r4, #68]
 1651 0074 EDE7     		b	.L103
 1652              		.cfi_endproc
 1653              	.LFE83:
 1655              		.section	.text.HAL_TIMEx_OCN_Start_IT,"ax",%progbits
 1656              		.align	1
 1657              		.global	HAL_TIMEx_OCN_Start_IT
 1658              		.syntax unified
 1659              		.thumb
 1660              		.thumb_func
 1662              	HAL_TIMEx_OCN_Start_IT:
 1663              	.LVL105:
 1664              	.LFB84:
 709:Drivers/STM32F2xx_HAL_Driver/Src/stm32f2xx_hal_tim_ex.c ****   HAL_StatusTypeDef status = HAL_OK;
 1665              		.loc 1 709 1 is_stmt 1 view -0
 1666              		.cfi_startproc
 1667              		@ args = 0, pretend = 0, frame = 0
 1668              		@ frame_needed = 0, uses_anonymous_args = 0
 709:Drivers/STM32F2xx_HAL_Driver/Src/stm32f2xx_hal_tim_ex.c ****   HAL_StatusTypeDef status = HAL_OK;
 1669              		.loc 1 709 1 is_stmt 0 view .LVU503
 1670 0000 10B5     		push	{r4, lr}
 1671              	.LCFI16:
 1672              		.cfi_def_cfa_offset 8
 1673              		.cfi_offset 4, -8
 1674              		.cfi_offset 14, -4
ARM GAS  /tmp/ccdDJwMc.s 			page 80


 1675 0002 0446     		mov	r4, r0
 710:Drivers/STM32F2xx_HAL_Driver/Src/stm32f2xx_hal_tim_ex.c ****   uint32_t tmpsmcr;
 1676              		.loc 1 710 3 is_stmt 1 view .LVU504
 1677              	.LVL106:
 711:Drivers/STM32F2xx_HAL_Driver/Src/stm32f2xx_hal_tim_ex.c **** 
 1678              		.loc 1 711 3 view .LVU505
 714:Drivers/STM32F2xx_HAL_Driver/Src/stm32f2xx_hal_tim_ex.c **** 
 1679              		.loc 1 714 3 view .LVU506
 717:Drivers/STM32F2xx_HAL_Driver/Src/stm32f2xx_hal_tim_ex.c ****   {
 1680              		.loc 1 717 3 view .LVU507
 717:Drivers/STM32F2xx_HAL_Driver/Src/stm32f2xx_hal_tim_ex.c ****   {
 1681              		.loc 1 717 46 is_stmt 0 view .LVU508
 1682 0004 0846     		mov	r0, r1
 1683              	.LVL107:
 717:Drivers/STM32F2xx_HAL_Driver/Src/stm32f2xx_hal_tim_ex.c ****   {
 1684              		.loc 1 717 46 view .LVU509
 1685 0006 0029     		cmp	r1, #0
 1686 0008 44D1     		bne	.L110
 717:Drivers/STM32F2xx_HAL_Driver/Src/stm32f2xx_hal_tim_ex.c ****   {
 1687              		.loc 1 717 7 discriminator 1 view .LVU510
 1688 000a 94F84230 		ldrb	r3, [r4, #66]	@ zero_extendqisi2
 717:Drivers/STM32F2xx_HAL_Driver/Src/stm32f2xx_hal_tim_ex.c ****   {
 1689              		.loc 1 717 46 discriminator 1 view .LVU511
 1690 000e 013B     		subs	r3, r3, #1
 1691 0010 18BF     		it	ne
 1692 0012 0123     		movne	r3, #1
 1693              	.L111:
 717:Drivers/STM32F2xx_HAL_Driver/Src/stm32f2xx_hal_tim_ex.c ****   {
 1694              		.loc 1 717 6 discriminator 12 view .LVU512
 1695 0014 002B     		cmp	r3, #0
 1696 0016 7FD1     		bne	.L124
 723:Drivers/STM32F2xx_HAL_Driver/Src/stm32f2xx_hal_tim_ex.c **** 
 1697              		.loc 1 723 3 is_stmt 1 view .LVU513
 1698 0018 0028     		cmp	r0, #0
 1699 001a 51D1     		bne	.L115
 723:Drivers/STM32F2xx_HAL_Driver/Src/stm32f2xx_hal_tim_ex.c **** 
 1700              		.loc 1 723 3 is_stmt 0 discriminator 1 view .LVU514
 1701 001c 0223     		movs	r3, #2
 1702 001e 84F84230 		strb	r3, [r4, #66]
 725:Drivers/STM32F2xx_HAL_Driver/Src/stm32f2xx_hal_tim_ex.c ****   {
 1703              		.loc 1 725 3 is_stmt 1 view .LVU515
 1704              	.L116:
 730:Drivers/STM32F2xx_HAL_Driver/Src/stm32f2xx_hal_tim_ex.c ****       break;
 1705              		.loc 1 730 7 view .LVU516
 1706 0022 2268     		ldr	r2, [r4]
 1707 0024 D368     		ldr	r3, [r2, #12]
 1708 0026 43F00203 		orr	r3, r3, #2
 1709 002a D360     		str	r3, [r2, #12]
 731:Drivers/STM32F2xx_HAL_Driver/Src/stm32f2xx_hal_tim_ex.c ****     }
 1710              		.loc 1 731 7 view .LVU517
 754:Drivers/STM32F2xx_HAL_Driver/Src/stm32f2xx_hal_tim_ex.c ****   {
 1711              		.loc 1 754 3 view .LVU518
 1712              	.L121:
 757:Drivers/STM32F2xx_HAL_Driver/Src/stm32f2xx_hal_tim_ex.c **** 
 1713              		.loc 1 757 5 view .LVU519
 1714 002c 2268     		ldr	r2, [r4]
 1715 002e D368     		ldr	r3, [r2, #12]
ARM GAS  /tmp/ccdDJwMc.s 			page 81


 1716 0030 43F08003 		orr	r3, r3, #128
 1717 0034 D360     		str	r3, [r2, #12]
 760:Drivers/STM32F2xx_HAL_Driver/Src/stm32f2xx_hal_tim_ex.c **** 
 1718              		.loc 1 760 5 view .LVU520
 1719 0036 0422     		movs	r2, #4
 1720 0038 0146     		mov	r1, r0
 1721              	.LVL108:
 760:Drivers/STM32F2xx_HAL_Driver/Src/stm32f2xx_hal_tim_ex.c **** 
 1722              		.loc 1 760 5 is_stmt 0 view .LVU521
 1723 003a 2068     		ldr	r0, [r4]
 1724              	.LVL109:
 760:Drivers/STM32F2xx_HAL_Driver/Src/stm32f2xx_hal_tim_ex.c **** 
 1725              		.loc 1 760 5 view .LVU522
 1726 003c FFF7FEFF 		bl	TIM_CCxNChannelCmd
 1727              	.LVL110:
 763:Drivers/STM32F2xx_HAL_Driver/Src/stm32f2xx_hal_tim_ex.c **** 
 1728              		.loc 1 763 5 is_stmt 1 view .LVU523
 1729 0040 2268     		ldr	r2, [r4]
 1730 0042 536C     		ldr	r3, [r2, #68]
 1731 0044 43F40043 		orr	r3, r3, #32768
 1732 0048 5364     		str	r3, [r2, #68]
 766:Drivers/STM32F2xx_HAL_Driver/Src/stm32f2xx_hal_tim_ex.c ****     {
 1733              		.loc 1 766 5 view .LVU524
 766:Drivers/STM32F2xx_HAL_Driver/Src/stm32f2xx_hal_tim_ex.c ****     {
 1734              		.loc 1 766 9 is_stmt 0 view .LVU525
 1735 004a 2368     		ldr	r3, [r4]
 766:Drivers/STM32F2xx_HAL_Driver/Src/stm32f2xx_hal_tim_ex.c ****     {
 1736              		.loc 1 766 8 view .LVU526
 1737 004c 344A     		ldr	r2, .L132
 1738 004e 9342     		cmp	r3, r2
 1739 0050 57D0     		beq	.L122
 766:Drivers/STM32F2xx_HAL_Driver/Src/stm32f2xx_hal_tim_ex.c ****     {
 1740              		.loc 1 766 9 discriminator 1 view .LVU527
 1741 0052 B3F1804F 		cmp	r3, #1073741824
 1742 0056 54D0     		beq	.L122
 766:Drivers/STM32F2xx_HAL_Driver/Src/stm32f2xx_hal_tim_ex.c ****     {
 1743              		.loc 1 766 9 discriminator 2 view .LVU528
 1744 0058 A2F57C42 		sub	r2, r2, #64512
 1745 005c 9342     		cmp	r3, r2
 1746 005e 50D0     		beq	.L122
 766:Drivers/STM32F2xx_HAL_Driver/Src/stm32f2xx_hal_tim_ex.c ****     {
 1747              		.loc 1 766 9 discriminator 3 view .LVU529
 1748 0060 02F58062 		add	r2, r2, #1024
 1749 0064 9342     		cmp	r3, r2
 1750 0066 4CD0     		beq	.L122
 766:Drivers/STM32F2xx_HAL_Driver/Src/stm32f2xx_hal_tim_ex.c ****     {
 1751              		.loc 1 766 9 discriminator 4 view .LVU530
 1752 0068 02F58062 		add	r2, r2, #1024
 1753 006c 9342     		cmp	r3, r2
 1754 006e 48D0     		beq	.L122
 766:Drivers/STM32F2xx_HAL_Driver/Src/stm32f2xx_hal_tim_ex.c ****     {
 1755              		.loc 1 766 9 discriminator 5 view .LVU531
 1756 0070 02F57842 		add	r2, r2, #63488
 1757 0074 9342     		cmp	r3, r2
 1758 0076 44D0     		beq	.L122
 766:Drivers/STM32F2xx_HAL_Driver/Src/stm32f2xx_hal_tim_ex.c ****     {
 1759              		.loc 1 766 9 discriminator 6 view .LVU532
ARM GAS  /tmp/ccdDJwMc.s 			page 82


 1760 0078 02F57052 		add	r2, r2, #15360
 1761 007c 9342     		cmp	r3, r2
 1762 007e 40D0     		beq	.L122
 766:Drivers/STM32F2xx_HAL_Driver/Src/stm32f2xx_hal_tim_ex.c ****     {
 1763              		.loc 1 766 9 discriminator 7 view .LVU533
 1764 0080 A2F59432 		sub	r2, r2, #75776
 1765 0084 9342     		cmp	r3, r2
 1766 0086 3CD0     		beq	.L122
 776:Drivers/STM32F2xx_HAL_Driver/Src/stm32f2xx_hal_tim_ex.c ****     }
 1767              		.loc 1 776 7 is_stmt 1 view .LVU534
 1768 0088 1A68     		ldr	r2, [r3]
 1769 008a 42F00102 		orr	r2, r2, #1
 1770 008e 1A60     		str	r2, [r3]
 1771 0090 0020     		movs	r0, #0
 1772 0092 40E0     		b	.L114
 1773              	.LVL111:
 1774              	.L110:
 717:Drivers/STM32F2xx_HAL_Driver/Src/stm32f2xx_hal_tim_ex.c ****   {
 1775              		.loc 1 717 46 is_stmt 0 discriminator 2 view .LVU535
 1776 0094 0429     		cmp	r1, #4
 1777 0096 07D0     		beq	.L128
 717:Drivers/STM32F2xx_HAL_Driver/Src/stm32f2xx_hal_tim_ex.c ****   {
 1778              		.loc 1 717 46 discriminator 5 view .LVU536
 1779 0098 0829     		cmp	r1, #8
 1780 009a 0BD0     		beq	.L129
 717:Drivers/STM32F2xx_HAL_Driver/Src/stm32f2xx_hal_tim_ex.c ****   {
 1781              		.loc 1 717 7 discriminator 8 view .LVU537
 1782 009c 94F84530 		ldrb	r3, [r4, #69]	@ zero_extendqisi2
 717:Drivers/STM32F2xx_HAL_Driver/Src/stm32f2xx_hal_tim_ex.c ****   {
 1783              		.loc 1 717 46 discriminator 8 view .LVU538
 1784 00a0 013B     		subs	r3, r3, #1
 1785 00a2 18BF     		it	ne
 1786 00a4 0123     		movne	r3, #1
 1787 00a6 B5E7     		b	.L111
 1788              	.L128:
 717:Drivers/STM32F2xx_HAL_Driver/Src/stm32f2xx_hal_tim_ex.c ****   {
 1789              		.loc 1 717 7 discriminator 4 view .LVU539
 1790 00a8 94F84330 		ldrb	r3, [r4, #67]	@ zero_extendqisi2
 717:Drivers/STM32F2xx_HAL_Driver/Src/stm32f2xx_hal_tim_ex.c ****   {
 1791              		.loc 1 717 46 discriminator 4 view .LVU540
 1792 00ac 013B     		subs	r3, r3, #1
 1793 00ae 18BF     		it	ne
 1794 00b0 0123     		movne	r3, #1
 1795 00b2 AFE7     		b	.L111
 1796              	.L129:
 717:Drivers/STM32F2xx_HAL_Driver/Src/stm32f2xx_hal_tim_ex.c ****   {
 1797              		.loc 1 717 7 discriminator 7 view .LVU541
 1798 00b4 94F84430 		ldrb	r3, [r4, #68]	@ zero_extendqisi2
 717:Drivers/STM32F2xx_HAL_Driver/Src/stm32f2xx_hal_tim_ex.c ****   {
 1799              		.loc 1 717 46 discriminator 7 view .LVU542
 1800 00b8 013B     		subs	r3, r3, #1
 1801 00ba 18BF     		it	ne
 1802 00bc 0123     		movne	r3, #1
 1803 00be A9E7     		b	.L111
 1804              	.L115:
 723:Drivers/STM32F2xx_HAL_Driver/Src/stm32f2xx_hal_tim_ex.c **** 
 1805              		.loc 1 723 3 discriminator 2 view .LVU543
ARM GAS  /tmp/ccdDJwMc.s 			page 83


 1806 00c0 0428     		cmp	r0, #4
 1807 00c2 0CD0     		beq	.L130
 723:Drivers/STM32F2xx_HAL_Driver/Src/stm32f2xx_hal_tim_ex.c **** 
 1808              		.loc 1 723 3 discriminator 4 view .LVU544
 1809 00c4 0828     		cmp	r0, #8
 1810 00c6 13D0     		beq	.L131
 723:Drivers/STM32F2xx_HAL_Driver/Src/stm32f2xx_hal_tim_ex.c **** 
 1811              		.loc 1 723 3 discriminator 7 view .LVU545
 1812 00c8 0223     		movs	r3, #2
 1813 00ca 84F84530 		strb	r3, [r4, #69]
 725:Drivers/STM32F2xx_HAL_Driver/Src/stm32f2xx_hal_tim_ex.c ****   {
 1814              		.loc 1 725 3 is_stmt 1 view .LVU546
 1815 00ce 0428     		cmp	r0, #4
 1816 00d0 08D0     		beq	.L118
 1817 00d2 0828     		cmp	r0, #8
 1818 00d4 0FD0     		beq	.L120
 1819 00d6 0028     		cmp	r0, #0
 1820 00d8 A3D0     		beq	.L116
 1821 00da 0120     		movs	r0, #1
 1822              	.LVL112:
 725:Drivers/STM32F2xx_HAL_Driver/Src/stm32f2xx_hal_tim_ex.c ****   {
 1823              		.loc 1 725 3 is_stmt 0 view .LVU547
 1824 00dc 1BE0     		b	.L114
 1825              	.LVL113:
 1826              	.L130:
 723:Drivers/STM32F2xx_HAL_Driver/Src/stm32f2xx_hal_tim_ex.c **** 
 1827              		.loc 1 723 3 discriminator 3 view .LVU548
 1828 00de 0223     		movs	r3, #2
 1829 00e0 84F84330 		strb	r3, [r4, #67]
 725:Drivers/STM32F2xx_HAL_Driver/Src/stm32f2xx_hal_tim_ex.c ****   {
 1830              		.loc 1 725 3 is_stmt 1 view .LVU549
 1831              	.L118:
 737:Drivers/STM32F2xx_HAL_Driver/Src/stm32f2xx_hal_tim_ex.c ****       break;
 1832              		.loc 1 737 7 view .LVU550
 1833 00e4 2268     		ldr	r2, [r4]
 1834 00e6 D368     		ldr	r3, [r2, #12]
 1835 00e8 43F00403 		orr	r3, r3, #4
 1836 00ec D360     		str	r3, [r2, #12]
 738:Drivers/STM32F2xx_HAL_Driver/Src/stm32f2xx_hal_tim_ex.c ****     }
 1837              		.loc 1 738 7 view .LVU551
 754:Drivers/STM32F2xx_HAL_Driver/Src/stm32f2xx_hal_tim_ex.c ****   {
 1838              		.loc 1 754 3 view .LVU552
 1839 00ee 9DE7     		b	.L121
 1840              	.L131:
 723:Drivers/STM32F2xx_HAL_Driver/Src/stm32f2xx_hal_tim_ex.c **** 
 1841              		.loc 1 723 3 is_stmt 0 discriminator 6 view .LVU553
 1842 00f0 0223     		movs	r3, #2
 1843 00f2 84F84430 		strb	r3, [r4, #68]
 725:Drivers/STM32F2xx_HAL_Driver/Src/stm32f2xx_hal_tim_ex.c ****   {
 1844              		.loc 1 725 3 is_stmt 1 view .LVU554
 1845              	.L120:
 744:Drivers/STM32F2xx_HAL_Driver/Src/stm32f2xx_hal_tim_ex.c ****       break;
 1846              		.loc 1 744 7 view .LVU555
 1847 00f6 2268     		ldr	r2, [r4]
 1848 00f8 D368     		ldr	r3, [r2, #12]
 1849 00fa 43F00803 		orr	r3, r3, #8
 1850 00fe D360     		str	r3, [r2, #12]
ARM GAS  /tmp/ccdDJwMc.s 			page 84


 745:Drivers/STM32F2xx_HAL_Driver/Src/stm32f2xx_hal_tim_ex.c ****     }
 1851              		.loc 1 745 7 view .LVU556
 754:Drivers/STM32F2xx_HAL_Driver/Src/stm32f2xx_hal_tim_ex.c ****   {
 1852              		.loc 1 754 3 view .LVU557
 1853 0100 94E7     		b	.L121
 1854              	.LVL114:
 1855              	.L122:
 768:Drivers/STM32F2xx_HAL_Driver/Src/stm32f2xx_hal_tim_ex.c ****       if (!IS_TIM_SLAVEMODE_TRIGGER_ENABLED(tmpsmcr))
 1856              		.loc 1 768 7 view .LVU558
 768:Drivers/STM32F2xx_HAL_Driver/Src/stm32f2xx_hal_tim_ex.c ****       if (!IS_TIM_SLAVEMODE_TRIGGER_ENABLED(tmpsmcr))
 1857              		.loc 1 768 31 is_stmt 0 view .LVU559
 1858 0102 9A68     		ldr	r2, [r3, #8]
 768:Drivers/STM32F2xx_HAL_Driver/Src/stm32f2xx_hal_tim_ex.c ****       if (!IS_TIM_SLAVEMODE_TRIGGER_ENABLED(tmpsmcr))
 1859              		.loc 1 768 15 view .LVU560
 1860 0104 02F00702 		and	r2, r2, #7
 1861              	.LVL115:
 769:Drivers/STM32F2xx_HAL_Driver/Src/stm32f2xx_hal_tim_ex.c ****       {
 1862              		.loc 1 769 7 is_stmt 1 view .LVU561
 769:Drivers/STM32F2xx_HAL_Driver/Src/stm32f2xx_hal_tim_ex.c ****       {
 1863              		.loc 1 769 10 is_stmt 0 view .LVU562
 1864 0108 062A     		cmp	r2, #6
 1865 010a 07D0     		beq	.L126
 771:Drivers/STM32F2xx_HAL_Driver/Src/stm32f2xx_hal_tim_ex.c ****       }
 1866              		.loc 1 771 9 is_stmt 1 view .LVU563
 1867 010c 1A68     		ldr	r2, [r3]
 1868              	.LVL116:
 771:Drivers/STM32F2xx_HAL_Driver/Src/stm32f2xx_hal_tim_ex.c ****       }
 1869              		.loc 1 771 9 is_stmt 0 view .LVU564
 1870 010e 42F00102 		orr	r2, r2, #1
 1871 0112 1A60     		str	r2, [r3]
 1872 0114 0020     		movs	r0, #0
 1873              	.LVL117:
 1874              	.L114:
 782:Drivers/STM32F2xx_HAL_Driver/Src/stm32f2xx_hal_tim_ex.c **** 
 1875              		.loc 1 782 1 view .LVU565
 1876 0116 10BD     		pop	{r4, pc}
 1877              	.LVL118:
 1878              	.L124:
 719:Drivers/STM32F2xx_HAL_Driver/Src/stm32f2xx_hal_tim_ex.c ****   }
 1879              		.loc 1 719 12 view .LVU566
 1880 0118 0120     		movs	r0, #1
 1881              	.LVL119:
 719:Drivers/STM32F2xx_HAL_Driver/Src/stm32f2xx_hal_tim_ex.c ****   }
 1882              		.loc 1 719 12 view .LVU567
 1883 011a FCE7     		b	.L114
 1884              	.LVL120:
 1885              	.L126:
 719:Drivers/STM32F2xx_HAL_Driver/Src/stm32f2xx_hal_tim_ex.c ****   }
 1886              		.loc 1 719 12 view .LVU568
 1887 011c 0020     		movs	r0, #0
 1888 011e FAE7     		b	.L114
 1889              	.L133:
 1890              		.align	2
 1891              	.L132:
 1892 0120 00000140 		.word	1073807360
 1893              		.cfi_endproc
 1894              	.LFE84:
ARM GAS  /tmp/ccdDJwMc.s 			page 85


 1896              		.section	.text.HAL_TIMEx_OCN_Stop_IT,"ax",%progbits
 1897              		.align	1
 1898              		.global	HAL_TIMEx_OCN_Stop_IT
 1899              		.syntax unified
 1900              		.thumb
 1901              		.thumb_func
 1903              	HAL_TIMEx_OCN_Stop_IT:
 1904              	.LVL121:
 1905              	.LFB85:
 796:Drivers/STM32F2xx_HAL_Driver/Src/stm32f2xx_hal_tim_ex.c ****   HAL_StatusTypeDef status = HAL_OK;
 1906              		.loc 1 796 1 is_stmt 1 view -0
 1907              		.cfi_startproc
 1908              		@ args = 0, pretend = 0, frame = 0
 1909              		@ frame_needed = 0, uses_anonymous_args = 0
 796:Drivers/STM32F2xx_HAL_Driver/Src/stm32f2xx_hal_tim_ex.c ****   HAL_StatusTypeDef status = HAL_OK;
 1910              		.loc 1 796 1 is_stmt 0 view .LVU570
 1911 0000 38B5     		push	{r3, r4, r5, lr}
 1912              	.LCFI17:
 1913              		.cfi_def_cfa_offset 16
 1914              		.cfi_offset 3, -16
 1915              		.cfi_offset 4, -12
 1916              		.cfi_offset 5, -8
 1917              		.cfi_offset 14, -4
 1918 0002 0446     		mov	r4, r0
 1919 0004 0D46     		mov	r5, r1
 797:Drivers/STM32F2xx_HAL_Driver/Src/stm32f2xx_hal_tim_ex.c ****   uint32_t tmpccer;
 1920              		.loc 1 797 3 is_stmt 1 view .LVU571
 1921              	.LVL122:
 798:Drivers/STM32F2xx_HAL_Driver/Src/stm32f2xx_hal_tim_ex.c **** 
 1922              		.loc 1 798 3 view .LVU572
 801:Drivers/STM32F2xx_HAL_Driver/Src/stm32f2xx_hal_tim_ex.c **** 
 1923              		.loc 1 801 3 view .LVU573
 803:Drivers/STM32F2xx_HAL_Driver/Src/stm32f2xx_hal_tim_ex.c ****   {
 1924              		.loc 1 803 3 view .LVU574
 1925 0006 0429     		cmp	r1, #4
 1926 0008 3BD0     		beq	.L135
 1927 000a 0829     		cmp	r1, #8
 1928 000c 3FD0     		beq	.L136
 1929 000e 0029     		cmp	r1, #0
 1930 0010 56D1     		bne	.L145
 808:Drivers/STM32F2xx_HAL_Driver/Src/stm32f2xx_hal_tim_ex.c ****       break;
 1931              		.loc 1 808 7 view .LVU575
 1932 0012 0268     		ldr	r2, [r0]
 1933 0014 D368     		ldr	r3, [r2, #12]
 1934 0016 23F00203 		bic	r3, r3, #2
 1935 001a D360     		str	r3, [r2, #12]
 809:Drivers/STM32F2xx_HAL_Driver/Src/stm32f2xx_hal_tim_ex.c ****     }
 1936              		.loc 1 809 7 view .LVU576
 831:Drivers/STM32F2xx_HAL_Driver/Src/stm32f2xx_hal_tim_ex.c ****   {
 1937              		.loc 1 831 3 view .LVU577
 1938              	.L138:
 834:Drivers/STM32F2xx_HAL_Driver/Src/stm32f2xx_hal_tim_ex.c **** 
 1939              		.loc 1 834 5 view .LVU578
 1940 001c 0022     		movs	r2, #0
 1941 001e 2946     		mov	r1, r5
 1942              	.LVL123:
 834:Drivers/STM32F2xx_HAL_Driver/Src/stm32f2xx_hal_tim_ex.c **** 
ARM GAS  /tmp/ccdDJwMc.s 			page 86


 1943              		.loc 1 834 5 is_stmt 0 view .LVU579
 1944 0020 2068     		ldr	r0, [r4]
 1945              	.LVL124:
 834:Drivers/STM32F2xx_HAL_Driver/Src/stm32f2xx_hal_tim_ex.c **** 
 1946              		.loc 1 834 5 view .LVU580
 1947 0022 FFF7FEFF 		bl	TIM_CCxNChannelCmd
 1948              	.LVL125:
 837:Drivers/STM32F2xx_HAL_Driver/Src/stm32f2xx_hal_tim_ex.c ****     if ((tmpccer & TIM_CCER_CCxNE_MASK) == (uint32_t)RESET)
 1949              		.loc 1 837 5 is_stmt 1 view .LVU581
 837:Drivers/STM32F2xx_HAL_Driver/Src/stm32f2xx_hal_tim_ex.c ****     if ((tmpccer & TIM_CCER_CCxNE_MASK) == (uint32_t)RESET)
 1950              		.loc 1 837 19 is_stmt 0 view .LVU582
 1951 0026 2368     		ldr	r3, [r4]
 837:Drivers/STM32F2xx_HAL_Driver/Src/stm32f2xx_hal_tim_ex.c ****     if ((tmpccer & TIM_CCER_CCxNE_MASK) == (uint32_t)RESET)
 1952              		.loc 1 837 13 view .LVU583
 1953 0028 196A     		ldr	r1, [r3, #32]
 1954              	.LVL126:
 838:Drivers/STM32F2xx_HAL_Driver/Src/stm32f2xx_hal_tim_ex.c ****     {
 1955              		.loc 1 838 5 is_stmt 1 view .LVU584
 838:Drivers/STM32F2xx_HAL_Driver/Src/stm32f2xx_hal_tim_ex.c ****     {
 1956              		.loc 1 838 8 is_stmt 0 view .LVU585
 1957 002a 40F24442 		movw	r2, #1092
 1958 002e 1142     		tst	r1, r2
 1959 0030 03D1     		bne	.L139
 840:Drivers/STM32F2xx_HAL_Driver/Src/stm32f2xx_hal_tim_ex.c ****     }
 1960              		.loc 1 840 7 is_stmt 1 view .LVU586
 1961 0032 DA68     		ldr	r2, [r3, #12]
 1962 0034 22F08002 		bic	r2, r2, #128
 1963 0038 DA60     		str	r2, [r3, #12]
 1964              	.L139:
 844:Drivers/STM32F2xx_HAL_Driver/Src/stm32f2xx_hal_tim_ex.c **** 
 1965              		.loc 1 844 5 view .LVU587
 844:Drivers/STM32F2xx_HAL_Driver/Src/stm32f2xx_hal_tim_ex.c **** 
 1966              		.loc 1 844 5 view .LVU588
 1967 003a 2368     		ldr	r3, [r4]
 1968 003c 196A     		ldr	r1, [r3, #32]
 1969              	.LVL127:
 844:Drivers/STM32F2xx_HAL_Driver/Src/stm32f2xx_hal_tim_ex.c **** 
 1970              		.loc 1 844 5 is_stmt 0 view .LVU589
 1971 003e 41F21112 		movw	r2, #4369
 1972 0042 1142     		tst	r1, r2
 1973 0044 08D1     		bne	.L140
 844:Drivers/STM32F2xx_HAL_Driver/Src/stm32f2xx_hal_tim_ex.c **** 
 1974              		.loc 1 844 5 is_stmt 1 discriminator 1 view .LVU590
 1975 0046 196A     		ldr	r1, [r3, #32]
 1976 0048 40F24442 		movw	r2, #1092
 1977 004c 1142     		tst	r1, r2
 1978 004e 03D1     		bne	.L140
 844:Drivers/STM32F2xx_HAL_Driver/Src/stm32f2xx_hal_tim_ex.c **** 
 1979              		.loc 1 844 5 discriminator 3 view .LVU591
 1980 0050 5A6C     		ldr	r2, [r3, #68]
 1981 0052 22F40042 		bic	r2, r2, #32768
 1982 0056 5A64     		str	r2, [r3, #68]
 1983              	.L140:
 844:Drivers/STM32F2xx_HAL_Driver/Src/stm32f2xx_hal_tim_ex.c **** 
 1984              		.loc 1 844 5 discriminator 5 view .LVU592
 847:Drivers/STM32F2xx_HAL_Driver/Src/stm32f2xx_hal_tim_ex.c **** 
 1985              		.loc 1 847 5 view .LVU593
ARM GAS  /tmp/ccdDJwMc.s 			page 87


 847:Drivers/STM32F2xx_HAL_Driver/Src/stm32f2xx_hal_tim_ex.c **** 
 1986              		.loc 1 847 5 view .LVU594
 1987 0058 2368     		ldr	r3, [r4]
 1988 005a 196A     		ldr	r1, [r3, #32]
 1989 005c 41F21112 		movw	r2, #4369
 1990 0060 1142     		tst	r1, r2
 1991 0062 08D1     		bne	.L141
 847:Drivers/STM32F2xx_HAL_Driver/Src/stm32f2xx_hal_tim_ex.c **** 
 1992              		.loc 1 847 5 discriminator 1 view .LVU595
 1993 0064 196A     		ldr	r1, [r3, #32]
 1994 0066 40F24442 		movw	r2, #1092
 1995 006a 1142     		tst	r1, r2
 1996 006c 03D1     		bne	.L141
 847:Drivers/STM32F2xx_HAL_Driver/Src/stm32f2xx_hal_tim_ex.c **** 
 1997              		.loc 1 847 5 discriminator 3 view .LVU596
 1998 006e 1A68     		ldr	r2, [r3]
 1999 0070 22F00102 		bic	r2, r2, #1
 2000 0074 1A60     		str	r2, [r3]
 2001              	.L141:
 847:Drivers/STM32F2xx_HAL_Driver/Src/stm32f2xx_hal_tim_ex.c **** 
 2002              		.loc 1 847 5 discriminator 5 view .LVU597
 850:Drivers/STM32F2xx_HAL_Driver/Src/stm32f2xx_hal_tim_ex.c ****   }
 2003              		.loc 1 850 5 view .LVU598
 2004 0076 85B9     		cbnz	r5, .L142
 850:Drivers/STM32F2xx_HAL_Driver/Src/stm32f2xx_hal_tim_ex.c ****   }
 2005              		.loc 1 850 5 is_stmt 0 discriminator 1 view .LVU599
 2006 0078 0123     		movs	r3, #1
 2007 007a 84F84230 		strb	r3, [r4, #66]
 2008 007e 0020     		movs	r0, #0
 2009              	.LVL128:
 2010              	.L137:
 854:Drivers/STM32F2xx_HAL_Driver/Src/stm32f2xx_hal_tim_ex.c **** }
 2011              		.loc 1 854 3 is_stmt 1 view .LVU600
 855:Drivers/STM32F2xx_HAL_Driver/Src/stm32f2xx_hal_tim_ex.c **** 
 2012              		.loc 1 855 1 is_stmt 0 view .LVU601
 2013 0080 38BD     		pop	{r3, r4, r5, pc}
 2014              	.LVL129:
 2015              	.L135:
 815:Drivers/STM32F2xx_HAL_Driver/Src/stm32f2xx_hal_tim_ex.c ****       break;
 2016              		.loc 1 815 7 is_stmt 1 view .LVU602
 2017 0082 0268     		ldr	r2, [r0]
 2018 0084 D368     		ldr	r3, [r2, #12]
 2019 0086 23F00403 		bic	r3, r3, #4
 2020 008a D360     		str	r3, [r2, #12]
 816:Drivers/STM32F2xx_HAL_Driver/Src/stm32f2xx_hal_tim_ex.c ****     }
 2021              		.loc 1 816 7 view .LVU603
 831:Drivers/STM32F2xx_HAL_Driver/Src/stm32f2xx_hal_tim_ex.c ****   {
 2022              		.loc 1 831 3 view .LVU604
 2023 008c C6E7     		b	.L138
 2024              	.L136:
 822:Drivers/STM32F2xx_HAL_Driver/Src/stm32f2xx_hal_tim_ex.c ****       break;
 2025              		.loc 1 822 7 view .LVU605
 2026 008e 0268     		ldr	r2, [r0]
 2027 0090 D368     		ldr	r3, [r2, #12]
 2028 0092 23F00803 		bic	r3, r3, #8
 2029 0096 D360     		str	r3, [r2, #12]
 823:Drivers/STM32F2xx_HAL_Driver/Src/stm32f2xx_hal_tim_ex.c ****     }
ARM GAS  /tmp/ccdDJwMc.s 			page 88


 2030              		.loc 1 823 7 view .LVU606
 831:Drivers/STM32F2xx_HAL_Driver/Src/stm32f2xx_hal_tim_ex.c ****   {
 2031              		.loc 1 831 3 view .LVU607
 2032 0098 C0E7     		b	.L138
 2033              	.LVL130:
 2034              	.L142:
 850:Drivers/STM32F2xx_HAL_Driver/Src/stm32f2xx_hal_tim_ex.c ****   }
 2035              		.loc 1 850 5 is_stmt 0 discriminator 2 view .LVU608
 2036 009a 042D     		cmp	r5, #4
 2037 009c 06D0     		beq	.L147
 850:Drivers/STM32F2xx_HAL_Driver/Src/stm32f2xx_hal_tim_ex.c ****   }
 2038              		.loc 1 850 5 discriminator 4 view .LVU609
 2039 009e 082D     		cmp	r5, #8
 2040 00a0 09D0     		beq	.L148
 850:Drivers/STM32F2xx_HAL_Driver/Src/stm32f2xx_hal_tim_ex.c ****   }
 2041              		.loc 1 850 5 discriminator 7 view .LVU610
 2042 00a2 0123     		movs	r3, #1
 2043 00a4 84F84530 		strb	r3, [r4, #69]
 2044 00a8 0020     		movs	r0, #0
 2045 00aa E9E7     		b	.L137
 2046              	.L147:
 850:Drivers/STM32F2xx_HAL_Driver/Src/stm32f2xx_hal_tim_ex.c ****   }
 2047              		.loc 1 850 5 discriminator 3 view .LVU611
 2048 00ac 0123     		movs	r3, #1
 2049 00ae 84F84330 		strb	r3, [r4, #67]
 2050 00b2 0020     		movs	r0, #0
 2051 00b4 E4E7     		b	.L137
 2052              	.L148:
 850:Drivers/STM32F2xx_HAL_Driver/Src/stm32f2xx_hal_tim_ex.c ****   }
 2053              		.loc 1 850 5 discriminator 6 view .LVU612
 2054 00b6 0123     		movs	r3, #1
 2055 00b8 84F84430 		strb	r3, [r4, #68]
 2056 00bc 0020     		movs	r0, #0
 2057 00be DFE7     		b	.L137
 2058              	.LVL131:
 2059              	.L145:
 803:Drivers/STM32F2xx_HAL_Driver/Src/stm32f2xx_hal_tim_ex.c ****   {
 2060              		.loc 1 803 3 view .LVU613
 2061 00c0 0120     		movs	r0, #1
 2062              	.LVL132:
 803:Drivers/STM32F2xx_HAL_Driver/Src/stm32f2xx_hal_tim_ex.c ****   {
 2063              		.loc 1 803 3 view .LVU614
 2064 00c2 DDE7     		b	.L137
 2065              		.cfi_endproc
 2066              	.LFE85:
 2068              		.section	.text.HAL_TIMEx_OCN_Start_DMA,"ax",%progbits
 2069              		.align	1
 2070              		.global	HAL_TIMEx_OCN_Start_DMA
 2071              		.syntax unified
 2072              		.thumb
 2073              		.thumb_func
 2075              	HAL_TIMEx_OCN_Start_DMA:
 2076              	.LVL133:
 2077              	.LFB86:
 872:Drivers/STM32F2xx_HAL_Driver/Src/stm32f2xx_hal_tim_ex.c ****   HAL_StatusTypeDef status = HAL_OK;
 2078              		.loc 1 872 1 is_stmt 1 view -0
 2079              		.cfi_startproc
ARM GAS  /tmp/ccdDJwMc.s 			page 89


 2080              		@ args = 0, pretend = 0, frame = 0
 2081              		@ frame_needed = 0, uses_anonymous_args = 0
 872:Drivers/STM32F2xx_HAL_Driver/Src/stm32f2xx_hal_tim_ex.c ****   HAL_StatusTypeDef status = HAL_OK;
 2082              		.loc 1 872 1 is_stmt 0 view .LVU616
 2083 0000 70B5     		push	{r4, r5, r6, lr}
 2084              	.LCFI18:
 2085              		.cfi_def_cfa_offset 16
 2086              		.cfi_offset 4, -16
 2087              		.cfi_offset 5, -12
 2088              		.cfi_offset 6, -8
 2089              		.cfi_offset 14, -4
 2090 0002 0446     		mov	r4, r0
 2091 0004 1646     		mov	r6, r2
 873:Drivers/STM32F2xx_HAL_Driver/Src/stm32f2xx_hal_tim_ex.c ****   uint32_t tmpsmcr;
 2092              		.loc 1 873 3 is_stmt 1 view .LVU617
 2093              	.LVL134:
 874:Drivers/STM32F2xx_HAL_Driver/Src/stm32f2xx_hal_tim_ex.c **** 
 2094              		.loc 1 874 3 view .LVU618
 877:Drivers/STM32F2xx_HAL_Driver/Src/stm32f2xx_hal_tim_ex.c **** 
 2095              		.loc 1 877 3 view .LVU619
 880:Drivers/STM32F2xx_HAL_Driver/Src/stm32f2xx_hal_tim_ex.c ****   {
 2096              		.loc 1 880 3 view .LVU620
 880:Drivers/STM32F2xx_HAL_Driver/Src/stm32f2xx_hal_tim_ex.c ****   {
 2097              		.loc 1 880 46 is_stmt 0 view .LVU621
 2098 0006 0D46     		mov	r5, r1
 2099 0008 0029     		cmp	r1, #0
 2100 000a 6BD1     		bne	.L150
 880:Drivers/STM32F2xx_HAL_Driver/Src/stm32f2xx_hal_tim_ex.c ****   {
 2101              		.loc 1 880 7 discriminator 1 view .LVU622
 2102 000c 90F84200 		ldrb	r0, [r0, #66]	@ zero_extendqisi2
 2103              	.LVL135:
 880:Drivers/STM32F2xx_HAL_Driver/Src/stm32f2xx_hal_tim_ex.c ****   {
 2104              		.loc 1 880 46 discriminator 1 view .LVU623
 2105 0010 0228     		cmp	r0, #2
 2106 0012 14BF     		ite	ne
 2107 0014 0020     		movne	r0, #0
 2108 0016 0120     		moveq	r0, #1
 2109              	.L151:
 880:Drivers/STM32F2xx_HAL_Driver/Src/stm32f2xx_hal_tim_ex.c ****   {
 2110              		.loc 1 880 6 discriminator 12 view .LVU624
 2111 0018 0028     		cmp	r0, #0
 2112 001a 40F0E380 		bne	.L168
 884:Drivers/STM32F2xx_HAL_Driver/Src/stm32f2xx_hal_tim_ex.c ****   {
 2113              		.loc 1 884 8 is_stmt 1 view .LVU625
 884:Drivers/STM32F2xx_HAL_Driver/Src/stm32f2xx_hal_tim_ex.c ****   {
 2114              		.loc 1 884 51 is_stmt 0 view .LVU626
 2115 001e 002D     		cmp	r5, #0
 2116 0020 79D1     		bne	.L155
 884:Drivers/STM32F2xx_HAL_Driver/Src/stm32f2xx_hal_tim_ex.c ****   {
 2117              		.loc 1 884 12 discriminator 1 view .LVU627
 2118 0022 94F84220 		ldrb	r2, [r4, #66]	@ zero_extendqisi2
 2119              	.LVL136:
 884:Drivers/STM32F2xx_HAL_Driver/Src/stm32f2xx_hal_tim_ex.c ****   {
 2120              		.loc 1 884 51 discriminator 1 view .LVU628
 2121 0026 012A     		cmp	r2, #1
 2122 0028 14BF     		ite	ne
 2123 002a 0022     		movne	r2, #0
ARM GAS  /tmp/ccdDJwMc.s 			page 90


 2124 002c 0122     		moveq	r2, #1
 2125              	.L156:
 884:Drivers/STM32F2xx_HAL_Driver/Src/stm32f2xx_hal_tim_ex.c ****   {
 2126              		.loc 1 884 11 discriminator 12 view .LVU629
 2127 002e 002A     		cmp	r2, #0
 2128 0030 00F0DA80 		beq	.L169
 886:Drivers/STM32F2xx_HAL_Driver/Src/stm32f2xx_hal_tim_ex.c ****     {
 2129              		.loc 1 886 5 is_stmt 1 view .LVU630
 886:Drivers/STM32F2xx_HAL_Driver/Src/stm32f2xx_hal_tim_ex.c ****     {
 2130              		.loc 1 886 8 is_stmt 0 view .LVU631
 2131 0034 002E     		cmp	r6, #0
 2132 0036 00F0D980 		beq	.L170
 886:Drivers/STM32F2xx_HAL_Driver/Src/stm32f2xx_hal_tim_ex.c ****     {
 2133              		.loc 1 886 25 discriminator 1 view .LVU632
 2134 003a 002B     		cmp	r3, #0
 2135 003c 00F0D880 		beq	.L171
 892:Drivers/STM32F2xx_HAL_Driver/Src/stm32f2xx_hal_tim_ex.c ****     }
 2136              		.loc 1 892 7 is_stmt 1 view .LVU633
 2137 0040 002D     		cmp	r5, #0
 2138 0042 40F08180 		bne	.L159
 892:Drivers/STM32F2xx_HAL_Driver/Src/stm32f2xx_hal_tim_ex.c ****     }
 2139              		.loc 1 892 7 is_stmt 0 discriminator 1 view .LVU634
 2140 0046 0222     		movs	r2, #2
 2141 0048 84F84220 		strb	r2, [r4, #66]
 900:Drivers/STM32F2xx_HAL_Driver/Src/stm32f2xx_hal_tim_ex.c ****   {
 2142              		.loc 1 900 3 is_stmt 1 view .LVU635
 2143              	.L160:
 905:Drivers/STM32F2xx_HAL_Driver/Src/stm32f2xx_hal_tim_ex.c ****       htim->hdma[TIM_DMA_ID_CC1]->XferHalfCpltCallback = TIM_DMADelayPulseHalfCplt;
 2144              		.loc 1 905 7 view .LVU636
 905:Drivers/STM32F2xx_HAL_Driver/Src/stm32f2xx_hal_tim_ex.c ****       htim->hdma[TIM_DMA_ID_CC1]->XferHalfCpltCallback = TIM_DMADelayPulseHalfCplt;
 2145              		.loc 1 905 17 is_stmt 0 view .LVU637
 2146 004c 626A     		ldr	r2, [r4, #36]
 905:Drivers/STM32F2xx_HAL_Driver/Src/stm32f2xx_hal_tim_ex.c ****       htim->hdma[TIM_DMA_ID_CC1]->XferHalfCpltCallback = TIM_DMADelayPulseHalfCplt;
 2147              		.loc 1 905 52 view .LVU638
 2148 004e 6D49     		ldr	r1, .L184
 2149              	.LVL137:
 905:Drivers/STM32F2xx_HAL_Driver/Src/stm32f2xx_hal_tim_ex.c ****       htim->hdma[TIM_DMA_ID_CC1]->XferHalfCpltCallback = TIM_DMADelayPulseHalfCplt;
 2150              		.loc 1 905 52 view .LVU639
 2151 0050 D163     		str	r1, [r2, #60]
 906:Drivers/STM32F2xx_HAL_Driver/Src/stm32f2xx_hal_tim_ex.c **** 
 2152              		.loc 1 906 7 is_stmt 1 view .LVU640
 906:Drivers/STM32F2xx_HAL_Driver/Src/stm32f2xx_hal_tim_ex.c **** 
 2153              		.loc 1 906 17 is_stmt 0 view .LVU641
 2154 0052 626A     		ldr	r2, [r4, #36]
 906:Drivers/STM32F2xx_HAL_Driver/Src/stm32f2xx_hal_tim_ex.c **** 
 2155              		.loc 1 906 56 view .LVU642
 2156 0054 6C49     		ldr	r1, .L184+4
 2157 0056 1164     		str	r1, [r2, #64]
 909:Drivers/STM32F2xx_HAL_Driver/Src/stm32f2xx_hal_tim_ex.c **** 
 2158              		.loc 1 909 7 is_stmt 1 view .LVU643
 909:Drivers/STM32F2xx_HAL_Driver/Src/stm32f2xx_hal_tim_ex.c **** 
 2159              		.loc 1 909 17 is_stmt 0 view .LVU644
 2160 0058 626A     		ldr	r2, [r4, #36]
 909:Drivers/STM32F2xx_HAL_Driver/Src/stm32f2xx_hal_tim_ex.c **** 
 2161              		.loc 1 909 53 view .LVU645
 2162 005a 6C49     		ldr	r1, .L184+8
 2163 005c D164     		str	r1, [r2, #76]
ARM GAS  /tmp/ccdDJwMc.s 			page 91


 912:Drivers/STM32F2xx_HAL_Driver/Src/stm32f2xx_hal_tim_ex.c ****                            Length) != HAL_OK)
 2164              		.loc 1 912 7 is_stmt 1 view .LVU646
 912:Drivers/STM32F2xx_HAL_Driver/Src/stm32f2xx_hal_tim_ex.c ****                            Length) != HAL_OK)
 2165              		.loc 1 912 88 is_stmt 0 view .LVU647
 2166 005e 2268     		ldr	r2, [r4]
 912:Drivers/STM32F2xx_HAL_Driver/Src/stm32f2xx_hal_tim_ex.c ****                            Length) != HAL_OK)
 2167              		.loc 1 912 11 view .LVU648
 2168 0060 3432     		adds	r2, r2, #52
 2169 0062 3146     		mov	r1, r6
 2170 0064 606A     		ldr	r0, [r4, #36]
 2171 0066 FFF7FEFF 		bl	HAL_DMA_Start_IT
 2172              	.LVL138:
 912:Drivers/STM32F2xx_HAL_Driver/Src/stm32f2xx_hal_tim_ex.c ****                            Length) != HAL_OK)
 2173              		.loc 1 912 10 discriminator 1 view .LVU649
 2174 006a 0028     		cmp	r0, #0
 2175 006c 40F0C280 		bne	.L173
 919:Drivers/STM32F2xx_HAL_Driver/Src/stm32f2xx_hal_tim_ex.c ****       break;
 2176              		.loc 1 919 7 is_stmt 1 view .LVU650
 2177 0070 2268     		ldr	r2, [r4]
 2178 0072 D368     		ldr	r3, [r2, #12]
 2179 0074 43F40073 		orr	r3, r3, #512
 2180 0078 D360     		str	r3, [r2, #12]
 920:Drivers/STM32F2xx_HAL_Driver/Src/stm32f2xx_hal_tim_ex.c ****     }
 2181              		.loc 1 920 7 view .LVU651
 970:Drivers/STM32F2xx_HAL_Driver/Src/stm32f2xx_hal_tim_ex.c ****   {
 2182              		.loc 1 970 3 view .LVU652
 2183              	.L165:
 973:Drivers/STM32F2xx_HAL_Driver/Src/stm32f2xx_hal_tim_ex.c **** 
 2184              		.loc 1 973 5 view .LVU653
 2185 007a 0422     		movs	r2, #4
 2186 007c 2946     		mov	r1, r5
 2187 007e 2068     		ldr	r0, [r4]
 2188 0080 FFF7FEFF 		bl	TIM_CCxNChannelCmd
 2189              	.LVL139:
 976:Drivers/STM32F2xx_HAL_Driver/Src/stm32f2xx_hal_tim_ex.c **** 
 2190              		.loc 1 976 5 view .LVU654
 2191 0084 2268     		ldr	r2, [r4]
 2192 0086 536C     		ldr	r3, [r2, #68]
 2193 0088 43F40043 		orr	r3, r3, #32768
 2194 008c 5364     		str	r3, [r2, #68]
 979:Drivers/STM32F2xx_HAL_Driver/Src/stm32f2xx_hal_tim_ex.c ****     {
 2195              		.loc 1 979 5 view .LVU655
 979:Drivers/STM32F2xx_HAL_Driver/Src/stm32f2xx_hal_tim_ex.c ****     {
 2196              		.loc 1 979 9 is_stmt 0 view .LVU656
 2197 008e 2368     		ldr	r3, [r4]
 979:Drivers/STM32F2xx_HAL_Driver/Src/stm32f2xx_hal_tim_ex.c ****     {
 2198              		.loc 1 979 8 view .LVU657
 2199 0090 5F4A     		ldr	r2, .L184+12
 2200 0092 9342     		cmp	r3, r2
 2201 0094 00F09B80 		beq	.L166
 979:Drivers/STM32F2xx_HAL_Driver/Src/stm32f2xx_hal_tim_ex.c ****     {
 2202              		.loc 1 979 9 discriminator 1 view .LVU658
 2203 0098 B3F1804F 		cmp	r3, #1073741824
 2204 009c 00F09780 		beq	.L166
 979:Drivers/STM32F2xx_HAL_Driver/Src/stm32f2xx_hal_tim_ex.c ****     {
 2205              		.loc 1 979 9 discriminator 2 view .LVU659
 2206 00a0 A2F57C42 		sub	r2, r2, #64512
ARM GAS  /tmp/ccdDJwMc.s 			page 92


 2207 00a4 9342     		cmp	r3, r2
 2208 00a6 00F09280 		beq	.L166
 979:Drivers/STM32F2xx_HAL_Driver/Src/stm32f2xx_hal_tim_ex.c ****     {
 2209              		.loc 1 979 9 discriminator 3 view .LVU660
 2210 00aa 02F58062 		add	r2, r2, #1024
 2211 00ae 9342     		cmp	r3, r2
 2212 00b0 00F08D80 		beq	.L166
 979:Drivers/STM32F2xx_HAL_Driver/Src/stm32f2xx_hal_tim_ex.c ****     {
 2213              		.loc 1 979 9 discriminator 4 view .LVU661
 2214 00b4 02F58062 		add	r2, r2, #1024
 2215 00b8 9342     		cmp	r3, r2
 2216 00ba 00F08880 		beq	.L166
 979:Drivers/STM32F2xx_HAL_Driver/Src/stm32f2xx_hal_tim_ex.c ****     {
 2217              		.loc 1 979 9 discriminator 5 view .LVU662
 2218 00be 02F57842 		add	r2, r2, #63488
 2219 00c2 9342     		cmp	r3, r2
 2220 00c4 00F08380 		beq	.L166
 979:Drivers/STM32F2xx_HAL_Driver/Src/stm32f2xx_hal_tim_ex.c ****     {
 2221              		.loc 1 979 9 discriminator 6 view .LVU663
 2222 00c8 02F57052 		add	r2, r2, #15360
 2223 00cc 9342     		cmp	r3, r2
 2224 00ce 7ED0     		beq	.L166
 979:Drivers/STM32F2xx_HAL_Driver/Src/stm32f2xx_hal_tim_ex.c ****     {
 2225              		.loc 1 979 9 discriminator 7 view .LVU664
 2226 00d0 A2F59432 		sub	r2, r2, #75776
 2227 00d4 9342     		cmp	r3, r2
 2228 00d6 7AD0     		beq	.L166
 989:Drivers/STM32F2xx_HAL_Driver/Src/stm32f2xx_hal_tim_ex.c ****     }
 2229              		.loc 1 989 7 is_stmt 1 view .LVU665
 2230 00d8 1A68     		ldr	r2, [r3]
 2231 00da 42F00102 		orr	r2, r2, #1
 2232 00de 1A60     		str	r2, [r3]
 2233 00e0 0020     		movs	r0, #0
 2234 00e2 82E0     		b	.L154
 2235              	.LVL140:
 2236              	.L150:
 880:Drivers/STM32F2xx_HAL_Driver/Src/stm32f2xx_hal_tim_ex.c ****   {
 2237              		.loc 1 880 46 is_stmt 0 discriminator 2 view .LVU666
 2238 00e4 0429     		cmp	r1, #4
 2239 00e6 08D0     		beq	.L178
 880:Drivers/STM32F2xx_HAL_Driver/Src/stm32f2xx_hal_tim_ex.c ****   {
 2240              		.loc 1 880 46 discriminator 5 view .LVU667
 2241 00e8 0829     		cmp	r1, #8
 2242 00ea 0DD0     		beq	.L179
 880:Drivers/STM32F2xx_HAL_Driver/Src/stm32f2xx_hal_tim_ex.c ****   {
 2243              		.loc 1 880 7 discriminator 8 view .LVU668
 2244 00ec 90F84500 		ldrb	r0, [r0, #69]	@ zero_extendqisi2
 2245              	.LVL141:
 880:Drivers/STM32F2xx_HAL_Driver/Src/stm32f2xx_hal_tim_ex.c ****   {
 2246              		.loc 1 880 46 discriminator 8 view .LVU669
 2247 00f0 0228     		cmp	r0, #2
 2248 00f2 14BF     		ite	ne
 2249 00f4 0020     		movne	r0, #0
 2250 00f6 0120     		moveq	r0, #1
 2251 00f8 8EE7     		b	.L151
 2252              	.LVL142:
 2253              	.L178:
ARM GAS  /tmp/ccdDJwMc.s 			page 93


 880:Drivers/STM32F2xx_HAL_Driver/Src/stm32f2xx_hal_tim_ex.c ****   {
 2254              		.loc 1 880 7 discriminator 4 view .LVU670
 2255 00fa 90F84300 		ldrb	r0, [r0, #67]	@ zero_extendqisi2
 2256              	.LVL143:
 880:Drivers/STM32F2xx_HAL_Driver/Src/stm32f2xx_hal_tim_ex.c ****   {
 2257              		.loc 1 880 46 discriminator 4 view .LVU671
 2258 00fe 0228     		cmp	r0, #2
 2259 0100 14BF     		ite	ne
 2260 0102 0020     		movne	r0, #0
 2261 0104 0120     		moveq	r0, #1
 2262 0106 87E7     		b	.L151
 2263              	.LVL144:
 2264              	.L179:
 880:Drivers/STM32F2xx_HAL_Driver/Src/stm32f2xx_hal_tim_ex.c ****   {
 2265              		.loc 1 880 7 discriminator 7 view .LVU672
 2266 0108 90F84400 		ldrb	r0, [r0, #68]	@ zero_extendqisi2
 2267              	.LVL145:
 880:Drivers/STM32F2xx_HAL_Driver/Src/stm32f2xx_hal_tim_ex.c ****   {
 2268              		.loc 1 880 46 discriminator 7 view .LVU673
 2269 010c 0228     		cmp	r0, #2
 2270 010e 14BF     		ite	ne
 2271 0110 0020     		movne	r0, #0
 2272 0112 0120     		moveq	r0, #1
 2273 0114 80E7     		b	.L151
 2274              	.L155:
 884:Drivers/STM32F2xx_HAL_Driver/Src/stm32f2xx_hal_tim_ex.c ****   {
 2275              		.loc 1 884 51 discriminator 2 view .LVU674
 2276 0116 042D     		cmp	r5, #4
 2277 0118 08D0     		beq	.L180
 884:Drivers/STM32F2xx_HAL_Driver/Src/stm32f2xx_hal_tim_ex.c ****   {
 2278              		.loc 1 884 51 discriminator 5 view .LVU675
 2279 011a 082D     		cmp	r5, #8
 2280 011c 0DD0     		beq	.L181
 884:Drivers/STM32F2xx_HAL_Driver/Src/stm32f2xx_hal_tim_ex.c ****   {
 2281              		.loc 1 884 12 discriminator 8 view .LVU676
 2282 011e 94F84520 		ldrb	r2, [r4, #69]	@ zero_extendqisi2
 2283              	.LVL146:
 884:Drivers/STM32F2xx_HAL_Driver/Src/stm32f2xx_hal_tim_ex.c ****   {
 2284              		.loc 1 884 51 discriminator 8 view .LVU677
 2285 0122 012A     		cmp	r2, #1
 2286 0124 14BF     		ite	ne
 2287 0126 0022     		movne	r2, #0
 2288 0128 0122     		moveq	r2, #1
 2289 012a 80E7     		b	.L156
 2290              	.LVL147:
 2291              	.L180:
 884:Drivers/STM32F2xx_HAL_Driver/Src/stm32f2xx_hal_tim_ex.c ****   {
 2292              		.loc 1 884 12 discriminator 4 view .LVU678
 2293 012c 94F84320 		ldrb	r2, [r4, #67]	@ zero_extendqisi2
 2294              	.LVL148:
 884:Drivers/STM32F2xx_HAL_Driver/Src/stm32f2xx_hal_tim_ex.c ****   {
 2295              		.loc 1 884 51 discriminator 4 view .LVU679
 2296 0130 012A     		cmp	r2, #1
 2297 0132 14BF     		ite	ne
 2298 0134 0022     		movne	r2, #0
 2299 0136 0122     		moveq	r2, #1
 2300 0138 79E7     		b	.L156
ARM GAS  /tmp/ccdDJwMc.s 			page 94


 2301              	.LVL149:
 2302              	.L181:
 884:Drivers/STM32F2xx_HAL_Driver/Src/stm32f2xx_hal_tim_ex.c ****   {
 2303              		.loc 1 884 12 discriminator 7 view .LVU680
 2304 013a 94F84420 		ldrb	r2, [r4, #68]	@ zero_extendqisi2
 2305              	.LVL150:
 884:Drivers/STM32F2xx_HAL_Driver/Src/stm32f2xx_hal_tim_ex.c ****   {
 2306              		.loc 1 884 51 discriminator 7 view .LVU681
 2307 013e 012A     		cmp	r2, #1
 2308 0140 14BF     		ite	ne
 2309 0142 0022     		movne	r2, #0
 2310 0144 0122     		moveq	r2, #1
 2311 0146 72E7     		b	.L156
 2312              	.L159:
 892:Drivers/STM32F2xx_HAL_Driver/Src/stm32f2xx_hal_tim_ex.c ****     }
 2313              		.loc 1 892 7 discriminator 2 view .LVU682
 2314 0148 042D     		cmp	r5, #4
 2315 014a 0DD0     		beq	.L182
 892:Drivers/STM32F2xx_HAL_Driver/Src/stm32f2xx_hal_tim_ex.c ****     }
 2316              		.loc 1 892 7 discriminator 4 view .LVU683
 2317 014c 082D     		cmp	r5, #8
 2318 014e 25D0     		beq	.L183
 892:Drivers/STM32F2xx_HAL_Driver/Src/stm32f2xx_hal_tim_ex.c ****     }
 2319              		.loc 1 892 7 discriminator 7 view .LVU684
 2320 0150 0222     		movs	r2, #2
 2321 0152 84F84520 		strb	r2, [r4, #69]
 900:Drivers/STM32F2xx_HAL_Driver/Src/stm32f2xx_hal_tim_ex.c ****   {
 2322              		.loc 1 900 3 is_stmt 1 view .LVU685
 2323 0156 042D     		cmp	r5, #4
 2324 0158 09D0     		beq	.L162
 2325 015a 082D     		cmp	r5, #8
 2326 015c 21D0     		beq	.L164
 2327 015e 002D     		cmp	r5, #0
 2328 0160 3FF474AF 		beq	.L160
 2329 0164 0120     		movs	r0, #1
 2330 0166 40E0     		b	.L154
 2331              	.L182:
 892:Drivers/STM32F2xx_HAL_Driver/Src/stm32f2xx_hal_tim_ex.c ****     }
 2332              		.loc 1 892 7 is_stmt 0 discriminator 3 view .LVU686
 2333 0168 0222     		movs	r2, #2
 2334 016a 84F84320 		strb	r2, [r4, #67]
 900:Drivers/STM32F2xx_HAL_Driver/Src/stm32f2xx_hal_tim_ex.c ****   {
 2335              		.loc 1 900 3 is_stmt 1 view .LVU687
 2336              	.L162:
 926:Drivers/STM32F2xx_HAL_Driver/Src/stm32f2xx_hal_tim_ex.c ****       htim->hdma[TIM_DMA_ID_CC2]->XferHalfCpltCallback = TIM_DMADelayPulseHalfCplt;
 2337              		.loc 1 926 7 view .LVU688
 926:Drivers/STM32F2xx_HAL_Driver/Src/stm32f2xx_hal_tim_ex.c ****       htim->hdma[TIM_DMA_ID_CC2]->XferHalfCpltCallback = TIM_DMADelayPulseHalfCplt;
 2338              		.loc 1 926 17 is_stmt 0 view .LVU689
 2339 016e A26A     		ldr	r2, [r4, #40]
 926:Drivers/STM32F2xx_HAL_Driver/Src/stm32f2xx_hal_tim_ex.c ****       htim->hdma[TIM_DMA_ID_CC2]->XferHalfCpltCallback = TIM_DMADelayPulseHalfCplt;
 2340              		.loc 1 926 52 view .LVU690
 2341 0170 2449     		ldr	r1, .L184
 2342              	.LVL151:
 926:Drivers/STM32F2xx_HAL_Driver/Src/stm32f2xx_hal_tim_ex.c ****       htim->hdma[TIM_DMA_ID_CC2]->XferHalfCpltCallback = TIM_DMADelayPulseHalfCplt;
 2343              		.loc 1 926 52 view .LVU691
 2344 0172 D163     		str	r1, [r2, #60]
 927:Drivers/STM32F2xx_HAL_Driver/Src/stm32f2xx_hal_tim_ex.c **** 
ARM GAS  /tmp/ccdDJwMc.s 			page 95


 2345              		.loc 1 927 7 is_stmt 1 view .LVU692
 927:Drivers/STM32F2xx_HAL_Driver/Src/stm32f2xx_hal_tim_ex.c **** 
 2346              		.loc 1 927 17 is_stmt 0 view .LVU693
 2347 0174 A26A     		ldr	r2, [r4, #40]
 927:Drivers/STM32F2xx_HAL_Driver/Src/stm32f2xx_hal_tim_ex.c **** 
 2348              		.loc 1 927 56 view .LVU694
 2349 0176 2449     		ldr	r1, .L184+4
 2350 0178 1164     		str	r1, [r2, #64]
 930:Drivers/STM32F2xx_HAL_Driver/Src/stm32f2xx_hal_tim_ex.c **** 
 2351              		.loc 1 930 7 is_stmt 1 view .LVU695
 930:Drivers/STM32F2xx_HAL_Driver/Src/stm32f2xx_hal_tim_ex.c **** 
 2352              		.loc 1 930 17 is_stmt 0 view .LVU696
 2353 017a A26A     		ldr	r2, [r4, #40]
 930:Drivers/STM32F2xx_HAL_Driver/Src/stm32f2xx_hal_tim_ex.c **** 
 2354              		.loc 1 930 53 view .LVU697
 2355 017c 2349     		ldr	r1, .L184+8
 2356 017e D164     		str	r1, [r2, #76]
 933:Drivers/STM32F2xx_HAL_Driver/Src/stm32f2xx_hal_tim_ex.c ****                            Length) != HAL_OK)
 2357              		.loc 1 933 7 is_stmt 1 view .LVU698
 933:Drivers/STM32F2xx_HAL_Driver/Src/stm32f2xx_hal_tim_ex.c ****                            Length) != HAL_OK)
 2358              		.loc 1 933 88 is_stmt 0 view .LVU699
 2359 0180 2268     		ldr	r2, [r4]
 933:Drivers/STM32F2xx_HAL_Driver/Src/stm32f2xx_hal_tim_ex.c ****                            Length) != HAL_OK)
 2360              		.loc 1 933 11 view .LVU700
 2361 0182 3832     		adds	r2, r2, #56
 2362 0184 3146     		mov	r1, r6
 2363 0186 A06A     		ldr	r0, [r4, #40]
 2364 0188 FFF7FEFF 		bl	HAL_DMA_Start_IT
 2365              	.LVL152:
 933:Drivers/STM32F2xx_HAL_Driver/Src/stm32f2xx_hal_tim_ex.c ****                            Length) != HAL_OK)
 2366              		.loc 1 933 10 discriminator 1 view .LVU701
 2367 018c 0028     		cmp	r0, #0
 2368 018e 33D1     		bne	.L174
 940:Drivers/STM32F2xx_HAL_Driver/Src/stm32f2xx_hal_tim_ex.c ****       break;
 2369              		.loc 1 940 7 is_stmt 1 view .LVU702
 2370 0190 2268     		ldr	r2, [r4]
 2371 0192 D368     		ldr	r3, [r2, #12]
 2372 0194 43F48063 		orr	r3, r3, #1024
 2373 0198 D360     		str	r3, [r2, #12]
 941:Drivers/STM32F2xx_HAL_Driver/Src/stm32f2xx_hal_tim_ex.c ****     }
 2374              		.loc 1 941 7 view .LVU703
 970:Drivers/STM32F2xx_HAL_Driver/Src/stm32f2xx_hal_tim_ex.c ****   {
 2375              		.loc 1 970 3 view .LVU704
 2376 019a 6EE7     		b	.L165
 2377              	.LVL153:
 2378              	.L183:
 892:Drivers/STM32F2xx_HAL_Driver/Src/stm32f2xx_hal_tim_ex.c ****     }
 2379              		.loc 1 892 7 is_stmt 0 discriminator 6 view .LVU705
 2380 019c 0222     		movs	r2, #2
 2381 019e 84F84420 		strb	r2, [r4, #68]
 900:Drivers/STM32F2xx_HAL_Driver/Src/stm32f2xx_hal_tim_ex.c ****   {
 2382              		.loc 1 900 3 is_stmt 1 view .LVU706
 2383              	.L164:
 947:Drivers/STM32F2xx_HAL_Driver/Src/stm32f2xx_hal_tim_ex.c ****       htim->hdma[TIM_DMA_ID_CC3]->XferHalfCpltCallback = TIM_DMADelayPulseHalfCplt;
 2384              		.loc 1 947 7 view .LVU707
 947:Drivers/STM32F2xx_HAL_Driver/Src/stm32f2xx_hal_tim_ex.c ****       htim->hdma[TIM_DMA_ID_CC3]->XferHalfCpltCallback = TIM_DMADelayPulseHalfCplt;
 2385              		.loc 1 947 17 is_stmt 0 view .LVU708
ARM GAS  /tmp/ccdDJwMc.s 			page 96


 2386 01a2 E26A     		ldr	r2, [r4, #44]
 947:Drivers/STM32F2xx_HAL_Driver/Src/stm32f2xx_hal_tim_ex.c ****       htim->hdma[TIM_DMA_ID_CC3]->XferHalfCpltCallback = TIM_DMADelayPulseHalfCplt;
 2387              		.loc 1 947 52 view .LVU709
 2388 01a4 1749     		ldr	r1, .L184
 2389              	.LVL154:
 947:Drivers/STM32F2xx_HAL_Driver/Src/stm32f2xx_hal_tim_ex.c ****       htim->hdma[TIM_DMA_ID_CC3]->XferHalfCpltCallback = TIM_DMADelayPulseHalfCplt;
 2390              		.loc 1 947 52 view .LVU710
 2391 01a6 D163     		str	r1, [r2, #60]
 948:Drivers/STM32F2xx_HAL_Driver/Src/stm32f2xx_hal_tim_ex.c **** 
 2392              		.loc 1 948 7 is_stmt 1 view .LVU711
 948:Drivers/STM32F2xx_HAL_Driver/Src/stm32f2xx_hal_tim_ex.c **** 
 2393              		.loc 1 948 17 is_stmt 0 view .LVU712
 2394 01a8 E26A     		ldr	r2, [r4, #44]
 948:Drivers/STM32F2xx_HAL_Driver/Src/stm32f2xx_hal_tim_ex.c **** 
 2395              		.loc 1 948 56 view .LVU713
 2396 01aa 1749     		ldr	r1, .L184+4
 2397 01ac 1164     		str	r1, [r2, #64]
 951:Drivers/STM32F2xx_HAL_Driver/Src/stm32f2xx_hal_tim_ex.c **** 
 2398              		.loc 1 951 7 is_stmt 1 view .LVU714
 951:Drivers/STM32F2xx_HAL_Driver/Src/stm32f2xx_hal_tim_ex.c **** 
 2399              		.loc 1 951 17 is_stmt 0 view .LVU715
 2400 01ae E26A     		ldr	r2, [r4, #44]
 951:Drivers/STM32F2xx_HAL_Driver/Src/stm32f2xx_hal_tim_ex.c **** 
 2401              		.loc 1 951 53 view .LVU716
 2402 01b0 1649     		ldr	r1, .L184+8
 2403 01b2 D164     		str	r1, [r2, #76]
 954:Drivers/STM32F2xx_HAL_Driver/Src/stm32f2xx_hal_tim_ex.c ****                            Length) != HAL_OK)
 2404              		.loc 1 954 7 is_stmt 1 view .LVU717
 954:Drivers/STM32F2xx_HAL_Driver/Src/stm32f2xx_hal_tim_ex.c ****                            Length) != HAL_OK)
 2405              		.loc 1 954 88 is_stmt 0 view .LVU718
 2406 01b4 2268     		ldr	r2, [r4]
 954:Drivers/STM32F2xx_HAL_Driver/Src/stm32f2xx_hal_tim_ex.c ****                            Length) != HAL_OK)
 2407              		.loc 1 954 11 view .LVU719
 2408 01b6 3C32     		adds	r2, r2, #60
 2409 01b8 3146     		mov	r1, r6
 2410 01ba E06A     		ldr	r0, [r4, #44]
 2411 01bc FFF7FEFF 		bl	HAL_DMA_Start_IT
 2412              	.LVL155:
 954:Drivers/STM32F2xx_HAL_Driver/Src/stm32f2xx_hal_tim_ex.c ****                            Length) != HAL_OK)
 2413              		.loc 1 954 10 discriminator 1 view .LVU720
 2414 01c0 E0B9     		cbnz	r0, .L175
 961:Drivers/STM32F2xx_HAL_Driver/Src/stm32f2xx_hal_tim_ex.c ****       break;
 2415              		.loc 1 961 7 is_stmt 1 view .LVU721
 2416 01c2 2268     		ldr	r2, [r4]
 2417 01c4 D368     		ldr	r3, [r2, #12]
 2418 01c6 43F40063 		orr	r3, r3, #2048
 2419 01ca D360     		str	r3, [r2, #12]
 962:Drivers/STM32F2xx_HAL_Driver/Src/stm32f2xx_hal_tim_ex.c ****     }
 2420              		.loc 1 962 7 view .LVU722
 970:Drivers/STM32F2xx_HAL_Driver/Src/stm32f2xx_hal_tim_ex.c ****   {
 2421              		.loc 1 970 3 view .LVU723
 2422 01cc 55E7     		b	.L165
 2423              	.L166:
 981:Drivers/STM32F2xx_HAL_Driver/Src/stm32f2xx_hal_tim_ex.c ****       if (!IS_TIM_SLAVEMODE_TRIGGER_ENABLED(tmpsmcr))
 2424              		.loc 1 981 7 view .LVU724
 981:Drivers/STM32F2xx_HAL_Driver/Src/stm32f2xx_hal_tim_ex.c ****       if (!IS_TIM_SLAVEMODE_TRIGGER_ENABLED(tmpsmcr))
 2425              		.loc 1 981 31 is_stmt 0 view .LVU725
ARM GAS  /tmp/ccdDJwMc.s 			page 97


 2426 01ce 9A68     		ldr	r2, [r3, #8]
 981:Drivers/STM32F2xx_HAL_Driver/Src/stm32f2xx_hal_tim_ex.c ****       if (!IS_TIM_SLAVEMODE_TRIGGER_ENABLED(tmpsmcr))
 2427              		.loc 1 981 15 view .LVU726
 2428 01d0 02F00702 		and	r2, r2, #7
 2429              	.LVL156:
 982:Drivers/STM32F2xx_HAL_Driver/Src/stm32f2xx_hal_tim_ex.c ****       {
 2430              		.loc 1 982 7 is_stmt 1 view .LVU727
 982:Drivers/STM32F2xx_HAL_Driver/Src/stm32f2xx_hal_tim_ex.c ****       {
 2431              		.loc 1 982 10 is_stmt 0 view .LVU728
 2432 01d4 062A     		cmp	r2, #6
 2433 01d6 13D0     		beq	.L176
 984:Drivers/STM32F2xx_HAL_Driver/Src/stm32f2xx_hal_tim_ex.c ****       }
 2434              		.loc 1 984 9 is_stmt 1 view .LVU729
 2435 01d8 1A68     		ldr	r2, [r3]
 2436              	.LVL157:
 984:Drivers/STM32F2xx_HAL_Driver/Src/stm32f2xx_hal_tim_ex.c ****       }
 2437              		.loc 1 984 9 is_stmt 0 view .LVU730
 2438 01da 42F00102 		orr	r2, r2, #1
 2439 01de 1A60     		str	r2, [r3]
 2440 01e0 0020     		movs	r0, #0
 2441 01e2 02E0     		b	.L154
 2442              	.LVL158:
 2443              	.L168:
 882:Drivers/STM32F2xx_HAL_Driver/Src/stm32f2xx_hal_tim_ex.c ****   }
 2444              		.loc 1 882 12 view .LVU731
 2445 01e4 0220     		movs	r0, #2
 2446 01e6 00E0     		b	.L154
 2447              	.LVL159:
 2448              	.L169:
 897:Drivers/STM32F2xx_HAL_Driver/Src/stm32f2xx_hal_tim_ex.c ****   }
 2449              		.loc 1 897 12 view .LVU732
 2450 01e8 0120     		movs	r0, #1
 2451              	.LVL160:
 2452              	.L154:
 995:Drivers/STM32F2xx_HAL_Driver/Src/stm32f2xx_hal_tim_ex.c **** 
 2453              		.loc 1 995 1 view .LVU733
 2454 01ea 70BD     		pop	{r4, r5, r6, pc}
 2455              	.LVL161:
 2456              	.L170:
 888:Drivers/STM32F2xx_HAL_Driver/Src/stm32f2xx_hal_tim_ex.c ****     }
 2457              		.loc 1 888 14 view .LVU734
 2458 01ec 0120     		movs	r0, #1
 2459 01ee FCE7     		b	.L154
 2460              	.L171:
 2461 01f0 0120     		movs	r0, #1
 2462 01f2 FAE7     		b	.L154
 2463              	.LVL162:
 2464              	.L173:
 916:Drivers/STM32F2xx_HAL_Driver/Src/stm32f2xx_hal_tim_ex.c ****       }
 2465              		.loc 1 916 16 view .LVU735
 2466 01f4 0120     		movs	r0, #1
 2467 01f6 F8E7     		b	.L154
 2468              	.L174:
 937:Drivers/STM32F2xx_HAL_Driver/Src/stm32f2xx_hal_tim_ex.c ****       }
 2469              		.loc 1 937 16 view .LVU736
 2470 01f8 0120     		movs	r0, #1
 2471 01fa F6E7     		b	.L154
ARM GAS  /tmp/ccdDJwMc.s 			page 98


 2472              	.L175:
 958:Drivers/STM32F2xx_HAL_Driver/Src/stm32f2xx_hal_tim_ex.c ****       }
 2473              		.loc 1 958 16 view .LVU737
 2474 01fc 0120     		movs	r0, #1
 2475 01fe F4E7     		b	.L154
 2476              	.LVL163:
 2477              	.L176:
 958:Drivers/STM32F2xx_HAL_Driver/Src/stm32f2xx_hal_tim_ex.c ****       }
 2478              		.loc 1 958 16 view .LVU738
 2479 0200 0020     		movs	r0, #0
 2480 0202 F2E7     		b	.L154
 2481              	.L185:
 2482              		.align	2
 2483              	.L184:
 2484 0204 00000000 		.word	TIM_DMADelayPulseNCplt
 2485 0208 00000000 		.word	TIM_DMADelayPulseHalfCplt
 2486 020c 00000000 		.word	TIM_DMAErrorCCxN
 2487 0210 00000140 		.word	1073807360
 2488              		.cfi_endproc
 2489              	.LFE86:
 2491              		.section	.text.HAL_TIMEx_OCN_Stop_DMA,"ax",%progbits
 2492              		.align	1
 2493              		.global	HAL_TIMEx_OCN_Stop_DMA
 2494              		.syntax unified
 2495              		.thumb
 2496              		.thumb_func
 2498              	HAL_TIMEx_OCN_Stop_DMA:
 2499              	.LVL164:
 2500              	.LFB87:
1009:Drivers/STM32F2xx_HAL_Driver/Src/stm32f2xx_hal_tim_ex.c ****   HAL_StatusTypeDef status = HAL_OK;
 2501              		.loc 1 1009 1 is_stmt 1 view -0
 2502              		.cfi_startproc
 2503              		@ args = 0, pretend = 0, frame = 0
 2504              		@ frame_needed = 0, uses_anonymous_args = 0
1009:Drivers/STM32F2xx_HAL_Driver/Src/stm32f2xx_hal_tim_ex.c ****   HAL_StatusTypeDef status = HAL_OK;
 2505              		.loc 1 1009 1 is_stmt 0 view .LVU740
 2506 0000 38B5     		push	{r3, r4, r5, lr}
 2507              	.LCFI19:
 2508              		.cfi_def_cfa_offset 16
 2509              		.cfi_offset 3, -16
 2510              		.cfi_offset 4, -12
 2511              		.cfi_offset 5, -8
 2512              		.cfi_offset 14, -4
 2513 0002 0446     		mov	r4, r0
 2514 0004 0D46     		mov	r5, r1
1010:Drivers/STM32F2xx_HAL_Driver/Src/stm32f2xx_hal_tim_ex.c **** 
 2515              		.loc 1 1010 3 is_stmt 1 view .LVU741
 2516              	.LVL165:
1013:Drivers/STM32F2xx_HAL_Driver/Src/stm32f2xx_hal_tim_ex.c **** 
 2517              		.loc 1 1013 3 view .LVU742
1015:Drivers/STM32F2xx_HAL_Driver/Src/stm32f2xx_hal_tim_ex.c ****   {
 2518              		.loc 1 1015 3 view .LVU743
 2519 0006 0429     		cmp	r1, #4
 2520 0008 34D0     		beq	.L187
 2521 000a 0829     		cmp	r1, #8
 2522 000c 3BD0     		beq	.L188
 2523 000e 0029     		cmp	r1, #0
ARM GAS  /tmp/ccdDJwMc.s 			page 99


 2524 0010 55D1     		bne	.L196
1020:Drivers/STM32F2xx_HAL_Driver/Src/stm32f2xx_hal_tim_ex.c ****       (void)HAL_DMA_Abort_IT(htim->hdma[TIM_DMA_ID_CC1]);
 2525              		.loc 1 1020 7 view .LVU744
 2526 0012 0268     		ldr	r2, [r0]
 2527 0014 D368     		ldr	r3, [r2, #12]
 2528 0016 23F40073 		bic	r3, r3, #512
 2529 001a D360     		str	r3, [r2, #12]
1021:Drivers/STM32F2xx_HAL_Driver/Src/stm32f2xx_hal_tim_ex.c ****       break;
 2530              		.loc 1 1021 7 view .LVU745
1021:Drivers/STM32F2xx_HAL_Driver/Src/stm32f2xx_hal_tim_ex.c ****       break;
 2531              		.loc 1 1021 13 is_stmt 0 view .LVU746
 2532 001c 406A     		ldr	r0, [r0, #36]
 2533              	.LVL166:
1021:Drivers/STM32F2xx_HAL_Driver/Src/stm32f2xx_hal_tim_ex.c ****       break;
 2534              		.loc 1 1021 13 view .LVU747
 2535 001e FFF7FEFF 		bl	HAL_DMA_Abort_IT
 2536              	.LVL167:
1022:Drivers/STM32F2xx_HAL_Driver/Src/stm32f2xx_hal_tim_ex.c ****     }
 2537              		.loc 1 1022 7 is_stmt 1 view .LVU748
1046:Drivers/STM32F2xx_HAL_Driver/Src/stm32f2xx_hal_tim_ex.c ****   {
 2538              		.loc 1 1046 3 view .LVU749
 2539              	.L190:
1049:Drivers/STM32F2xx_HAL_Driver/Src/stm32f2xx_hal_tim_ex.c **** 
 2540              		.loc 1 1049 5 view .LVU750
 2541 0022 0022     		movs	r2, #0
 2542 0024 2946     		mov	r1, r5
 2543 0026 2068     		ldr	r0, [r4]
 2544 0028 FFF7FEFF 		bl	TIM_CCxNChannelCmd
 2545              	.LVL168:
1052:Drivers/STM32F2xx_HAL_Driver/Src/stm32f2xx_hal_tim_ex.c **** 
 2546              		.loc 1 1052 5 view .LVU751
1052:Drivers/STM32F2xx_HAL_Driver/Src/stm32f2xx_hal_tim_ex.c **** 
 2547              		.loc 1 1052 5 view .LVU752
 2548 002c 2368     		ldr	r3, [r4]
 2549 002e 196A     		ldr	r1, [r3, #32]
 2550 0030 41F21112 		movw	r2, #4369
 2551 0034 1142     		tst	r1, r2
 2552 0036 08D1     		bne	.L191
1052:Drivers/STM32F2xx_HAL_Driver/Src/stm32f2xx_hal_tim_ex.c **** 
 2553              		.loc 1 1052 5 discriminator 1 view .LVU753
 2554 0038 196A     		ldr	r1, [r3, #32]
 2555 003a 40F24442 		movw	r2, #1092
 2556 003e 1142     		tst	r1, r2
 2557 0040 03D1     		bne	.L191
1052:Drivers/STM32F2xx_HAL_Driver/Src/stm32f2xx_hal_tim_ex.c **** 
 2558              		.loc 1 1052 5 discriminator 3 view .LVU754
 2559 0042 5A6C     		ldr	r2, [r3, #68]
 2560 0044 22F40042 		bic	r2, r2, #32768
 2561 0048 5A64     		str	r2, [r3, #68]
 2562              	.L191:
1052:Drivers/STM32F2xx_HAL_Driver/Src/stm32f2xx_hal_tim_ex.c **** 
 2563              		.loc 1 1052 5 discriminator 5 view .LVU755
1055:Drivers/STM32F2xx_HAL_Driver/Src/stm32f2xx_hal_tim_ex.c **** 
 2564              		.loc 1 1055 5 view .LVU756
1055:Drivers/STM32F2xx_HAL_Driver/Src/stm32f2xx_hal_tim_ex.c **** 
 2565              		.loc 1 1055 5 view .LVU757
 2566 004a 2368     		ldr	r3, [r4]
ARM GAS  /tmp/ccdDJwMc.s 			page 100


 2567 004c 196A     		ldr	r1, [r3, #32]
 2568 004e 41F21112 		movw	r2, #4369
 2569 0052 1142     		tst	r1, r2
 2570 0054 08D1     		bne	.L192
1055:Drivers/STM32F2xx_HAL_Driver/Src/stm32f2xx_hal_tim_ex.c **** 
 2571              		.loc 1 1055 5 discriminator 1 view .LVU758
 2572 0056 196A     		ldr	r1, [r3, #32]
 2573 0058 40F24442 		movw	r2, #1092
 2574 005c 1142     		tst	r1, r2
 2575 005e 03D1     		bne	.L192
1055:Drivers/STM32F2xx_HAL_Driver/Src/stm32f2xx_hal_tim_ex.c **** 
 2576              		.loc 1 1055 5 discriminator 3 view .LVU759
 2577 0060 1A68     		ldr	r2, [r3]
 2578 0062 22F00102 		bic	r2, r2, #1
 2579 0066 1A60     		str	r2, [r3]
 2580              	.L192:
1055:Drivers/STM32F2xx_HAL_Driver/Src/stm32f2xx_hal_tim_ex.c **** 
 2581              		.loc 1 1055 5 discriminator 5 view .LVU760
1058:Drivers/STM32F2xx_HAL_Driver/Src/stm32f2xx_hal_tim_ex.c ****   }
 2582              		.loc 1 1058 5 view .LVU761
 2583 0068 B5B9     		cbnz	r5, .L193
1058:Drivers/STM32F2xx_HAL_Driver/Src/stm32f2xx_hal_tim_ex.c ****   }
 2584              		.loc 1 1058 5 is_stmt 0 discriminator 1 view .LVU762
 2585 006a 0123     		movs	r3, #1
 2586 006c 84F84230 		strb	r3, [r4, #66]
 2587 0070 0020     		movs	r0, #0
 2588              	.L189:
 2589              	.LVL169:
1062:Drivers/STM32F2xx_HAL_Driver/Src/stm32f2xx_hal_tim_ex.c **** }
 2590              		.loc 1 1062 3 is_stmt 1 view .LVU763
1063:Drivers/STM32F2xx_HAL_Driver/Src/stm32f2xx_hal_tim_ex.c **** 
 2591              		.loc 1 1063 1 is_stmt 0 view .LVU764
 2592 0072 38BD     		pop	{r3, r4, r5, pc}
 2593              	.LVL170:
 2594              	.L187:
1028:Drivers/STM32F2xx_HAL_Driver/Src/stm32f2xx_hal_tim_ex.c ****       (void)HAL_DMA_Abort_IT(htim->hdma[TIM_DMA_ID_CC2]);
 2595              		.loc 1 1028 7 is_stmt 1 view .LVU765
 2596 0074 0268     		ldr	r2, [r0]
 2597 0076 D368     		ldr	r3, [r2, #12]
 2598 0078 23F48063 		bic	r3, r3, #1024
 2599 007c D360     		str	r3, [r2, #12]
1029:Drivers/STM32F2xx_HAL_Driver/Src/stm32f2xx_hal_tim_ex.c ****       break;
 2600              		.loc 1 1029 7 view .LVU766
1029:Drivers/STM32F2xx_HAL_Driver/Src/stm32f2xx_hal_tim_ex.c ****       break;
 2601              		.loc 1 1029 13 is_stmt 0 view .LVU767
 2602 007e 806A     		ldr	r0, [r0, #40]
 2603              	.LVL171:
1029:Drivers/STM32F2xx_HAL_Driver/Src/stm32f2xx_hal_tim_ex.c ****       break;
 2604              		.loc 1 1029 13 view .LVU768
 2605 0080 FFF7FEFF 		bl	HAL_DMA_Abort_IT
 2606              	.LVL172:
1030:Drivers/STM32F2xx_HAL_Driver/Src/stm32f2xx_hal_tim_ex.c ****     }
 2607              		.loc 1 1030 7 is_stmt 1 view .LVU769
1046:Drivers/STM32F2xx_HAL_Driver/Src/stm32f2xx_hal_tim_ex.c ****   {
 2608              		.loc 1 1046 3 view .LVU770
 2609 0084 CDE7     		b	.L190
 2610              	.LVL173:
ARM GAS  /tmp/ccdDJwMc.s 			page 101


 2611              	.L188:
1036:Drivers/STM32F2xx_HAL_Driver/Src/stm32f2xx_hal_tim_ex.c ****       (void)HAL_DMA_Abort_IT(htim->hdma[TIM_DMA_ID_CC3]);
 2612              		.loc 1 1036 7 view .LVU771
 2613 0086 0268     		ldr	r2, [r0]
 2614 0088 D368     		ldr	r3, [r2, #12]
 2615 008a 23F40063 		bic	r3, r3, #2048
 2616 008e D360     		str	r3, [r2, #12]
1037:Drivers/STM32F2xx_HAL_Driver/Src/stm32f2xx_hal_tim_ex.c ****       break;
 2617              		.loc 1 1037 7 view .LVU772
1037:Drivers/STM32F2xx_HAL_Driver/Src/stm32f2xx_hal_tim_ex.c ****       break;
 2618              		.loc 1 1037 13 is_stmt 0 view .LVU773
 2619 0090 C06A     		ldr	r0, [r0, #44]
 2620              	.LVL174:
1037:Drivers/STM32F2xx_HAL_Driver/Src/stm32f2xx_hal_tim_ex.c ****       break;
 2621              		.loc 1 1037 13 view .LVU774
 2622 0092 FFF7FEFF 		bl	HAL_DMA_Abort_IT
 2623              	.LVL175:
1038:Drivers/STM32F2xx_HAL_Driver/Src/stm32f2xx_hal_tim_ex.c ****     }
 2624              		.loc 1 1038 7 is_stmt 1 view .LVU775
1046:Drivers/STM32F2xx_HAL_Driver/Src/stm32f2xx_hal_tim_ex.c ****   {
 2625              		.loc 1 1046 3 view .LVU776
 2626 0096 C4E7     		b	.L190
 2627              	.L193:
1058:Drivers/STM32F2xx_HAL_Driver/Src/stm32f2xx_hal_tim_ex.c ****   }
 2628              		.loc 1 1058 5 is_stmt 0 discriminator 2 view .LVU777
 2629 0098 042D     		cmp	r5, #4
 2630 009a 06D0     		beq	.L198
1058:Drivers/STM32F2xx_HAL_Driver/Src/stm32f2xx_hal_tim_ex.c ****   }
 2631              		.loc 1 1058 5 discriminator 4 view .LVU778
 2632 009c 082D     		cmp	r5, #8
 2633 009e 09D0     		beq	.L199
1058:Drivers/STM32F2xx_HAL_Driver/Src/stm32f2xx_hal_tim_ex.c ****   }
 2634              		.loc 1 1058 5 discriminator 7 view .LVU779
 2635 00a0 0123     		movs	r3, #1
 2636 00a2 84F84530 		strb	r3, [r4, #69]
 2637 00a6 0020     		movs	r0, #0
 2638 00a8 E3E7     		b	.L189
 2639              	.L198:
1058:Drivers/STM32F2xx_HAL_Driver/Src/stm32f2xx_hal_tim_ex.c ****   }
 2640              		.loc 1 1058 5 discriminator 3 view .LVU780
 2641 00aa 0123     		movs	r3, #1
 2642 00ac 84F84330 		strb	r3, [r4, #67]
 2643 00b0 0020     		movs	r0, #0
 2644 00b2 DEE7     		b	.L189
 2645              	.L199:
1058:Drivers/STM32F2xx_HAL_Driver/Src/stm32f2xx_hal_tim_ex.c ****   }
 2646              		.loc 1 1058 5 discriminator 6 view .LVU781
 2647 00b4 0123     		movs	r3, #1
 2648 00b6 84F84430 		strb	r3, [r4, #68]
 2649 00ba 0020     		movs	r0, #0
 2650 00bc D9E7     		b	.L189
 2651              	.LVL176:
 2652              	.L196:
1015:Drivers/STM32F2xx_HAL_Driver/Src/stm32f2xx_hal_tim_ex.c ****   {
 2653              		.loc 1 1015 3 view .LVU782
 2654 00be 0120     		movs	r0, #1
 2655              	.LVL177:
ARM GAS  /tmp/ccdDJwMc.s 			page 102


1015:Drivers/STM32F2xx_HAL_Driver/Src/stm32f2xx_hal_tim_ex.c ****   {
 2656              		.loc 1 1015 3 view .LVU783
 2657 00c0 D7E7     		b	.L189
 2658              		.cfi_endproc
 2659              	.LFE87:
 2661              		.section	.text.HAL_TIMEx_PWMN_Start,"ax",%progbits
 2662              		.align	1
 2663              		.global	HAL_TIMEx_PWMN_Start
 2664              		.syntax unified
 2665              		.thumb
 2666              		.thumb_func
 2668              	HAL_TIMEx_PWMN_Start:
 2669              	.LVL178:
 2670              	.LFB88:
1099:Drivers/STM32F2xx_HAL_Driver/Src/stm32f2xx_hal_tim_ex.c ****   uint32_t tmpsmcr;
 2671              		.loc 1 1099 1 is_stmt 1 view -0
 2672              		.cfi_startproc
 2673              		@ args = 0, pretend = 0, frame = 0
 2674              		@ frame_needed = 0, uses_anonymous_args = 0
1099:Drivers/STM32F2xx_HAL_Driver/Src/stm32f2xx_hal_tim_ex.c ****   uint32_t tmpsmcr;
 2675              		.loc 1 1099 1 is_stmt 0 view .LVU785
 2676 0000 10B5     		push	{r4, lr}
 2677              	.LCFI20:
 2678              		.cfi_def_cfa_offset 8
 2679              		.cfi_offset 4, -8
 2680              		.cfi_offset 14, -4
 2681 0002 0446     		mov	r4, r0
1100:Drivers/STM32F2xx_HAL_Driver/Src/stm32f2xx_hal_tim_ex.c **** 
 2682              		.loc 1 1100 3 is_stmt 1 view .LVU786
1103:Drivers/STM32F2xx_HAL_Driver/Src/stm32f2xx_hal_tim_ex.c **** 
 2683              		.loc 1 1103 3 view .LVU787
1106:Drivers/STM32F2xx_HAL_Driver/Src/stm32f2xx_hal_tim_ex.c ****   {
 2684              		.loc 1 1106 3 view .LVU788
1106:Drivers/STM32F2xx_HAL_Driver/Src/stm32f2xx_hal_tim_ex.c ****   {
 2685              		.loc 1 1106 46 is_stmt 0 view .LVU789
 2686 0004 0846     		mov	r0, r1
 2687              	.LVL179:
1106:Drivers/STM32F2xx_HAL_Driver/Src/stm32f2xx_hal_tim_ex.c ****   {
 2688              		.loc 1 1106 46 view .LVU790
 2689 0006 0029     		cmp	r1, #0
 2690 0008 3AD1     		bne	.L201
1106:Drivers/STM32F2xx_HAL_Driver/Src/stm32f2xx_hal_tim_ex.c ****   {
 2691              		.loc 1 1106 7 discriminator 1 view .LVU791
 2692 000a 94F84230 		ldrb	r3, [r4, #66]	@ zero_extendqisi2
1106:Drivers/STM32F2xx_HAL_Driver/Src/stm32f2xx_hal_tim_ex.c ****   {
 2693              		.loc 1 1106 46 discriminator 1 view .LVU792
 2694 000e 013B     		subs	r3, r3, #1
 2695 0010 18BF     		it	ne
 2696 0012 0123     		movne	r3, #1
 2697              	.L202:
1106:Drivers/STM32F2xx_HAL_Driver/Src/stm32f2xx_hal_tim_ex.c ****   {
 2698              		.loc 1 1106 6 discriminator 12 view .LVU793
 2699 0014 002B     		cmp	r3, #0
 2700 0016 64D1     		bne	.L212
1112:Drivers/STM32F2xx_HAL_Driver/Src/stm32f2xx_hal_tim_ex.c **** 
 2701              		.loc 1 1112 3 is_stmt 1 view .LVU794
 2702 0018 0028     		cmp	r0, #0
ARM GAS  /tmp/ccdDJwMc.s 			page 103


 2703 001a 47D1     		bne	.L206
1112:Drivers/STM32F2xx_HAL_Driver/Src/stm32f2xx_hal_tim_ex.c **** 
 2704              		.loc 1 1112 3 is_stmt 0 discriminator 1 view .LVU795
 2705 001c 0223     		movs	r3, #2
 2706 001e 84F84230 		strb	r3, [r4, #66]
 2707              	.L207:
1115:Drivers/STM32F2xx_HAL_Driver/Src/stm32f2xx_hal_tim_ex.c **** 
 2708              		.loc 1 1115 3 is_stmt 1 view .LVU796
 2709 0022 0422     		movs	r2, #4
 2710 0024 0146     		mov	r1, r0
 2711              	.LVL180:
1115:Drivers/STM32F2xx_HAL_Driver/Src/stm32f2xx_hal_tim_ex.c **** 
 2712              		.loc 1 1115 3 is_stmt 0 view .LVU797
 2713 0026 2068     		ldr	r0, [r4]
 2714              	.LVL181:
1115:Drivers/STM32F2xx_HAL_Driver/Src/stm32f2xx_hal_tim_ex.c **** 
 2715              		.loc 1 1115 3 view .LVU798
 2716 0028 FFF7FEFF 		bl	TIM_CCxNChannelCmd
 2717              	.LVL182:
1118:Drivers/STM32F2xx_HAL_Driver/Src/stm32f2xx_hal_tim_ex.c **** 
 2718              		.loc 1 1118 3 is_stmt 1 view .LVU799
 2719 002c 2268     		ldr	r2, [r4]
 2720 002e 536C     		ldr	r3, [r2, #68]
 2721 0030 43F40043 		orr	r3, r3, #32768
 2722 0034 5364     		str	r3, [r2, #68]
1121:Drivers/STM32F2xx_HAL_Driver/Src/stm32f2xx_hal_tim_ex.c ****   {
 2723              		.loc 1 1121 3 view .LVU800
1121:Drivers/STM32F2xx_HAL_Driver/Src/stm32f2xx_hal_tim_ex.c ****   {
 2724              		.loc 1 1121 7 is_stmt 0 view .LVU801
 2725 0036 2368     		ldr	r3, [r4]
1121:Drivers/STM32F2xx_HAL_Driver/Src/stm32f2xx_hal_tim_ex.c ****   {
 2726              		.loc 1 1121 6 view .LVU802
 2727 0038 2C4A     		ldr	r2, .L219
 2728 003a 9342     		cmp	r3, r2
 2729 003c 46D0     		beq	.L210
1121:Drivers/STM32F2xx_HAL_Driver/Src/stm32f2xx_hal_tim_ex.c ****   {
 2730              		.loc 1 1121 7 discriminator 1 view .LVU803
 2731 003e B3F1804F 		cmp	r3, #1073741824
 2732 0042 43D0     		beq	.L210
1121:Drivers/STM32F2xx_HAL_Driver/Src/stm32f2xx_hal_tim_ex.c ****   {
 2733              		.loc 1 1121 7 discriminator 2 view .LVU804
 2734 0044 A2F57C42 		sub	r2, r2, #64512
 2735 0048 9342     		cmp	r3, r2
 2736 004a 3FD0     		beq	.L210
1121:Drivers/STM32F2xx_HAL_Driver/Src/stm32f2xx_hal_tim_ex.c ****   {
 2737              		.loc 1 1121 7 discriminator 3 view .LVU805
 2738 004c 02F58062 		add	r2, r2, #1024
 2739 0050 9342     		cmp	r3, r2
 2740 0052 3BD0     		beq	.L210
1121:Drivers/STM32F2xx_HAL_Driver/Src/stm32f2xx_hal_tim_ex.c ****   {
 2741              		.loc 1 1121 7 discriminator 4 view .LVU806
 2742 0054 02F58062 		add	r2, r2, #1024
 2743 0058 9342     		cmp	r3, r2
 2744 005a 37D0     		beq	.L210
1121:Drivers/STM32F2xx_HAL_Driver/Src/stm32f2xx_hal_tim_ex.c ****   {
 2745              		.loc 1 1121 7 discriminator 5 view .LVU807
 2746 005c 02F57842 		add	r2, r2, #63488
ARM GAS  /tmp/ccdDJwMc.s 			page 104


 2747 0060 9342     		cmp	r3, r2
 2748 0062 33D0     		beq	.L210
1121:Drivers/STM32F2xx_HAL_Driver/Src/stm32f2xx_hal_tim_ex.c ****   {
 2749              		.loc 1 1121 7 discriminator 6 view .LVU808
 2750 0064 02F57052 		add	r2, r2, #15360
 2751 0068 9342     		cmp	r3, r2
 2752 006a 2FD0     		beq	.L210
1121:Drivers/STM32F2xx_HAL_Driver/Src/stm32f2xx_hal_tim_ex.c ****   {
 2753              		.loc 1 1121 7 discriminator 7 view .LVU809
 2754 006c A2F59432 		sub	r2, r2, #75776
 2755 0070 9342     		cmp	r3, r2
 2756 0072 2BD0     		beq	.L210
1131:Drivers/STM32F2xx_HAL_Driver/Src/stm32f2xx_hal_tim_ex.c ****   }
 2757              		.loc 1 1131 5 is_stmt 1 view .LVU810
 2758 0074 1A68     		ldr	r2, [r3]
 2759 0076 42F00102 		orr	r2, r2, #1
 2760 007a 1A60     		str	r2, [r3]
1135:Drivers/STM32F2xx_HAL_Driver/Src/stm32f2xx_hal_tim_ex.c **** }
 2761              		.loc 1 1135 10 is_stmt 0 view .LVU811
 2762 007c 0020     		movs	r0, #0
 2763 007e 2FE0     		b	.L205
 2764              	.LVL183:
 2765              	.L201:
1106:Drivers/STM32F2xx_HAL_Driver/Src/stm32f2xx_hal_tim_ex.c ****   {
 2766              		.loc 1 1106 46 discriminator 2 view .LVU812
 2767 0080 0429     		cmp	r1, #4
 2768 0082 07D0     		beq	.L215
1106:Drivers/STM32F2xx_HAL_Driver/Src/stm32f2xx_hal_tim_ex.c ****   {
 2769              		.loc 1 1106 46 discriminator 5 view .LVU813
 2770 0084 0829     		cmp	r1, #8
 2771 0086 0BD0     		beq	.L216
1106:Drivers/STM32F2xx_HAL_Driver/Src/stm32f2xx_hal_tim_ex.c ****   {
 2772              		.loc 1 1106 7 discriminator 8 view .LVU814
 2773 0088 94F84530 		ldrb	r3, [r4, #69]	@ zero_extendqisi2
1106:Drivers/STM32F2xx_HAL_Driver/Src/stm32f2xx_hal_tim_ex.c ****   {
 2774              		.loc 1 1106 46 discriminator 8 view .LVU815
 2775 008c 013B     		subs	r3, r3, #1
 2776 008e 18BF     		it	ne
 2777 0090 0123     		movne	r3, #1
 2778 0092 BFE7     		b	.L202
 2779              	.L215:
1106:Drivers/STM32F2xx_HAL_Driver/Src/stm32f2xx_hal_tim_ex.c ****   {
 2780              		.loc 1 1106 7 discriminator 4 view .LVU816
 2781 0094 94F84330 		ldrb	r3, [r4, #67]	@ zero_extendqisi2
1106:Drivers/STM32F2xx_HAL_Driver/Src/stm32f2xx_hal_tim_ex.c ****   {
 2782              		.loc 1 1106 46 discriminator 4 view .LVU817
 2783 0098 013B     		subs	r3, r3, #1
 2784 009a 18BF     		it	ne
 2785 009c 0123     		movne	r3, #1
 2786 009e B9E7     		b	.L202
 2787              	.L216:
1106:Drivers/STM32F2xx_HAL_Driver/Src/stm32f2xx_hal_tim_ex.c ****   {
 2788              		.loc 1 1106 7 discriminator 7 view .LVU818
 2789 00a0 94F84430 		ldrb	r3, [r4, #68]	@ zero_extendqisi2
1106:Drivers/STM32F2xx_HAL_Driver/Src/stm32f2xx_hal_tim_ex.c ****   {
 2790              		.loc 1 1106 46 discriminator 7 view .LVU819
 2791 00a4 013B     		subs	r3, r3, #1
ARM GAS  /tmp/ccdDJwMc.s 			page 105


 2792 00a6 18BF     		it	ne
 2793 00a8 0123     		movne	r3, #1
 2794 00aa B3E7     		b	.L202
 2795              	.L206:
1112:Drivers/STM32F2xx_HAL_Driver/Src/stm32f2xx_hal_tim_ex.c **** 
 2796              		.loc 1 1112 3 discriminator 2 view .LVU820
 2797 00ac 0428     		cmp	r0, #4
 2798 00ae 05D0     		beq	.L217
1112:Drivers/STM32F2xx_HAL_Driver/Src/stm32f2xx_hal_tim_ex.c **** 
 2799              		.loc 1 1112 3 discriminator 4 view .LVU821
 2800 00b0 0828     		cmp	r0, #8
 2801 00b2 07D0     		beq	.L218
1112:Drivers/STM32F2xx_HAL_Driver/Src/stm32f2xx_hal_tim_ex.c **** 
 2802              		.loc 1 1112 3 discriminator 7 view .LVU822
 2803 00b4 0223     		movs	r3, #2
 2804 00b6 84F84530 		strb	r3, [r4, #69]
 2805 00ba B2E7     		b	.L207
 2806              	.L217:
1112:Drivers/STM32F2xx_HAL_Driver/Src/stm32f2xx_hal_tim_ex.c **** 
 2807              		.loc 1 1112 3 discriminator 3 view .LVU823
 2808 00bc 0223     		movs	r3, #2
 2809 00be 84F84330 		strb	r3, [r4, #67]
 2810 00c2 AEE7     		b	.L207
 2811              	.L218:
1112:Drivers/STM32F2xx_HAL_Driver/Src/stm32f2xx_hal_tim_ex.c **** 
 2812              		.loc 1 1112 3 discriminator 6 view .LVU824
 2813 00c4 0223     		movs	r3, #2
 2814 00c6 84F84430 		strb	r3, [r4, #68]
 2815 00ca AAE7     		b	.L207
 2816              	.LVL184:
 2817              	.L210:
1123:Drivers/STM32F2xx_HAL_Driver/Src/stm32f2xx_hal_tim_ex.c ****     if (!IS_TIM_SLAVEMODE_TRIGGER_ENABLED(tmpsmcr))
 2818              		.loc 1 1123 5 is_stmt 1 view .LVU825
1123:Drivers/STM32F2xx_HAL_Driver/Src/stm32f2xx_hal_tim_ex.c ****     if (!IS_TIM_SLAVEMODE_TRIGGER_ENABLED(tmpsmcr))
 2819              		.loc 1 1123 29 is_stmt 0 view .LVU826
 2820 00cc 9A68     		ldr	r2, [r3, #8]
1123:Drivers/STM32F2xx_HAL_Driver/Src/stm32f2xx_hal_tim_ex.c ****     if (!IS_TIM_SLAVEMODE_TRIGGER_ENABLED(tmpsmcr))
 2821              		.loc 1 1123 13 view .LVU827
 2822 00ce 02F00702 		and	r2, r2, #7
 2823              	.LVL185:
1124:Drivers/STM32F2xx_HAL_Driver/Src/stm32f2xx_hal_tim_ex.c ****     {
 2824              		.loc 1 1124 5 is_stmt 1 view .LVU828
1124:Drivers/STM32F2xx_HAL_Driver/Src/stm32f2xx_hal_tim_ex.c ****     {
 2825              		.loc 1 1124 8 is_stmt 0 view .LVU829
 2826 00d2 062A     		cmp	r2, #6
 2827 00d4 07D0     		beq	.L213
1126:Drivers/STM32F2xx_HAL_Driver/Src/stm32f2xx_hal_tim_ex.c ****     }
 2828              		.loc 1 1126 7 is_stmt 1 view .LVU830
 2829 00d6 1A68     		ldr	r2, [r3]
 2830              	.LVL186:
1126:Drivers/STM32F2xx_HAL_Driver/Src/stm32f2xx_hal_tim_ex.c ****     }
 2831              		.loc 1 1126 7 is_stmt 0 view .LVU831
 2832 00d8 42F00102 		orr	r2, r2, #1
 2833 00dc 1A60     		str	r2, [r3]
1135:Drivers/STM32F2xx_HAL_Driver/Src/stm32f2xx_hal_tim_ex.c **** }
 2834              		.loc 1 1135 10 view .LVU832
 2835 00de 0020     		movs	r0, #0
ARM GAS  /tmp/ccdDJwMc.s 			page 106


 2836              	.LVL187:
 2837              	.L205:
1136:Drivers/STM32F2xx_HAL_Driver/Src/stm32f2xx_hal_tim_ex.c **** 
 2838              		.loc 1 1136 1 view .LVU833
 2839 00e0 10BD     		pop	{r4, pc}
 2840              	.LVL188:
 2841              	.L212:
1108:Drivers/STM32F2xx_HAL_Driver/Src/stm32f2xx_hal_tim_ex.c ****   }
 2842              		.loc 1 1108 12 view .LVU834
 2843 00e2 0120     		movs	r0, #1
 2844              	.LVL189:
1108:Drivers/STM32F2xx_HAL_Driver/Src/stm32f2xx_hal_tim_ex.c ****   }
 2845              		.loc 1 1108 12 view .LVU835
 2846 00e4 FCE7     		b	.L205
 2847              	.LVL190:
 2848              	.L213:
1135:Drivers/STM32F2xx_HAL_Driver/Src/stm32f2xx_hal_tim_ex.c **** }
 2849              		.loc 1 1135 10 view .LVU836
 2850 00e6 0020     		movs	r0, #0
 2851 00e8 FAE7     		b	.L205
 2852              	.L220:
 2853 00ea 00BF     		.align	2
 2854              	.L219:
 2855 00ec 00000140 		.word	1073807360
 2856              		.cfi_endproc
 2857              	.LFE88:
 2859              		.section	.text.HAL_TIMEx_PWMN_Stop,"ax",%progbits
 2860              		.align	1
 2861              		.global	HAL_TIMEx_PWMN_Stop
 2862              		.syntax unified
 2863              		.thumb
 2864              		.thumb_func
 2866              	HAL_TIMEx_PWMN_Stop:
 2867              	.LVL191:
 2868              	.LFB89:
1149:Drivers/STM32F2xx_HAL_Driver/Src/stm32f2xx_hal_tim_ex.c ****   /* Check the parameters */
 2869              		.loc 1 1149 1 is_stmt 1 view -0
 2870              		.cfi_startproc
 2871              		@ args = 0, pretend = 0, frame = 0
 2872              		@ frame_needed = 0, uses_anonymous_args = 0
1149:Drivers/STM32F2xx_HAL_Driver/Src/stm32f2xx_hal_tim_ex.c ****   /* Check the parameters */
 2873              		.loc 1 1149 1 is_stmt 0 view .LVU838
 2874 0000 38B5     		push	{r3, r4, r5, lr}
 2875              	.LCFI21:
 2876              		.cfi_def_cfa_offset 16
 2877              		.cfi_offset 3, -16
 2878              		.cfi_offset 4, -12
 2879              		.cfi_offset 5, -8
 2880              		.cfi_offset 14, -4
 2881 0002 0446     		mov	r4, r0
 2882 0004 0D46     		mov	r5, r1
1151:Drivers/STM32F2xx_HAL_Driver/Src/stm32f2xx_hal_tim_ex.c **** 
 2883              		.loc 1 1151 3 is_stmt 1 view .LVU839
1154:Drivers/STM32F2xx_HAL_Driver/Src/stm32f2xx_hal_tim_ex.c **** 
 2884              		.loc 1 1154 3 view .LVU840
 2885 0006 0022     		movs	r2, #0
 2886 0008 0068     		ldr	r0, [r0]
ARM GAS  /tmp/ccdDJwMc.s 			page 107


 2887              	.LVL192:
1154:Drivers/STM32F2xx_HAL_Driver/Src/stm32f2xx_hal_tim_ex.c **** 
 2888              		.loc 1 1154 3 is_stmt 0 view .LVU841
 2889 000a FFF7FEFF 		bl	TIM_CCxNChannelCmd
 2890              	.LVL193:
1157:Drivers/STM32F2xx_HAL_Driver/Src/stm32f2xx_hal_tim_ex.c **** 
 2891              		.loc 1 1157 3 is_stmt 1 view .LVU842
1157:Drivers/STM32F2xx_HAL_Driver/Src/stm32f2xx_hal_tim_ex.c **** 
 2892              		.loc 1 1157 3 view .LVU843
 2893 000e 2368     		ldr	r3, [r4]
 2894 0010 196A     		ldr	r1, [r3, #32]
 2895 0012 41F21112 		movw	r2, #4369
 2896 0016 1142     		tst	r1, r2
 2897 0018 08D1     		bne	.L222
1157:Drivers/STM32F2xx_HAL_Driver/Src/stm32f2xx_hal_tim_ex.c **** 
 2898              		.loc 1 1157 3 discriminator 1 view .LVU844
 2899 001a 196A     		ldr	r1, [r3, #32]
 2900 001c 40F24442 		movw	r2, #1092
 2901 0020 1142     		tst	r1, r2
 2902 0022 03D1     		bne	.L222
1157:Drivers/STM32F2xx_HAL_Driver/Src/stm32f2xx_hal_tim_ex.c **** 
 2903              		.loc 1 1157 3 discriminator 3 view .LVU845
 2904 0024 5A6C     		ldr	r2, [r3, #68]
 2905 0026 22F40042 		bic	r2, r2, #32768
 2906 002a 5A64     		str	r2, [r3, #68]
 2907              	.L222:
1157:Drivers/STM32F2xx_HAL_Driver/Src/stm32f2xx_hal_tim_ex.c **** 
 2908              		.loc 1 1157 3 discriminator 5 view .LVU846
1160:Drivers/STM32F2xx_HAL_Driver/Src/stm32f2xx_hal_tim_ex.c **** 
 2909              		.loc 1 1160 3 view .LVU847
1160:Drivers/STM32F2xx_HAL_Driver/Src/stm32f2xx_hal_tim_ex.c **** 
 2910              		.loc 1 1160 3 view .LVU848
 2911 002c 2368     		ldr	r3, [r4]
 2912 002e 196A     		ldr	r1, [r3, #32]
 2913 0030 41F21112 		movw	r2, #4369
 2914 0034 1142     		tst	r1, r2
 2915 0036 08D1     		bne	.L223
1160:Drivers/STM32F2xx_HAL_Driver/Src/stm32f2xx_hal_tim_ex.c **** 
 2916              		.loc 1 1160 3 discriminator 1 view .LVU849
 2917 0038 196A     		ldr	r1, [r3, #32]
 2918 003a 40F24442 		movw	r2, #1092
 2919 003e 1142     		tst	r1, r2
 2920 0040 03D1     		bne	.L223
1160:Drivers/STM32F2xx_HAL_Driver/Src/stm32f2xx_hal_tim_ex.c **** 
 2921              		.loc 1 1160 3 discriminator 3 view .LVU850
 2922 0042 1A68     		ldr	r2, [r3]
 2923 0044 22F00102 		bic	r2, r2, #1
 2924 0048 1A60     		str	r2, [r3]
 2925              	.L223:
1160:Drivers/STM32F2xx_HAL_Driver/Src/stm32f2xx_hal_tim_ex.c **** 
 2926              		.loc 1 1160 3 discriminator 5 view .LVU851
1163:Drivers/STM32F2xx_HAL_Driver/Src/stm32f2xx_hal_tim_ex.c **** 
 2927              		.loc 1 1163 3 view .LVU852
 2928 004a 25B9     		cbnz	r5, .L224
1163:Drivers/STM32F2xx_HAL_Driver/Src/stm32f2xx_hal_tim_ex.c **** 
 2929              		.loc 1 1163 3 is_stmt 0 discriminator 1 view .LVU853
 2930 004c 0123     		movs	r3, #1
ARM GAS  /tmp/ccdDJwMc.s 			page 108


 2931 004e 84F84230 		strb	r3, [r4, #66]
 2932              	.L225:
1166:Drivers/STM32F2xx_HAL_Driver/Src/stm32f2xx_hal_tim_ex.c **** }
 2933              		.loc 1 1166 3 is_stmt 1 view .LVU854
1167:Drivers/STM32F2xx_HAL_Driver/Src/stm32f2xx_hal_tim_ex.c **** 
 2934              		.loc 1 1167 1 is_stmt 0 view .LVU855
 2935 0052 0020     		movs	r0, #0
 2936 0054 38BD     		pop	{r3, r4, r5, pc}
 2937              	.LVL194:
 2938              	.L224:
1163:Drivers/STM32F2xx_HAL_Driver/Src/stm32f2xx_hal_tim_ex.c **** 
 2939              		.loc 1 1163 3 discriminator 2 view .LVU856
 2940 0056 042D     		cmp	r5, #4
 2941 0058 05D0     		beq	.L229
1163:Drivers/STM32F2xx_HAL_Driver/Src/stm32f2xx_hal_tim_ex.c **** 
 2942              		.loc 1 1163 3 discriminator 4 view .LVU857
 2943 005a 082D     		cmp	r5, #8
 2944 005c 07D0     		beq	.L230
1163:Drivers/STM32F2xx_HAL_Driver/Src/stm32f2xx_hal_tim_ex.c **** 
 2945              		.loc 1 1163 3 discriminator 7 view .LVU858
 2946 005e 0123     		movs	r3, #1
 2947 0060 84F84530 		strb	r3, [r4, #69]
 2948 0064 F5E7     		b	.L225
 2949              	.L229:
1163:Drivers/STM32F2xx_HAL_Driver/Src/stm32f2xx_hal_tim_ex.c **** 
 2950              		.loc 1 1163 3 discriminator 3 view .LVU859
 2951 0066 0123     		movs	r3, #1
 2952 0068 84F84330 		strb	r3, [r4, #67]
 2953 006c F1E7     		b	.L225
 2954              	.L230:
1163:Drivers/STM32F2xx_HAL_Driver/Src/stm32f2xx_hal_tim_ex.c **** 
 2955              		.loc 1 1163 3 discriminator 6 view .LVU860
 2956 006e 0123     		movs	r3, #1
 2957 0070 84F84430 		strb	r3, [r4, #68]
 2958 0074 EDE7     		b	.L225
 2959              		.cfi_endproc
 2960              	.LFE89:
 2962              		.section	.text.HAL_TIMEx_PWMN_Start_IT,"ax",%progbits
 2963              		.align	1
 2964              		.global	HAL_TIMEx_PWMN_Start_IT
 2965              		.syntax unified
 2966              		.thumb
 2967              		.thumb_func
 2969              	HAL_TIMEx_PWMN_Start_IT:
 2970              	.LVL195:
 2971              	.LFB90:
1181:Drivers/STM32F2xx_HAL_Driver/Src/stm32f2xx_hal_tim_ex.c ****   HAL_StatusTypeDef status = HAL_OK;
 2972              		.loc 1 1181 1 is_stmt 1 view -0
 2973              		.cfi_startproc
 2974              		@ args = 0, pretend = 0, frame = 0
 2975              		@ frame_needed = 0, uses_anonymous_args = 0
1181:Drivers/STM32F2xx_HAL_Driver/Src/stm32f2xx_hal_tim_ex.c ****   HAL_StatusTypeDef status = HAL_OK;
 2976              		.loc 1 1181 1 is_stmt 0 view .LVU862
 2977 0000 10B5     		push	{r4, lr}
 2978              	.LCFI22:
 2979              		.cfi_def_cfa_offset 8
 2980              		.cfi_offset 4, -8
ARM GAS  /tmp/ccdDJwMc.s 			page 109


 2981              		.cfi_offset 14, -4
 2982 0002 0446     		mov	r4, r0
1182:Drivers/STM32F2xx_HAL_Driver/Src/stm32f2xx_hal_tim_ex.c ****   uint32_t tmpsmcr;
 2983              		.loc 1 1182 3 is_stmt 1 view .LVU863
 2984              	.LVL196:
1183:Drivers/STM32F2xx_HAL_Driver/Src/stm32f2xx_hal_tim_ex.c **** 
 2985              		.loc 1 1183 3 view .LVU864
1186:Drivers/STM32F2xx_HAL_Driver/Src/stm32f2xx_hal_tim_ex.c **** 
 2986              		.loc 1 1186 3 view .LVU865
1189:Drivers/STM32F2xx_HAL_Driver/Src/stm32f2xx_hal_tim_ex.c ****   {
 2987              		.loc 1 1189 3 view .LVU866
1189:Drivers/STM32F2xx_HAL_Driver/Src/stm32f2xx_hal_tim_ex.c ****   {
 2988              		.loc 1 1189 46 is_stmt 0 view .LVU867
 2989 0004 0846     		mov	r0, r1
 2990              	.LVL197:
1189:Drivers/STM32F2xx_HAL_Driver/Src/stm32f2xx_hal_tim_ex.c ****   {
 2991              		.loc 1 1189 46 view .LVU868
 2992 0006 0029     		cmp	r1, #0
 2993 0008 44D1     		bne	.L232
1189:Drivers/STM32F2xx_HAL_Driver/Src/stm32f2xx_hal_tim_ex.c ****   {
 2994              		.loc 1 1189 7 discriminator 1 view .LVU869
 2995 000a 94F84230 		ldrb	r3, [r4, #66]	@ zero_extendqisi2
1189:Drivers/STM32F2xx_HAL_Driver/Src/stm32f2xx_hal_tim_ex.c ****   {
 2996              		.loc 1 1189 46 discriminator 1 view .LVU870
 2997 000e 013B     		subs	r3, r3, #1
 2998 0010 18BF     		it	ne
 2999 0012 0123     		movne	r3, #1
 3000              	.L233:
1189:Drivers/STM32F2xx_HAL_Driver/Src/stm32f2xx_hal_tim_ex.c ****   {
 3001              		.loc 1 1189 6 discriminator 12 view .LVU871
 3002 0014 002B     		cmp	r3, #0
 3003 0016 7FD1     		bne	.L246
1195:Drivers/STM32F2xx_HAL_Driver/Src/stm32f2xx_hal_tim_ex.c **** 
 3004              		.loc 1 1195 3 is_stmt 1 view .LVU872
 3005 0018 0028     		cmp	r0, #0
 3006 001a 51D1     		bne	.L237
1195:Drivers/STM32F2xx_HAL_Driver/Src/stm32f2xx_hal_tim_ex.c **** 
 3007              		.loc 1 1195 3 is_stmt 0 discriminator 1 view .LVU873
 3008 001c 0223     		movs	r3, #2
 3009 001e 84F84230 		strb	r3, [r4, #66]
1197:Drivers/STM32F2xx_HAL_Driver/Src/stm32f2xx_hal_tim_ex.c ****   {
 3010              		.loc 1 1197 3 is_stmt 1 view .LVU874
 3011              	.L238:
1202:Drivers/STM32F2xx_HAL_Driver/Src/stm32f2xx_hal_tim_ex.c ****       break;
 3012              		.loc 1 1202 7 view .LVU875
 3013 0022 2268     		ldr	r2, [r4]
 3014 0024 D368     		ldr	r3, [r2, #12]
 3015 0026 43F00203 		orr	r3, r3, #2
 3016 002a D360     		str	r3, [r2, #12]
1203:Drivers/STM32F2xx_HAL_Driver/Src/stm32f2xx_hal_tim_ex.c ****     }
 3017              		.loc 1 1203 7 view .LVU876
1225:Drivers/STM32F2xx_HAL_Driver/Src/stm32f2xx_hal_tim_ex.c ****   {
 3018              		.loc 1 1225 3 view .LVU877
 3019              	.L243:
1228:Drivers/STM32F2xx_HAL_Driver/Src/stm32f2xx_hal_tim_ex.c **** 
 3020              		.loc 1 1228 5 view .LVU878
 3021 002c 2268     		ldr	r2, [r4]
ARM GAS  /tmp/ccdDJwMc.s 			page 110


 3022 002e D368     		ldr	r3, [r2, #12]
 3023 0030 43F08003 		orr	r3, r3, #128
 3024 0034 D360     		str	r3, [r2, #12]
1231:Drivers/STM32F2xx_HAL_Driver/Src/stm32f2xx_hal_tim_ex.c **** 
 3025              		.loc 1 1231 5 view .LVU879
 3026 0036 0422     		movs	r2, #4
 3027 0038 0146     		mov	r1, r0
 3028              	.LVL198:
1231:Drivers/STM32F2xx_HAL_Driver/Src/stm32f2xx_hal_tim_ex.c **** 
 3029              		.loc 1 1231 5 is_stmt 0 view .LVU880
 3030 003a 2068     		ldr	r0, [r4]
 3031              	.LVL199:
1231:Drivers/STM32F2xx_HAL_Driver/Src/stm32f2xx_hal_tim_ex.c **** 
 3032              		.loc 1 1231 5 view .LVU881
 3033 003c FFF7FEFF 		bl	TIM_CCxNChannelCmd
 3034              	.LVL200:
1234:Drivers/STM32F2xx_HAL_Driver/Src/stm32f2xx_hal_tim_ex.c **** 
 3035              		.loc 1 1234 5 is_stmt 1 view .LVU882
 3036 0040 2268     		ldr	r2, [r4]
 3037 0042 536C     		ldr	r3, [r2, #68]
 3038 0044 43F40043 		orr	r3, r3, #32768
 3039 0048 5364     		str	r3, [r2, #68]
1237:Drivers/STM32F2xx_HAL_Driver/Src/stm32f2xx_hal_tim_ex.c ****     {
 3040              		.loc 1 1237 5 view .LVU883
1237:Drivers/STM32F2xx_HAL_Driver/Src/stm32f2xx_hal_tim_ex.c ****     {
 3041              		.loc 1 1237 9 is_stmt 0 view .LVU884
 3042 004a 2368     		ldr	r3, [r4]
1237:Drivers/STM32F2xx_HAL_Driver/Src/stm32f2xx_hal_tim_ex.c ****     {
 3043              		.loc 1 1237 8 view .LVU885
 3044 004c 344A     		ldr	r2, .L254
 3045 004e 9342     		cmp	r3, r2
 3046 0050 57D0     		beq	.L244
1237:Drivers/STM32F2xx_HAL_Driver/Src/stm32f2xx_hal_tim_ex.c ****     {
 3047              		.loc 1 1237 9 discriminator 1 view .LVU886
 3048 0052 B3F1804F 		cmp	r3, #1073741824
 3049 0056 54D0     		beq	.L244
1237:Drivers/STM32F2xx_HAL_Driver/Src/stm32f2xx_hal_tim_ex.c ****     {
 3050              		.loc 1 1237 9 discriminator 2 view .LVU887
 3051 0058 A2F57C42 		sub	r2, r2, #64512
 3052 005c 9342     		cmp	r3, r2
 3053 005e 50D0     		beq	.L244
1237:Drivers/STM32F2xx_HAL_Driver/Src/stm32f2xx_hal_tim_ex.c ****     {
 3054              		.loc 1 1237 9 discriminator 3 view .LVU888
 3055 0060 02F58062 		add	r2, r2, #1024
 3056 0064 9342     		cmp	r3, r2
 3057 0066 4CD0     		beq	.L244
1237:Drivers/STM32F2xx_HAL_Driver/Src/stm32f2xx_hal_tim_ex.c ****     {
 3058              		.loc 1 1237 9 discriminator 4 view .LVU889
 3059 0068 02F58062 		add	r2, r2, #1024
 3060 006c 9342     		cmp	r3, r2
 3061 006e 48D0     		beq	.L244
1237:Drivers/STM32F2xx_HAL_Driver/Src/stm32f2xx_hal_tim_ex.c ****     {
 3062              		.loc 1 1237 9 discriminator 5 view .LVU890
 3063 0070 02F57842 		add	r2, r2, #63488
 3064 0074 9342     		cmp	r3, r2
 3065 0076 44D0     		beq	.L244
1237:Drivers/STM32F2xx_HAL_Driver/Src/stm32f2xx_hal_tim_ex.c ****     {
ARM GAS  /tmp/ccdDJwMc.s 			page 111


 3066              		.loc 1 1237 9 discriminator 6 view .LVU891
 3067 0078 02F57052 		add	r2, r2, #15360
 3068 007c 9342     		cmp	r3, r2
 3069 007e 40D0     		beq	.L244
1237:Drivers/STM32F2xx_HAL_Driver/Src/stm32f2xx_hal_tim_ex.c ****     {
 3070              		.loc 1 1237 9 discriminator 7 view .LVU892
 3071 0080 A2F59432 		sub	r2, r2, #75776
 3072 0084 9342     		cmp	r3, r2
 3073 0086 3CD0     		beq	.L244
1247:Drivers/STM32F2xx_HAL_Driver/Src/stm32f2xx_hal_tim_ex.c ****     }
 3074              		.loc 1 1247 7 is_stmt 1 view .LVU893
 3075 0088 1A68     		ldr	r2, [r3]
 3076 008a 42F00102 		orr	r2, r2, #1
 3077 008e 1A60     		str	r2, [r3]
 3078 0090 0020     		movs	r0, #0
 3079 0092 40E0     		b	.L236
 3080              	.LVL201:
 3081              	.L232:
1189:Drivers/STM32F2xx_HAL_Driver/Src/stm32f2xx_hal_tim_ex.c ****   {
 3082              		.loc 1 1189 46 is_stmt 0 discriminator 2 view .LVU894
 3083 0094 0429     		cmp	r1, #4
 3084 0096 07D0     		beq	.L250
1189:Drivers/STM32F2xx_HAL_Driver/Src/stm32f2xx_hal_tim_ex.c ****   {
 3085              		.loc 1 1189 46 discriminator 5 view .LVU895
 3086 0098 0829     		cmp	r1, #8
 3087 009a 0BD0     		beq	.L251
1189:Drivers/STM32F2xx_HAL_Driver/Src/stm32f2xx_hal_tim_ex.c ****   {
 3088              		.loc 1 1189 7 discriminator 8 view .LVU896
 3089 009c 94F84530 		ldrb	r3, [r4, #69]	@ zero_extendqisi2
1189:Drivers/STM32F2xx_HAL_Driver/Src/stm32f2xx_hal_tim_ex.c ****   {
 3090              		.loc 1 1189 46 discriminator 8 view .LVU897
 3091 00a0 013B     		subs	r3, r3, #1
 3092 00a2 18BF     		it	ne
 3093 00a4 0123     		movne	r3, #1
 3094 00a6 B5E7     		b	.L233
 3095              	.L250:
1189:Drivers/STM32F2xx_HAL_Driver/Src/stm32f2xx_hal_tim_ex.c ****   {
 3096              		.loc 1 1189 7 discriminator 4 view .LVU898
 3097 00a8 94F84330 		ldrb	r3, [r4, #67]	@ zero_extendqisi2
1189:Drivers/STM32F2xx_HAL_Driver/Src/stm32f2xx_hal_tim_ex.c ****   {
 3098              		.loc 1 1189 46 discriminator 4 view .LVU899
 3099 00ac 013B     		subs	r3, r3, #1
 3100 00ae 18BF     		it	ne
 3101 00b0 0123     		movne	r3, #1
 3102 00b2 AFE7     		b	.L233
 3103              	.L251:
1189:Drivers/STM32F2xx_HAL_Driver/Src/stm32f2xx_hal_tim_ex.c ****   {
 3104              		.loc 1 1189 7 discriminator 7 view .LVU900
 3105 00b4 94F84430 		ldrb	r3, [r4, #68]	@ zero_extendqisi2
1189:Drivers/STM32F2xx_HAL_Driver/Src/stm32f2xx_hal_tim_ex.c ****   {
 3106              		.loc 1 1189 46 discriminator 7 view .LVU901
 3107 00b8 013B     		subs	r3, r3, #1
 3108 00ba 18BF     		it	ne
 3109 00bc 0123     		movne	r3, #1
 3110 00be A9E7     		b	.L233
 3111              	.L237:
1195:Drivers/STM32F2xx_HAL_Driver/Src/stm32f2xx_hal_tim_ex.c **** 
ARM GAS  /tmp/ccdDJwMc.s 			page 112


 3112              		.loc 1 1195 3 discriminator 2 view .LVU902
 3113 00c0 0428     		cmp	r0, #4
 3114 00c2 0CD0     		beq	.L252
1195:Drivers/STM32F2xx_HAL_Driver/Src/stm32f2xx_hal_tim_ex.c **** 
 3115              		.loc 1 1195 3 discriminator 4 view .LVU903
 3116 00c4 0828     		cmp	r0, #8
 3117 00c6 13D0     		beq	.L253
1195:Drivers/STM32F2xx_HAL_Driver/Src/stm32f2xx_hal_tim_ex.c **** 
 3118              		.loc 1 1195 3 discriminator 7 view .LVU904
 3119 00c8 0223     		movs	r3, #2
 3120 00ca 84F84530 		strb	r3, [r4, #69]
1197:Drivers/STM32F2xx_HAL_Driver/Src/stm32f2xx_hal_tim_ex.c ****   {
 3121              		.loc 1 1197 3 is_stmt 1 view .LVU905
 3122 00ce 0428     		cmp	r0, #4
 3123 00d0 08D0     		beq	.L240
 3124 00d2 0828     		cmp	r0, #8
 3125 00d4 0FD0     		beq	.L242
 3126 00d6 0028     		cmp	r0, #0
 3127 00d8 A3D0     		beq	.L238
 3128 00da 0120     		movs	r0, #1
 3129              	.LVL202:
1197:Drivers/STM32F2xx_HAL_Driver/Src/stm32f2xx_hal_tim_ex.c ****   {
 3130              		.loc 1 1197 3 is_stmt 0 view .LVU906
 3131 00dc 1BE0     		b	.L236
 3132              	.LVL203:
 3133              	.L252:
1195:Drivers/STM32F2xx_HAL_Driver/Src/stm32f2xx_hal_tim_ex.c **** 
 3134              		.loc 1 1195 3 discriminator 3 view .LVU907
 3135 00de 0223     		movs	r3, #2
 3136 00e0 84F84330 		strb	r3, [r4, #67]
1197:Drivers/STM32F2xx_HAL_Driver/Src/stm32f2xx_hal_tim_ex.c ****   {
 3137              		.loc 1 1197 3 is_stmt 1 view .LVU908
 3138              	.L240:
1209:Drivers/STM32F2xx_HAL_Driver/Src/stm32f2xx_hal_tim_ex.c ****       break;
 3139              		.loc 1 1209 7 view .LVU909
 3140 00e4 2268     		ldr	r2, [r4]
 3141 00e6 D368     		ldr	r3, [r2, #12]
 3142 00e8 43F00403 		orr	r3, r3, #4
 3143 00ec D360     		str	r3, [r2, #12]
1210:Drivers/STM32F2xx_HAL_Driver/Src/stm32f2xx_hal_tim_ex.c ****     }
 3144              		.loc 1 1210 7 view .LVU910
1225:Drivers/STM32F2xx_HAL_Driver/Src/stm32f2xx_hal_tim_ex.c ****   {
 3145              		.loc 1 1225 3 view .LVU911
 3146 00ee 9DE7     		b	.L243
 3147              	.L253:
1195:Drivers/STM32F2xx_HAL_Driver/Src/stm32f2xx_hal_tim_ex.c **** 
 3148              		.loc 1 1195 3 is_stmt 0 discriminator 6 view .LVU912
 3149 00f0 0223     		movs	r3, #2
 3150 00f2 84F84430 		strb	r3, [r4, #68]
1197:Drivers/STM32F2xx_HAL_Driver/Src/stm32f2xx_hal_tim_ex.c ****   {
 3151              		.loc 1 1197 3 is_stmt 1 view .LVU913
 3152              	.L242:
1216:Drivers/STM32F2xx_HAL_Driver/Src/stm32f2xx_hal_tim_ex.c ****       break;
 3153              		.loc 1 1216 7 view .LVU914
 3154 00f6 2268     		ldr	r2, [r4]
 3155 00f8 D368     		ldr	r3, [r2, #12]
 3156 00fa 43F00803 		orr	r3, r3, #8
ARM GAS  /tmp/ccdDJwMc.s 			page 113


 3157 00fe D360     		str	r3, [r2, #12]
1217:Drivers/STM32F2xx_HAL_Driver/Src/stm32f2xx_hal_tim_ex.c ****     }
 3158              		.loc 1 1217 7 view .LVU915
1225:Drivers/STM32F2xx_HAL_Driver/Src/stm32f2xx_hal_tim_ex.c ****   {
 3159              		.loc 1 1225 3 view .LVU916
 3160 0100 94E7     		b	.L243
 3161              	.LVL204:
 3162              	.L244:
1239:Drivers/STM32F2xx_HAL_Driver/Src/stm32f2xx_hal_tim_ex.c ****       if (!IS_TIM_SLAVEMODE_TRIGGER_ENABLED(tmpsmcr))
 3163              		.loc 1 1239 7 view .LVU917
1239:Drivers/STM32F2xx_HAL_Driver/Src/stm32f2xx_hal_tim_ex.c ****       if (!IS_TIM_SLAVEMODE_TRIGGER_ENABLED(tmpsmcr))
 3164              		.loc 1 1239 31 is_stmt 0 view .LVU918
 3165 0102 9A68     		ldr	r2, [r3, #8]
1239:Drivers/STM32F2xx_HAL_Driver/Src/stm32f2xx_hal_tim_ex.c ****       if (!IS_TIM_SLAVEMODE_TRIGGER_ENABLED(tmpsmcr))
 3166              		.loc 1 1239 15 view .LVU919
 3167 0104 02F00702 		and	r2, r2, #7
 3168              	.LVL205:
1240:Drivers/STM32F2xx_HAL_Driver/Src/stm32f2xx_hal_tim_ex.c ****       {
 3169              		.loc 1 1240 7 is_stmt 1 view .LVU920
1240:Drivers/STM32F2xx_HAL_Driver/Src/stm32f2xx_hal_tim_ex.c ****       {
 3170              		.loc 1 1240 10 is_stmt 0 view .LVU921
 3171 0108 062A     		cmp	r2, #6
 3172 010a 07D0     		beq	.L248
1242:Drivers/STM32F2xx_HAL_Driver/Src/stm32f2xx_hal_tim_ex.c ****       }
 3173              		.loc 1 1242 9 is_stmt 1 view .LVU922
 3174 010c 1A68     		ldr	r2, [r3]
 3175              	.LVL206:
1242:Drivers/STM32F2xx_HAL_Driver/Src/stm32f2xx_hal_tim_ex.c ****       }
 3176              		.loc 1 1242 9 is_stmt 0 view .LVU923
 3177 010e 42F00102 		orr	r2, r2, #1
 3178 0112 1A60     		str	r2, [r3]
 3179 0114 0020     		movs	r0, #0
 3180              	.LVL207:
 3181              	.L236:
1253:Drivers/STM32F2xx_HAL_Driver/Src/stm32f2xx_hal_tim_ex.c **** 
 3182              		.loc 1 1253 1 view .LVU924
 3183 0116 10BD     		pop	{r4, pc}
 3184              	.LVL208:
 3185              	.L246:
1191:Drivers/STM32F2xx_HAL_Driver/Src/stm32f2xx_hal_tim_ex.c ****   }
 3186              		.loc 1 1191 12 view .LVU925
 3187 0118 0120     		movs	r0, #1
 3188              	.LVL209:
1191:Drivers/STM32F2xx_HAL_Driver/Src/stm32f2xx_hal_tim_ex.c ****   }
 3189              		.loc 1 1191 12 view .LVU926
 3190 011a FCE7     		b	.L236
 3191              	.LVL210:
 3192              	.L248:
1191:Drivers/STM32F2xx_HAL_Driver/Src/stm32f2xx_hal_tim_ex.c ****   }
 3193              		.loc 1 1191 12 view .LVU927
 3194 011c 0020     		movs	r0, #0
 3195 011e FAE7     		b	.L236
 3196              	.L255:
 3197              		.align	2
 3198              	.L254:
 3199 0120 00000140 		.word	1073807360
 3200              		.cfi_endproc
ARM GAS  /tmp/ccdDJwMc.s 			page 114


 3201              	.LFE90:
 3203              		.section	.text.HAL_TIMEx_PWMN_Stop_IT,"ax",%progbits
 3204              		.align	1
 3205              		.global	HAL_TIMEx_PWMN_Stop_IT
 3206              		.syntax unified
 3207              		.thumb
 3208              		.thumb_func
 3210              	HAL_TIMEx_PWMN_Stop_IT:
 3211              	.LVL211:
 3212              	.LFB91:
1267:Drivers/STM32F2xx_HAL_Driver/Src/stm32f2xx_hal_tim_ex.c ****   HAL_StatusTypeDef status = HAL_OK;
 3213              		.loc 1 1267 1 is_stmt 1 view -0
 3214              		.cfi_startproc
 3215              		@ args = 0, pretend = 0, frame = 0
 3216              		@ frame_needed = 0, uses_anonymous_args = 0
1267:Drivers/STM32F2xx_HAL_Driver/Src/stm32f2xx_hal_tim_ex.c ****   HAL_StatusTypeDef status = HAL_OK;
 3217              		.loc 1 1267 1 is_stmt 0 view .LVU929
 3218 0000 38B5     		push	{r3, r4, r5, lr}
 3219              	.LCFI23:
 3220              		.cfi_def_cfa_offset 16
 3221              		.cfi_offset 3, -16
 3222              		.cfi_offset 4, -12
 3223              		.cfi_offset 5, -8
 3224              		.cfi_offset 14, -4
 3225 0002 0446     		mov	r4, r0
 3226 0004 0D46     		mov	r5, r1
1268:Drivers/STM32F2xx_HAL_Driver/Src/stm32f2xx_hal_tim_ex.c ****   uint32_t tmpccer;
 3227              		.loc 1 1268 3 is_stmt 1 view .LVU930
 3228              	.LVL212:
1269:Drivers/STM32F2xx_HAL_Driver/Src/stm32f2xx_hal_tim_ex.c **** 
 3229              		.loc 1 1269 3 view .LVU931
1272:Drivers/STM32F2xx_HAL_Driver/Src/stm32f2xx_hal_tim_ex.c **** 
 3230              		.loc 1 1272 3 view .LVU932
1274:Drivers/STM32F2xx_HAL_Driver/Src/stm32f2xx_hal_tim_ex.c ****   {
 3231              		.loc 1 1274 3 view .LVU933
 3232 0006 0429     		cmp	r1, #4
 3233 0008 3BD0     		beq	.L257
 3234 000a 0829     		cmp	r1, #8
 3235 000c 3FD0     		beq	.L258
 3236 000e 0029     		cmp	r1, #0
 3237 0010 56D1     		bne	.L267
1279:Drivers/STM32F2xx_HAL_Driver/Src/stm32f2xx_hal_tim_ex.c ****       break;
 3238              		.loc 1 1279 7 view .LVU934
 3239 0012 0268     		ldr	r2, [r0]
 3240 0014 D368     		ldr	r3, [r2, #12]
 3241 0016 23F00203 		bic	r3, r3, #2
 3242 001a D360     		str	r3, [r2, #12]
1280:Drivers/STM32F2xx_HAL_Driver/Src/stm32f2xx_hal_tim_ex.c ****     }
 3243              		.loc 1 1280 7 view .LVU935
1302:Drivers/STM32F2xx_HAL_Driver/Src/stm32f2xx_hal_tim_ex.c ****   {
 3244              		.loc 1 1302 3 view .LVU936
 3245              	.L260:
1305:Drivers/STM32F2xx_HAL_Driver/Src/stm32f2xx_hal_tim_ex.c **** 
 3246              		.loc 1 1305 5 view .LVU937
 3247 001c 0022     		movs	r2, #0
 3248 001e 2946     		mov	r1, r5
 3249              	.LVL213:
ARM GAS  /tmp/ccdDJwMc.s 			page 115


1305:Drivers/STM32F2xx_HAL_Driver/Src/stm32f2xx_hal_tim_ex.c **** 
 3250              		.loc 1 1305 5 is_stmt 0 view .LVU938
 3251 0020 2068     		ldr	r0, [r4]
 3252              	.LVL214:
1305:Drivers/STM32F2xx_HAL_Driver/Src/stm32f2xx_hal_tim_ex.c **** 
 3253              		.loc 1 1305 5 view .LVU939
 3254 0022 FFF7FEFF 		bl	TIM_CCxNChannelCmd
 3255              	.LVL215:
1308:Drivers/STM32F2xx_HAL_Driver/Src/stm32f2xx_hal_tim_ex.c ****     if ((tmpccer & TIM_CCER_CCxNE_MASK) == (uint32_t)RESET)
 3256              		.loc 1 1308 5 is_stmt 1 view .LVU940
1308:Drivers/STM32F2xx_HAL_Driver/Src/stm32f2xx_hal_tim_ex.c ****     if ((tmpccer & TIM_CCER_CCxNE_MASK) == (uint32_t)RESET)
 3257              		.loc 1 1308 19 is_stmt 0 view .LVU941
 3258 0026 2368     		ldr	r3, [r4]
1308:Drivers/STM32F2xx_HAL_Driver/Src/stm32f2xx_hal_tim_ex.c ****     if ((tmpccer & TIM_CCER_CCxNE_MASK) == (uint32_t)RESET)
 3259              		.loc 1 1308 13 view .LVU942
 3260 0028 196A     		ldr	r1, [r3, #32]
 3261              	.LVL216:
1309:Drivers/STM32F2xx_HAL_Driver/Src/stm32f2xx_hal_tim_ex.c ****     {
 3262              		.loc 1 1309 5 is_stmt 1 view .LVU943
1309:Drivers/STM32F2xx_HAL_Driver/Src/stm32f2xx_hal_tim_ex.c ****     {
 3263              		.loc 1 1309 8 is_stmt 0 view .LVU944
 3264 002a 40F24442 		movw	r2, #1092
 3265 002e 1142     		tst	r1, r2
 3266 0030 03D1     		bne	.L261
1311:Drivers/STM32F2xx_HAL_Driver/Src/stm32f2xx_hal_tim_ex.c ****     }
 3267              		.loc 1 1311 7 is_stmt 1 view .LVU945
 3268 0032 DA68     		ldr	r2, [r3, #12]
 3269 0034 22F08002 		bic	r2, r2, #128
 3270 0038 DA60     		str	r2, [r3, #12]
 3271              	.L261:
1315:Drivers/STM32F2xx_HAL_Driver/Src/stm32f2xx_hal_tim_ex.c **** 
 3272              		.loc 1 1315 5 view .LVU946
1315:Drivers/STM32F2xx_HAL_Driver/Src/stm32f2xx_hal_tim_ex.c **** 
 3273              		.loc 1 1315 5 view .LVU947
 3274 003a 2368     		ldr	r3, [r4]
 3275 003c 196A     		ldr	r1, [r3, #32]
 3276              	.LVL217:
1315:Drivers/STM32F2xx_HAL_Driver/Src/stm32f2xx_hal_tim_ex.c **** 
 3277              		.loc 1 1315 5 is_stmt 0 view .LVU948
 3278 003e 41F21112 		movw	r2, #4369
 3279 0042 1142     		tst	r1, r2
 3280 0044 08D1     		bne	.L262
1315:Drivers/STM32F2xx_HAL_Driver/Src/stm32f2xx_hal_tim_ex.c **** 
 3281              		.loc 1 1315 5 is_stmt 1 discriminator 1 view .LVU949
 3282 0046 196A     		ldr	r1, [r3, #32]
 3283 0048 40F24442 		movw	r2, #1092
 3284 004c 1142     		tst	r1, r2
 3285 004e 03D1     		bne	.L262
1315:Drivers/STM32F2xx_HAL_Driver/Src/stm32f2xx_hal_tim_ex.c **** 
 3286              		.loc 1 1315 5 discriminator 3 view .LVU950
 3287 0050 5A6C     		ldr	r2, [r3, #68]
 3288 0052 22F40042 		bic	r2, r2, #32768
 3289 0056 5A64     		str	r2, [r3, #68]
 3290              	.L262:
1315:Drivers/STM32F2xx_HAL_Driver/Src/stm32f2xx_hal_tim_ex.c **** 
 3291              		.loc 1 1315 5 discriminator 5 view .LVU951
1318:Drivers/STM32F2xx_HAL_Driver/Src/stm32f2xx_hal_tim_ex.c **** 
ARM GAS  /tmp/ccdDJwMc.s 			page 116


 3292              		.loc 1 1318 5 view .LVU952
1318:Drivers/STM32F2xx_HAL_Driver/Src/stm32f2xx_hal_tim_ex.c **** 
 3293              		.loc 1 1318 5 view .LVU953
 3294 0058 2368     		ldr	r3, [r4]
 3295 005a 196A     		ldr	r1, [r3, #32]
 3296 005c 41F21112 		movw	r2, #4369
 3297 0060 1142     		tst	r1, r2
 3298 0062 08D1     		bne	.L263
1318:Drivers/STM32F2xx_HAL_Driver/Src/stm32f2xx_hal_tim_ex.c **** 
 3299              		.loc 1 1318 5 discriminator 1 view .LVU954
 3300 0064 196A     		ldr	r1, [r3, #32]
 3301 0066 40F24442 		movw	r2, #1092
 3302 006a 1142     		tst	r1, r2
 3303 006c 03D1     		bne	.L263
1318:Drivers/STM32F2xx_HAL_Driver/Src/stm32f2xx_hal_tim_ex.c **** 
 3304              		.loc 1 1318 5 discriminator 3 view .LVU955
 3305 006e 1A68     		ldr	r2, [r3]
 3306 0070 22F00102 		bic	r2, r2, #1
 3307 0074 1A60     		str	r2, [r3]
 3308              	.L263:
1318:Drivers/STM32F2xx_HAL_Driver/Src/stm32f2xx_hal_tim_ex.c **** 
 3309              		.loc 1 1318 5 discriminator 5 view .LVU956
1321:Drivers/STM32F2xx_HAL_Driver/Src/stm32f2xx_hal_tim_ex.c ****   }
 3310              		.loc 1 1321 5 view .LVU957
 3311 0076 85B9     		cbnz	r5, .L264
1321:Drivers/STM32F2xx_HAL_Driver/Src/stm32f2xx_hal_tim_ex.c ****   }
 3312              		.loc 1 1321 5 is_stmt 0 discriminator 1 view .LVU958
 3313 0078 0123     		movs	r3, #1
 3314 007a 84F84230 		strb	r3, [r4, #66]
 3315 007e 0020     		movs	r0, #0
 3316              	.LVL218:
 3317              	.L259:
1325:Drivers/STM32F2xx_HAL_Driver/Src/stm32f2xx_hal_tim_ex.c **** }
 3318              		.loc 1 1325 3 is_stmt 1 view .LVU959
1326:Drivers/STM32F2xx_HAL_Driver/Src/stm32f2xx_hal_tim_ex.c **** 
 3319              		.loc 1 1326 1 is_stmt 0 view .LVU960
 3320 0080 38BD     		pop	{r3, r4, r5, pc}
 3321              	.LVL219:
 3322              	.L257:
1286:Drivers/STM32F2xx_HAL_Driver/Src/stm32f2xx_hal_tim_ex.c ****       break;
 3323              		.loc 1 1286 7 is_stmt 1 view .LVU961
 3324 0082 0268     		ldr	r2, [r0]
 3325 0084 D368     		ldr	r3, [r2, #12]
 3326 0086 23F00403 		bic	r3, r3, #4
 3327 008a D360     		str	r3, [r2, #12]
1287:Drivers/STM32F2xx_HAL_Driver/Src/stm32f2xx_hal_tim_ex.c ****     }
 3328              		.loc 1 1287 7 view .LVU962
1302:Drivers/STM32F2xx_HAL_Driver/Src/stm32f2xx_hal_tim_ex.c ****   {
 3329              		.loc 1 1302 3 view .LVU963
 3330 008c C6E7     		b	.L260
 3331              	.L258:
1293:Drivers/STM32F2xx_HAL_Driver/Src/stm32f2xx_hal_tim_ex.c ****       break;
 3332              		.loc 1 1293 7 view .LVU964
 3333 008e 0268     		ldr	r2, [r0]
 3334 0090 D368     		ldr	r3, [r2, #12]
 3335 0092 23F00803 		bic	r3, r3, #8
 3336 0096 D360     		str	r3, [r2, #12]
ARM GAS  /tmp/ccdDJwMc.s 			page 117


1294:Drivers/STM32F2xx_HAL_Driver/Src/stm32f2xx_hal_tim_ex.c ****     }
 3337              		.loc 1 1294 7 view .LVU965
1302:Drivers/STM32F2xx_HAL_Driver/Src/stm32f2xx_hal_tim_ex.c ****   {
 3338              		.loc 1 1302 3 view .LVU966
 3339 0098 C0E7     		b	.L260
 3340              	.LVL220:
 3341              	.L264:
1321:Drivers/STM32F2xx_HAL_Driver/Src/stm32f2xx_hal_tim_ex.c ****   }
 3342              		.loc 1 1321 5 is_stmt 0 discriminator 2 view .LVU967
 3343 009a 042D     		cmp	r5, #4
 3344 009c 06D0     		beq	.L269
1321:Drivers/STM32F2xx_HAL_Driver/Src/stm32f2xx_hal_tim_ex.c ****   }
 3345              		.loc 1 1321 5 discriminator 4 view .LVU968
 3346 009e 082D     		cmp	r5, #8
 3347 00a0 09D0     		beq	.L270
1321:Drivers/STM32F2xx_HAL_Driver/Src/stm32f2xx_hal_tim_ex.c ****   }
 3348              		.loc 1 1321 5 discriminator 7 view .LVU969
 3349 00a2 0123     		movs	r3, #1
 3350 00a4 84F84530 		strb	r3, [r4, #69]
 3351 00a8 0020     		movs	r0, #0
 3352 00aa E9E7     		b	.L259
 3353              	.L269:
1321:Drivers/STM32F2xx_HAL_Driver/Src/stm32f2xx_hal_tim_ex.c ****   }
 3354              		.loc 1 1321 5 discriminator 3 view .LVU970
 3355 00ac 0123     		movs	r3, #1
 3356 00ae 84F84330 		strb	r3, [r4, #67]
 3357 00b2 0020     		movs	r0, #0
 3358 00b4 E4E7     		b	.L259
 3359              	.L270:
1321:Drivers/STM32F2xx_HAL_Driver/Src/stm32f2xx_hal_tim_ex.c ****   }
 3360              		.loc 1 1321 5 discriminator 6 view .LVU971
 3361 00b6 0123     		movs	r3, #1
 3362 00b8 84F84430 		strb	r3, [r4, #68]
 3363 00bc 0020     		movs	r0, #0
 3364 00be DFE7     		b	.L259
 3365              	.LVL221:
 3366              	.L267:
1274:Drivers/STM32F2xx_HAL_Driver/Src/stm32f2xx_hal_tim_ex.c ****   {
 3367              		.loc 1 1274 3 view .LVU972
 3368 00c0 0120     		movs	r0, #1
 3369              	.LVL222:
1274:Drivers/STM32F2xx_HAL_Driver/Src/stm32f2xx_hal_tim_ex.c ****   {
 3370              		.loc 1 1274 3 view .LVU973
 3371 00c2 DDE7     		b	.L259
 3372              		.cfi_endproc
 3373              	.LFE91:
 3375              		.section	.text.HAL_TIMEx_PWMN_Start_DMA,"ax",%progbits
 3376              		.align	1
 3377              		.global	HAL_TIMEx_PWMN_Start_DMA
 3378              		.syntax unified
 3379              		.thumb
 3380              		.thumb_func
 3382              	HAL_TIMEx_PWMN_Start_DMA:
 3383              	.LVL223:
 3384              	.LFB92:
1343:Drivers/STM32F2xx_HAL_Driver/Src/stm32f2xx_hal_tim_ex.c ****   HAL_StatusTypeDef status = HAL_OK;
 3385              		.loc 1 1343 1 is_stmt 1 view -0
ARM GAS  /tmp/ccdDJwMc.s 			page 118


 3386              		.cfi_startproc
 3387              		@ args = 0, pretend = 0, frame = 0
 3388              		@ frame_needed = 0, uses_anonymous_args = 0
1343:Drivers/STM32F2xx_HAL_Driver/Src/stm32f2xx_hal_tim_ex.c ****   HAL_StatusTypeDef status = HAL_OK;
 3389              		.loc 1 1343 1 is_stmt 0 view .LVU975
 3390 0000 70B5     		push	{r4, r5, r6, lr}
 3391              	.LCFI24:
 3392              		.cfi_def_cfa_offset 16
 3393              		.cfi_offset 4, -16
 3394              		.cfi_offset 5, -12
 3395              		.cfi_offset 6, -8
 3396              		.cfi_offset 14, -4
 3397 0002 0446     		mov	r4, r0
 3398 0004 1646     		mov	r6, r2
1344:Drivers/STM32F2xx_HAL_Driver/Src/stm32f2xx_hal_tim_ex.c ****   uint32_t tmpsmcr;
 3399              		.loc 1 1344 3 is_stmt 1 view .LVU976
 3400              	.LVL224:
1345:Drivers/STM32F2xx_HAL_Driver/Src/stm32f2xx_hal_tim_ex.c **** 
 3401              		.loc 1 1345 3 view .LVU977
1348:Drivers/STM32F2xx_HAL_Driver/Src/stm32f2xx_hal_tim_ex.c **** 
 3402              		.loc 1 1348 3 view .LVU978
1351:Drivers/STM32F2xx_HAL_Driver/Src/stm32f2xx_hal_tim_ex.c ****   {
 3403              		.loc 1 1351 3 view .LVU979
1351:Drivers/STM32F2xx_HAL_Driver/Src/stm32f2xx_hal_tim_ex.c ****   {
 3404              		.loc 1 1351 46 is_stmt 0 view .LVU980
 3405 0006 0D46     		mov	r5, r1
 3406 0008 0029     		cmp	r1, #0
 3407 000a 6BD1     		bne	.L272
1351:Drivers/STM32F2xx_HAL_Driver/Src/stm32f2xx_hal_tim_ex.c ****   {
 3408              		.loc 1 1351 7 discriminator 1 view .LVU981
 3409 000c 90F84200 		ldrb	r0, [r0, #66]	@ zero_extendqisi2
 3410              	.LVL225:
1351:Drivers/STM32F2xx_HAL_Driver/Src/stm32f2xx_hal_tim_ex.c ****   {
 3411              		.loc 1 1351 46 discriminator 1 view .LVU982
 3412 0010 0228     		cmp	r0, #2
 3413 0012 14BF     		ite	ne
 3414 0014 0020     		movne	r0, #0
 3415 0016 0120     		moveq	r0, #1
 3416              	.L273:
1351:Drivers/STM32F2xx_HAL_Driver/Src/stm32f2xx_hal_tim_ex.c ****   {
 3417              		.loc 1 1351 6 discriminator 12 view .LVU983
 3418 0018 0028     		cmp	r0, #0
 3419 001a 40F0E380 		bne	.L290
1355:Drivers/STM32F2xx_HAL_Driver/Src/stm32f2xx_hal_tim_ex.c ****   {
 3420              		.loc 1 1355 8 is_stmt 1 view .LVU984
1355:Drivers/STM32F2xx_HAL_Driver/Src/stm32f2xx_hal_tim_ex.c ****   {
 3421              		.loc 1 1355 51 is_stmt 0 view .LVU985
 3422 001e 002D     		cmp	r5, #0
 3423 0020 79D1     		bne	.L277
1355:Drivers/STM32F2xx_HAL_Driver/Src/stm32f2xx_hal_tim_ex.c ****   {
 3424              		.loc 1 1355 12 discriminator 1 view .LVU986
 3425 0022 94F84220 		ldrb	r2, [r4, #66]	@ zero_extendqisi2
 3426              	.LVL226:
1355:Drivers/STM32F2xx_HAL_Driver/Src/stm32f2xx_hal_tim_ex.c ****   {
 3427              		.loc 1 1355 51 discriminator 1 view .LVU987
 3428 0026 012A     		cmp	r2, #1
 3429 0028 14BF     		ite	ne
ARM GAS  /tmp/ccdDJwMc.s 			page 119


 3430 002a 0022     		movne	r2, #0
 3431 002c 0122     		moveq	r2, #1
 3432              	.L278:
1355:Drivers/STM32F2xx_HAL_Driver/Src/stm32f2xx_hal_tim_ex.c ****   {
 3433              		.loc 1 1355 11 discriminator 12 view .LVU988
 3434 002e 002A     		cmp	r2, #0
 3435 0030 00F0DA80 		beq	.L291
1357:Drivers/STM32F2xx_HAL_Driver/Src/stm32f2xx_hal_tim_ex.c ****     {
 3436              		.loc 1 1357 5 is_stmt 1 view .LVU989
1357:Drivers/STM32F2xx_HAL_Driver/Src/stm32f2xx_hal_tim_ex.c ****     {
 3437              		.loc 1 1357 8 is_stmt 0 view .LVU990
 3438 0034 002E     		cmp	r6, #0
 3439 0036 00F0D980 		beq	.L292
1357:Drivers/STM32F2xx_HAL_Driver/Src/stm32f2xx_hal_tim_ex.c ****     {
 3440              		.loc 1 1357 25 discriminator 1 view .LVU991
 3441 003a 002B     		cmp	r3, #0
 3442 003c 00F0D880 		beq	.L293
1363:Drivers/STM32F2xx_HAL_Driver/Src/stm32f2xx_hal_tim_ex.c ****     }
 3443              		.loc 1 1363 7 is_stmt 1 view .LVU992
 3444 0040 002D     		cmp	r5, #0
 3445 0042 40F08180 		bne	.L281
1363:Drivers/STM32F2xx_HAL_Driver/Src/stm32f2xx_hal_tim_ex.c ****     }
 3446              		.loc 1 1363 7 is_stmt 0 discriminator 1 view .LVU993
 3447 0046 0222     		movs	r2, #2
 3448 0048 84F84220 		strb	r2, [r4, #66]
1371:Drivers/STM32F2xx_HAL_Driver/Src/stm32f2xx_hal_tim_ex.c ****   {
 3449              		.loc 1 1371 3 is_stmt 1 view .LVU994
 3450              	.L282:
1376:Drivers/STM32F2xx_HAL_Driver/Src/stm32f2xx_hal_tim_ex.c ****       htim->hdma[TIM_DMA_ID_CC1]->XferHalfCpltCallback = TIM_DMADelayPulseHalfCplt;
 3451              		.loc 1 1376 7 view .LVU995
1376:Drivers/STM32F2xx_HAL_Driver/Src/stm32f2xx_hal_tim_ex.c ****       htim->hdma[TIM_DMA_ID_CC1]->XferHalfCpltCallback = TIM_DMADelayPulseHalfCplt;
 3452              		.loc 1 1376 17 is_stmt 0 view .LVU996
 3453 004c 626A     		ldr	r2, [r4, #36]
1376:Drivers/STM32F2xx_HAL_Driver/Src/stm32f2xx_hal_tim_ex.c ****       htim->hdma[TIM_DMA_ID_CC1]->XferHalfCpltCallback = TIM_DMADelayPulseHalfCplt;
 3454              		.loc 1 1376 52 view .LVU997
 3455 004e 6D49     		ldr	r1, .L306
 3456              	.LVL227:
1376:Drivers/STM32F2xx_HAL_Driver/Src/stm32f2xx_hal_tim_ex.c ****       htim->hdma[TIM_DMA_ID_CC1]->XferHalfCpltCallback = TIM_DMADelayPulseHalfCplt;
 3457              		.loc 1 1376 52 view .LVU998
 3458 0050 D163     		str	r1, [r2, #60]
1377:Drivers/STM32F2xx_HAL_Driver/Src/stm32f2xx_hal_tim_ex.c **** 
 3459              		.loc 1 1377 7 is_stmt 1 view .LVU999
1377:Drivers/STM32F2xx_HAL_Driver/Src/stm32f2xx_hal_tim_ex.c **** 
 3460              		.loc 1 1377 17 is_stmt 0 view .LVU1000
 3461 0052 626A     		ldr	r2, [r4, #36]
1377:Drivers/STM32F2xx_HAL_Driver/Src/stm32f2xx_hal_tim_ex.c **** 
 3462              		.loc 1 1377 56 view .LVU1001
 3463 0054 6C49     		ldr	r1, .L306+4
 3464 0056 1164     		str	r1, [r2, #64]
1380:Drivers/STM32F2xx_HAL_Driver/Src/stm32f2xx_hal_tim_ex.c **** 
 3465              		.loc 1 1380 7 is_stmt 1 view .LVU1002
1380:Drivers/STM32F2xx_HAL_Driver/Src/stm32f2xx_hal_tim_ex.c **** 
 3466              		.loc 1 1380 17 is_stmt 0 view .LVU1003
 3467 0058 626A     		ldr	r2, [r4, #36]
1380:Drivers/STM32F2xx_HAL_Driver/Src/stm32f2xx_hal_tim_ex.c **** 
 3468              		.loc 1 1380 53 view .LVU1004
 3469 005a 6C49     		ldr	r1, .L306+8
ARM GAS  /tmp/ccdDJwMc.s 			page 120


 3470 005c D164     		str	r1, [r2, #76]
1383:Drivers/STM32F2xx_HAL_Driver/Src/stm32f2xx_hal_tim_ex.c ****                            Length) != HAL_OK)
 3471              		.loc 1 1383 7 is_stmt 1 view .LVU1005
1383:Drivers/STM32F2xx_HAL_Driver/Src/stm32f2xx_hal_tim_ex.c ****                            Length) != HAL_OK)
 3472              		.loc 1 1383 88 is_stmt 0 view .LVU1006
 3473 005e 2268     		ldr	r2, [r4]
1383:Drivers/STM32F2xx_HAL_Driver/Src/stm32f2xx_hal_tim_ex.c ****                            Length) != HAL_OK)
 3474              		.loc 1 1383 11 view .LVU1007
 3475 0060 3432     		adds	r2, r2, #52
 3476 0062 3146     		mov	r1, r6
 3477 0064 606A     		ldr	r0, [r4, #36]
 3478 0066 FFF7FEFF 		bl	HAL_DMA_Start_IT
 3479              	.LVL228:
1383:Drivers/STM32F2xx_HAL_Driver/Src/stm32f2xx_hal_tim_ex.c ****                            Length) != HAL_OK)
 3480              		.loc 1 1383 10 discriminator 1 view .LVU1008
 3481 006a 0028     		cmp	r0, #0
 3482 006c 40F0C280 		bne	.L295
1390:Drivers/STM32F2xx_HAL_Driver/Src/stm32f2xx_hal_tim_ex.c ****       break;
 3483              		.loc 1 1390 7 is_stmt 1 view .LVU1009
 3484 0070 2268     		ldr	r2, [r4]
 3485 0072 D368     		ldr	r3, [r2, #12]
 3486 0074 43F40073 		orr	r3, r3, #512
 3487 0078 D360     		str	r3, [r2, #12]
1391:Drivers/STM32F2xx_HAL_Driver/Src/stm32f2xx_hal_tim_ex.c ****     }
 3488              		.loc 1 1391 7 view .LVU1010
1441:Drivers/STM32F2xx_HAL_Driver/Src/stm32f2xx_hal_tim_ex.c ****   {
 3489              		.loc 1 1441 3 view .LVU1011
 3490              	.L287:
1444:Drivers/STM32F2xx_HAL_Driver/Src/stm32f2xx_hal_tim_ex.c **** 
 3491              		.loc 1 1444 5 view .LVU1012
 3492 007a 0422     		movs	r2, #4
 3493 007c 2946     		mov	r1, r5
 3494 007e 2068     		ldr	r0, [r4]
 3495 0080 FFF7FEFF 		bl	TIM_CCxNChannelCmd
 3496              	.LVL229:
1447:Drivers/STM32F2xx_HAL_Driver/Src/stm32f2xx_hal_tim_ex.c **** 
 3497              		.loc 1 1447 5 view .LVU1013
 3498 0084 2268     		ldr	r2, [r4]
 3499 0086 536C     		ldr	r3, [r2, #68]
 3500 0088 43F40043 		orr	r3, r3, #32768
 3501 008c 5364     		str	r3, [r2, #68]
1450:Drivers/STM32F2xx_HAL_Driver/Src/stm32f2xx_hal_tim_ex.c ****     {
 3502              		.loc 1 1450 5 view .LVU1014
1450:Drivers/STM32F2xx_HAL_Driver/Src/stm32f2xx_hal_tim_ex.c ****     {
 3503              		.loc 1 1450 9 is_stmt 0 view .LVU1015
 3504 008e 2368     		ldr	r3, [r4]
1450:Drivers/STM32F2xx_HAL_Driver/Src/stm32f2xx_hal_tim_ex.c ****     {
 3505              		.loc 1 1450 8 view .LVU1016
 3506 0090 5F4A     		ldr	r2, .L306+12
 3507 0092 9342     		cmp	r3, r2
 3508 0094 00F09B80 		beq	.L288
1450:Drivers/STM32F2xx_HAL_Driver/Src/stm32f2xx_hal_tim_ex.c ****     {
 3509              		.loc 1 1450 9 discriminator 1 view .LVU1017
 3510 0098 B3F1804F 		cmp	r3, #1073741824
 3511 009c 00F09780 		beq	.L288
1450:Drivers/STM32F2xx_HAL_Driver/Src/stm32f2xx_hal_tim_ex.c ****     {
 3512              		.loc 1 1450 9 discriminator 2 view .LVU1018
ARM GAS  /tmp/ccdDJwMc.s 			page 121


 3513 00a0 A2F57C42 		sub	r2, r2, #64512
 3514 00a4 9342     		cmp	r3, r2
 3515 00a6 00F09280 		beq	.L288
1450:Drivers/STM32F2xx_HAL_Driver/Src/stm32f2xx_hal_tim_ex.c ****     {
 3516              		.loc 1 1450 9 discriminator 3 view .LVU1019
 3517 00aa 02F58062 		add	r2, r2, #1024
 3518 00ae 9342     		cmp	r3, r2
 3519 00b0 00F08D80 		beq	.L288
1450:Drivers/STM32F2xx_HAL_Driver/Src/stm32f2xx_hal_tim_ex.c ****     {
 3520              		.loc 1 1450 9 discriminator 4 view .LVU1020
 3521 00b4 02F58062 		add	r2, r2, #1024
 3522 00b8 9342     		cmp	r3, r2
 3523 00ba 00F08880 		beq	.L288
1450:Drivers/STM32F2xx_HAL_Driver/Src/stm32f2xx_hal_tim_ex.c ****     {
 3524              		.loc 1 1450 9 discriminator 5 view .LVU1021
 3525 00be 02F57842 		add	r2, r2, #63488
 3526 00c2 9342     		cmp	r3, r2
 3527 00c4 00F08380 		beq	.L288
1450:Drivers/STM32F2xx_HAL_Driver/Src/stm32f2xx_hal_tim_ex.c ****     {
 3528              		.loc 1 1450 9 discriminator 6 view .LVU1022
 3529 00c8 02F57052 		add	r2, r2, #15360
 3530 00cc 9342     		cmp	r3, r2
 3531 00ce 7ED0     		beq	.L288
1450:Drivers/STM32F2xx_HAL_Driver/Src/stm32f2xx_hal_tim_ex.c ****     {
 3532              		.loc 1 1450 9 discriminator 7 view .LVU1023
 3533 00d0 A2F59432 		sub	r2, r2, #75776
 3534 00d4 9342     		cmp	r3, r2
 3535 00d6 7AD0     		beq	.L288
1460:Drivers/STM32F2xx_HAL_Driver/Src/stm32f2xx_hal_tim_ex.c ****     }
 3536              		.loc 1 1460 7 is_stmt 1 view .LVU1024
 3537 00d8 1A68     		ldr	r2, [r3]
 3538 00da 42F00102 		orr	r2, r2, #1
 3539 00de 1A60     		str	r2, [r3]
 3540 00e0 0020     		movs	r0, #0
 3541 00e2 82E0     		b	.L276
 3542              	.LVL230:
 3543              	.L272:
1351:Drivers/STM32F2xx_HAL_Driver/Src/stm32f2xx_hal_tim_ex.c ****   {
 3544              		.loc 1 1351 46 is_stmt 0 discriminator 2 view .LVU1025
 3545 00e4 0429     		cmp	r1, #4
 3546 00e6 08D0     		beq	.L300
1351:Drivers/STM32F2xx_HAL_Driver/Src/stm32f2xx_hal_tim_ex.c ****   {
 3547              		.loc 1 1351 46 discriminator 5 view .LVU1026
 3548 00e8 0829     		cmp	r1, #8
 3549 00ea 0DD0     		beq	.L301
1351:Drivers/STM32F2xx_HAL_Driver/Src/stm32f2xx_hal_tim_ex.c ****   {
 3550              		.loc 1 1351 7 discriminator 8 view .LVU1027
 3551 00ec 90F84500 		ldrb	r0, [r0, #69]	@ zero_extendqisi2
 3552              	.LVL231:
1351:Drivers/STM32F2xx_HAL_Driver/Src/stm32f2xx_hal_tim_ex.c ****   {
 3553              		.loc 1 1351 46 discriminator 8 view .LVU1028
 3554 00f0 0228     		cmp	r0, #2
 3555 00f2 14BF     		ite	ne
 3556 00f4 0020     		movne	r0, #0
 3557 00f6 0120     		moveq	r0, #1
 3558 00f8 8EE7     		b	.L273
 3559              	.LVL232:
ARM GAS  /tmp/ccdDJwMc.s 			page 122


 3560              	.L300:
1351:Drivers/STM32F2xx_HAL_Driver/Src/stm32f2xx_hal_tim_ex.c ****   {
 3561              		.loc 1 1351 7 discriminator 4 view .LVU1029
 3562 00fa 90F84300 		ldrb	r0, [r0, #67]	@ zero_extendqisi2
 3563              	.LVL233:
1351:Drivers/STM32F2xx_HAL_Driver/Src/stm32f2xx_hal_tim_ex.c ****   {
 3564              		.loc 1 1351 46 discriminator 4 view .LVU1030
 3565 00fe 0228     		cmp	r0, #2
 3566 0100 14BF     		ite	ne
 3567 0102 0020     		movne	r0, #0
 3568 0104 0120     		moveq	r0, #1
 3569 0106 87E7     		b	.L273
 3570              	.LVL234:
 3571              	.L301:
1351:Drivers/STM32F2xx_HAL_Driver/Src/stm32f2xx_hal_tim_ex.c ****   {
 3572              		.loc 1 1351 7 discriminator 7 view .LVU1031
 3573 0108 90F84400 		ldrb	r0, [r0, #68]	@ zero_extendqisi2
 3574              	.LVL235:
1351:Drivers/STM32F2xx_HAL_Driver/Src/stm32f2xx_hal_tim_ex.c ****   {
 3575              		.loc 1 1351 46 discriminator 7 view .LVU1032
 3576 010c 0228     		cmp	r0, #2
 3577 010e 14BF     		ite	ne
 3578 0110 0020     		movne	r0, #0
 3579 0112 0120     		moveq	r0, #1
 3580 0114 80E7     		b	.L273
 3581              	.L277:
1355:Drivers/STM32F2xx_HAL_Driver/Src/stm32f2xx_hal_tim_ex.c ****   {
 3582              		.loc 1 1355 51 discriminator 2 view .LVU1033
 3583 0116 042D     		cmp	r5, #4
 3584 0118 08D0     		beq	.L302
1355:Drivers/STM32F2xx_HAL_Driver/Src/stm32f2xx_hal_tim_ex.c ****   {
 3585              		.loc 1 1355 51 discriminator 5 view .LVU1034
 3586 011a 082D     		cmp	r5, #8
 3587 011c 0DD0     		beq	.L303
1355:Drivers/STM32F2xx_HAL_Driver/Src/stm32f2xx_hal_tim_ex.c ****   {
 3588              		.loc 1 1355 12 discriminator 8 view .LVU1035
 3589 011e 94F84520 		ldrb	r2, [r4, #69]	@ zero_extendqisi2
 3590              	.LVL236:
1355:Drivers/STM32F2xx_HAL_Driver/Src/stm32f2xx_hal_tim_ex.c ****   {
 3591              		.loc 1 1355 51 discriminator 8 view .LVU1036
 3592 0122 012A     		cmp	r2, #1
 3593 0124 14BF     		ite	ne
 3594 0126 0022     		movne	r2, #0
 3595 0128 0122     		moveq	r2, #1
 3596 012a 80E7     		b	.L278
 3597              	.LVL237:
 3598              	.L302:
1355:Drivers/STM32F2xx_HAL_Driver/Src/stm32f2xx_hal_tim_ex.c ****   {
 3599              		.loc 1 1355 12 discriminator 4 view .LVU1037
 3600 012c 94F84320 		ldrb	r2, [r4, #67]	@ zero_extendqisi2
 3601              	.LVL238:
1355:Drivers/STM32F2xx_HAL_Driver/Src/stm32f2xx_hal_tim_ex.c ****   {
 3602              		.loc 1 1355 51 discriminator 4 view .LVU1038
 3603 0130 012A     		cmp	r2, #1
 3604 0132 14BF     		ite	ne
 3605 0134 0022     		movne	r2, #0
 3606 0136 0122     		moveq	r2, #1
ARM GAS  /tmp/ccdDJwMc.s 			page 123


 3607 0138 79E7     		b	.L278
 3608              	.LVL239:
 3609              	.L303:
1355:Drivers/STM32F2xx_HAL_Driver/Src/stm32f2xx_hal_tim_ex.c ****   {
 3610              		.loc 1 1355 12 discriminator 7 view .LVU1039
 3611 013a 94F84420 		ldrb	r2, [r4, #68]	@ zero_extendqisi2
 3612              	.LVL240:
1355:Drivers/STM32F2xx_HAL_Driver/Src/stm32f2xx_hal_tim_ex.c ****   {
 3613              		.loc 1 1355 51 discriminator 7 view .LVU1040
 3614 013e 012A     		cmp	r2, #1
 3615 0140 14BF     		ite	ne
 3616 0142 0022     		movne	r2, #0
 3617 0144 0122     		moveq	r2, #1
 3618 0146 72E7     		b	.L278
 3619              	.L281:
1363:Drivers/STM32F2xx_HAL_Driver/Src/stm32f2xx_hal_tim_ex.c ****     }
 3620              		.loc 1 1363 7 discriminator 2 view .LVU1041
 3621 0148 042D     		cmp	r5, #4
 3622 014a 0DD0     		beq	.L304
1363:Drivers/STM32F2xx_HAL_Driver/Src/stm32f2xx_hal_tim_ex.c ****     }
 3623              		.loc 1 1363 7 discriminator 4 view .LVU1042
 3624 014c 082D     		cmp	r5, #8
 3625 014e 25D0     		beq	.L305
1363:Drivers/STM32F2xx_HAL_Driver/Src/stm32f2xx_hal_tim_ex.c ****     }
 3626              		.loc 1 1363 7 discriminator 7 view .LVU1043
 3627 0150 0222     		movs	r2, #2
 3628 0152 84F84520 		strb	r2, [r4, #69]
1371:Drivers/STM32F2xx_HAL_Driver/Src/stm32f2xx_hal_tim_ex.c ****   {
 3629              		.loc 1 1371 3 is_stmt 1 view .LVU1044
 3630 0156 042D     		cmp	r5, #4
 3631 0158 09D0     		beq	.L284
 3632 015a 082D     		cmp	r5, #8
 3633 015c 21D0     		beq	.L286
 3634 015e 002D     		cmp	r5, #0
 3635 0160 3FF474AF 		beq	.L282
 3636 0164 0120     		movs	r0, #1
 3637 0166 40E0     		b	.L276
 3638              	.L304:
1363:Drivers/STM32F2xx_HAL_Driver/Src/stm32f2xx_hal_tim_ex.c ****     }
 3639              		.loc 1 1363 7 is_stmt 0 discriminator 3 view .LVU1045
 3640 0168 0222     		movs	r2, #2
 3641 016a 84F84320 		strb	r2, [r4, #67]
1371:Drivers/STM32F2xx_HAL_Driver/Src/stm32f2xx_hal_tim_ex.c ****   {
 3642              		.loc 1 1371 3 is_stmt 1 view .LVU1046
 3643              	.L284:
1397:Drivers/STM32F2xx_HAL_Driver/Src/stm32f2xx_hal_tim_ex.c ****       htim->hdma[TIM_DMA_ID_CC2]->XferHalfCpltCallback = TIM_DMADelayPulseHalfCplt;
 3644              		.loc 1 1397 7 view .LVU1047
1397:Drivers/STM32F2xx_HAL_Driver/Src/stm32f2xx_hal_tim_ex.c ****       htim->hdma[TIM_DMA_ID_CC2]->XferHalfCpltCallback = TIM_DMADelayPulseHalfCplt;
 3645              		.loc 1 1397 17 is_stmt 0 view .LVU1048
 3646 016e A26A     		ldr	r2, [r4, #40]
1397:Drivers/STM32F2xx_HAL_Driver/Src/stm32f2xx_hal_tim_ex.c ****       htim->hdma[TIM_DMA_ID_CC2]->XferHalfCpltCallback = TIM_DMADelayPulseHalfCplt;
 3647              		.loc 1 1397 52 view .LVU1049
 3648 0170 2449     		ldr	r1, .L306
 3649              	.LVL241:
1397:Drivers/STM32F2xx_HAL_Driver/Src/stm32f2xx_hal_tim_ex.c ****       htim->hdma[TIM_DMA_ID_CC2]->XferHalfCpltCallback = TIM_DMADelayPulseHalfCplt;
 3650              		.loc 1 1397 52 view .LVU1050
 3651 0172 D163     		str	r1, [r2, #60]
ARM GAS  /tmp/ccdDJwMc.s 			page 124


1398:Drivers/STM32F2xx_HAL_Driver/Src/stm32f2xx_hal_tim_ex.c **** 
 3652              		.loc 1 1398 7 is_stmt 1 view .LVU1051
1398:Drivers/STM32F2xx_HAL_Driver/Src/stm32f2xx_hal_tim_ex.c **** 
 3653              		.loc 1 1398 17 is_stmt 0 view .LVU1052
 3654 0174 A26A     		ldr	r2, [r4, #40]
1398:Drivers/STM32F2xx_HAL_Driver/Src/stm32f2xx_hal_tim_ex.c **** 
 3655              		.loc 1 1398 56 view .LVU1053
 3656 0176 2449     		ldr	r1, .L306+4
 3657 0178 1164     		str	r1, [r2, #64]
1401:Drivers/STM32F2xx_HAL_Driver/Src/stm32f2xx_hal_tim_ex.c **** 
 3658              		.loc 1 1401 7 is_stmt 1 view .LVU1054
1401:Drivers/STM32F2xx_HAL_Driver/Src/stm32f2xx_hal_tim_ex.c **** 
 3659              		.loc 1 1401 17 is_stmt 0 view .LVU1055
 3660 017a A26A     		ldr	r2, [r4, #40]
1401:Drivers/STM32F2xx_HAL_Driver/Src/stm32f2xx_hal_tim_ex.c **** 
 3661              		.loc 1 1401 53 view .LVU1056
 3662 017c 2349     		ldr	r1, .L306+8
 3663 017e D164     		str	r1, [r2, #76]
1404:Drivers/STM32F2xx_HAL_Driver/Src/stm32f2xx_hal_tim_ex.c ****                            Length) != HAL_OK)
 3664              		.loc 1 1404 7 is_stmt 1 view .LVU1057
1404:Drivers/STM32F2xx_HAL_Driver/Src/stm32f2xx_hal_tim_ex.c ****                            Length) != HAL_OK)
 3665              		.loc 1 1404 88 is_stmt 0 view .LVU1058
 3666 0180 2268     		ldr	r2, [r4]
1404:Drivers/STM32F2xx_HAL_Driver/Src/stm32f2xx_hal_tim_ex.c ****                            Length) != HAL_OK)
 3667              		.loc 1 1404 11 view .LVU1059
 3668 0182 3832     		adds	r2, r2, #56
 3669 0184 3146     		mov	r1, r6
 3670 0186 A06A     		ldr	r0, [r4, #40]
 3671 0188 FFF7FEFF 		bl	HAL_DMA_Start_IT
 3672              	.LVL242:
1404:Drivers/STM32F2xx_HAL_Driver/Src/stm32f2xx_hal_tim_ex.c ****                            Length) != HAL_OK)
 3673              		.loc 1 1404 10 discriminator 1 view .LVU1060
 3674 018c 0028     		cmp	r0, #0
 3675 018e 33D1     		bne	.L296
1411:Drivers/STM32F2xx_HAL_Driver/Src/stm32f2xx_hal_tim_ex.c ****       break;
 3676              		.loc 1 1411 7 is_stmt 1 view .LVU1061
 3677 0190 2268     		ldr	r2, [r4]
 3678 0192 D368     		ldr	r3, [r2, #12]
 3679 0194 43F48063 		orr	r3, r3, #1024
 3680 0198 D360     		str	r3, [r2, #12]
1412:Drivers/STM32F2xx_HAL_Driver/Src/stm32f2xx_hal_tim_ex.c ****     }
 3681              		.loc 1 1412 7 view .LVU1062
1441:Drivers/STM32F2xx_HAL_Driver/Src/stm32f2xx_hal_tim_ex.c ****   {
 3682              		.loc 1 1441 3 view .LVU1063
 3683 019a 6EE7     		b	.L287
 3684              	.LVL243:
 3685              	.L305:
1363:Drivers/STM32F2xx_HAL_Driver/Src/stm32f2xx_hal_tim_ex.c ****     }
 3686              		.loc 1 1363 7 is_stmt 0 discriminator 6 view .LVU1064
 3687 019c 0222     		movs	r2, #2
 3688 019e 84F84420 		strb	r2, [r4, #68]
1371:Drivers/STM32F2xx_HAL_Driver/Src/stm32f2xx_hal_tim_ex.c ****   {
 3689              		.loc 1 1371 3 is_stmt 1 view .LVU1065
 3690              	.L286:
1418:Drivers/STM32F2xx_HAL_Driver/Src/stm32f2xx_hal_tim_ex.c ****       htim->hdma[TIM_DMA_ID_CC3]->XferHalfCpltCallback = TIM_DMADelayPulseHalfCplt;
 3691              		.loc 1 1418 7 view .LVU1066
1418:Drivers/STM32F2xx_HAL_Driver/Src/stm32f2xx_hal_tim_ex.c ****       htim->hdma[TIM_DMA_ID_CC3]->XferHalfCpltCallback = TIM_DMADelayPulseHalfCplt;
ARM GAS  /tmp/ccdDJwMc.s 			page 125


 3692              		.loc 1 1418 17 is_stmt 0 view .LVU1067
 3693 01a2 E26A     		ldr	r2, [r4, #44]
1418:Drivers/STM32F2xx_HAL_Driver/Src/stm32f2xx_hal_tim_ex.c ****       htim->hdma[TIM_DMA_ID_CC3]->XferHalfCpltCallback = TIM_DMADelayPulseHalfCplt;
 3694              		.loc 1 1418 52 view .LVU1068
 3695 01a4 1749     		ldr	r1, .L306
 3696              	.LVL244:
1418:Drivers/STM32F2xx_HAL_Driver/Src/stm32f2xx_hal_tim_ex.c ****       htim->hdma[TIM_DMA_ID_CC3]->XferHalfCpltCallback = TIM_DMADelayPulseHalfCplt;
 3697              		.loc 1 1418 52 view .LVU1069
 3698 01a6 D163     		str	r1, [r2, #60]
1419:Drivers/STM32F2xx_HAL_Driver/Src/stm32f2xx_hal_tim_ex.c **** 
 3699              		.loc 1 1419 7 is_stmt 1 view .LVU1070
1419:Drivers/STM32F2xx_HAL_Driver/Src/stm32f2xx_hal_tim_ex.c **** 
 3700              		.loc 1 1419 17 is_stmt 0 view .LVU1071
 3701 01a8 E26A     		ldr	r2, [r4, #44]
1419:Drivers/STM32F2xx_HAL_Driver/Src/stm32f2xx_hal_tim_ex.c **** 
 3702              		.loc 1 1419 56 view .LVU1072
 3703 01aa 1749     		ldr	r1, .L306+4
 3704 01ac 1164     		str	r1, [r2, #64]
1422:Drivers/STM32F2xx_HAL_Driver/Src/stm32f2xx_hal_tim_ex.c **** 
 3705              		.loc 1 1422 7 is_stmt 1 view .LVU1073
1422:Drivers/STM32F2xx_HAL_Driver/Src/stm32f2xx_hal_tim_ex.c **** 
 3706              		.loc 1 1422 17 is_stmt 0 view .LVU1074
 3707 01ae E26A     		ldr	r2, [r4, #44]
1422:Drivers/STM32F2xx_HAL_Driver/Src/stm32f2xx_hal_tim_ex.c **** 
 3708              		.loc 1 1422 53 view .LVU1075
 3709 01b0 1649     		ldr	r1, .L306+8
 3710 01b2 D164     		str	r1, [r2, #76]
1425:Drivers/STM32F2xx_HAL_Driver/Src/stm32f2xx_hal_tim_ex.c ****                            Length) != HAL_OK)
 3711              		.loc 1 1425 7 is_stmt 1 view .LVU1076
1425:Drivers/STM32F2xx_HAL_Driver/Src/stm32f2xx_hal_tim_ex.c ****                            Length) != HAL_OK)
 3712              		.loc 1 1425 88 is_stmt 0 view .LVU1077
 3713 01b4 2268     		ldr	r2, [r4]
1425:Drivers/STM32F2xx_HAL_Driver/Src/stm32f2xx_hal_tim_ex.c ****                            Length) != HAL_OK)
 3714              		.loc 1 1425 11 view .LVU1078
 3715 01b6 3C32     		adds	r2, r2, #60
 3716 01b8 3146     		mov	r1, r6
 3717 01ba E06A     		ldr	r0, [r4, #44]
 3718 01bc FFF7FEFF 		bl	HAL_DMA_Start_IT
 3719              	.LVL245:
1425:Drivers/STM32F2xx_HAL_Driver/Src/stm32f2xx_hal_tim_ex.c ****                            Length) != HAL_OK)
 3720              		.loc 1 1425 10 discriminator 1 view .LVU1079
 3721 01c0 E0B9     		cbnz	r0, .L297
1432:Drivers/STM32F2xx_HAL_Driver/Src/stm32f2xx_hal_tim_ex.c ****       break;
 3722              		.loc 1 1432 7 is_stmt 1 view .LVU1080
 3723 01c2 2268     		ldr	r2, [r4]
 3724 01c4 D368     		ldr	r3, [r2, #12]
 3725 01c6 43F40063 		orr	r3, r3, #2048
 3726 01ca D360     		str	r3, [r2, #12]
1433:Drivers/STM32F2xx_HAL_Driver/Src/stm32f2xx_hal_tim_ex.c ****     }
 3727              		.loc 1 1433 7 view .LVU1081
1441:Drivers/STM32F2xx_HAL_Driver/Src/stm32f2xx_hal_tim_ex.c ****   {
 3728              		.loc 1 1441 3 view .LVU1082
 3729 01cc 55E7     		b	.L287
 3730              	.L288:
1452:Drivers/STM32F2xx_HAL_Driver/Src/stm32f2xx_hal_tim_ex.c ****       if (!IS_TIM_SLAVEMODE_TRIGGER_ENABLED(tmpsmcr))
 3731              		.loc 1 1452 7 view .LVU1083
1452:Drivers/STM32F2xx_HAL_Driver/Src/stm32f2xx_hal_tim_ex.c ****       if (!IS_TIM_SLAVEMODE_TRIGGER_ENABLED(tmpsmcr))
ARM GAS  /tmp/ccdDJwMc.s 			page 126


 3732              		.loc 1 1452 31 is_stmt 0 view .LVU1084
 3733 01ce 9A68     		ldr	r2, [r3, #8]
1452:Drivers/STM32F2xx_HAL_Driver/Src/stm32f2xx_hal_tim_ex.c ****       if (!IS_TIM_SLAVEMODE_TRIGGER_ENABLED(tmpsmcr))
 3734              		.loc 1 1452 15 view .LVU1085
 3735 01d0 02F00702 		and	r2, r2, #7
 3736              	.LVL246:
1453:Drivers/STM32F2xx_HAL_Driver/Src/stm32f2xx_hal_tim_ex.c ****       {
 3737              		.loc 1 1453 7 is_stmt 1 view .LVU1086
1453:Drivers/STM32F2xx_HAL_Driver/Src/stm32f2xx_hal_tim_ex.c ****       {
 3738              		.loc 1 1453 10 is_stmt 0 view .LVU1087
 3739 01d4 062A     		cmp	r2, #6
 3740 01d6 13D0     		beq	.L298
1455:Drivers/STM32F2xx_HAL_Driver/Src/stm32f2xx_hal_tim_ex.c ****       }
 3741              		.loc 1 1455 9 is_stmt 1 view .LVU1088
 3742 01d8 1A68     		ldr	r2, [r3]
 3743              	.LVL247:
1455:Drivers/STM32F2xx_HAL_Driver/Src/stm32f2xx_hal_tim_ex.c ****       }
 3744              		.loc 1 1455 9 is_stmt 0 view .LVU1089
 3745 01da 42F00102 		orr	r2, r2, #1
 3746 01de 1A60     		str	r2, [r3]
 3747 01e0 0020     		movs	r0, #0
 3748 01e2 02E0     		b	.L276
 3749              	.LVL248:
 3750              	.L290:
1353:Drivers/STM32F2xx_HAL_Driver/Src/stm32f2xx_hal_tim_ex.c ****   }
 3751              		.loc 1 1353 12 view .LVU1090
 3752 01e4 0220     		movs	r0, #2
 3753 01e6 00E0     		b	.L276
 3754              	.LVL249:
 3755              	.L291:
1368:Drivers/STM32F2xx_HAL_Driver/Src/stm32f2xx_hal_tim_ex.c ****   }
 3756              		.loc 1 1368 12 view .LVU1091
 3757 01e8 0120     		movs	r0, #1
 3758              	.LVL250:
 3759              	.L276:
1466:Drivers/STM32F2xx_HAL_Driver/Src/stm32f2xx_hal_tim_ex.c **** 
 3760              		.loc 1 1466 1 view .LVU1092
 3761 01ea 70BD     		pop	{r4, r5, r6, pc}
 3762              	.LVL251:
 3763              	.L292:
1359:Drivers/STM32F2xx_HAL_Driver/Src/stm32f2xx_hal_tim_ex.c ****     }
 3764              		.loc 1 1359 14 view .LVU1093
 3765 01ec 0120     		movs	r0, #1
 3766 01ee FCE7     		b	.L276
 3767              	.L293:
 3768 01f0 0120     		movs	r0, #1
 3769 01f2 FAE7     		b	.L276
 3770              	.LVL252:
 3771              	.L295:
1387:Drivers/STM32F2xx_HAL_Driver/Src/stm32f2xx_hal_tim_ex.c ****       }
 3772              		.loc 1 1387 16 view .LVU1094
 3773 01f4 0120     		movs	r0, #1
 3774 01f6 F8E7     		b	.L276
 3775              	.L296:
1408:Drivers/STM32F2xx_HAL_Driver/Src/stm32f2xx_hal_tim_ex.c ****       }
 3776              		.loc 1 1408 16 view .LVU1095
 3777 01f8 0120     		movs	r0, #1
ARM GAS  /tmp/ccdDJwMc.s 			page 127


 3778 01fa F6E7     		b	.L276
 3779              	.L297:
1429:Drivers/STM32F2xx_HAL_Driver/Src/stm32f2xx_hal_tim_ex.c ****       }
 3780              		.loc 1 1429 16 view .LVU1096
 3781 01fc 0120     		movs	r0, #1
 3782 01fe F4E7     		b	.L276
 3783              	.LVL253:
 3784              	.L298:
1429:Drivers/STM32F2xx_HAL_Driver/Src/stm32f2xx_hal_tim_ex.c ****       }
 3785              		.loc 1 1429 16 view .LVU1097
 3786 0200 0020     		movs	r0, #0
 3787 0202 F2E7     		b	.L276
 3788              	.L307:
 3789              		.align	2
 3790              	.L306:
 3791 0204 00000000 		.word	TIM_DMADelayPulseNCplt
 3792 0208 00000000 		.word	TIM_DMADelayPulseHalfCplt
 3793 020c 00000000 		.word	TIM_DMAErrorCCxN
 3794 0210 00000140 		.word	1073807360
 3795              		.cfi_endproc
 3796              	.LFE92:
 3798              		.section	.text.HAL_TIMEx_PWMN_Stop_DMA,"ax",%progbits
 3799              		.align	1
 3800              		.global	HAL_TIMEx_PWMN_Stop_DMA
 3801              		.syntax unified
 3802              		.thumb
 3803              		.thumb_func
 3805              	HAL_TIMEx_PWMN_Stop_DMA:
 3806              	.LVL254:
 3807              	.LFB93:
1480:Drivers/STM32F2xx_HAL_Driver/Src/stm32f2xx_hal_tim_ex.c ****   HAL_StatusTypeDef status = HAL_OK;
 3808              		.loc 1 1480 1 is_stmt 1 view -0
 3809              		.cfi_startproc
 3810              		@ args = 0, pretend = 0, frame = 0
 3811              		@ frame_needed = 0, uses_anonymous_args = 0
1480:Drivers/STM32F2xx_HAL_Driver/Src/stm32f2xx_hal_tim_ex.c ****   HAL_StatusTypeDef status = HAL_OK;
 3812              		.loc 1 1480 1 is_stmt 0 view .LVU1099
 3813 0000 38B5     		push	{r3, r4, r5, lr}
 3814              	.LCFI25:
 3815              		.cfi_def_cfa_offset 16
 3816              		.cfi_offset 3, -16
 3817              		.cfi_offset 4, -12
 3818              		.cfi_offset 5, -8
 3819              		.cfi_offset 14, -4
 3820 0002 0446     		mov	r4, r0
 3821 0004 0D46     		mov	r5, r1
1481:Drivers/STM32F2xx_HAL_Driver/Src/stm32f2xx_hal_tim_ex.c **** 
 3822              		.loc 1 1481 3 is_stmt 1 view .LVU1100
 3823              	.LVL255:
1484:Drivers/STM32F2xx_HAL_Driver/Src/stm32f2xx_hal_tim_ex.c **** 
 3824              		.loc 1 1484 3 view .LVU1101
1486:Drivers/STM32F2xx_HAL_Driver/Src/stm32f2xx_hal_tim_ex.c ****   {
 3825              		.loc 1 1486 3 view .LVU1102
 3826 0006 0429     		cmp	r1, #4
 3827 0008 34D0     		beq	.L309
 3828 000a 0829     		cmp	r1, #8
 3829 000c 3BD0     		beq	.L310
ARM GAS  /tmp/ccdDJwMc.s 			page 128


 3830 000e 0029     		cmp	r1, #0
 3831 0010 55D1     		bne	.L318
1491:Drivers/STM32F2xx_HAL_Driver/Src/stm32f2xx_hal_tim_ex.c ****       (void)HAL_DMA_Abort_IT(htim->hdma[TIM_DMA_ID_CC1]);
 3832              		.loc 1 1491 7 view .LVU1103
 3833 0012 0268     		ldr	r2, [r0]
 3834 0014 D368     		ldr	r3, [r2, #12]
 3835 0016 23F40073 		bic	r3, r3, #512
 3836 001a D360     		str	r3, [r2, #12]
1492:Drivers/STM32F2xx_HAL_Driver/Src/stm32f2xx_hal_tim_ex.c ****       break;
 3837              		.loc 1 1492 7 view .LVU1104
1492:Drivers/STM32F2xx_HAL_Driver/Src/stm32f2xx_hal_tim_ex.c ****       break;
 3838              		.loc 1 1492 13 is_stmt 0 view .LVU1105
 3839 001c 406A     		ldr	r0, [r0, #36]
 3840              	.LVL256:
1492:Drivers/STM32F2xx_HAL_Driver/Src/stm32f2xx_hal_tim_ex.c ****       break;
 3841              		.loc 1 1492 13 view .LVU1106
 3842 001e FFF7FEFF 		bl	HAL_DMA_Abort_IT
 3843              	.LVL257:
1493:Drivers/STM32F2xx_HAL_Driver/Src/stm32f2xx_hal_tim_ex.c ****     }
 3844              		.loc 1 1493 7 is_stmt 1 view .LVU1107
1517:Drivers/STM32F2xx_HAL_Driver/Src/stm32f2xx_hal_tim_ex.c ****   {
 3845              		.loc 1 1517 3 view .LVU1108
 3846              	.L312:
1520:Drivers/STM32F2xx_HAL_Driver/Src/stm32f2xx_hal_tim_ex.c **** 
 3847              		.loc 1 1520 5 view .LVU1109
 3848 0022 0022     		movs	r2, #0
 3849 0024 2946     		mov	r1, r5
 3850 0026 2068     		ldr	r0, [r4]
 3851 0028 FFF7FEFF 		bl	TIM_CCxNChannelCmd
 3852              	.LVL258:
1523:Drivers/STM32F2xx_HAL_Driver/Src/stm32f2xx_hal_tim_ex.c **** 
 3853              		.loc 1 1523 5 view .LVU1110
1523:Drivers/STM32F2xx_HAL_Driver/Src/stm32f2xx_hal_tim_ex.c **** 
 3854              		.loc 1 1523 5 view .LVU1111
 3855 002c 2368     		ldr	r3, [r4]
 3856 002e 196A     		ldr	r1, [r3, #32]
 3857 0030 41F21112 		movw	r2, #4369
 3858 0034 1142     		tst	r1, r2
 3859 0036 08D1     		bne	.L313
1523:Drivers/STM32F2xx_HAL_Driver/Src/stm32f2xx_hal_tim_ex.c **** 
 3860              		.loc 1 1523 5 discriminator 1 view .LVU1112
 3861 0038 196A     		ldr	r1, [r3, #32]
 3862 003a 40F24442 		movw	r2, #1092
 3863 003e 1142     		tst	r1, r2
 3864 0040 03D1     		bne	.L313
1523:Drivers/STM32F2xx_HAL_Driver/Src/stm32f2xx_hal_tim_ex.c **** 
 3865              		.loc 1 1523 5 discriminator 3 view .LVU1113
 3866 0042 5A6C     		ldr	r2, [r3, #68]
 3867 0044 22F40042 		bic	r2, r2, #32768
 3868 0048 5A64     		str	r2, [r3, #68]
 3869              	.L313:
1523:Drivers/STM32F2xx_HAL_Driver/Src/stm32f2xx_hal_tim_ex.c **** 
 3870              		.loc 1 1523 5 discriminator 5 view .LVU1114
1526:Drivers/STM32F2xx_HAL_Driver/Src/stm32f2xx_hal_tim_ex.c **** 
 3871              		.loc 1 1526 5 view .LVU1115
1526:Drivers/STM32F2xx_HAL_Driver/Src/stm32f2xx_hal_tim_ex.c **** 
 3872              		.loc 1 1526 5 view .LVU1116
ARM GAS  /tmp/ccdDJwMc.s 			page 129


 3873 004a 2368     		ldr	r3, [r4]
 3874 004c 196A     		ldr	r1, [r3, #32]
 3875 004e 41F21112 		movw	r2, #4369
 3876 0052 1142     		tst	r1, r2
 3877 0054 08D1     		bne	.L314
1526:Drivers/STM32F2xx_HAL_Driver/Src/stm32f2xx_hal_tim_ex.c **** 
 3878              		.loc 1 1526 5 discriminator 1 view .LVU1117
 3879 0056 196A     		ldr	r1, [r3, #32]
 3880 0058 40F24442 		movw	r2, #1092
 3881 005c 1142     		tst	r1, r2
 3882 005e 03D1     		bne	.L314
1526:Drivers/STM32F2xx_HAL_Driver/Src/stm32f2xx_hal_tim_ex.c **** 
 3883              		.loc 1 1526 5 discriminator 3 view .LVU1118
 3884 0060 1A68     		ldr	r2, [r3]
 3885 0062 22F00102 		bic	r2, r2, #1
 3886 0066 1A60     		str	r2, [r3]
 3887              	.L314:
1526:Drivers/STM32F2xx_HAL_Driver/Src/stm32f2xx_hal_tim_ex.c **** 
 3888              		.loc 1 1526 5 discriminator 5 view .LVU1119
1529:Drivers/STM32F2xx_HAL_Driver/Src/stm32f2xx_hal_tim_ex.c ****   }
 3889              		.loc 1 1529 5 view .LVU1120
 3890 0068 B5B9     		cbnz	r5, .L315
1529:Drivers/STM32F2xx_HAL_Driver/Src/stm32f2xx_hal_tim_ex.c ****   }
 3891              		.loc 1 1529 5 is_stmt 0 discriminator 1 view .LVU1121
 3892 006a 0123     		movs	r3, #1
 3893 006c 84F84230 		strb	r3, [r4, #66]
 3894 0070 0020     		movs	r0, #0
 3895              	.L311:
 3896              	.LVL259:
1533:Drivers/STM32F2xx_HAL_Driver/Src/stm32f2xx_hal_tim_ex.c **** }
 3897              		.loc 1 1533 3 is_stmt 1 view .LVU1122
1534:Drivers/STM32F2xx_HAL_Driver/Src/stm32f2xx_hal_tim_ex.c **** 
 3898              		.loc 1 1534 1 is_stmt 0 view .LVU1123
 3899 0072 38BD     		pop	{r3, r4, r5, pc}
 3900              	.LVL260:
 3901              	.L309:
1499:Drivers/STM32F2xx_HAL_Driver/Src/stm32f2xx_hal_tim_ex.c ****       (void)HAL_DMA_Abort_IT(htim->hdma[TIM_DMA_ID_CC2]);
 3902              		.loc 1 1499 7 is_stmt 1 view .LVU1124
 3903 0074 0268     		ldr	r2, [r0]
 3904 0076 D368     		ldr	r3, [r2, #12]
 3905 0078 23F48063 		bic	r3, r3, #1024
 3906 007c D360     		str	r3, [r2, #12]
1500:Drivers/STM32F2xx_HAL_Driver/Src/stm32f2xx_hal_tim_ex.c ****       break;
 3907              		.loc 1 1500 7 view .LVU1125
1500:Drivers/STM32F2xx_HAL_Driver/Src/stm32f2xx_hal_tim_ex.c ****       break;
 3908              		.loc 1 1500 13 is_stmt 0 view .LVU1126
 3909 007e 806A     		ldr	r0, [r0, #40]
 3910              	.LVL261:
1500:Drivers/STM32F2xx_HAL_Driver/Src/stm32f2xx_hal_tim_ex.c ****       break;
 3911              		.loc 1 1500 13 view .LVU1127
 3912 0080 FFF7FEFF 		bl	HAL_DMA_Abort_IT
 3913              	.LVL262:
1501:Drivers/STM32F2xx_HAL_Driver/Src/stm32f2xx_hal_tim_ex.c ****     }
 3914              		.loc 1 1501 7 is_stmt 1 view .LVU1128
1517:Drivers/STM32F2xx_HAL_Driver/Src/stm32f2xx_hal_tim_ex.c ****   {
 3915              		.loc 1 1517 3 view .LVU1129
 3916 0084 CDE7     		b	.L312
ARM GAS  /tmp/ccdDJwMc.s 			page 130


 3917              	.LVL263:
 3918              	.L310:
1507:Drivers/STM32F2xx_HAL_Driver/Src/stm32f2xx_hal_tim_ex.c ****       (void)HAL_DMA_Abort_IT(htim->hdma[TIM_DMA_ID_CC3]);
 3919              		.loc 1 1507 7 view .LVU1130
 3920 0086 0268     		ldr	r2, [r0]
 3921 0088 D368     		ldr	r3, [r2, #12]
 3922 008a 23F40063 		bic	r3, r3, #2048
 3923 008e D360     		str	r3, [r2, #12]
1508:Drivers/STM32F2xx_HAL_Driver/Src/stm32f2xx_hal_tim_ex.c ****       break;
 3924              		.loc 1 1508 7 view .LVU1131
1508:Drivers/STM32F2xx_HAL_Driver/Src/stm32f2xx_hal_tim_ex.c ****       break;
 3925              		.loc 1 1508 13 is_stmt 0 view .LVU1132
 3926 0090 C06A     		ldr	r0, [r0, #44]
 3927              	.LVL264:
1508:Drivers/STM32F2xx_HAL_Driver/Src/stm32f2xx_hal_tim_ex.c ****       break;
 3928              		.loc 1 1508 13 view .LVU1133
 3929 0092 FFF7FEFF 		bl	HAL_DMA_Abort_IT
 3930              	.LVL265:
1509:Drivers/STM32F2xx_HAL_Driver/Src/stm32f2xx_hal_tim_ex.c ****     }
 3931              		.loc 1 1509 7 is_stmt 1 view .LVU1134
1517:Drivers/STM32F2xx_HAL_Driver/Src/stm32f2xx_hal_tim_ex.c ****   {
 3932              		.loc 1 1517 3 view .LVU1135
 3933 0096 C4E7     		b	.L312
 3934              	.L315:
1529:Drivers/STM32F2xx_HAL_Driver/Src/stm32f2xx_hal_tim_ex.c ****   }
 3935              		.loc 1 1529 5 is_stmt 0 discriminator 2 view .LVU1136
 3936 0098 042D     		cmp	r5, #4
 3937 009a 06D0     		beq	.L320
1529:Drivers/STM32F2xx_HAL_Driver/Src/stm32f2xx_hal_tim_ex.c ****   }
 3938              		.loc 1 1529 5 discriminator 4 view .LVU1137
 3939 009c 082D     		cmp	r5, #8
 3940 009e 09D0     		beq	.L321
1529:Drivers/STM32F2xx_HAL_Driver/Src/stm32f2xx_hal_tim_ex.c ****   }
 3941              		.loc 1 1529 5 discriminator 7 view .LVU1138
 3942 00a0 0123     		movs	r3, #1
 3943 00a2 84F84530 		strb	r3, [r4, #69]
 3944 00a6 0020     		movs	r0, #0
 3945 00a8 E3E7     		b	.L311
 3946              	.L320:
1529:Drivers/STM32F2xx_HAL_Driver/Src/stm32f2xx_hal_tim_ex.c ****   }
 3947              		.loc 1 1529 5 discriminator 3 view .LVU1139
 3948 00aa 0123     		movs	r3, #1
 3949 00ac 84F84330 		strb	r3, [r4, #67]
 3950 00b0 0020     		movs	r0, #0
 3951 00b2 DEE7     		b	.L311
 3952              	.L321:
1529:Drivers/STM32F2xx_HAL_Driver/Src/stm32f2xx_hal_tim_ex.c ****   }
 3953              		.loc 1 1529 5 discriminator 6 view .LVU1140
 3954 00b4 0123     		movs	r3, #1
 3955 00b6 84F84430 		strb	r3, [r4, #68]
 3956 00ba 0020     		movs	r0, #0
 3957 00bc D9E7     		b	.L311
 3958              	.LVL266:
 3959              	.L318:
1486:Drivers/STM32F2xx_HAL_Driver/Src/stm32f2xx_hal_tim_ex.c ****   {
 3960              		.loc 1 1486 3 view .LVU1141
 3961 00be 0120     		movs	r0, #1
ARM GAS  /tmp/ccdDJwMc.s 			page 131


 3962              	.LVL267:
1486:Drivers/STM32F2xx_HAL_Driver/Src/stm32f2xx_hal_tim_ex.c ****   {
 3963              		.loc 1 1486 3 view .LVU1142
 3964 00c0 D7E7     		b	.L311
 3965              		.cfi_endproc
 3966              	.LFE93:
 3968              		.section	.text.HAL_TIMEx_OnePulseN_Start,"ax",%progbits
 3969              		.align	1
 3970              		.global	HAL_TIMEx_OnePulseN_Start
 3971              		.syntax unified
 3972              		.thumb
 3973              		.thumb_func
 3975              	HAL_TIMEx_OnePulseN_Start:
 3976              	.LVL268:
 3977              	.LFB94:
1571:Drivers/STM32F2xx_HAL_Driver/Src/stm32f2xx_hal_tim_ex.c ****   uint32_t input_channel = (OutputChannel == TIM_CHANNEL_1) ? TIM_CHANNEL_2 : TIM_CHANNEL_1;
 3978              		.loc 1 1571 1 is_stmt 1 view -0
 3979              		.cfi_startproc
 3980              		@ args = 0, pretend = 0, frame = 0
 3981              		@ frame_needed = 0, uses_anonymous_args = 0
1571:Drivers/STM32F2xx_HAL_Driver/Src/stm32f2xx_hal_tim_ex.c ****   uint32_t input_channel = (OutputChannel == TIM_CHANNEL_1) ? TIM_CHANNEL_2 : TIM_CHANNEL_1;
 3982              		.loc 1 1571 1 is_stmt 0 view .LVU1144
 3983 0000 70B5     		push	{r4, r5, r6, lr}
 3984              	.LCFI26:
 3985              		.cfi_def_cfa_offset 16
 3986              		.cfi_offset 4, -16
 3987              		.cfi_offset 5, -12
 3988              		.cfi_offset 6, -8
 3989              		.cfi_offset 14, -4
 3990 0002 0446     		mov	r4, r0
1572:Drivers/STM32F2xx_HAL_Driver/Src/stm32f2xx_hal_tim_ex.c ****   HAL_TIM_ChannelStateTypeDef channel_1_state = TIM_CHANNEL_STATE_GET(htim, TIM_CHANNEL_1);
 3991              		.loc 1 1572 3 is_stmt 1 view .LVU1145
1572:Drivers/STM32F2xx_HAL_Driver/Src/stm32f2xx_hal_tim_ex.c ****   HAL_TIM_ChannelStateTypeDef channel_1_state = TIM_CHANNEL_STATE_GET(htim, TIM_CHANNEL_1);
 3992              		.loc 1 1572 77 is_stmt 0 view .LVU1146
 3993 0004 0E46     		mov	r6, r1
 3994 0006 D1B9     		cbnz	r1, .L325
1572:Drivers/STM32F2xx_HAL_Driver/Src/stm32f2xx_hal_tim_ex.c ****   HAL_TIM_ChannelStateTypeDef channel_1_state = TIM_CHANNEL_STATE_GET(htim, TIM_CHANNEL_1);
 3995              		.loc 1 1572 77 discriminator 1 view .LVU1147
 3996 0008 0425     		movs	r5, #4
 3997              	.L323:
 3998              	.LVL269:
1573:Drivers/STM32F2xx_HAL_Driver/Src/stm32f2xx_hal_tim_ex.c ****   HAL_TIM_ChannelStateTypeDef channel_2_state = TIM_CHANNEL_STATE_GET(htim, TIM_CHANNEL_2);
 3999              		.loc 1 1573 3 is_stmt 1 view .LVU1148
1573:Drivers/STM32F2xx_HAL_Driver/Src/stm32f2xx_hal_tim_ex.c ****   HAL_TIM_ChannelStateTypeDef channel_2_state = TIM_CHANNEL_STATE_GET(htim, TIM_CHANNEL_2);
 4000              		.loc 1 1573 31 is_stmt 0 view .LVU1149
 4001 000a 94F83EE0 		ldrb	lr, [r4, #62]	@ zero_extendqisi2
 4002 000e 5FFA8EF0 		uxtb	r0, lr
 4003              	.LVL270:
1574:Drivers/STM32F2xx_HAL_Driver/Src/stm32f2xx_hal_tim_ex.c ****   HAL_TIM_ChannelStateTypeDef complementary_channel_1_state = TIM_CHANNEL_N_STATE_GET(htim, TIM_CHA
 4004              		.loc 1 1574 3 is_stmt 1 view .LVU1150
1574:Drivers/STM32F2xx_HAL_Driver/Src/stm32f2xx_hal_tim_ex.c ****   HAL_TIM_ChannelStateTypeDef complementary_channel_1_state = TIM_CHANNEL_N_STATE_GET(htim, TIM_CHA
 4005              		.loc 1 1574 31 is_stmt 0 view .LVU1151
 4006 0012 94F83F30 		ldrb	r3, [r4, #63]	@ zero_extendqisi2
 4007 0016 DBB2     		uxtb	r3, r3
 4008              	.LVL271:
1575:Drivers/STM32F2xx_HAL_Driver/Src/stm32f2xx_hal_tim_ex.c ****   HAL_TIM_ChannelStateTypeDef complementary_channel_2_state = TIM_CHANNEL_N_STATE_GET(htim, TIM_CHA
 4009              		.loc 1 1575 3 is_stmt 1 view .LVU1152
ARM GAS  /tmp/ccdDJwMc.s 			page 132


1575:Drivers/STM32F2xx_HAL_Driver/Src/stm32f2xx_hal_tim_ex.c ****   HAL_TIM_ChannelStateTypeDef complementary_channel_2_state = TIM_CHANNEL_N_STATE_GET(htim, TIM_CHA
 4010              		.loc 1 1575 31 is_stmt 0 view .LVU1153
 4011 0018 94F84220 		ldrb	r2, [r4, #66]	@ zero_extendqisi2
 4012 001c D2B2     		uxtb	r2, r2
 4013              	.LVL272:
1576:Drivers/STM32F2xx_HAL_Driver/Src/stm32f2xx_hal_tim_ex.c **** 
 4014              		.loc 1 1576 3 is_stmt 1 view .LVU1154
1576:Drivers/STM32F2xx_HAL_Driver/Src/stm32f2xx_hal_tim_ex.c **** 
 4015              		.loc 1 1576 31 is_stmt 0 view .LVU1155
 4016 001e 94F843C0 		ldrb	ip, [r4, #67]	@ zero_extendqisi2
 4017 0022 5FFA8CFC 		uxtb	ip, ip
 4018              	.LVL273:
1579:Drivers/STM32F2xx_HAL_Driver/Src/stm32f2xx_hal_tim_ex.c **** 
 4019              		.loc 1 1579 3 is_stmt 1 view .LVU1156
1582:Drivers/STM32F2xx_HAL_Driver/Src/stm32f2xx_hal_tim_ex.c ****       || (channel_2_state != HAL_TIM_CHANNEL_STATE_READY)
 4020              		.loc 1 1582 3 view .LVU1157
1582:Drivers/STM32F2xx_HAL_Driver/Src/stm32f2xx_hal_tim_ex.c ****       || (channel_2_state != HAL_TIM_CHANNEL_STATE_READY)
 4021              		.loc 1 1582 6 is_stmt 0 view .LVU1158
 4022 0026 BEF1010F 		cmp	lr, #1
 4023 002a 24D1     		bne	.L326
1583:Drivers/STM32F2xx_HAL_Driver/Src/stm32f2xx_hal_tim_ex.c ****       || (complementary_channel_1_state != HAL_TIM_CHANNEL_STATE_READY)
 4024              		.loc 1 1583 7 view .LVU1159
 4025 002c 012B     		cmp	r3, #1
 4026 002e 23D1     		bne	.L324
1584:Drivers/STM32F2xx_HAL_Driver/Src/stm32f2xx_hal_tim_ex.c ****       || (complementary_channel_2_state != HAL_TIM_CHANNEL_STATE_READY))
 4027              		.loc 1 1584 7 view .LVU1160
 4028 0030 012A     		cmp	r2, #1
 4029 0032 22D1     		bne	.L327
1585:Drivers/STM32F2xx_HAL_Driver/Src/stm32f2xx_hal_tim_ex.c ****   {
 4030              		.loc 1 1585 7 view .LVU1161
 4031 0034 BCF1010F 		cmp	ip, #1
 4032 0038 03D0     		beq	.L330
1587:Drivers/STM32F2xx_HAL_Driver/Src/stm32f2xx_hal_tim_ex.c ****   }
 4033              		.loc 1 1587 12 view .LVU1162
 4034 003a 1046     		mov	r0, r2
 4035              	.LVL274:
1587:Drivers/STM32F2xx_HAL_Driver/Src/stm32f2xx_hal_tim_ex.c ****   }
 4036              		.loc 1 1587 12 view .LVU1163
 4037 003c 1CE0     		b	.L324
 4038              	.LVL275:
 4039              	.L325:
1572:Drivers/STM32F2xx_HAL_Driver/Src/stm32f2xx_hal_tim_ex.c ****   HAL_TIM_ChannelStateTypeDef channel_1_state = TIM_CHANNEL_STATE_GET(htim, TIM_CHANNEL_1);
 4040              		.loc 1 1572 77 discriminator 2 view .LVU1164
 4041 003e 0025     		movs	r5, #0
 4042 0040 E3E7     		b	.L323
 4043              	.LVL276:
 4044              	.L330:
1591:Drivers/STM32F2xx_HAL_Driver/Src/stm32f2xx_hal_tim_ex.c ****   TIM_CHANNEL_STATE_SET(htim, TIM_CHANNEL_2, HAL_TIM_CHANNEL_STATE_BUSY);
 4045              		.loc 1 1591 3 is_stmt 1 view .LVU1165
 4046 0042 0223     		movs	r3, #2
 4047              	.LVL277:
1591:Drivers/STM32F2xx_HAL_Driver/Src/stm32f2xx_hal_tim_ex.c ****   TIM_CHANNEL_STATE_SET(htim, TIM_CHANNEL_2, HAL_TIM_CHANNEL_STATE_BUSY);
 4048              		.loc 1 1591 3 is_stmt 0 view .LVU1166
 4049 0044 84F83E30 		strb	r3, [r4, #62]
1592:Drivers/STM32F2xx_HAL_Driver/Src/stm32f2xx_hal_tim_ex.c ****   TIM_CHANNEL_N_STATE_SET(htim, TIM_CHANNEL_1, HAL_TIM_CHANNEL_STATE_BUSY);
 4050              		.loc 1 1592 3 is_stmt 1 view .LVU1167
 4051 0048 84F83F30 		strb	r3, [r4, #63]
ARM GAS  /tmp/ccdDJwMc.s 			page 133


1593:Drivers/STM32F2xx_HAL_Driver/Src/stm32f2xx_hal_tim_ex.c ****   TIM_CHANNEL_N_STATE_SET(htim, TIM_CHANNEL_2, HAL_TIM_CHANNEL_STATE_BUSY);
 4052              		.loc 1 1593 3 view .LVU1168
 4053 004c 84F84230 		strb	r3, [r4, #66]
1594:Drivers/STM32F2xx_HAL_Driver/Src/stm32f2xx_hal_tim_ex.c **** 
 4054              		.loc 1 1594 3 view .LVU1169
 4055 0050 84F84330 		strb	r3, [r4, #67]
1597:Drivers/STM32F2xx_HAL_Driver/Src/stm32f2xx_hal_tim_ex.c ****   TIM_CCxChannelCmd(htim->Instance, input_channel, TIM_CCx_ENABLE);
 4056              		.loc 1 1597 3 view .LVU1170
 4057 0054 0422     		movs	r2, #4
 4058              	.LVL278:
1597:Drivers/STM32F2xx_HAL_Driver/Src/stm32f2xx_hal_tim_ex.c ****   TIM_CCxChannelCmd(htim->Instance, input_channel, TIM_CCx_ENABLE);
 4059              		.loc 1 1597 3 is_stmt 0 view .LVU1171
 4060 0056 3146     		mov	r1, r6
 4061              	.LVL279:
1597:Drivers/STM32F2xx_HAL_Driver/Src/stm32f2xx_hal_tim_ex.c ****   TIM_CCxChannelCmd(htim->Instance, input_channel, TIM_CCx_ENABLE);
 4062              		.loc 1 1597 3 view .LVU1172
 4063 0058 2068     		ldr	r0, [r4]
 4064              	.LVL280:
1597:Drivers/STM32F2xx_HAL_Driver/Src/stm32f2xx_hal_tim_ex.c ****   TIM_CCxChannelCmd(htim->Instance, input_channel, TIM_CCx_ENABLE);
 4065              		.loc 1 1597 3 view .LVU1173
 4066 005a FFF7FEFF 		bl	TIM_CCxNChannelCmd
 4067              	.LVL281:
1598:Drivers/STM32F2xx_HAL_Driver/Src/stm32f2xx_hal_tim_ex.c **** 
 4068              		.loc 1 1598 3 is_stmt 1 view .LVU1174
 4069 005e 0122     		movs	r2, #1
 4070 0060 2946     		mov	r1, r5
 4071 0062 2068     		ldr	r0, [r4]
 4072 0064 FFF7FEFF 		bl	TIM_CCxChannelCmd
 4073              	.LVL282:
1601:Drivers/STM32F2xx_HAL_Driver/Src/stm32f2xx_hal_tim_ex.c **** 
 4074              		.loc 1 1601 3 view .LVU1175
 4075 0068 2268     		ldr	r2, [r4]
 4076 006a 536C     		ldr	r3, [r2, #68]
 4077 006c 43F40043 		orr	r3, r3, #32768
 4078 0070 5364     		str	r3, [r2, #68]
1604:Drivers/STM32F2xx_HAL_Driver/Src/stm32f2xx_hal_tim_ex.c **** }
 4079              		.loc 1 1604 3 view .LVU1176
1604:Drivers/STM32F2xx_HAL_Driver/Src/stm32f2xx_hal_tim_ex.c **** }
 4080              		.loc 1 1604 10 is_stmt 0 view .LVU1177
 4081 0072 0020     		movs	r0, #0
 4082 0074 00E0     		b	.L324
 4083              	.LVL283:
 4084              	.L326:
1587:Drivers/STM32F2xx_HAL_Driver/Src/stm32f2xx_hal_tim_ex.c ****   }
 4085              		.loc 1 1587 12 view .LVU1178
 4086 0076 0120     		movs	r0, #1
 4087              	.LVL284:
 4088              	.L324:
1605:Drivers/STM32F2xx_HAL_Driver/Src/stm32f2xx_hal_tim_ex.c **** 
 4089              		.loc 1 1605 1 view .LVU1179
 4090 0078 70BD     		pop	{r4, r5, r6, pc}
 4091              	.LVL285:
 4092              	.L327:
1587:Drivers/STM32F2xx_HAL_Driver/Src/stm32f2xx_hal_tim_ex.c ****   }
 4093              		.loc 1 1587 12 view .LVU1180
 4094 007a 1846     		mov	r0, r3
 4095              	.LVL286:
ARM GAS  /tmp/ccdDJwMc.s 			page 134


1587:Drivers/STM32F2xx_HAL_Driver/Src/stm32f2xx_hal_tim_ex.c ****   }
 4096              		.loc 1 1587 12 view .LVU1181
 4097 007c FCE7     		b	.L324
 4098              		.cfi_endproc
 4099              	.LFE94:
 4101              		.section	.text.HAL_TIMEx_OnePulseN_Stop,"ax",%progbits
 4102              		.align	1
 4103              		.global	HAL_TIMEx_OnePulseN_Stop
 4104              		.syntax unified
 4105              		.thumb
 4106              		.thumb_func
 4108              	HAL_TIMEx_OnePulseN_Stop:
 4109              	.LVL287:
 4110              	.LFB95:
1620:Drivers/STM32F2xx_HAL_Driver/Src/stm32f2xx_hal_tim_ex.c ****   uint32_t input_channel = (OutputChannel == TIM_CHANNEL_1) ? TIM_CHANNEL_2 : TIM_CHANNEL_1;
 4111              		.loc 1 1620 1 is_stmt 1 view -0
 4112              		.cfi_startproc
 4113              		@ args = 0, pretend = 0, frame = 0
 4114              		@ frame_needed = 0, uses_anonymous_args = 0
1620:Drivers/STM32F2xx_HAL_Driver/Src/stm32f2xx_hal_tim_ex.c ****   uint32_t input_channel = (OutputChannel == TIM_CHANNEL_1) ? TIM_CHANNEL_2 : TIM_CHANNEL_1;
 4115              		.loc 1 1620 1 is_stmt 0 view .LVU1183
 4116 0000 38B5     		push	{r3, r4, r5, lr}
 4117              	.LCFI27:
 4118              		.cfi_def_cfa_offset 16
 4119              		.cfi_offset 3, -16
 4120              		.cfi_offset 4, -12
 4121              		.cfi_offset 5, -8
 4122              		.cfi_offset 14, -4
 4123 0002 0446     		mov	r4, r0
1621:Drivers/STM32F2xx_HAL_Driver/Src/stm32f2xx_hal_tim_ex.c **** 
 4124              		.loc 1 1621 3 is_stmt 1 view .LVU1184
1621:Drivers/STM32F2xx_HAL_Driver/Src/stm32f2xx_hal_tim_ex.c **** 
 4125              		.loc 1 1621 77 is_stmt 0 view .LVU1185
 4126 0004 0029     		cmp	r1, #0
 4127 0006 32D1     		bne	.L335
1621:Drivers/STM32F2xx_HAL_Driver/Src/stm32f2xx_hal_tim_ex.c **** 
 4128              		.loc 1 1621 77 discriminator 1 view .LVU1186
 4129 0008 0425     		movs	r5, #4
 4130              	.L332:
 4131              	.LVL288:
1624:Drivers/STM32F2xx_HAL_Driver/Src/stm32f2xx_hal_tim_ex.c **** 
 4132              		.loc 1 1624 3 is_stmt 1 view .LVU1187
1627:Drivers/STM32F2xx_HAL_Driver/Src/stm32f2xx_hal_tim_ex.c ****   TIM_CCxChannelCmd(htim->Instance, input_channel, TIM_CCx_DISABLE);
 4133              		.loc 1 1627 3 view .LVU1188
 4134 000a 0022     		movs	r2, #0
 4135 000c 2068     		ldr	r0, [r4]
 4136              	.LVL289:
1627:Drivers/STM32F2xx_HAL_Driver/Src/stm32f2xx_hal_tim_ex.c ****   TIM_CCxChannelCmd(htim->Instance, input_channel, TIM_CCx_DISABLE);
 4137              		.loc 1 1627 3 is_stmt 0 view .LVU1189
 4138 000e FFF7FEFF 		bl	TIM_CCxNChannelCmd
 4139              	.LVL290:
1628:Drivers/STM32F2xx_HAL_Driver/Src/stm32f2xx_hal_tim_ex.c **** 
 4140              		.loc 1 1628 3 is_stmt 1 view .LVU1190
 4141 0012 0022     		movs	r2, #0
 4142 0014 2946     		mov	r1, r5
 4143 0016 2068     		ldr	r0, [r4]
 4144 0018 FFF7FEFF 		bl	TIM_CCxChannelCmd
ARM GAS  /tmp/ccdDJwMc.s 			page 135


 4145              	.LVL291:
1631:Drivers/STM32F2xx_HAL_Driver/Src/stm32f2xx_hal_tim_ex.c **** 
 4146              		.loc 1 1631 3 view .LVU1191
1631:Drivers/STM32F2xx_HAL_Driver/Src/stm32f2xx_hal_tim_ex.c **** 
 4147              		.loc 1 1631 3 view .LVU1192
 4148 001c 2368     		ldr	r3, [r4]
 4149 001e 196A     		ldr	r1, [r3, #32]
 4150 0020 41F21112 		movw	r2, #4369
 4151 0024 1142     		tst	r1, r2
 4152 0026 08D1     		bne	.L333
1631:Drivers/STM32F2xx_HAL_Driver/Src/stm32f2xx_hal_tim_ex.c **** 
 4153              		.loc 1 1631 3 discriminator 1 view .LVU1193
 4154 0028 196A     		ldr	r1, [r3, #32]
 4155 002a 40F24442 		movw	r2, #1092
 4156 002e 1142     		tst	r1, r2
 4157 0030 03D1     		bne	.L333
1631:Drivers/STM32F2xx_HAL_Driver/Src/stm32f2xx_hal_tim_ex.c **** 
 4158              		.loc 1 1631 3 discriminator 3 view .LVU1194
 4159 0032 5A6C     		ldr	r2, [r3, #68]
 4160 0034 22F40042 		bic	r2, r2, #32768
 4161 0038 5A64     		str	r2, [r3, #68]
 4162              	.L333:
1631:Drivers/STM32F2xx_HAL_Driver/Src/stm32f2xx_hal_tim_ex.c **** 
 4163              		.loc 1 1631 3 discriminator 5 view .LVU1195
1634:Drivers/STM32F2xx_HAL_Driver/Src/stm32f2xx_hal_tim_ex.c **** 
 4164              		.loc 1 1634 3 view .LVU1196
1634:Drivers/STM32F2xx_HAL_Driver/Src/stm32f2xx_hal_tim_ex.c **** 
 4165              		.loc 1 1634 3 view .LVU1197
 4166 003a 2368     		ldr	r3, [r4]
 4167 003c 196A     		ldr	r1, [r3, #32]
 4168 003e 41F21112 		movw	r2, #4369
 4169 0042 1142     		tst	r1, r2
 4170 0044 08D1     		bne	.L334
1634:Drivers/STM32F2xx_HAL_Driver/Src/stm32f2xx_hal_tim_ex.c **** 
 4171              		.loc 1 1634 3 discriminator 1 view .LVU1198
 4172 0046 196A     		ldr	r1, [r3, #32]
 4173 0048 40F24442 		movw	r2, #1092
 4174 004c 1142     		tst	r1, r2
 4175 004e 03D1     		bne	.L334
1634:Drivers/STM32F2xx_HAL_Driver/Src/stm32f2xx_hal_tim_ex.c **** 
 4176              		.loc 1 1634 3 discriminator 3 view .LVU1199
 4177 0050 1A68     		ldr	r2, [r3]
 4178 0052 22F00102 		bic	r2, r2, #1
 4179 0056 1A60     		str	r2, [r3]
 4180              	.L334:
1634:Drivers/STM32F2xx_HAL_Driver/Src/stm32f2xx_hal_tim_ex.c **** 
 4181              		.loc 1 1634 3 discriminator 5 view .LVU1200
1637:Drivers/STM32F2xx_HAL_Driver/Src/stm32f2xx_hal_tim_ex.c ****   TIM_CHANNEL_STATE_SET(htim, TIM_CHANNEL_2, HAL_TIM_CHANNEL_STATE_READY);
 4182              		.loc 1 1637 3 view .LVU1201
 4183 0058 0123     		movs	r3, #1
 4184 005a 84F83E30 		strb	r3, [r4, #62]
1638:Drivers/STM32F2xx_HAL_Driver/Src/stm32f2xx_hal_tim_ex.c ****   TIM_CHANNEL_N_STATE_SET(htim, TIM_CHANNEL_1, HAL_TIM_CHANNEL_STATE_READY);
 4185              		.loc 1 1638 3 view .LVU1202
 4186 005e 84F83F30 		strb	r3, [r4, #63]
1639:Drivers/STM32F2xx_HAL_Driver/Src/stm32f2xx_hal_tim_ex.c ****   TIM_CHANNEL_N_STATE_SET(htim, TIM_CHANNEL_2, HAL_TIM_CHANNEL_STATE_READY);
 4187              		.loc 1 1639 3 view .LVU1203
 4188 0062 84F84230 		strb	r3, [r4, #66]
ARM GAS  /tmp/ccdDJwMc.s 			page 136


1640:Drivers/STM32F2xx_HAL_Driver/Src/stm32f2xx_hal_tim_ex.c **** 
 4189              		.loc 1 1640 3 view .LVU1204
 4190 0066 84F84330 		strb	r3, [r4, #67]
1643:Drivers/STM32F2xx_HAL_Driver/Src/stm32f2xx_hal_tim_ex.c **** }
 4191              		.loc 1 1643 3 view .LVU1205
1644:Drivers/STM32F2xx_HAL_Driver/Src/stm32f2xx_hal_tim_ex.c **** 
 4192              		.loc 1 1644 1 is_stmt 0 view .LVU1206
 4193 006a 0020     		movs	r0, #0
 4194 006c 38BD     		pop	{r3, r4, r5, pc}
 4195              	.LVL292:
 4196              	.L335:
1621:Drivers/STM32F2xx_HAL_Driver/Src/stm32f2xx_hal_tim_ex.c **** 
 4197              		.loc 1 1621 77 discriminator 2 view .LVU1207
 4198 006e 0025     		movs	r5, #0
 4199 0070 CBE7     		b	.L332
 4200              		.cfi_endproc
 4201              	.LFE95:
 4203              		.section	.text.HAL_TIMEx_OnePulseN_Start_IT,"ax",%progbits
 4204              		.align	1
 4205              		.global	HAL_TIMEx_OnePulseN_Start_IT
 4206              		.syntax unified
 4207              		.thumb
 4208              		.thumb_func
 4210              	HAL_TIMEx_OnePulseN_Start_IT:
 4211              	.LVL293:
 4212              	.LFB96:
1659:Drivers/STM32F2xx_HAL_Driver/Src/stm32f2xx_hal_tim_ex.c ****   uint32_t input_channel = (OutputChannel == TIM_CHANNEL_1) ? TIM_CHANNEL_2 : TIM_CHANNEL_1;
 4213              		.loc 1 1659 1 is_stmt 1 view -0
 4214              		.cfi_startproc
 4215              		@ args = 0, pretend = 0, frame = 0
 4216              		@ frame_needed = 0, uses_anonymous_args = 0
1659:Drivers/STM32F2xx_HAL_Driver/Src/stm32f2xx_hal_tim_ex.c ****   uint32_t input_channel = (OutputChannel == TIM_CHANNEL_1) ? TIM_CHANNEL_2 : TIM_CHANNEL_1;
 4217              		.loc 1 1659 1 is_stmt 0 view .LVU1209
 4218 0000 70B5     		push	{r4, r5, r6, lr}
 4219              	.LCFI28:
 4220              		.cfi_def_cfa_offset 16
 4221              		.cfi_offset 4, -16
 4222              		.cfi_offset 5, -12
 4223              		.cfi_offset 6, -8
 4224              		.cfi_offset 14, -4
 4225 0002 0446     		mov	r4, r0
1660:Drivers/STM32F2xx_HAL_Driver/Src/stm32f2xx_hal_tim_ex.c ****   HAL_TIM_ChannelStateTypeDef channel_1_state = TIM_CHANNEL_STATE_GET(htim, TIM_CHANNEL_1);
 4226              		.loc 1 1660 3 is_stmt 1 view .LVU1210
1660:Drivers/STM32F2xx_HAL_Driver/Src/stm32f2xx_hal_tim_ex.c ****   HAL_TIM_ChannelStateTypeDef channel_1_state = TIM_CHANNEL_STATE_GET(htim, TIM_CHANNEL_1);
 4227              		.loc 1 1660 77 is_stmt 0 view .LVU1211
 4228 0004 0E46     		mov	r6, r1
 4229 0006 D1B9     		cbnz	r1, .L340
1660:Drivers/STM32F2xx_HAL_Driver/Src/stm32f2xx_hal_tim_ex.c ****   HAL_TIM_ChannelStateTypeDef channel_1_state = TIM_CHANNEL_STATE_GET(htim, TIM_CHANNEL_1);
 4230              		.loc 1 1660 77 discriminator 1 view .LVU1212
 4231 0008 0425     		movs	r5, #4
 4232              	.L338:
 4233              	.LVL294:
1661:Drivers/STM32F2xx_HAL_Driver/Src/stm32f2xx_hal_tim_ex.c ****   HAL_TIM_ChannelStateTypeDef channel_2_state = TIM_CHANNEL_STATE_GET(htim, TIM_CHANNEL_2);
 4234              		.loc 1 1661 3 is_stmt 1 view .LVU1213
1661:Drivers/STM32F2xx_HAL_Driver/Src/stm32f2xx_hal_tim_ex.c ****   HAL_TIM_ChannelStateTypeDef channel_2_state = TIM_CHANNEL_STATE_GET(htim, TIM_CHANNEL_2);
 4235              		.loc 1 1661 31 is_stmt 0 view .LVU1214
 4236 000a 94F83EE0 		ldrb	lr, [r4, #62]	@ zero_extendqisi2
ARM GAS  /tmp/ccdDJwMc.s 			page 137


 4237 000e 5FFA8EF0 		uxtb	r0, lr
 4238              	.LVL295:
1662:Drivers/STM32F2xx_HAL_Driver/Src/stm32f2xx_hal_tim_ex.c ****   HAL_TIM_ChannelStateTypeDef complementary_channel_1_state = TIM_CHANNEL_N_STATE_GET(htim, TIM_CHA
 4239              		.loc 1 1662 3 is_stmt 1 view .LVU1215
1662:Drivers/STM32F2xx_HAL_Driver/Src/stm32f2xx_hal_tim_ex.c ****   HAL_TIM_ChannelStateTypeDef complementary_channel_1_state = TIM_CHANNEL_N_STATE_GET(htim, TIM_CHA
 4240              		.loc 1 1662 31 is_stmt 0 view .LVU1216
 4241 0012 94F83F30 		ldrb	r3, [r4, #63]	@ zero_extendqisi2
 4242 0016 DBB2     		uxtb	r3, r3
 4243              	.LVL296:
1663:Drivers/STM32F2xx_HAL_Driver/Src/stm32f2xx_hal_tim_ex.c ****   HAL_TIM_ChannelStateTypeDef complementary_channel_2_state = TIM_CHANNEL_N_STATE_GET(htim, TIM_CHA
 4244              		.loc 1 1663 3 is_stmt 1 view .LVU1217
1663:Drivers/STM32F2xx_HAL_Driver/Src/stm32f2xx_hal_tim_ex.c ****   HAL_TIM_ChannelStateTypeDef complementary_channel_2_state = TIM_CHANNEL_N_STATE_GET(htim, TIM_CHA
 4245              		.loc 1 1663 31 is_stmt 0 view .LVU1218
 4246 0018 94F84220 		ldrb	r2, [r4, #66]	@ zero_extendqisi2
 4247 001c D2B2     		uxtb	r2, r2
 4248              	.LVL297:
1664:Drivers/STM32F2xx_HAL_Driver/Src/stm32f2xx_hal_tim_ex.c **** 
 4249              		.loc 1 1664 3 is_stmt 1 view .LVU1219
1664:Drivers/STM32F2xx_HAL_Driver/Src/stm32f2xx_hal_tim_ex.c **** 
 4250              		.loc 1 1664 31 is_stmt 0 view .LVU1220
 4251 001e 94F843C0 		ldrb	ip, [r4, #67]	@ zero_extendqisi2
 4252 0022 5FFA8CFC 		uxtb	ip, ip
 4253              	.LVL298:
1667:Drivers/STM32F2xx_HAL_Driver/Src/stm32f2xx_hal_tim_ex.c **** 
 4254              		.loc 1 1667 3 is_stmt 1 view .LVU1221
1670:Drivers/STM32F2xx_HAL_Driver/Src/stm32f2xx_hal_tim_ex.c ****       || (channel_2_state != HAL_TIM_CHANNEL_STATE_READY)
 4255              		.loc 1 1670 3 view .LVU1222
1670:Drivers/STM32F2xx_HAL_Driver/Src/stm32f2xx_hal_tim_ex.c ****       || (channel_2_state != HAL_TIM_CHANNEL_STATE_READY)
 4256              		.loc 1 1670 6 is_stmt 0 view .LVU1223
 4257 0026 BEF1010F 		cmp	lr, #1
 4258 002a 2ED1     		bne	.L341
1671:Drivers/STM32F2xx_HAL_Driver/Src/stm32f2xx_hal_tim_ex.c ****       || (complementary_channel_1_state != HAL_TIM_CHANNEL_STATE_READY)
 4259              		.loc 1 1671 7 view .LVU1224
 4260 002c 012B     		cmp	r3, #1
 4261 002e 2DD1     		bne	.L339
1672:Drivers/STM32F2xx_HAL_Driver/Src/stm32f2xx_hal_tim_ex.c ****       || (complementary_channel_2_state != HAL_TIM_CHANNEL_STATE_READY))
 4262              		.loc 1 1672 7 view .LVU1225
 4263 0030 012A     		cmp	r2, #1
 4264 0032 2CD1     		bne	.L342
1673:Drivers/STM32F2xx_HAL_Driver/Src/stm32f2xx_hal_tim_ex.c ****   {
 4265              		.loc 1 1673 7 view .LVU1226
 4266 0034 BCF1010F 		cmp	ip, #1
 4267 0038 03D0     		beq	.L345
1675:Drivers/STM32F2xx_HAL_Driver/Src/stm32f2xx_hal_tim_ex.c ****   }
 4268              		.loc 1 1675 12 view .LVU1227
 4269 003a 1046     		mov	r0, r2
 4270              	.LVL299:
1675:Drivers/STM32F2xx_HAL_Driver/Src/stm32f2xx_hal_tim_ex.c ****   }
 4271              		.loc 1 1675 12 view .LVU1228
 4272 003c 26E0     		b	.L339
 4273              	.LVL300:
 4274              	.L340:
1660:Drivers/STM32F2xx_HAL_Driver/Src/stm32f2xx_hal_tim_ex.c ****   HAL_TIM_ChannelStateTypeDef channel_1_state = TIM_CHANNEL_STATE_GET(htim, TIM_CHANNEL_1);
 4275              		.loc 1 1660 77 discriminator 2 view .LVU1229
 4276 003e 0025     		movs	r5, #0
 4277 0040 E3E7     		b	.L338
 4278              	.LVL301:
ARM GAS  /tmp/ccdDJwMc.s 			page 138


 4279              	.L345:
1679:Drivers/STM32F2xx_HAL_Driver/Src/stm32f2xx_hal_tim_ex.c ****   TIM_CHANNEL_STATE_SET(htim, TIM_CHANNEL_2, HAL_TIM_CHANNEL_STATE_BUSY);
 4280              		.loc 1 1679 3 is_stmt 1 view .LVU1230
 4281 0042 0223     		movs	r3, #2
 4282              	.LVL302:
1679:Drivers/STM32F2xx_HAL_Driver/Src/stm32f2xx_hal_tim_ex.c ****   TIM_CHANNEL_STATE_SET(htim, TIM_CHANNEL_2, HAL_TIM_CHANNEL_STATE_BUSY);
 4283              		.loc 1 1679 3 is_stmt 0 view .LVU1231
 4284 0044 84F83E30 		strb	r3, [r4, #62]
1680:Drivers/STM32F2xx_HAL_Driver/Src/stm32f2xx_hal_tim_ex.c ****   TIM_CHANNEL_N_STATE_SET(htim, TIM_CHANNEL_1, HAL_TIM_CHANNEL_STATE_BUSY);
 4285              		.loc 1 1680 3 is_stmt 1 view .LVU1232
 4286 0048 84F83F30 		strb	r3, [r4, #63]
1681:Drivers/STM32F2xx_HAL_Driver/Src/stm32f2xx_hal_tim_ex.c ****   TIM_CHANNEL_N_STATE_SET(htim, TIM_CHANNEL_2, HAL_TIM_CHANNEL_STATE_BUSY);
 4287              		.loc 1 1681 3 view .LVU1233
 4288 004c 84F84230 		strb	r3, [r4, #66]
1682:Drivers/STM32F2xx_HAL_Driver/Src/stm32f2xx_hal_tim_ex.c **** 
 4289              		.loc 1 1682 3 view .LVU1234
 4290 0050 84F84330 		strb	r3, [r4, #67]
1685:Drivers/STM32F2xx_HAL_Driver/Src/stm32f2xx_hal_tim_ex.c **** 
 4291              		.loc 1 1685 3 view .LVU1235
 4292 0054 2268     		ldr	r2, [r4]
 4293              	.LVL303:
1685:Drivers/STM32F2xx_HAL_Driver/Src/stm32f2xx_hal_tim_ex.c **** 
 4294              		.loc 1 1685 3 is_stmt 0 view .LVU1236
 4295 0056 D368     		ldr	r3, [r2, #12]
 4296 0058 43F00203 		orr	r3, r3, #2
 4297 005c D360     		str	r3, [r2, #12]
1688:Drivers/STM32F2xx_HAL_Driver/Src/stm32f2xx_hal_tim_ex.c **** 
 4298              		.loc 1 1688 3 is_stmt 1 view .LVU1237
 4299 005e 2268     		ldr	r2, [r4]
 4300 0060 D368     		ldr	r3, [r2, #12]
 4301 0062 43F00403 		orr	r3, r3, #4
 4302 0066 D360     		str	r3, [r2, #12]
1691:Drivers/STM32F2xx_HAL_Driver/Src/stm32f2xx_hal_tim_ex.c ****   TIM_CCxChannelCmd(htim->Instance, input_channel, TIM_CCx_ENABLE);
 4303              		.loc 1 1691 3 view .LVU1238
 4304 0068 0422     		movs	r2, #4
 4305 006a 3146     		mov	r1, r6
 4306              	.LVL304:
1691:Drivers/STM32F2xx_HAL_Driver/Src/stm32f2xx_hal_tim_ex.c ****   TIM_CCxChannelCmd(htim->Instance, input_channel, TIM_CCx_ENABLE);
 4307              		.loc 1 1691 3 is_stmt 0 view .LVU1239
 4308 006c 2068     		ldr	r0, [r4]
 4309              	.LVL305:
1691:Drivers/STM32F2xx_HAL_Driver/Src/stm32f2xx_hal_tim_ex.c ****   TIM_CCxChannelCmd(htim->Instance, input_channel, TIM_CCx_ENABLE);
 4310              		.loc 1 1691 3 view .LVU1240
 4311 006e FFF7FEFF 		bl	TIM_CCxNChannelCmd
 4312              	.LVL306:
1692:Drivers/STM32F2xx_HAL_Driver/Src/stm32f2xx_hal_tim_ex.c **** 
 4313              		.loc 1 1692 3 is_stmt 1 view .LVU1241
 4314 0072 0122     		movs	r2, #1
 4315 0074 2946     		mov	r1, r5
 4316 0076 2068     		ldr	r0, [r4]
 4317 0078 FFF7FEFF 		bl	TIM_CCxChannelCmd
 4318              	.LVL307:
1695:Drivers/STM32F2xx_HAL_Driver/Src/stm32f2xx_hal_tim_ex.c **** 
 4319              		.loc 1 1695 3 view .LVU1242
 4320 007c 2268     		ldr	r2, [r4]
 4321 007e 536C     		ldr	r3, [r2, #68]
 4322 0080 43F40043 		orr	r3, r3, #32768
ARM GAS  /tmp/ccdDJwMc.s 			page 139


 4323 0084 5364     		str	r3, [r2, #68]
1698:Drivers/STM32F2xx_HAL_Driver/Src/stm32f2xx_hal_tim_ex.c **** }
 4324              		.loc 1 1698 3 view .LVU1243
1698:Drivers/STM32F2xx_HAL_Driver/Src/stm32f2xx_hal_tim_ex.c **** }
 4325              		.loc 1 1698 10 is_stmt 0 view .LVU1244
 4326 0086 0020     		movs	r0, #0
 4327 0088 00E0     		b	.L339
 4328              	.LVL308:
 4329              	.L341:
1675:Drivers/STM32F2xx_HAL_Driver/Src/stm32f2xx_hal_tim_ex.c ****   }
 4330              		.loc 1 1675 12 view .LVU1245
 4331 008a 0120     		movs	r0, #1
 4332              	.LVL309:
 4333              	.L339:
1699:Drivers/STM32F2xx_HAL_Driver/Src/stm32f2xx_hal_tim_ex.c **** 
 4334              		.loc 1 1699 1 view .LVU1246
 4335 008c 70BD     		pop	{r4, r5, r6, pc}
 4336              	.LVL310:
 4337              	.L342:
1675:Drivers/STM32F2xx_HAL_Driver/Src/stm32f2xx_hal_tim_ex.c ****   }
 4338              		.loc 1 1675 12 view .LVU1247
 4339 008e 1846     		mov	r0, r3
 4340              	.LVL311:
1675:Drivers/STM32F2xx_HAL_Driver/Src/stm32f2xx_hal_tim_ex.c ****   }
 4341              		.loc 1 1675 12 view .LVU1248
 4342 0090 FCE7     		b	.L339
 4343              		.cfi_endproc
 4344              	.LFE96:
 4346              		.section	.text.HAL_TIMEx_OnePulseN_Stop_IT,"ax",%progbits
 4347              		.align	1
 4348              		.global	HAL_TIMEx_OnePulseN_Stop_IT
 4349              		.syntax unified
 4350              		.thumb
 4351              		.thumb_func
 4353              	HAL_TIMEx_OnePulseN_Stop_IT:
 4354              	.LVL312:
 4355              	.LFB97:
1714:Drivers/STM32F2xx_HAL_Driver/Src/stm32f2xx_hal_tim_ex.c ****   uint32_t input_channel = (OutputChannel == TIM_CHANNEL_1) ? TIM_CHANNEL_2 : TIM_CHANNEL_1;
 4356              		.loc 1 1714 1 is_stmt 1 view -0
 4357              		.cfi_startproc
 4358              		@ args = 0, pretend = 0, frame = 0
 4359              		@ frame_needed = 0, uses_anonymous_args = 0
1714:Drivers/STM32F2xx_HAL_Driver/Src/stm32f2xx_hal_tim_ex.c ****   uint32_t input_channel = (OutputChannel == TIM_CHANNEL_1) ? TIM_CHANNEL_2 : TIM_CHANNEL_1;
 4360              		.loc 1 1714 1 is_stmt 0 view .LVU1250
 4361 0000 38B5     		push	{r3, r4, r5, lr}
 4362              	.LCFI29:
 4363              		.cfi_def_cfa_offset 16
 4364              		.cfi_offset 3, -16
 4365              		.cfi_offset 4, -12
 4366              		.cfi_offset 5, -8
 4367              		.cfi_offset 14, -4
 4368 0002 0446     		mov	r4, r0
1715:Drivers/STM32F2xx_HAL_Driver/Src/stm32f2xx_hal_tim_ex.c **** 
 4369              		.loc 1 1715 3 is_stmt 1 view .LVU1251
1715:Drivers/STM32F2xx_HAL_Driver/Src/stm32f2xx_hal_tim_ex.c **** 
 4370              		.loc 1 1715 77 is_stmt 0 view .LVU1252
 4371 0004 0029     		cmp	r1, #0
ARM GAS  /tmp/ccdDJwMc.s 			page 140


 4372 0006 3CD1     		bne	.L350
1715:Drivers/STM32F2xx_HAL_Driver/Src/stm32f2xx_hal_tim_ex.c **** 
 4373              		.loc 1 1715 77 discriminator 1 view .LVU1253
 4374 0008 0425     		movs	r5, #4
 4375              	.L347:
 4376              	.LVL313:
1718:Drivers/STM32F2xx_HAL_Driver/Src/stm32f2xx_hal_tim_ex.c **** 
 4377              		.loc 1 1718 3 is_stmt 1 view .LVU1254
1721:Drivers/STM32F2xx_HAL_Driver/Src/stm32f2xx_hal_tim_ex.c **** 
 4378              		.loc 1 1721 3 view .LVU1255
 4379 000a 2268     		ldr	r2, [r4]
 4380 000c D368     		ldr	r3, [r2, #12]
 4381 000e 23F00203 		bic	r3, r3, #2
 4382 0012 D360     		str	r3, [r2, #12]
1724:Drivers/STM32F2xx_HAL_Driver/Src/stm32f2xx_hal_tim_ex.c **** 
 4383              		.loc 1 1724 3 view .LVU1256
 4384 0014 2268     		ldr	r2, [r4]
 4385 0016 D368     		ldr	r3, [r2, #12]
 4386 0018 23F00403 		bic	r3, r3, #4
 4387 001c D360     		str	r3, [r2, #12]
1727:Drivers/STM32F2xx_HAL_Driver/Src/stm32f2xx_hal_tim_ex.c ****   TIM_CCxChannelCmd(htim->Instance, input_channel, TIM_CCx_DISABLE);
 4388              		.loc 1 1727 3 view .LVU1257
 4389 001e 0022     		movs	r2, #0
 4390 0020 2068     		ldr	r0, [r4]
 4391              	.LVL314:
1727:Drivers/STM32F2xx_HAL_Driver/Src/stm32f2xx_hal_tim_ex.c ****   TIM_CCxChannelCmd(htim->Instance, input_channel, TIM_CCx_DISABLE);
 4392              		.loc 1 1727 3 is_stmt 0 view .LVU1258
 4393 0022 FFF7FEFF 		bl	TIM_CCxNChannelCmd
 4394              	.LVL315:
1728:Drivers/STM32F2xx_HAL_Driver/Src/stm32f2xx_hal_tim_ex.c **** 
 4395              		.loc 1 1728 3 is_stmt 1 view .LVU1259
 4396 0026 0022     		movs	r2, #0
 4397 0028 2946     		mov	r1, r5
 4398 002a 2068     		ldr	r0, [r4]
 4399 002c FFF7FEFF 		bl	TIM_CCxChannelCmd
 4400              	.LVL316:
1731:Drivers/STM32F2xx_HAL_Driver/Src/stm32f2xx_hal_tim_ex.c **** 
 4401              		.loc 1 1731 3 view .LVU1260
1731:Drivers/STM32F2xx_HAL_Driver/Src/stm32f2xx_hal_tim_ex.c **** 
 4402              		.loc 1 1731 3 view .LVU1261
 4403 0030 2368     		ldr	r3, [r4]
 4404 0032 196A     		ldr	r1, [r3, #32]
 4405 0034 41F21112 		movw	r2, #4369
 4406 0038 1142     		tst	r1, r2
 4407 003a 08D1     		bne	.L348
1731:Drivers/STM32F2xx_HAL_Driver/Src/stm32f2xx_hal_tim_ex.c **** 
 4408              		.loc 1 1731 3 discriminator 1 view .LVU1262
 4409 003c 196A     		ldr	r1, [r3, #32]
 4410 003e 40F24442 		movw	r2, #1092
 4411 0042 1142     		tst	r1, r2
 4412 0044 03D1     		bne	.L348
1731:Drivers/STM32F2xx_HAL_Driver/Src/stm32f2xx_hal_tim_ex.c **** 
 4413              		.loc 1 1731 3 discriminator 3 view .LVU1263
 4414 0046 5A6C     		ldr	r2, [r3, #68]
 4415 0048 22F40042 		bic	r2, r2, #32768
 4416 004c 5A64     		str	r2, [r3, #68]
 4417              	.L348:
ARM GAS  /tmp/ccdDJwMc.s 			page 141


1731:Drivers/STM32F2xx_HAL_Driver/Src/stm32f2xx_hal_tim_ex.c **** 
 4418              		.loc 1 1731 3 discriminator 5 view .LVU1264
1734:Drivers/STM32F2xx_HAL_Driver/Src/stm32f2xx_hal_tim_ex.c **** 
 4419              		.loc 1 1734 3 view .LVU1265
1734:Drivers/STM32F2xx_HAL_Driver/Src/stm32f2xx_hal_tim_ex.c **** 
 4420              		.loc 1 1734 3 view .LVU1266
 4421 004e 2368     		ldr	r3, [r4]
 4422 0050 196A     		ldr	r1, [r3, #32]
 4423 0052 41F21112 		movw	r2, #4369
 4424 0056 1142     		tst	r1, r2
 4425 0058 08D1     		bne	.L349
1734:Drivers/STM32F2xx_HAL_Driver/Src/stm32f2xx_hal_tim_ex.c **** 
 4426              		.loc 1 1734 3 discriminator 1 view .LVU1267
 4427 005a 196A     		ldr	r1, [r3, #32]
 4428 005c 40F24442 		movw	r2, #1092
 4429 0060 1142     		tst	r1, r2
 4430 0062 03D1     		bne	.L349
1734:Drivers/STM32F2xx_HAL_Driver/Src/stm32f2xx_hal_tim_ex.c **** 
 4431              		.loc 1 1734 3 discriminator 3 view .LVU1268
 4432 0064 1A68     		ldr	r2, [r3]
 4433 0066 22F00102 		bic	r2, r2, #1
 4434 006a 1A60     		str	r2, [r3]
 4435              	.L349:
1734:Drivers/STM32F2xx_HAL_Driver/Src/stm32f2xx_hal_tim_ex.c **** 
 4436              		.loc 1 1734 3 discriminator 5 view .LVU1269
1737:Drivers/STM32F2xx_HAL_Driver/Src/stm32f2xx_hal_tim_ex.c ****   TIM_CHANNEL_STATE_SET(htim, TIM_CHANNEL_2, HAL_TIM_CHANNEL_STATE_READY);
 4437              		.loc 1 1737 3 view .LVU1270
 4438 006c 0123     		movs	r3, #1
 4439 006e 84F83E30 		strb	r3, [r4, #62]
1738:Drivers/STM32F2xx_HAL_Driver/Src/stm32f2xx_hal_tim_ex.c ****   TIM_CHANNEL_N_STATE_SET(htim, TIM_CHANNEL_1, HAL_TIM_CHANNEL_STATE_READY);
 4440              		.loc 1 1738 3 view .LVU1271
 4441 0072 84F83F30 		strb	r3, [r4, #63]
1739:Drivers/STM32F2xx_HAL_Driver/Src/stm32f2xx_hal_tim_ex.c ****   TIM_CHANNEL_N_STATE_SET(htim, TIM_CHANNEL_2, HAL_TIM_CHANNEL_STATE_READY);
 4442              		.loc 1 1739 3 view .LVU1272
 4443 0076 84F84230 		strb	r3, [r4, #66]
1740:Drivers/STM32F2xx_HAL_Driver/Src/stm32f2xx_hal_tim_ex.c **** 
 4444              		.loc 1 1740 3 view .LVU1273
 4445 007a 84F84330 		strb	r3, [r4, #67]
1743:Drivers/STM32F2xx_HAL_Driver/Src/stm32f2xx_hal_tim_ex.c **** }
 4446              		.loc 1 1743 3 view .LVU1274
1744:Drivers/STM32F2xx_HAL_Driver/Src/stm32f2xx_hal_tim_ex.c **** 
 4447              		.loc 1 1744 1 is_stmt 0 view .LVU1275
 4448 007e 0020     		movs	r0, #0
 4449 0080 38BD     		pop	{r3, r4, r5, pc}
 4450              	.LVL317:
 4451              	.L350:
1715:Drivers/STM32F2xx_HAL_Driver/Src/stm32f2xx_hal_tim_ex.c **** 
 4452              		.loc 1 1715 77 discriminator 2 view .LVU1276
 4453 0082 0025     		movs	r5, #0
 4454 0084 C1E7     		b	.L347
 4455              		.cfi_endproc
 4456              	.LFE97:
 4458              		.section	.text.HAL_TIMEx_ConfigCommutEvent,"ax",%progbits
 4459              		.align	1
 4460              		.global	HAL_TIMEx_ConfigCommutEvent
 4461              		.syntax unified
 4462              		.thumb
ARM GAS  /tmp/ccdDJwMc.s 			page 142


 4463              		.thumb_func
 4465              	HAL_TIMEx_ConfigCommutEvent:
 4466              	.LVL318:
 4467              	.LFB98:
1794:Drivers/STM32F2xx_HAL_Driver/Src/stm32f2xx_hal_tim_ex.c ****   /* Check the parameters */
 4468              		.loc 1 1794 1 is_stmt 1 view -0
 4469              		.cfi_startproc
 4470              		@ args = 0, pretend = 0, frame = 0
 4471              		@ frame_needed = 0, uses_anonymous_args = 0
 4472              		@ link register save eliminated.
1794:Drivers/STM32F2xx_HAL_Driver/Src/stm32f2xx_hal_tim_ex.c ****   /* Check the parameters */
 4473              		.loc 1 1794 1 is_stmt 0 view .LVU1278
 4474 0000 0346     		mov	r3, r0
1796:Drivers/STM32F2xx_HAL_Driver/Src/stm32f2xx_hal_tim_ex.c ****   assert_param(IS_TIM_INTERNAL_TRIGGEREVENT_SELECTION(InputTrigger));
 4475              		.loc 1 1796 3 is_stmt 1 view .LVU1279
1797:Drivers/STM32F2xx_HAL_Driver/Src/stm32f2xx_hal_tim_ex.c **** 
 4476              		.loc 1 1797 3 view .LVU1280
1799:Drivers/STM32F2xx_HAL_Driver/Src/stm32f2xx_hal_tim_ex.c **** 
 4477              		.loc 1 1799 3 view .LVU1281
1799:Drivers/STM32F2xx_HAL_Driver/Src/stm32f2xx_hal_tim_ex.c **** 
 4478              		.loc 1 1799 3 view .LVU1282
 4479 0002 90F83C00 		ldrb	r0, [r0, #60]	@ zero_extendqisi2
 4480              	.LVL319:
1799:Drivers/STM32F2xx_HAL_Driver/Src/stm32f2xx_hal_tim_ex.c **** 
 4481              		.loc 1 1799 3 is_stmt 0 view .LVU1283
 4482 0006 0128     		cmp	r0, #1
 4483 0008 32D0     		beq	.L357
1794:Drivers/STM32F2xx_HAL_Driver/Src/stm32f2xx_hal_tim_ex.c ****   /* Check the parameters */
 4484              		.loc 1 1794 1 view .LVU1284
 4485 000a 10B4     		push	{r4}
 4486              	.LCFI30:
 4487              		.cfi_def_cfa_offset 4
 4488              		.cfi_offset 4, -4
1799:Drivers/STM32F2xx_HAL_Driver/Src/stm32f2xx_hal_tim_ex.c **** 
 4489              		.loc 1 1799 3 is_stmt 1 discriminator 2 view .LVU1285
 4490 000c 0120     		movs	r0, #1
 4491 000e 83F83C00 		strb	r0, [r3, #60]
1799:Drivers/STM32F2xx_HAL_Driver/Src/stm32f2xx_hal_tim_ex.c **** 
 4492              		.loc 1 1799 3 view .LVU1286
1801:Drivers/STM32F2xx_HAL_Driver/Src/stm32f2xx_hal_tim_ex.c ****       (InputTrigger == TIM_TS_ITR2) || (InputTrigger == TIM_TS_ITR3))
 4493              		.loc 1 1801 3 view .LVU1287
 4494 0012 2029     		cmp	r1, #32
 4495 0014 03D0     		beq	.L354
 4496 0016 28D8     		bhi	.L355
 4497 0018 09B1     		cbz	r1, .L354
 4498 001a 1029     		cmp	r1, #16
 4499 001c 08D1     		bne	.L356
 4500              	.L354:
1805:Drivers/STM32F2xx_HAL_Driver/Src/stm32f2xx_hal_tim_ex.c ****     htim->Instance->SMCR |= InputTrigger;
 4501              		.loc 1 1805 5 view .LVU1288
1805:Drivers/STM32F2xx_HAL_Driver/Src/stm32f2xx_hal_tim_ex.c ****     htim->Instance->SMCR |= InputTrigger;
 4502              		.loc 1 1805 9 is_stmt 0 view .LVU1289
 4503 001e 1C68     		ldr	r4, [r3]
1805:Drivers/STM32F2xx_HAL_Driver/Src/stm32f2xx_hal_tim_ex.c ****     htim->Instance->SMCR |= InputTrigger;
 4504              		.loc 1 1805 19 view .LVU1290
 4505 0020 A068     		ldr	r0, [r4, #8]
1805:Drivers/STM32F2xx_HAL_Driver/Src/stm32f2xx_hal_tim_ex.c ****     htim->Instance->SMCR |= InputTrigger;
ARM GAS  /tmp/ccdDJwMc.s 			page 143


 4506              		.loc 1 1805 26 view .LVU1291
 4507 0022 20F07000 		bic	r0, r0, #112
 4508 0026 A060     		str	r0, [r4, #8]
1806:Drivers/STM32F2xx_HAL_Driver/Src/stm32f2xx_hal_tim_ex.c ****   }
 4509              		.loc 1 1806 5 is_stmt 1 view .LVU1292
1806:Drivers/STM32F2xx_HAL_Driver/Src/stm32f2xx_hal_tim_ex.c ****   }
 4510              		.loc 1 1806 9 is_stmt 0 view .LVU1293
 4511 0028 1C68     		ldr	r4, [r3]
1806:Drivers/STM32F2xx_HAL_Driver/Src/stm32f2xx_hal_tim_ex.c ****   }
 4512              		.loc 1 1806 19 view .LVU1294
 4513 002a A068     		ldr	r0, [r4, #8]
1806:Drivers/STM32F2xx_HAL_Driver/Src/stm32f2xx_hal_tim_ex.c ****   }
 4514              		.loc 1 1806 26 view .LVU1295
 4515 002c 0143     		orrs	r1, r1, r0
 4516              	.LVL320:
1806:Drivers/STM32F2xx_HAL_Driver/Src/stm32f2xx_hal_tim_ex.c ****   }
 4517              		.loc 1 1806 26 view .LVU1296
 4518 002e A160     		str	r1, [r4, #8]
 4519              	.L356:
1810:Drivers/STM32F2xx_HAL_Driver/Src/stm32f2xx_hal_tim_ex.c ****   /* Select the Commutation event source */
 4520              		.loc 1 1810 3 is_stmt 1 view .LVU1297
1810:Drivers/STM32F2xx_HAL_Driver/Src/stm32f2xx_hal_tim_ex.c ****   /* Select the Commutation event source */
 4521              		.loc 1 1810 7 is_stmt 0 view .LVU1298
 4522 0030 1868     		ldr	r0, [r3]
1810:Drivers/STM32F2xx_HAL_Driver/Src/stm32f2xx_hal_tim_ex.c ****   /* Select the Commutation event source */
 4523              		.loc 1 1810 17 view .LVU1299
 4524 0032 4168     		ldr	r1, [r0, #4]
1810:Drivers/STM32F2xx_HAL_Driver/Src/stm32f2xx_hal_tim_ex.c ****   /* Select the Commutation event source */
 4525              		.loc 1 1810 23 view .LVU1300
 4526 0034 41F00101 		orr	r1, r1, #1
 4527 0038 4160     		str	r1, [r0, #4]
1812:Drivers/STM32F2xx_HAL_Driver/Src/stm32f2xx_hal_tim_ex.c ****   htim->Instance->CR2 |= CommutationSource;
 4528              		.loc 1 1812 3 is_stmt 1 view .LVU1301
1812:Drivers/STM32F2xx_HAL_Driver/Src/stm32f2xx_hal_tim_ex.c ****   htim->Instance->CR2 |= CommutationSource;
 4529              		.loc 1 1812 7 is_stmt 0 view .LVU1302
 4530 003a 1868     		ldr	r0, [r3]
1812:Drivers/STM32F2xx_HAL_Driver/Src/stm32f2xx_hal_tim_ex.c ****   htim->Instance->CR2 |= CommutationSource;
 4531              		.loc 1 1812 17 view .LVU1303
 4532 003c 4168     		ldr	r1, [r0, #4]
1812:Drivers/STM32F2xx_HAL_Driver/Src/stm32f2xx_hal_tim_ex.c ****   htim->Instance->CR2 |= CommutationSource;
 4533              		.loc 1 1812 23 view .LVU1304
 4534 003e 21F00401 		bic	r1, r1, #4
 4535 0042 4160     		str	r1, [r0, #4]
1813:Drivers/STM32F2xx_HAL_Driver/Src/stm32f2xx_hal_tim_ex.c **** 
 4536              		.loc 1 1813 3 is_stmt 1 view .LVU1305
1813:Drivers/STM32F2xx_HAL_Driver/Src/stm32f2xx_hal_tim_ex.c **** 
 4537              		.loc 1 1813 7 is_stmt 0 view .LVU1306
 4538 0044 1868     		ldr	r0, [r3]
1813:Drivers/STM32F2xx_HAL_Driver/Src/stm32f2xx_hal_tim_ex.c **** 
 4539              		.loc 1 1813 17 view .LVU1307
 4540 0046 4168     		ldr	r1, [r0, #4]
1813:Drivers/STM32F2xx_HAL_Driver/Src/stm32f2xx_hal_tim_ex.c **** 
 4541              		.loc 1 1813 23 view .LVU1308
 4542 0048 0A43     		orrs	r2, r2, r1
 4543              	.LVL321:
1813:Drivers/STM32F2xx_HAL_Driver/Src/stm32f2xx_hal_tim_ex.c **** 
 4544              		.loc 1 1813 23 view .LVU1309
ARM GAS  /tmp/ccdDJwMc.s 			page 144


 4545 004a 4260     		str	r2, [r0, #4]
1816:Drivers/STM32F2xx_HAL_Driver/Src/stm32f2xx_hal_tim_ex.c **** 
 4546              		.loc 1 1816 3 is_stmt 1 view .LVU1310
 4547 004c 1968     		ldr	r1, [r3]
 4548 004e CA68     		ldr	r2, [r1, #12]
 4549 0050 22F02002 		bic	r2, r2, #32
 4550 0054 CA60     		str	r2, [r1, #12]
1819:Drivers/STM32F2xx_HAL_Driver/Src/stm32f2xx_hal_tim_ex.c **** 
 4551              		.loc 1 1819 3 view .LVU1311
 4552 0056 1968     		ldr	r1, [r3]
 4553 0058 CA68     		ldr	r2, [r1, #12]
 4554 005a 22F40052 		bic	r2, r2, #8192
 4555 005e CA60     		str	r2, [r1, #12]
1821:Drivers/STM32F2xx_HAL_Driver/Src/stm32f2xx_hal_tim_ex.c **** 
 4556              		.loc 1 1821 3 view .LVU1312
1821:Drivers/STM32F2xx_HAL_Driver/Src/stm32f2xx_hal_tim_ex.c **** 
 4557              		.loc 1 1821 3 view .LVU1313
 4558 0060 0020     		movs	r0, #0
 4559 0062 83F83C00 		strb	r0, [r3, #60]
1821:Drivers/STM32F2xx_HAL_Driver/Src/stm32f2xx_hal_tim_ex.c **** 
 4560              		.loc 1 1821 3 view .LVU1314
1823:Drivers/STM32F2xx_HAL_Driver/Src/stm32f2xx_hal_tim_ex.c **** }
 4561              		.loc 1 1823 3 view .LVU1315
1824:Drivers/STM32F2xx_HAL_Driver/Src/stm32f2xx_hal_tim_ex.c **** 
 4562              		.loc 1 1824 1 is_stmt 0 view .LVU1316
 4563 0066 10BC     		pop	{r4}
 4564              	.LCFI31:
 4565              		.cfi_remember_state
 4566              		.cfi_restore 4
 4567              		.cfi_def_cfa_offset 0
 4568 0068 7047     		bx	lr
 4569              	.LVL322:
 4570              	.L355:
 4571              	.LCFI32:
 4572              		.cfi_restore_state
1824:Drivers/STM32F2xx_HAL_Driver/Src/stm32f2xx_hal_tim_ex.c **** 
 4573              		.loc 1 1824 1 view .LVU1317
 4574 006a 3029     		cmp	r1, #48
 4575 006c E0D1     		bne	.L356
 4576 006e D6E7     		b	.L354
 4577              	.L357:
 4578              	.LCFI33:
 4579              		.cfi_def_cfa_offset 0
 4580              		.cfi_restore 4
1799:Drivers/STM32F2xx_HAL_Driver/Src/stm32f2xx_hal_tim_ex.c **** 
 4581              		.loc 1 1799 3 discriminator 1 view .LVU1318
 4582 0070 0220     		movs	r0, #2
1824:Drivers/STM32F2xx_HAL_Driver/Src/stm32f2xx_hal_tim_ex.c **** 
 4583              		.loc 1 1824 1 view .LVU1319
 4584 0072 7047     		bx	lr
 4585              		.cfi_endproc
 4586              	.LFE98:
 4588              		.section	.text.HAL_TIMEx_ConfigCommutEvent_IT,"ax",%progbits
 4589              		.align	1
 4590              		.global	HAL_TIMEx_ConfigCommutEvent_IT
 4591              		.syntax unified
 4592              		.thumb
ARM GAS  /tmp/ccdDJwMc.s 			page 145


 4593              		.thumb_func
 4595              	HAL_TIMEx_ConfigCommutEvent_IT:
 4596              	.LVL323:
 4597              	.LFB99:
1850:Drivers/STM32F2xx_HAL_Driver/Src/stm32f2xx_hal_tim_ex.c ****   /* Check the parameters */
 4598              		.loc 1 1850 1 is_stmt 1 view -0
 4599              		.cfi_startproc
 4600              		@ args = 0, pretend = 0, frame = 0
 4601              		@ frame_needed = 0, uses_anonymous_args = 0
 4602              		@ link register save eliminated.
1850:Drivers/STM32F2xx_HAL_Driver/Src/stm32f2xx_hal_tim_ex.c ****   /* Check the parameters */
 4603              		.loc 1 1850 1 is_stmt 0 view .LVU1321
 4604 0000 0346     		mov	r3, r0
1852:Drivers/STM32F2xx_HAL_Driver/Src/stm32f2xx_hal_tim_ex.c ****   assert_param(IS_TIM_INTERNAL_TRIGGEREVENT_SELECTION(InputTrigger));
 4605              		.loc 1 1852 3 is_stmt 1 view .LVU1322
1853:Drivers/STM32F2xx_HAL_Driver/Src/stm32f2xx_hal_tim_ex.c **** 
 4606              		.loc 1 1853 3 view .LVU1323
1855:Drivers/STM32F2xx_HAL_Driver/Src/stm32f2xx_hal_tim_ex.c **** 
 4607              		.loc 1 1855 3 view .LVU1324
1855:Drivers/STM32F2xx_HAL_Driver/Src/stm32f2xx_hal_tim_ex.c **** 
 4608              		.loc 1 1855 3 view .LVU1325
 4609 0002 90F83C00 		ldrb	r0, [r0, #60]	@ zero_extendqisi2
 4610              	.LVL324:
1855:Drivers/STM32F2xx_HAL_Driver/Src/stm32f2xx_hal_tim_ex.c **** 
 4611              		.loc 1 1855 3 is_stmt 0 view .LVU1326
 4612 0006 0128     		cmp	r0, #1
 4613 0008 32D0     		beq	.L367
1850:Drivers/STM32F2xx_HAL_Driver/Src/stm32f2xx_hal_tim_ex.c ****   /* Check the parameters */
 4614              		.loc 1 1850 1 view .LVU1327
 4615 000a 10B4     		push	{r4}
 4616              	.LCFI34:
 4617              		.cfi_def_cfa_offset 4
 4618              		.cfi_offset 4, -4
1855:Drivers/STM32F2xx_HAL_Driver/Src/stm32f2xx_hal_tim_ex.c **** 
 4619              		.loc 1 1855 3 is_stmt 1 discriminator 2 view .LVU1328
 4620 000c 0120     		movs	r0, #1
 4621 000e 83F83C00 		strb	r0, [r3, #60]
1855:Drivers/STM32F2xx_HAL_Driver/Src/stm32f2xx_hal_tim_ex.c **** 
 4622              		.loc 1 1855 3 view .LVU1329
1857:Drivers/STM32F2xx_HAL_Driver/Src/stm32f2xx_hal_tim_ex.c ****       (InputTrigger == TIM_TS_ITR2) || (InputTrigger == TIM_TS_ITR3))
 4623              		.loc 1 1857 3 view .LVU1330
 4624 0012 2029     		cmp	r1, #32
 4625 0014 03D0     		beq	.L364
 4626 0016 28D8     		bhi	.L365
 4627 0018 09B1     		cbz	r1, .L364
 4628 001a 1029     		cmp	r1, #16
 4629 001c 08D1     		bne	.L366
 4630              	.L364:
1861:Drivers/STM32F2xx_HAL_Driver/Src/stm32f2xx_hal_tim_ex.c ****     htim->Instance->SMCR |= InputTrigger;
 4631              		.loc 1 1861 5 view .LVU1331
1861:Drivers/STM32F2xx_HAL_Driver/Src/stm32f2xx_hal_tim_ex.c ****     htim->Instance->SMCR |= InputTrigger;
 4632              		.loc 1 1861 9 is_stmt 0 view .LVU1332
 4633 001e 1C68     		ldr	r4, [r3]
1861:Drivers/STM32F2xx_HAL_Driver/Src/stm32f2xx_hal_tim_ex.c ****     htim->Instance->SMCR |= InputTrigger;
 4634              		.loc 1 1861 19 view .LVU1333
 4635 0020 A068     		ldr	r0, [r4, #8]
1861:Drivers/STM32F2xx_HAL_Driver/Src/stm32f2xx_hal_tim_ex.c ****     htim->Instance->SMCR |= InputTrigger;
ARM GAS  /tmp/ccdDJwMc.s 			page 146


 4636              		.loc 1 1861 26 view .LVU1334
 4637 0022 20F07000 		bic	r0, r0, #112
 4638 0026 A060     		str	r0, [r4, #8]
1862:Drivers/STM32F2xx_HAL_Driver/Src/stm32f2xx_hal_tim_ex.c ****   }
 4639              		.loc 1 1862 5 is_stmt 1 view .LVU1335
1862:Drivers/STM32F2xx_HAL_Driver/Src/stm32f2xx_hal_tim_ex.c ****   }
 4640              		.loc 1 1862 9 is_stmt 0 view .LVU1336
 4641 0028 1C68     		ldr	r4, [r3]
1862:Drivers/STM32F2xx_HAL_Driver/Src/stm32f2xx_hal_tim_ex.c ****   }
 4642              		.loc 1 1862 19 view .LVU1337
 4643 002a A068     		ldr	r0, [r4, #8]
1862:Drivers/STM32F2xx_HAL_Driver/Src/stm32f2xx_hal_tim_ex.c ****   }
 4644              		.loc 1 1862 26 view .LVU1338
 4645 002c 0143     		orrs	r1, r1, r0
 4646              	.LVL325:
1862:Drivers/STM32F2xx_HAL_Driver/Src/stm32f2xx_hal_tim_ex.c ****   }
 4647              		.loc 1 1862 26 view .LVU1339
 4648 002e A160     		str	r1, [r4, #8]
 4649              	.L366:
1866:Drivers/STM32F2xx_HAL_Driver/Src/stm32f2xx_hal_tim_ex.c ****   /* Select the Commutation event source */
 4650              		.loc 1 1866 3 is_stmt 1 view .LVU1340
1866:Drivers/STM32F2xx_HAL_Driver/Src/stm32f2xx_hal_tim_ex.c ****   /* Select the Commutation event source */
 4651              		.loc 1 1866 7 is_stmt 0 view .LVU1341
 4652 0030 1868     		ldr	r0, [r3]
1866:Drivers/STM32F2xx_HAL_Driver/Src/stm32f2xx_hal_tim_ex.c ****   /* Select the Commutation event source */
 4653              		.loc 1 1866 17 view .LVU1342
 4654 0032 4168     		ldr	r1, [r0, #4]
1866:Drivers/STM32F2xx_HAL_Driver/Src/stm32f2xx_hal_tim_ex.c ****   /* Select the Commutation event source */
 4655              		.loc 1 1866 23 view .LVU1343
 4656 0034 41F00101 		orr	r1, r1, #1
 4657 0038 4160     		str	r1, [r0, #4]
1868:Drivers/STM32F2xx_HAL_Driver/Src/stm32f2xx_hal_tim_ex.c ****   htim->Instance->CR2 |= CommutationSource;
 4658              		.loc 1 1868 3 is_stmt 1 view .LVU1344
1868:Drivers/STM32F2xx_HAL_Driver/Src/stm32f2xx_hal_tim_ex.c ****   htim->Instance->CR2 |= CommutationSource;
 4659              		.loc 1 1868 7 is_stmt 0 view .LVU1345
 4660 003a 1868     		ldr	r0, [r3]
1868:Drivers/STM32F2xx_HAL_Driver/Src/stm32f2xx_hal_tim_ex.c ****   htim->Instance->CR2 |= CommutationSource;
 4661              		.loc 1 1868 17 view .LVU1346
 4662 003c 4168     		ldr	r1, [r0, #4]
1868:Drivers/STM32F2xx_HAL_Driver/Src/stm32f2xx_hal_tim_ex.c ****   htim->Instance->CR2 |= CommutationSource;
 4663              		.loc 1 1868 23 view .LVU1347
 4664 003e 21F00401 		bic	r1, r1, #4
 4665 0042 4160     		str	r1, [r0, #4]
1869:Drivers/STM32F2xx_HAL_Driver/Src/stm32f2xx_hal_tim_ex.c **** 
 4666              		.loc 1 1869 3 is_stmt 1 view .LVU1348
1869:Drivers/STM32F2xx_HAL_Driver/Src/stm32f2xx_hal_tim_ex.c **** 
 4667              		.loc 1 1869 7 is_stmt 0 view .LVU1349
 4668 0044 1868     		ldr	r0, [r3]
1869:Drivers/STM32F2xx_HAL_Driver/Src/stm32f2xx_hal_tim_ex.c **** 
 4669              		.loc 1 1869 17 view .LVU1350
 4670 0046 4168     		ldr	r1, [r0, #4]
1869:Drivers/STM32F2xx_HAL_Driver/Src/stm32f2xx_hal_tim_ex.c **** 
 4671              		.loc 1 1869 23 view .LVU1351
 4672 0048 0A43     		orrs	r2, r2, r1
 4673              	.LVL326:
1869:Drivers/STM32F2xx_HAL_Driver/Src/stm32f2xx_hal_tim_ex.c **** 
 4674              		.loc 1 1869 23 view .LVU1352
ARM GAS  /tmp/ccdDJwMc.s 			page 147


 4675 004a 4260     		str	r2, [r0, #4]
1872:Drivers/STM32F2xx_HAL_Driver/Src/stm32f2xx_hal_tim_ex.c **** 
 4676              		.loc 1 1872 3 is_stmt 1 view .LVU1353
 4677 004c 1968     		ldr	r1, [r3]
 4678 004e CA68     		ldr	r2, [r1, #12]
 4679 0050 22F40052 		bic	r2, r2, #8192
 4680 0054 CA60     		str	r2, [r1, #12]
1875:Drivers/STM32F2xx_HAL_Driver/Src/stm32f2xx_hal_tim_ex.c **** 
 4681              		.loc 1 1875 3 view .LVU1354
 4682 0056 1968     		ldr	r1, [r3]
 4683 0058 CA68     		ldr	r2, [r1, #12]
 4684 005a 42F02002 		orr	r2, r2, #32
 4685 005e CA60     		str	r2, [r1, #12]
1877:Drivers/STM32F2xx_HAL_Driver/Src/stm32f2xx_hal_tim_ex.c **** 
 4686              		.loc 1 1877 3 view .LVU1355
1877:Drivers/STM32F2xx_HAL_Driver/Src/stm32f2xx_hal_tim_ex.c **** 
 4687              		.loc 1 1877 3 view .LVU1356
 4688 0060 0020     		movs	r0, #0
 4689 0062 83F83C00 		strb	r0, [r3, #60]
1877:Drivers/STM32F2xx_HAL_Driver/Src/stm32f2xx_hal_tim_ex.c **** 
 4690              		.loc 1 1877 3 view .LVU1357
1879:Drivers/STM32F2xx_HAL_Driver/Src/stm32f2xx_hal_tim_ex.c **** }
 4691              		.loc 1 1879 3 view .LVU1358
1880:Drivers/STM32F2xx_HAL_Driver/Src/stm32f2xx_hal_tim_ex.c **** 
 4692              		.loc 1 1880 1 is_stmt 0 view .LVU1359
 4693 0066 10BC     		pop	{r4}
 4694              	.LCFI35:
 4695              		.cfi_remember_state
 4696              		.cfi_restore 4
 4697              		.cfi_def_cfa_offset 0
 4698 0068 7047     		bx	lr
 4699              	.LVL327:
 4700              	.L365:
 4701              	.LCFI36:
 4702              		.cfi_restore_state
1880:Drivers/STM32F2xx_HAL_Driver/Src/stm32f2xx_hal_tim_ex.c **** 
 4703              		.loc 1 1880 1 view .LVU1360
 4704 006a 3029     		cmp	r1, #48
 4705 006c E0D1     		bne	.L366
 4706 006e D6E7     		b	.L364
 4707              	.L367:
 4708              	.LCFI37:
 4709              		.cfi_def_cfa_offset 0
 4710              		.cfi_restore 4
1855:Drivers/STM32F2xx_HAL_Driver/Src/stm32f2xx_hal_tim_ex.c **** 
 4711              		.loc 1 1855 3 discriminator 1 view .LVU1361
 4712 0070 0220     		movs	r0, #2
1880:Drivers/STM32F2xx_HAL_Driver/Src/stm32f2xx_hal_tim_ex.c **** 
 4713              		.loc 1 1880 1 view .LVU1362
 4714 0072 7047     		bx	lr
 4715              		.cfi_endproc
 4716              	.LFE99:
 4718              		.section	.text.HAL_TIMEx_ConfigCommutEvent_DMA,"ax",%progbits
 4719              		.align	1
 4720              		.global	HAL_TIMEx_ConfigCommutEvent_DMA
 4721              		.syntax unified
 4722              		.thumb
ARM GAS  /tmp/ccdDJwMc.s 			page 148


 4723              		.thumb_func
 4725              	HAL_TIMEx_ConfigCommutEvent_DMA:
 4726              	.LVL328:
 4727              	.LFB100:
1907:Drivers/STM32F2xx_HAL_Driver/Src/stm32f2xx_hal_tim_ex.c ****   /* Check the parameters */
 4728              		.loc 1 1907 1 is_stmt 1 view -0
 4729              		.cfi_startproc
 4730              		@ args = 0, pretend = 0, frame = 0
 4731              		@ frame_needed = 0, uses_anonymous_args = 0
 4732              		@ link register save eliminated.
1907:Drivers/STM32F2xx_HAL_Driver/Src/stm32f2xx_hal_tim_ex.c ****   /* Check the parameters */
 4733              		.loc 1 1907 1 is_stmt 0 view .LVU1364
 4734 0000 0346     		mov	r3, r0
1909:Drivers/STM32F2xx_HAL_Driver/Src/stm32f2xx_hal_tim_ex.c ****   assert_param(IS_TIM_INTERNAL_TRIGGEREVENT_SELECTION(InputTrigger));
 4735              		.loc 1 1909 3 is_stmt 1 view .LVU1365
1910:Drivers/STM32F2xx_HAL_Driver/Src/stm32f2xx_hal_tim_ex.c **** 
 4736              		.loc 1 1910 3 view .LVU1366
1912:Drivers/STM32F2xx_HAL_Driver/Src/stm32f2xx_hal_tim_ex.c **** 
 4737              		.loc 1 1912 3 view .LVU1367
1912:Drivers/STM32F2xx_HAL_Driver/Src/stm32f2xx_hal_tim_ex.c **** 
 4738              		.loc 1 1912 3 view .LVU1368
 4739 0002 90F83C00 		ldrb	r0, [r0, #60]	@ zero_extendqisi2
 4740              	.LVL329:
1912:Drivers/STM32F2xx_HAL_Driver/Src/stm32f2xx_hal_tim_ex.c **** 
 4741              		.loc 1 1912 3 is_stmt 0 view .LVU1369
 4742 0006 0128     		cmp	r0, #1
 4743 0008 3BD0     		beq	.L377
1907:Drivers/STM32F2xx_HAL_Driver/Src/stm32f2xx_hal_tim_ex.c ****   /* Check the parameters */
 4744              		.loc 1 1907 1 view .LVU1370
 4745 000a 10B4     		push	{r4}
 4746              	.LCFI38:
 4747              		.cfi_def_cfa_offset 4
 4748              		.cfi_offset 4, -4
1912:Drivers/STM32F2xx_HAL_Driver/Src/stm32f2xx_hal_tim_ex.c **** 
 4749              		.loc 1 1912 3 is_stmt 1 discriminator 2 view .LVU1371
 4750 000c 0120     		movs	r0, #1
 4751 000e 83F83C00 		strb	r0, [r3, #60]
1912:Drivers/STM32F2xx_HAL_Driver/Src/stm32f2xx_hal_tim_ex.c **** 
 4752              		.loc 1 1912 3 view .LVU1372
1914:Drivers/STM32F2xx_HAL_Driver/Src/stm32f2xx_hal_tim_ex.c ****       (InputTrigger == TIM_TS_ITR2) || (InputTrigger == TIM_TS_ITR3))
 4753              		.loc 1 1914 3 view .LVU1373
 4754 0012 2029     		cmp	r1, #32
 4755 0014 03D0     		beq	.L374
 4756 0016 31D8     		bhi	.L375
 4757 0018 09B1     		cbz	r1, .L374
 4758 001a 1029     		cmp	r1, #16
 4759 001c 08D1     		bne	.L376
 4760              	.L374:
1918:Drivers/STM32F2xx_HAL_Driver/Src/stm32f2xx_hal_tim_ex.c ****     htim->Instance->SMCR |= InputTrigger;
 4761              		.loc 1 1918 5 view .LVU1374
1918:Drivers/STM32F2xx_HAL_Driver/Src/stm32f2xx_hal_tim_ex.c ****     htim->Instance->SMCR |= InputTrigger;
 4762              		.loc 1 1918 9 is_stmt 0 view .LVU1375
 4763 001e 1C68     		ldr	r4, [r3]
1918:Drivers/STM32F2xx_HAL_Driver/Src/stm32f2xx_hal_tim_ex.c ****     htim->Instance->SMCR |= InputTrigger;
 4764              		.loc 1 1918 19 view .LVU1376
 4765 0020 A068     		ldr	r0, [r4, #8]
1918:Drivers/STM32F2xx_HAL_Driver/Src/stm32f2xx_hal_tim_ex.c ****     htim->Instance->SMCR |= InputTrigger;
ARM GAS  /tmp/ccdDJwMc.s 			page 149


 4766              		.loc 1 1918 26 view .LVU1377
 4767 0022 20F07000 		bic	r0, r0, #112
 4768 0026 A060     		str	r0, [r4, #8]
1919:Drivers/STM32F2xx_HAL_Driver/Src/stm32f2xx_hal_tim_ex.c ****   }
 4769              		.loc 1 1919 5 is_stmt 1 view .LVU1378
1919:Drivers/STM32F2xx_HAL_Driver/Src/stm32f2xx_hal_tim_ex.c ****   }
 4770              		.loc 1 1919 9 is_stmt 0 view .LVU1379
 4771 0028 1C68     		ldr	r4, [r3]
1919:Drivers/STM32F2xx_HAL_Driver/Src/stm32f2xx_hal_tim_ex.c ****   }
 4772              		.loc 1 1919 19 view .LVU1380
 4773 002a A068     		ldr	r0, [r4, #8]
1919:Drivers/STM32F2xx_HAL_Driver/Src/stm32f2xx_hal_tim_ex.c ****   }
 4774              		.loc 1 1919 26 view .LVU1381
 4775 002c 0143     		orrs	r1, r1, r0
 4776              	.LVL330:
1919:Drivers/STM32F2xx_HAL_Driver/Src/stm32f2xx_hal_tim_ex.c ****   }
 4777              		.loc 1 1919 26 view .LVU1382
 4778 002e A160     		str	r1, [r4, #8]
 4779              	.L376:
1923:Drivers/STM32F2xx_HAL_Driver/Src/stm32f2xx_hal_tim_ex.c ****   /* Select the Commutation event source */
 4780              		.loc 1 1923 3 is_stmt 1 view .LVU1383
1923:Drivers/STM32F2xx_HAL_Driver/Src/stm32f2xx_hal_tim_ex.c ****   /* Select the Commutation event source */
 4781              		.loc 1 1923 7 is_stmt 0 view .LVU1384
 4782 0030 1868     		ldr	r0, [r3]
1923:Drivers/STM32F2xx_HAL_Driver/Src/stm32f2xx_hal_tim_ex.c ****   /* Select the Commutation event source */
 4783              		.loc 1 1923 17 view .LVU1385
 4784 0032 4168     		ldr	r1, [r0, #4]
1923:Drivers/STM32F2xx_HAL_Driver/Src/stm32f2xx_hal_tim_ex.c ****   /* Select the Commutation event source */
 4785              		.loc 1 1923 23 view .LVU1386
 4786 0034 41F00101 		orr	r1, r1, #1
 4787 0038 4160     		str	r1, [r0, #4]
1925:Drivers/STM32F2xx_HAL_Driver/Src/stm32f2xx_hal_tim_ex.c ****   htim->Instance->CR2 |= CommutationSource;
 4788              		.loc 1 1925 3 is_stmt 1 view .LVU1387
1925:Drivers/STM32F2xx_HAL_Driver/Src/stm32f2xx_hal_tim_ex.c ****   htim->Instance->CR2 |= CommutationSource;
 4789              		.loc 1 1925 7 is_stmt 0 view .LVU1388
 4790 003a 1868     		ldr	r0, [r3]
1925:Drivers/STM32F2xx_HAL_Driver/Src/stm32f2xx_hal_tim_ex.c ****   htim->Instance->CR2 |= CommutationSource;
 4791              		.loc 1 1925 17 view .LVU1389
 4792 003c 4168     		ldr	r1, [r0, #4]
1925:Drivers/STM32F2xx_HAL_Driver/Src/stm32f2xx_hal_tim_ex.c ****   htim->Instance->CR2 |= CommutationSource;
 4793              		.loc 1 1925 23 view .LVU1390
 4794 003e 21F00401 		bic	r1, r1, #4
 4795 0042 4160     		str	r1, [r0, #4]
1926:Drivers/STM32F2xx_HAL_Driver/Src/stm32f2xx_hal_tim_ex.c **** 
 4796              		.loc 1 1926 3 is_stmt 1 view .LVU1391
1926:Drivers/STM32F2xx_HAL_Driver/Src/stm32f2xx_hal_tim_ex.c **** 
 4797              		.loc 1 1926 7 is_stmt 0 view .LVU1392
 4798 0044 1868     		ldr	r0, [r3]
1926:Drivers/STM32F2xx_HAL_Driver/Src/stm32f2xx_hal_tim_ex.c **** 
 4799              		.loc 1 1926 17 view .LVU1393
 4800 0046 4168     		ldr	r1, [r0, #4]
1926:Drivers/STM32F2xx_HAL_Driver/Src/stm32f2xx_hal_tim_ex.c **** 
 4801              		.loc 1 1926 23 view .LVU1394
 4802 0048 0A43     		orrs	r2, r2, r1
 4803              	.LVL331:
1926:Drivers/STM32F2xx_HAL_Driver/Src/stm32f2xx_hal_tim_ex.c **** 
 4804              		.loc 1 1926 23 view .LVU1395
ARM GAS  /tmp/ccdDJwMc.s 			page 150


 4805 004a 4260     		str	r2, [r0, #4]
1930:Drivers/STM32F2xx_HAL_Driver/Src/stm32f2xx_hal_tim_ex.c ****   htim->hdma[TIM_DMA_ID_COMMUTATION]->XferHalfCpltCallback = TIMEx_DMACommutationHalfCplt;
 4806              		.loc 1 1930 3 is_stmt 1 view .LVU1396
1930:Drivers/STM32F2xx_HAL_Driver/Src/stm32f2xx_hal_tim_ex.c ****   htim->hdma[TIM_DMA_ID_COMMUTATION]->XferHalfCpltCallback = TIMEx_DMACommutationHalfCplt;
 4807              		.loc 1 1930 13 is_stmt 0 view .LVU1397
 4808 004c 5A6B     		ldr	r2, [r3, #52]
1930:Drivers/STM32F2xx_HAL_Driver/Src/stm32f2xx_hal_tim_ex.c ****   htim->hdma[TIM_DMA_ID_COMMUTATION]->XferHalfCpltCallback = TIMEx_DMACommutationHalfCplt;
 4809              		.loc 1 1930 56 view .LVU1398
 4810 004e 0E49     		ldr	r1, .L382
 4811 0050 D163     		str	r1, [r2, #60]
1931:Drivers/STM32F2xx_HAL_Driver/Src/stm32f2xx_hal_tim_ex.c ****   /* Set the DMA error callback */
 4812              		.loc 1 1931 3 is_stmt 1 view .LVU1399
1931:Drivers/STM32F2xx_HAL_Driver/Src/stm32f2xx_hal_tim_ex.c ****   /* Set the DMA error callback */
 4813              		.loc 1 1931 13 is_stmt 0 view .LVU1400
 4814 0052 5A6B     		ldr	r2, [r3, #52]
1931:Drivers/STM32F2xx_HAL_Driver/Src/stm32f2xx_hal_tim_ex.c ****   /* Set the DMA error callback */
 4815              		.loc 1 1931 60 view .LVU1401
 4816 0054 0D49     		ldr	r1, .L382+4
 4817 0056 1164     		str	r1, [r2, #64]
1933:Drivers/STM32F2xx_HAL_Driver/Src/stm32f2xx_hal_tim_ex.c **** 
 4818              		.loc 1 1933 3 is_stmt 1 view .LVU1402
1933:Drivers/STM32F2xx_HAL_Driver/Src/stm32f2xx_hal_tim_ex.c **** 
 4819              		.loc 1 1933 13 is_stmt 0 view .LVU1403
 4820 0058 5A6B     		ldr	r2, [r3, #52]
1933:Drivers/STM32F2xx_HAL_Driver/Src/stm32f2xx_hal_tim_ex.c **** 
 4821              		.loc 1 1933 57 view .LVU1404
 4822 005a 0D49     		ldr	r1, .L382+8
 4823 005c D164     		str	r1, [r2, #76]
1936:Drivers/STM32F2xx_HAL_Driver/Src/stm32f2xx_hal_tim_ex.c **** 
 4824              		.loc 1 1936 3 is_stmt 1 view .LVU1405
 4825 005e 1968     		ldr	r1, [r3]
 4826 0060 CA68     		ldr	r2, [r1, #12]
 4827 0062 22F02002 		bic	r2, r2, #32
 4828 0066 CA60     		str	r2, [r1, #12]
1939:Drivers/STM32F2xx_HAL_Driver/Src/stm32f2xx_hal_tim_ex.c **** 
 4829              		.loc 1 1939 3 view .LVU1406
 4830 0068 1968     		ldr	r1, [r3]
 4831 006a CA68     		ldr	r2, [r1, #12]
 4832 006c 42F40052 		orr	r2, r2, #8192
 4833 0070 CA60     		str	r2, [r1, #12]
1941:Drivers/STM32F2xx_HAL_Driver/Src/stm32f2xx_hal_tim_ex.c **** 
 4834              		.loc 1 1941 3 view .LVU1407
1941:Drivers/STM32F2xx_HAL_Driver/Src/stm32f2xx_hal_tim_ex.c **** 
 4835              		.loc 1 1941 3 view .LVU1408
 4836 0072 0020     		movs	r0, #0
 4837 0074 83F83C00 		strb	r0, [r3, #60]
1941:Drivers/STM32F2xx_HAL_Driver/Src/stm32f2xx_hal_tim_ex.c **** 
 4838              		.loc 1 1941 3 view .LVU1409
1943:Drivers/STM32F2xx_HAL_Driver/Src/stm32f2xx_hal_tim_ex.c **** }
 4839              		.loc 1 1943 3 view .LVU1410
1944:Drivers/STM32F2xx_HAL_Driver/Src/stm32f2xx_hal_tim_ex.c **** 
 4840              		.loc 1 1944 1 is_stmt 0 view .LVU1411
 4841 0078 10BC     		pop	{r4}
 4842              	.LCFI39:
 4843              		.cfi_remember_state
 4844              		.cfi_restore 4
 4845              		.cfi_def_cfa_offset 0
ARM GAS  /tmp/ccdDJwMc.s 			page 151


 4846 007a 7047     		bx	lr
 4847              	.LVL332:
 4848              	.L375:
 4849              	.LCFI40:
 4850              		.cfi_restore_state
1944:Drivers/STM32F2xx_HAL_Driver/Src/stm32f2xx_hal_tim_ex.c **** 
 4851              		.loc 1 1944 1 view .LVU1412
 4852 007c 3029     		cmp	r1, #48
 4853 007e D7D1     		bne	.L376
 4854 0080 CDE7     		b	.L374
 4855              	.L377:
 4856              	.LCFI41:
 4857              		.cfi_def_cfa_offset 0
 4858              		.cfi_restore 4
1912:Drivers/STM32F2xx_HAL_Driver/Src/stm32f2xx_hal_tim_ex.c **** 
 4859              		.loc 1 1912 3 discriminator 1 view .LVU1413
 4860 0082 0220     		movs	r0, #2
1944:Drivers/STM32F2xx_HAL_Driver/Src/stm32f2xx_hal_tim_ex.c **** 
 4861              		.loc 1 1944 1 view .LVU1414
 4862 0084 7047     		bx	lr
 4863              	.L383:
 4864 0086 00BF     		.align	2
 4865              	.L382:
 4866 0088 00000000 		.word	TIMEx_DMACommutationCplt
 4867 008c 00000000 		.word	TIMEx_DMACommutationHalfCplt
 4868 0090 00000000 		.word	TIM_DMAError
 4869              		.cfi_endproc
 4870              	.LFE100:
 4872              		.section	.text.HAL_TIMEx_MasterConfigSynchronization,"ax",%progbits
 4873              		.align	1
 4874              		.global	HAL_TIMEx_MasterConfigSynchronization
 4875              		.syntax unified
 4876              		.thumb
 4877              		.thumb_func
 4879              	HAL_TIMEx_MasterConfigSynchronization:
 4880              	.LVL333:
 4881              	.LFB101:
1956:Drivers/STM32F2xx_HAL_Driver/Src/stm32f2xx_hal_tim_ex.c ****   uint32_t tmpcr2;
 4882              		.loc 1 1956 1 is_stmt 1 view -0
 4883              		.cfi_startproc
 4884              		@ args = 0, pretend = 0, frame = 0
 4885              		@ frame_needed = 0, uses_anonymous_args = 0
 4886              		@ link register save eliminated.
1957:Drivers/STM32F2xx_HAL_Driver/Src/stm32f2xx_hal_tim_ex.c ****   uint32_t tmpsmcr;
 4887              		.loc 1 1957 3 view .LVU1416
1958:Drivers/STM32F2xx_HAL_Driver/Src/stm32f2xx_hal_tim_ex.c **** 
 4888              		.loc 1 1958 3 view .LVU1417
1961:Drivers/STM32F2xx_HAL_Driver/Src/stm32f2xx_hal_tim_ex.c ****   assert_param(IS_TIM_TRGO_SOURCE(sMasterConfig->MasterOutputTrigger));
 4889              		.loc 1 1961 3 view .LVU1418
1962:Drivers/STM32F2xx_HAL_Driver/Src/stm32f2xx_hal_tim_ex.c ****   assert_param(IS_TIM_MSM_STATE(sMasterConfig->MasterSlaveMode));
 4890              		.loc 1 1962 3 view .LVU1419
1963:Drivers/STM32F2xx_HAL_Driver/Src/stm32f2xx_hal_tim_ex.c **** 
 4891              		.loc 1 1963 3 view .LVU1420
1966:Drivers/STM32F2xx_HAL_Driver/Src/stm32f2xx_hal_tim_ex.c **** 
 4892              		.loc 1 1966 3 view .LVU1421
1966:Drivers/STM32F2xx_HAL_Driver/Src/stm32f2xx_hal_tim_ex.c **** 
 4893              		.loc 1 1966 3 view .LVU1422
ARM GAS  /tmp/ccdDJwMc.s 			page 152


 4894 0000 90F83C20 		ldrb	r2, [r0, #60]	@ zero_extendqisi2
 4895 0004 012A     		cmp	r2, #1
 4896 0006 3CD0     		beq	.L388
1956:Drivers/STM32F2xx_HAL_Driver/Src/stm32f2xx_hal_tim_ex.c ****   uint32_t tmpcr2;
 4897              		.loc 1 1956 1 is_stmt 0 view .LVU1423
 4898 0008 10B4     		push	{r4}
 4899              	.LCFI42:
 4900              		.cfi_def_cfa_offset 4
 4901              		.cfi_offset 4, -4
 4902 000a 0346     		mov	r3, r0
1966:Drivers/STM32F2xx_HAL_Driver/Src/stm32f2xx_hal_tim_ex.c **** 
 4903              		.loc 1 1966 3 is_stmt 1 discriminator 2 view .LVU1424
 4904 000c 0122     		movs	r2, #1
 4905 000e 80F83C20 		strb	r2, [r0, #60]
1966:Drivers/STM32F2xx_HAL_Driver/Src/stm32f2xx_hal_tim_ex.c **** 
 4906              		.loc 1 1966 3 view .LVU1425
1969:Drivers/STM32F2xx_HAL_Driver/Src/stm32f2xx_hal_tim_ex.c **** 
 4907              		.loc 1 1969 3 view .LVU1426
1969:Drivers/STM32F2xx_HAL_Driver/Src/stm32f2xx_hal_tim_ex.c **** 
 4908              		.loc 1 1969 15 is_stmt 0 view .LVU1427
 4909 0012 0222     		movs	r2, #2
 4910 0014 80F83D20 		strb	r2, [r0, #61]
1972:Drivers/STM32F2xx_HAL_Driver/Src/stm32f2xx_hal_tim_ex.c **** 
 4911              		.loc 1 1972 3 is_stmt 1 view .LVU1428
1972:Drivers/STM32F2xx_HAL_Driver/Src/stm32f2xx_hal_tim_ex.c **** 
 4912              		.loc 1 1972 16 is_stmt 0 view .LVU1429
 4913 0018 0268     		ldr	r2, [r0]
1972:Drivers/STM32F2xx_HAL_Driver/Src/stm32f2xx_hal_tim_ex.c **** 
 4914              		.loc 1 1972 10 view .LVU1430
 4915 001a 5068     		ldr	r0, [r2, #4]
 4916              	.LVL334:
1975:Drivers/STM32F2xx_HAL_Driver/Src/stm32f2xx_hal_tim_ex.c **** 
 4917              		.loc 1 1975 3 is_stmt 1 view .LVU1431
1975:Drivers/STM32F2xx_HAL_Driver/Src/stm32f2xx_hal_tim_ex.c **** 
 4918              		.loc 1 1975 11 is_stmt 0 view .LVU1432
 4919 001c 9468     		ldr	r4, [r2, #8]
 4920              	.LVL335:
1978:Drivers/STM32F2xx_HAL_Driver/Src/stm32f2xx_hal_tim_ex.c ****   /* Select the TRGO source */
 4921              		.loc 1 1978 3 is_stmt 1 view .LVU1433
1978:Drivers/STM32F2xx_HAL_Driver/Src/stm32f2xx_hal_tim_ex.c ****   /* Select the TRGO source */
 4922              		.loc 1 1978 10 is_stmt 0 view .LVU1434
 4923 001e 20F0700C 		bic	ip, r0, #112
 4924              	.LVL336:
1980:Drivers/STM32F2xx_HAL_Driver/Src/stm32f2xx_hal_tim_ex.c **** 
 4925              		.loc 1 1980 3 is_stmt 1 view .LVU1435
1980:Drivers/STM32F2xx_HAL_Driver/Src/stm32f2xx_hal_tim_ex.c **** 
 4926              		.loc 1 1980 27 is_stmt 0 view .LVU1436
 4927 0022 0868     		ldr	r0, [r1]
1980:Drivers/STM32F2xx_HAL_Driver/Src/stm32f2xx_hal_tim_ex.c **** 
 4928              		.loc 1 1980 10 view .LVU1437
 4929 0024 40EA0C00 		orr	r0, r0, ip
 4930              	.LVL337:
1983:Drivers/STM32F2xx_HAL_Driver/Src/stm32f2xx_hal_tim_ex.c **** 
 4931              		.loc 1 1983 3 is_stmt 1 view .LVU1438
1983:Drivers/STM32F2xx_HAL_Driver/Src/stm32f2xx_hal_tim_ex.c **** 
 4932              		.loc 1 1983 23 is_stmt 0 view .LVU1439
 4933 0028 5060     		str	r0, [r2, #4]
ARM GAS  /tmp/ccdDJwMc.s 			page 153


1985:Drivers/STM32F2xx_HAL_Driver/Src/stm32f2xx_hal_tim_ex.c ****   {
 4934              		.loc 1 1985 3 is_stmt 1 view .LVU1440
1985:Drivers/STM32F2xx_HAL_Driver/Src/stm32f2xx_hal_tim_ex.c ****   {
 4935              		.loc 1 1985 7 is_stmt 0 view .LVU1441
 4936 002a 1A68     		ldr	r2, [r3]
1985:Drivers/STM32F2xx_HAL_Driver/Src/stm32f2xx_hal_tim_ex.c ****   {
 4937              		.loc 1 1985 6 view .LVU1442
 4938 002c 1648     		ldr	r0, .L393
 4939              	.LVL338:
1985:Drivers/STM32F2xx_HAL_Driver/Src/stm32f2xx_hal_tim_ex.c ****   {
 4940              		.loc 1 1985 6 view .LVU1443
 4941 002e 8242     		cmp	r2, r0
 4942 0030 1AD0     		beq	.L386
1985:Drivers/STM32F2xx_HAL_Driver/Src/stm32f2xx_hal_tim_ex.c ****   {
 4943              		.loc 1 1985 7 discriminator 1 view .LVU1444
 4944 0032 B2F1804F 		cmp	r2, #1073741824
 4945 0036 17D0     		beq	.L386
1985:Drivers/STM32F2xx_HAL_Driver/Src/stm32f2xx_hal_tim_ex.c ****   {
 4946              		.loc 1 1985 7 discriminator 2 view .LVU1445
 4947 0038 A0F57C40 		sub	r0, r0, #64512
 4948 003c 8242     		cmp	r2, r0
 4949 003e 13D0     		beq	.L386
1985:Drivers/STM32F2xx_HAL_Driver/Src/stm32f2xx_hal_tim_ex.c ****   {
 4950              		.loc 1 1985 7 discriminator 3 view .LVU1446
 4951 0040 00F58060 		add	r0, r0, #1024
 4952 0044 8242     		cmp	r2, r0
 4953 0046 0FD0     		beq	.L386
1985:Drivers/STM32F2xx_HAL_Driver/Src/stm32f2xx_hal_tim_ex.c ****   {
 4954              		.loc 1 1985 7 discriminator 4 view .LVU1447
 4955 0048 00F58060 		add	r0, r0, #1024
 4956 004c 8242     		cmp	r2, r0
 4957 004e 0BD0     		beq	.L386
1985:Drivers/STM32F2xx_HAL_Driver/Src/stm32f2xx_hal_tim_ex.c ****   {
 4958              		.loc 1 1985 7 discriminator 5 view .LVU1448
 4959 0050 00F57840 		add	r0, r0, #63488
 4960 0054 8242     		cmp	r2, r0
 4961 0056 07D0     		beq	.L386
1985:Drivers/STM32F2xx_HAL_Driver/Src/stm32f2xx_hal_tim_ex.c ****   {
 4962              		.loc 1 1985 7 discriminator 6 view .LVU1449
 4963 0058 00F57050 		add	r0, r0, #15360
 4964 005c 8242     		cmp	r2, r0
 4965 005e 03D0     		beq	.L386
1985:Drivers/STM32F2xx_HAL_Driver/Src/stm32f2xx_hal_tim_ex.c ****   {
 4966              		.loc 1 1985 7 discriminator 7 view .LVU1450
 4967 0060 A0F59430 		sub	r0, r0, #75776
 4968 0064 8242     		cmp	r2, r0
 4969 0066 04D1     		bne	.L387
 4970              	.L386:
1988:Drivers/STM32F2xx_HAL_Driver/Src/stm32f2xx_hal_tim_ex.c ****     /* Set master mode */
 4971              		.loc 1 1988 5 is_stmt 1 view .LVU1451
1988:Drivers/STM32F2xx_HAL_Driver/Src/stm32f2xx_hal_tim_ex.c ****     /* Set master mode */
 4972              		.loc 1 1988 13 is_stmt 0 view .LVU1452
 4973 0068 24F08004 		bic	r4, r4, #128
 4974              	.LVL339:
1990:Drivers/STM32F2xx_HAL_Driver/Src/stm32f2xx_hal_tim_ex.c **** 
 4975              		.loc 1 1990 5 is_stmt 1 view .LVU1453
1990:Drivers/STM32F2xx_HAL_Driver/Src/stm32f2xx_hal_tim_ex.c **** 
ARM GAS  /tmp/ccdDJwMc.s 			page 154


 4976              		.loc 1 1990 29 is_stmt 0 view .LVU1454
 4977 006c 4968     		ldr	r1, [r1, #4]
 4978              	.LVL340:
1990:Drivers/STM32F2xx_HAL_Driver/Src/stm32f2xx_hal_tim_ex.c **** 
 4979              		.loc 1 1990 13 view .LVU1455
 4980 006e 2143     		orrs	r1, r1, r4
 4981              	.LVL341:
1993:Drivers/STM32F2xx_HAL_Driver/Src/stm32f2xx_hal_tim_ex.c ****   }
 4982              		.loc 1 1993 5 is_stmt 1 view .LVU1456
1993:Drivers/STM32F2xx_HAL_Driver/Src/stm32f2xx_hal_tim_ex.c ****   }
 4983              		.loc 1 1993 26 is_stmt 0 view .LVU1457
 4984 0070 9160     		str	r1, [r2, #8]
 4985              	.LVL342:
 4986              	.L387:
1997:Drivers/STM32F2xx_HAL_Driver/Src/stm32f2xx_hal_tim_ex.c **** 
 4987              		.loc 1 1997 3 is_stmt 1 view .LVU1458
1997:Drivers/STM32F2xx_HAL_Driver/Src/stm32f2xx_hal_tim_ex.c **** 
 4988              		.loc 1 1997 15 is_stmt 0 view .LVU1459
 4989 0072 0122     		movs	r2, #1
 4990 0074 83F83D20 		strb	r2, [r3, #61]
1999:Drivers/STM32F2xx_HAL_Driver/Src/stm32f2xx_hal_tim_ex.c **** 
 4991              		.loc 1 1999 3 is_stmt 1 view .LVU1460
1999:Drivers/STM32F2xx_HAL_Driver/Src/stm32f2xx_hal_tim_ex.c **** 
 4992              		.loc 1 1999 3 view .LVU1461
 4993 0078 0020     		movs	r0, #0
 4994 007a 83F83C00 		strb	r0, [r3, #60]
1999:Drivers/STM32F2xx_HAL_Driver/Src/stm32f2xx_hal_tim_ex.c **** 
 4995              		.loc 1 1999 3 view .LVU1462
2001:Drivers/STM32F2xx_HAL_Driver/Src/stm32f2xx_hal_tim_ex.c **** }
 4996              		.loc 1 2001 3 view .LVU1463
2002:Drivers/STM32F2xx_HAL_Driver/Src/stm32f2xx_hal_tim_ex.c **** 
 4997              		.loc 1 2002 1 is_stmt 0 view .LVU1464
 4998 007e 10BC     		pop	{r4}
 4999              	.LCFI43:
 5000              		.cfi_restore 4
 5001              		.cfi_def_cfa_offset 0
 5002 0080 7047     		bx	lr
 5003              	.LVL343:
 5004              	.L388:
1966:Drivers/STM32F2xx_HAL_Driver/Src/stm32f2xx_hal_tim_ex.c **** 
 5005              		.loc 1 1966 3 discriminator 1 view .LVU1465
 5006 0082 0220     		movs	r0, #2
 5007              	.LVL344:
2002:Drivers/STM32F2xx_HAL_Driver/Src/stm32f2xx_hal_tim_ex.c **** 
 5008              		.loc 1 2002 1 view .LVU1466
 5009 0084 7047     		bx	lr
 5010              	.L394:
 5011 0086 00BF     		.align	2
 5012              	.L393:
 5013 0088 00000140 		.word	1073807360
 5014              		.cfi_endproc
 5015              	.LFE101:
 5017              		.section	.text.HAL_TIMEx_ConfigBreakDeadTime,"ax",%progbits
 5018              		.align	1
 5019              		.global	HAL_TIMEx_ConfigBreakDeadTime
 5020              		.syntax unified
 5021              		.thumb
ARM GAS  /tmp/ccdDJwMc.s 			page 155


 5022              		.thumb_func
 5024              	HAL_TIMEx_ConfigBreakDeadTime:
 5025              	.LVL345:
 5026              	.LFB102:
2017:Drivers/STM32F2xx_HAL_Driver/Src/stm32f2xx_hal_tim_ex.c ****   /* Keep this variable initialized to 0 as it is used to configure BDTR register */
 5027              		.loc 1 2017 1 is_stmt 1 view -0
 5028              		.cfi_startproc
 5029              		@ args = 0, pretend = 0, frame = 0
 5030              		@ frame_needed = 0, uses_anonymous_args = 0
 5031              		@ link register save eliminated.
2017:Drivers/STM32F2xx_HAL_Driver/Src/stm32f2xx_hal_tim_ex.c ****   /* Keep this variable initialized to 0 as it is used to configure BDTR register */
 5032              		.loc 1 2017 1 is_stmt 0 view .LVU1468
 5033 0000 0246     		mov	r2, r0
2019:Drivers/STM32F2xx_HAL_Driver/Src/stm32f2xx_hal_tim_ex.c **** 
 5034              		.loc 1 2019 3 is_stmt 1 view .LVU1469
 5035              	.LVL346:
2022:Drivers/STM32F2xx_HAL_Driver/Src/stm32f2xx_hal_tim_ex.c ****   assert_param(IS_TIM_OSSR_STATE(sBreakDeadTimeConfig->OffStateRunMode));
 5036              		.loc 1 2022 3 view .LVU1470
2023:Drivers/STM32F2xx_HAL_Driver/Src/stm32f2xx_hal_tim_ex.c ****   assert_param(IS_TIM_OSSI_STATE(sBreakDeadTimeConfig->OffStateIDLEMode));
 5037              		.loc 1 2023 3 view .LVU1471
2024:Drivers/STM32F2xx_HAL_Driver/Src/stm32f2xx_hal_tim_ex.c ****   assert_param(IS_TIM_LOCK_LEVEL(sBreakDeadTimeConfig->LockLevel));
 5038              		.loc 1 2024 3 view .LVU1472
2025:Drivers/STM32F2xx_HAL_Driver/Src/stm32f2xx_hal_tim_ex.c ****   assert_param(IS_TIM_DEADTIME(sBreakDeadTimeConfig->DeadTime));
 5039              		.loc 1 2025 3 view .LVU1473
2026:Drivers/STM32F2xx_HAL_Driver/Src/stm32f2xx_hal_tim_ex.c ****   assert_param(IS_TIM_BREAK_STATE(sBreakDeadTimeConfig->BreakState));
 5040              		.loc 1 2026 3 view .LVU1474
2027:Drivers/STM32F2xx_HAL_Driver/Src/stm32f2xx_hal_tim_ex.c ****   assert_param(IS_TIM_BREAK_POLARITY(sBreakDeadTimeConfig->BreakPolarity));
 5041              		.loc 1 2027 3 view .LVU1475
2028:Drivers/STM32F2xx_HAL_Driver/Src/stm32f2xx_hal_tim_ex.c ****   assert_param(IS_TIM_AUTOMATIC_OUTPUT_STATE(sBreakDeadTimeConfig->AutomaticOutput));
 5042              		.loc 1 2028 3 view .LVU1476
2029:Drivers/STM32F2xx_HAL_Driver/Src/stm32f2xx_hal_tim_ex.c **** 
 5043              		.loc 1 2029 3 view .LVU1477
2032:Drivers/STM32F2xx_HAL_Driver/Src/stm32f2xx_hal_tim_ex.c **** 
 5044              		.loc 1 2032 3 view .LVU1478
2032:Drivers/STM32F2xx_HAL_Driver/Src/stm32f2xx_hal_tim_ex.c **** 
 5045              		.loc 1 2032 3 view .LVU1479
 5046 0002 90F83C30 		ldrb	r3, [r0, #60]	@ zero_extendqisi2
 5047 0006 012B     		cmp	r3, #1
 5048 0008 21D0     		beq	.L397
2032:Drivers/STM32F2xx_HAL_Driver/Src/stm32f2xx_hal_tim_ex.c **** 
 5049              		.loc 1 2032 3 discriminator 2 view .LVU1480
 5050 000a 0123     		movs	r3, #1
 5051 000c 80F83C30 		strb	r3, [r0, #60]
2032:Drivers/STM32F2xx_HAL_Driver/Src/stm32f2xx_hal_tim_ex.c **** 
 5052              		.loc 1 2032 3 view .LVU1481
2038:Drivers/STM32F2xx_HAL_Driver/Src/stm32f2xx_hal_tim_ex.c ****   MODIFY_REG(tmpbdtr, TIM_BDTR_LOCK, sBreakDeadTimeConfig->LockLevel);
 5053              		.loc 1 2038 3 view .LVU1482
 5054 0010 CB68     		ldr	r3, [r1, #12]
 5055              	.LVL347:
2039:Drivers/STM32F2xx_HAL_Driver/Src/stm32f2xx_hal_tim_ex.c ****   MODIFY_REG(tmpbdtr, TIM_BDTR_OSSI, sBreakDeadTimeConfig->OffStateIDLEMode);
 5056              		.loc 1 2039 3 view .LVU1483
 5057 0012 23F44073 		bic	r3, r3, #768
 5058              	.LVL348:
2039:Drivers/STM32F2xx_HAL_Driver/Src/stm32f2xx_hal_tim_ex.c ****   MODIFY_REG(tmpbdtr, TIM_BDTR_OSSI, sBreakDeadTimeConfig->OffStateIDLEMode);
 5059              		.loc 1 2039 3 is_stmt 0 view .LVU1484
 5060 0016 8868     		ldr	r0, [r1, #8]
 5061              	.LVL349:
ARM GAS  /tmp/ccdDJwMc.s 			page 156


2039:Drivers/STM32F2xx_HAL_Driver/Src/stm32f2xx_hal_tim_ex.c ****   MODIFY_REG(tmpbdtr, TIM_BDTR_OSSI, sBreakDeadTimeConfig->OffStateIDLEMode);
 5062              		.loc 1 2039 3 view .LVU1485
 5063 0018 0343     		orrs	r3, r3, r0
 5064              	.LVL350:
2040:Drivers/STM32F2xx_HAL_Driver/Src/stm32f2xx_hal_tim_ex.c ****   MODIFY_REG(tmpbdtr, TIM_BDTR_OSSR, sBreakDeadTimeConfig->OffStateRunMode);
 5065              		.loc 1 2040 3 is_stmt 1 view .LVU1486
 5066 001a 23F48063 		bic	r3, r3, #1024
 5067              	.LVL351:
2040:Drivers/STM32F2xx_HAL_Driver/Src/stm32f2xx_hal_tim_ex.c ****   MODIFY_REG(tmpbdtr, TIM_BDTR_OSSR, sBreakDeadTimeConfig->OffStateRunMode);
 5068              		.loc 1 2040 3 is_stmt 0 view .LVU1487
 5069 001e 4868     		ldr	r0, [r1, #4]
 5070              	.LVL352:
2040:Drivers/STM32F2xx_HAL_Driver/Src/stm32f2xx_hal_tim_ex.c ****   MODIFY_REG(tmpbdtr, TIM_BDTR_OSSR, sBreakDeadTimeConfig->OffStateRunMode);
 5071              		.loc 1 2040 3 view .LVU1488
 5072 0020 0343     		orrs	r3, r3, r0
 5073              	.LVL353:
2041:Drivers/STM32F2xx_HAL_Driver/Src/stm32f2xx_hal_tim_ex.c ****   MODIFY_REG(tmpbdtr, TIM_BDTR_BKE, sBreakDeadTimeConfig->BreakState);
 5074              		.loc 1 2041 3 is_stmt 1 view .LVU1489
 5075 0022 23F40063 		bic	r3, r3, #2048
 5076              	.LVL354:
2041:Drivers/STM32F2xx_HAL_Driver/Src/stm32f2xx_hal_tim_ex.c ****   MODIFY_REG(tmpbdtr, TIM_BDTR_BKE, sBreakDeadTimeConfig->BreakState);
 5077              		.loc 1 2041 3 is_stmt 0 view .LVU1490
 5078 0026 0868     		ldr	r0, [r1]
 5079              	.LVL355:
2041:Drivers/STM32F2xx_HAL_Driver/Src/stm32f2xx_hal_tim_ex.c ****   MODIFY_REG(tmpbdtr, TIM_BDTR_BKE, sBreakDeadTimeConfig->BreakState);
 5080              		.loc 1 2041 3 view .LVU1491
 5081 0028 0343     		orrs	r3, r3, r0
 5082              	.LVL356:
2042:Drivers/STM32F2xx_HAL_Driver/Src/stm32f2xx_hal_tim_ex.c ****   MODIFY_REG(tmpbdtr, TIM_BDTR_BKP, sBreakDeadTimeConfig->BreakPolarity);
 5083              		.loc 1 2042 3 is_stmt 1 view .LVU1492
 5084 002a 23F48053 		bic	r3, r3, #4096
 5085              	.LVL357:
2042:Drivers/STM32F2xx_HAL_Driver/Src/stm32f2xx_hal_tim_ex.c ****   MODIFY_REG(tmpbdtr, TIM_BDTR_BKP, sBreakDeadTimeConfig->BreakPolarity);
 5086              		.loc 1 2042 3 is_stmt 0 view .LVU1493
 5087 002e 0869     		ldr	r0, [r1, #16]
 5088              	.LVL358:
2042:Drivers/STM32F2xx_HAL_Driver/Src/stm32f2xx_hal_tim_ex.c ****   MODIFY_REG(tmpbdtr, TIM_BDTR_BKP, sBreakDeadTimeConfig->BreakPolarity);
 5089              		.loc 1 2042 3 view .LVU1494
 5090 0030 0343     		orrs	r3, r3, r0
 5091              	.LVL359:
2043:Drivers/STM32F2xx_HAL_Driver/Src/stm32f2xx_hal_tim_ex.c ****   MODIFY_REG(tmpbdtr, TIM_BDTR_AOE, sBreakDeadTimeConfig->AutomaticOutput);
 5092              		.loc 1 2043 3 is_stmt 1 view .LVU1495
 5093 0032 23F40053 		bic	r3, r3, #8192
 5094              	.LVL360:
2043:Drivers/STM32F2xx_HAL_Driver/Src/stm32f2xx_hal_tim_ex.c ****   MODIFY_REG(tmpbdtr, TIM_BDTR_AOE, sBreakDeadTimeConfig->AutomaticOutput);
 5095              		.loc 1 2043 3 is_stmt 0 view .LVU1496
 5096 0036 4869     		ldr	r0, [r1, #20]
 5097              	.LVL361:
2043:Drivers/STM32F2xx_HAL_Driver/Src/stm32f2xx_hal_tim_ex.c ****   MODIFY_REG(tmpbdtr, TIM_BDTR_AOE, sBreakDeadTimeConfig->AutomaticOutput);
 5098              		.loc 1 2043 3 view .LVU1497
 5099 0038 0343     		orrs	r3, r3, r0
 5100              	.LVL362:
2044:Drivers/STM32F2xx_HAL_Driver/Src/stm32f2xx_hal_tim_ex.c **** 
 5101              		.loc 1 2044 3 is_stmt 1 view .LVU1498
 5102 003a 23F48043 		bic	r3, r3, #16384
 5103              	.LVL363:
2044:Drivers/STM32F2xx_HAL_Driver/Src/stm32f2xx_hal_tim_ex.c **** 
ARM GAS  /tmp/ccdDJwMc.s 			page 157


 5104              		.loc 1 2044 3 is_stmt 0 view .LVU1499
 5105 003e C969     		ldr	r1, [r1, #28]
 5106              	.LVL364:
2044:Drivers/STM32F2xx_HAL_Driver/Src/stm32f2xx_hal_tim_ex.c **** 
 5107              		.loc 1 2044 3 view .LVU1500
 5108 0040 0B43     		orrs	r3, r3, r1
 5109              	.LVL365:
2048:Drivers/STM32F2xx_HAL_Driver/Src/stm32f2xx_hal_tim_ex.c **** 
 5110              		.loc 1 2048 3 is_stmt 1 view .LVU1501
2048:Drivers/STM32F2xx_HAL_Driver/Src/stm32f2xx_hal_tim_ex.c **** 
 5111              		.loc 1 2048 7 is_stmt 0 view .LVU1502
 5112 0042 1168     		ldr	r1, [r2]
2048:Drivers/STM32F2xx_HAL_Driver/Src/stm32f2xx_hal_tim_ex.c **** 
 5113              		.loc 1 2048 24 view .LVU1503
 5114 0044 4B64     		str	r3, [r1, #68]
2050:Drivers/STM32F2xx_HAL_Driver/Src/stm32f2xx_hal_tim_ex.c **** 
 5115              		.loc 1 2050 3 is_stmt 1 view .LVU1504
2050:Drivers/STM32F2xx_HAL_Driver/Src/stm32f2xx_hal_tim_ex.c **** 
 5116              		.loc 1 2050 3 view .LVU1505
 5117 0046 0020     		movs	r0, #0
 5118 0048 82F83C00 		strb	r0, [r2, #60]
2050:Drivers/STM32F2xx_HAL_Driver/Src/stm32f2xx_hal_tim_ex.c **** 
 5119              		.loc 1 2050 3 view .LVU1506
2052:Drivers/STM32F2xx_HAL_Driver/Src/stm32f2xx_hal_tim_ex.c **** }
 5120              		.loc 1 2052 3 view .LVU1507
2052:Drivers/STM32F2xx_HAL_Driver/Src/stm32f2xx_hal_tim_ex.c **** }
 5121              		.loc 1 2052 10 is_stmt 0 view .LVU1508
 5122 004c 7047     		bx	lr
 5123              	.LVL366:
 5124              	.L397:
2032:Drivers/STM32F2xx_HAL_Driver/Src/stm32f2xx_hal_tim_ex.c **** 
 5125              		.loc 1 2032 3 discriminator 1 view .LVU1509
 5126 004e 0220     		movs	r0, #2
 5127              	.LVL367:
2053:Drivers/STM32F2xx_HAL_Driver/Src/stm32f2xx_hal_tim_ex.c **** 
 5128              		.loc 1 2053 1 view .LVU1510
 5129 0050 7047     		bx	lr
 5130              		.cfi_endproc
 5131              	.LFE102:
 5133              		.section	.text.HAL_TIMEx_RemapConfig,"ax",%progbits
 5134              		.align	1
 5135              		.global	HAL_TIMEx_RemapConfig
 5136              		.syntax unified
 5137              		.thumb
 5138              		.thumb_func
 5140              	HAL_TIMEx_RemapConfig:
 5141              	.LVL368:
 5142              	.LFB103:
2078:Drivers/STM32F2xx_HAL_Driver/Src/stm32f2xx_hal_tim_ex.c **** 
 5143              		.loc 1 2078 1 is_stmt 1 view -0
 5144              		.cfi_startproc
 5145              		@ args = 0, pretend = 0, frame = 0
 5146              		@ frame_needed = 0, uses_anonymous_args = 0
 5147              		@ link register save eliminated.
2081:Drivers/STM32F2xx_HAL_Driver/Src/stm32f2xx_hal_tim_ex.c **** 
 5148              		.loc 1 2081 3 view .LVU1512
2083:Drivers/STM32F2xx_HAL_Driver/Src/stm32f2xx_hal_tim_ex.c **** 
ARM GAS  /tmp/ccdDJwMc.s 			page 158


 5149              		.loc 1 2083 3 view .LVU1513
2083:Drivers/STM32F2xx_HAL_Driver/Src/stm32f2xx_hal_tim_ex.c **** 
 5150              		.loc 1 2083 3 view .LVU1514
 5151 0000 90F83C30 		ldrb	r3, [r0, #60]	@ zero_extendqisi2
 5152 0004 012B     		cmp	r3, #1
 5153 0006 09D0     		beq	.L400
2083:Drivers/STM32F2xx_HAL_Driver/Src/stm32f2xx_hal_tim_ex.c **** 
 5154              		.loc 1 2083 3 discriminator 2 view .LVU1515
 5155 0008 0123     		movs	r3, #1
 5156 000a 80F83C30 		strb	r3, [r0, #60]
2083:Drivers/STM32F2xx_HAL_Driver/Src/stm32f2xx_hal_tim_ex.c **** 
 5157              		.loc 1 2083 3 view .LVU1516
2086:Drivers/STM32F2xx_HAL_Driver/Src/stm32f2xx_hal_tim_ex.c **** 
 5158              		.loc 1 2086 3 view .LVU1517
 5159 000e 0368     		ldr	r3, [r0]
 5160 0010 1965     		str	r1, [r3, #80]
2088:Drivers/STM32F2xx_HAL_Driver/Src/stm32f2xx_hal_tim_ex.c **** 
 5161              		.loc 1 2088 3 view .LVU1518
2088:Drivers/STM32F2xx_HAL_Driver/Src/stm32f2xx_hal_tim_ex.c **** 
 5162              		.loc 1 2088 3 view .LVU1519
 5163 0012 0023     		movs	r3, #0
 5164 0014 80F83C30 		strb	r3, [r0, #60]
2088:Drivers/STM32F2xx_HAL_Driver/Src/stm32f2xx_hal_tim_ex.c **** 
 5165              		.loc 1 2088 3 view .LVU1520
2090:Drivers/STM32F2xx_HAL_Driver/Src/stm32f2xx_hal_tim_ex.c **** }
 5166              		.loc 1 2090 3 view .LVU1521
2090:Drivers/STM32F2xx_HAL_Driver/Src/stm32f2xx_hal_tim_ex.c **** }
 5167              		.loc 1 2090 10 is_stmt 0 view .LVU1522
 5168 0018 1846     		mov	r0, r3
 5169              	.LVL369:
2090:Drivers/STM32F2xx_HAL_Driver/Src/stm32f2xx_hal_tim_ex.c **** }
 5170              		.loc 1 2090 10 view .LVU1523
 5171 001a 7047     		bx	lr
 5172              	.LVL370:
 5173              	.L400:
2083:Drivers/STM32F2xx_HAL_Driver/Src/stm32f2xx_hal_tim_ex.c **** 
 5174              		.loc 1 2083 3 discriminator 1 view .LVU1524
 5175 001c 0220     		movs	r0, #2
 5176              	.LVL371:
2091:Drivers/STM32F2xx_HAL_Driver/Src/stm32f2xx_hal_tim_ex.c **** 
 5177              		.loc 1 2091 1 view .LVU1525
 5178 001e 7047     		bx	lr
 5179              		.cfi_endproc
 5180              	.LFE103:
 5182              		.section	.text.HAL_TIMEx_CommutCallback,"ax",%progbits
 5183              		.align	1
 5184              		.weak	HAL_TIMEx_CommutCallback
 5185              		.syntax unified
 5186              		.thumb
 5187              		.thumb_func
 5189              	HAL_TIMEx_CommutCallback:
 5190              	.LVL372:
 5191              	.LFB104:
2119:Drivers/STM32F2xx_HAL_Driver/Src/stm32f2xx_hal_tim_ex.c ****   /* Prevent unused argument(s) compilation warning */
 5192              		.loc 1 2119 1 is_stmt 1 view -0
 5193              		.cfi_startproc
 5194              		@ args = 0, pretend = 0, frame = 0
ARM GAS  /tmp/ccdDJwMc.s 			page 159


 5195              		@ frame_needed = 0, uses_anonymous_args = 0
 5196              		@ link register save eliminated.
2121:Drivers/STM32F2xx_HAL_Driver/Src/stm32f2xx_hal_tim_ex.c **** 
 5197              		.loc 1 2121 3 view .LVU1527
2126:Drivers/STM32F2xx_HAL_Driver/Src/stm32f2xx_hal_tim_ex.c **** /**
 5198              		.loc 1 2126 1 is_stmt 0 view .LVU1528
 5199 0000 7047     		bx	lr
 5200              		.cfi_endproc
 5201              	.LFE104:
 5203              		.section	.text.TIMEx_DMACommutationCplt,"ax",%progbits
 5204              		.align	1
 5205              		.global	TIMEx_DMACommutationCplt
 5206              		.syntax unified
 5207              		.thumb
 5208              		.thumb_func
 5210              	TIMEx_DMACommutationCplt:
 5211              	.LVL373:
 5212              	.LFB109:
2225:Drivers/STM32F2xx_HAL_Driver/Src/stm32f2xx_hal_tim_ex.c ****   TIM_HandleTypeDef *htim = (TIM_HandleTypeDef *)((DMA_HandleTypeDef *)hdma)->Parent;
 5213              		.loc 1 2225 1 is_stmt 1 view -0
 5214              		.cfi_startproc
 5215              		@ args = 0, pretend = 0, frame = 0
 5216              		@ frame_needed = 0, uses_anonymous_args = 0
2225:Drivers/STM32F2xx_HAL_Driver/Src/stm32f2xx_hal_tim_ex.c ****   TIM_HandleTypeDef *htim = (TIM_HandleTypeDef *)((DMA_HandleTypeDef *)hdma)->Parent;
 5217              		.loc 1 2225 1 is_stmt 0 view .LVU1530
 5218 0000 08B5     		push	{r3, lr}
 5219              	.LCFI44:
 5220              		.cfi_def_cfa_offset 8
 5221              		.cfi_offset 3, -8
 5222              		.cfi_offset 14, -4
2226:Drivers/STM32F2xx_HAL_Driver/Src/stm32f2xx_hal_tim_ex.c **** 
 5223              		.loc 1 2226 3 is_stmt 1 view .LVU1531
2226:Drivers/STM32F2xx_HAL_Driver/Src/stm32f2xx_hal_tim_ex.c **** 
 5224              		.loc 1 2226 22 is_stmt 0 view .LVU1532
 5225 0002 806B     		ldr	r0, [r0, #56]
 5226              	.LVL374:
2229:Drivers/STM32F2xx_HAL_Driver/Src/stm32f2xx_hal_tim_ex.c **** 
 5227              		.loc 1 2229 3 is_stmt 1 view .LVU1533
2229:Drivers/STM32F2xx_HAL_Driver/Src/stm32f2xx_hal_tim_ex.c **** 
 5228              		.loc 1 2229 15 is_stmt 0 view .LVU1534
 5229 0004 0123     		movs	r3, #1
 5230 0006 80F83D30 		strb	r3, [r0, #61]
2234:Drivers/STM32F2xx_HAL_Driver/Src/stm32f2xx_hal_tim_ex.c **** #endif /* USE_HAL_TIM_REGISTER_CALLBACKS */
 5231              		.loc 1 2234 3 is_stmt 1 view .LVU1535
 5232 000a FFF7FEFF 		bl	HAL_TIMEx_CommutCallback
 5233              	.LVL375:
2236:Drivers/STM32F2xx_HAL_Driver/Src/stm32f2xx_hal_tim_ex.c **** 
 5234              		.loc 1 2236 1 is_stmt 0 view .LVU1536
 5235 000e 08BD     		pop	{r3, pc}
 5236              		.cfi_endproc
 5237              	.LFE109:
 5239              		.section	.text.HAL_TIMEx_CommutHalfCpltCallback,"ax",%progbits
 5240              		.align	1
 5241              		.weak	HAL_TIMEx_CommutHalfCpltCallback
 5242              		.syntax unified
 5243              		.thumb
 5244              		.thumb_func
ARM GAS  /tmp/ccdDJwMc.s 			page 160


 5246              	HAL_TIMEx_CommutHalfCpltCallback:
 5247              	.LVL376:
 5248              	.LFB105:
2133:Drivers/STM32F2xx_HAL_Driver/Src/stm32f2xx_hal_tim_ex.c ****   /* Prevent unused argument(s) compilation warning */
 5249              		.loc 1 2133 1 is_stmt 1 view -0
 5250              		.cfi_startproc
 5251              		@ args = 0, pretend = 0, frame = 0
 5252              		@ frame_needed = 0, uses_anonymous_args = 0
 5253              		@ link register save eliminated.
2135:Drivers/STM32F2xx_HAL_Driver/Src/stm32f2xx_hal_tim_ex.c **** 
 5254              		.loc 1 2135 3 view .LVU1538
2140:Drivers/STM32F2xx_HAL_Driver/Src/stm32f2xx_hal_tim_ex.c **** 
 5255              		.loc 1 2140 1 is_stmt 0 view .LVU1539
 5256 0000 7047     		bx	lr
 5257              		.cfi_endproc
 5258              	.LFE105:
 5260              		.section	.text.TIMEx_DMACommutationHalfCplt,"ax",%progbits
 5261              		.align	1
 5262              		.global	TIMEx_DMACommutationHalfCplt
 5263              		.syntax unified
 5264              		.thumb
 5265              		.thumb_func
 5267              	TIMEx_DMACommutationHalfCplt:
 5268              	.LVL377:
 5269              	.LFB110:
2244:Drivers/STM32F2xx_HAL_Driver/Src/stm32f2xx_hal_tim_ex.c ****   TIM_HandleTypeDef *htim = (TIM_HandleTypeDef *)((DMA_HandleTypeDef *)hdma)->Parent;
 5270              		.loc 1 2244 1 is_stmt 1 view -0
 5271              		.cfi_startproc
 5272              		@ args = 0, pretend = 0, frame = 0
 5273              		@ frame_needed = 0, uses_anonymous_args = 0
2244:Drivers/STM32F2xx_HAL_Driver/Src/stm32f2xx_hal_tim_ex.c ****   TIM_HandleTypeDef *htim = (TIM_HandleTypeDef *)((DMA_HandleTypeDef *)hdma)->Parent;
 5274              		.loc 1 2244 1 is_stmt 0 view .LVU1541
 5275 0000 08B5     		push	{r3, lr}
 5276              	.LCFI45:
 5277              		.cfi_def_cfa_offset 8
 5278              		.cfi_offset 3, -8
 5279              		.cfi_offset 14, -4
2245:Drivers/STM32F2xx_HAL_Driver/Src/stm32f2xx_hal_tim_ex.c **** 
 5280              		.loc 1 2245 3 is_stmt 1 view .LVU1542
2245:Drivers/STM32F2xx_HAL_Driver/Src/stm32f2xx_hal_tim_ex.c **** 
 5281              		.loc 1 2245 22 is_stmt 0 view .LVU1543
 5282 0002 806B     		ldr	r0, [r0, #56]
 5283              	.LVL378:
2248:Drivers/STM32F2xx_HAL_Driver/Src/stm32f2xx_hal_tim_ex.c **** 
 5284              		.loc 1 2248 3 is_stmt 1 view .LVU1544
2248:Drivers/STM32F2xx_HAL_Driver/Src/stm32f2xx_hal_tim_ex.c **** 
 5285              		.loc 1 2248 15 is_stmt 0 view .LVU1545
 5286 0004 0123     		movs	r3, #1
 5287 0006 80F83D30 		strb	r3, [r0, #61]
2253:Drivers/STM32F2xx_HAL_Driver/Src/stm32f2xx_hal_tim_ex.c **** #endif /* USE_HAL_TIM_REGISTER_CALLBACKS */
 5288              		.loc 1 2253 3 is_stmt 1 view .LVU1546
 5289 000a FFF7FEFF 		bl	HAL_TIMEx_CommutHalfCpltCallback
 5290              	.LVL379:
2255:Drivers/STM32F2xx_HAL_Driver/Src/stm32f2xx_hal_tim_ex.c **** 
 5291              		.loc 1 2255 1 is_stmt 0 view .LVU1547
 5292 000e 08BD     		pop	{r3, pc}
 5293              		.cfi_endproc
ARM GAS  /tmp/ccdDJwMc.s 			page 161


 5294              	.LFE110:
 5296              		.section	.text.HAL_TIMEx_BreakCallback,"ax",%progbits
 5297              		.align	1
 5298              		.weak	HAL_TIMEx_BreakCallback
 5299              		.syntax unified
 5300              		.thumb
 5301              		.thumb_func
 5303              	HAL_TIMEx_BreakCallback:
 5304              	.LVL380:
 5305              	.LFB106:
2148:Drivers/STM32F2xx_HAL_Driver/Src/stm32f2xx_hal_tim_ex.c ****   /* Prevent unused argument(s) compilation warning */
 5306              		.loc 1 2148 1 is_stmt 1 view -0
 5307              		.cfi_startproc
 5308              		@ args = 0, pretend = 0, frame = 0
 5309              		@ frame_needed = 0, uses_anonymous_args = 0
 5310              		@ link register save eliminated.
2150:Drivers/STM32F2xx_HAL_Driver/Src/stm32f2xx_hal_tim_ex.c **** 
 5311              		.loc 1 2150 3 view .LVU1549
2155:Drivers/STM32F2xx_HAL_Driver/Src/stm32f2xx_hal_tim_ex.c **** /**
 5312              		.loc 1 2155 1 is_stmt 0 view .LVU1550
 5313 0000 7047     		bx	lr
 5314              		.cfi_endproc
 5315              	.LFE106:
 5317              		.section	.text.HAL_TIMEx_HallSensor_GetState,"ax",%progbits
 5318              		.align	1
 5319              		.global	HAL_TIMEx_HallSensor_GetState
 5320              		.syntax unified
 5321              		.thumb
 5322              		.thumb_func
 5324              	HAL_TIMEx_HallSensor_GetState:
 5325              	.LVL381:
 5326              	.LFB107:
2181:Drivers/STM32F2xx_HAL_Driver/Src/stm32f2xx_hal_tim_ex.c ****   return htim->State;
 5327              		.loc 1 2181 1 is_stmt 1 view -0
 5328              		.cfi_startproc
 5329              		@ args = 0, pretend = 0, frame = 0
 5330              		@ frame_needed = 0, uses_anonymous_args = 0
 5331              		@ link register save eliminated.
2182:Drivers/STM32F2xx_HAL_Driver/Src/stm32f2xx_hal_tim_ex.c **** }
 5332              		.loc 1 2182 3 view .LVU1552
2182:Drivers/STM32F2xx_HAL_Driver/Src/stm32f2xx_hal_tim_ex.c **** }
 5333              		.loc 1 2182 14 is_stmt 0 view .LVU1553
 5334 0000 90F83D00 		ldrb	r0, [r0, #61]	@ zero_extendqisi2
 5335              	.LVL382:
2183:Drivers/STM32F2xx_HAL_Driver/Src/stm32f2xx_hal_tim_ex.c **** 
 5336              		.loc 1 2183 1 view .LVU1554
 5337 0004 7047     		bx	lr
 5338              		.cfi_endproc
 5339              	.LFE107:
 5341              		.section	.text.HAL_TIMEx_GetChannelNState,"ax",%progbits
 5342              		.align	1
 5343              		.global	HAL_TIMEx_GetChannelNState
 5344              		.syntax unified
 5345              		.thumb
 5346              		.thumb_func
 5348              	HAL_TIMEx_GetChannelNState:
 5349              	.LVL383:
ARM GAS  /tmp/ccdDJwMc.s 			page 162


 5350              	.LFB108:
2196:Drivers/STM32F2xx_HAL_Driver/Src/stm32f2xx_hal_tim_ex.c ****   HAL_TIM_ChannelStateTypeDef channel_state;
 5351              		.loc 1 2196 1 is_stmt 1 view -0
 5352              		.cfi_startproc
 5353              		@ args = 0, pretend = 0, frame = 0
 5354              		@ frame_needed = 0, uses_anonymous_args = 0
 5355              		@ link register save eliminated.
2197:Drivers/STM32F2xx_HAL_Driver/Src/stm32f2xx_hal_tim_ex.c **** 
 5356              		.loc 1 2197 3 view .LVU1556
2200:Drivers/STM32F2xx_HAL_Driver/Src/stm32f2xx_hal_tim_ex.c **** 
 5357              		.loc 1 2200 3 view .LVU1557
2202:Drivers/STM32F2xx_HAL_Driver/Src/stm32f2xx_hal_tim_ex.c **** 
 5358              		.loc 1 2202 3 view .LVU1558
2202:Drivers/STM32F2xx_HAL_Driver/Src/stm32f2xx_hal_tim_ex.c **** 
 5359              		.loc 1 2202 19 is_stmt 0 view .LVU1559
 5360 0000 19B9     		cbnz	r1, .L410
2202:Drivers/STM32F2xx_HAL_Driver/Src/stm32f2xx_hal_tim_ex.c **** 
 5361              		.loc 1 2202 19 discriminator 1 view .LVU1560
 5362 0002 90F84200 		ldrb	r0, [r0, #66]	@ zero_extendqisi2
 5363              	.LVL384:
2202:Drivers/STM32F2xx_HAL_Driver/Src/stm32f2xx_hal_tim_ex.c **** 
 5364              		.loc 1 2202 19 discriminator 1 view .LVU1561
 5365 0006 C0B2     		uxtb	r0, r0
 5366 0008 7047     		bx	lr
 5367              	.LVL385:
 5368              	.L410:
2202:Drivers/STM32F2xx_HAL_Driver/Src/stm32f2xx_hal_tim_ex.c **** 
 5369              		.loc 1 2202 19 discriminator 2 view .LVU1562
 5370 000a 0429     		cmp	r1, #4
 5371 000c 05D0     		beq	.L414
2202:Drivers/STM32F2xx_HAL_Driver/Src/stm32f2xx_hal_tim_ex.c **** 
 5372              		.loc 1 2202 19 discriminator 5 view .LVU1563
 5373 000e 0829     		cmp	r1, #8
 5374 0010 07D0     		beq	.L415
2202:Drivers/STM32F2xx_HAL_Driver/Src/stm32f2xx_hal_tim_ex.c **** 
 5375              		.loc 1 2202 19 discriminator 8 view .LVU1564
 5376 0012 90F84500 		ldrb	r0, [r0, #69]	@ zero_extendqisi2
 5377              	.LVL386:
2202:Drivers/STM32F2xx_HAL_Driver/Src/stm32f2xx_hal_tim_ex.c **** 
 5378              		.loc 1 2202 19 discriminator 8 view .LVU1565
 5379 0016 C0B2     		uxtb	r0, r0
 5380              	.LVL387:
2204:Drivers/STM32F2xx_HAL_Driver/Src/stm32f2xx_hal_tim_ex.c **** }
 5381              		.loc 1 2204 3 is_stmt 1 view .LVU1566
2205:Drivers/STM32F2xx_HAL_Driver/Src/stm32f2xx_hal_tim_ex.c **** /**
 5382              		.loc 1 2205 1 is_stmt 0 view .LVU1567
 5383 0018 7047     		bx	lr
 5384              	.LVL388:
 5385              	.L414:
2202:Drivers/STM32F2xx_HAL_Driver/Src/stm32f2xx_hal_tim_ex.c **** 
 5386              		.loc 1 2202 19 discriminator 4 view .LVU1568
 5387 001a 90F84300 		ldrb	r0, [r0, #67]	@ zero_extendqisi2
 5388              	.LVL389:
2202:Drivers/STM32F2xx_HAL_Driver/Src/stm32f2xx_hal_tim_ex.c **** 
 5389              		.loc 1 2202 19 discriminator 4 view .LVU1569
 5390 001e C0B2     		uxtb	r0, r0
 5391 0020 7047     		bx	lr
ARM GAS  /tmp/ccdDJwMc.s 			page 163


 5392              	.LVL390:
 5393              	.L415:
2202:Drivers/STM32F2xx_HAL_Driver/Src/stm32f2xx_hal_tim_ex.c **** 
 5394              		.loc 1 2202 19 discriminator 7 view .LVU1570
 5395 0022 90F84400 		ldrb	r0, [r0, #68]	@ zero_extendqisi2
 5396              	.LVL391:
2202:Drivers/STM32F2xx_HAL_Driver/Src/stm32f2xx_hal_tim_ex.c **** 
 5397              		.loc 1 2202 19 discriminator 7 view .LVU1571
 5398 0026 C0B2     		uxtb	r0, r0
 5399 0028 7047     		bx	lr
 5400              		.cfi_endproc
 5401              	.LFE108:
 5403              		.text
 5404              	.Letext0:
 5405              		.file 2 "/home/sru/.local/xPacks/arm-none-eabi-gcc/xpack-arm-none-eabi-gcc-14.2.1-1.1/arm-none-eab
 5406              		.file 3 "/home/sru/.local/xPacks/arm-none-eabi-gcc/xpack-arm-none-eabi-gcc-14.2.1-1.1/arm-none-eab
 5407              		.file 4 "Drivers/CMSIS/Device/ST/STM32F2xx/Include/stm32f207xx.h"
 5408              		.file 5 "Drivers/CMSIS/Device/ST/STM32F2xx/Include/stm32f2xx.h"
 5409              		.file 6 "Drivers/STM32F2xx_HAL_Driver/Inc/stm32f2xx_hal_def.h"
 5410              		.file 7 "Drivers/STM32F2xx_HAL_Driver/Inc/stm32f2xx_hal_dma.h"
 5411              		.file 8 "Drivers/STM32F2xx_HAL_Driver/Inc/stm32f2xx_hal_tim.h"
 5412              		.file 9 "Drivers/STM32F2xx_HAL_Driver/Inc/stm32f2xx_hal_tim_ex.h"
ARM GAS  /tmp/ccdDJwMc.s 			page 164


DEFINED SYMBOLS
                            *ABS*:00000000 stm32f2xx_hal_tim_ex.c
     /tmp/ccdDJwMc.s:19     .text.TIM_CCxNChannelCmd:00000000 $t
     /tmp/ccdDJwMc.s:24     .text.TIM_CCxNChannelCmd:00000000 TIM_CCxNChannelCmd
     /tmp/ccdDJwMc.s:62     .text.TIM_DMAErrorCCxN:00000000 $t
     /tmp/ccdDJwMc.s:67     .text.TIM_DMAErrorCCxN:00000000 TIM_DMAErrorCCxN
     /tmp/ccdDJwMc.s:147    .text.TIM_DMADelayPulseNCplt:00000000 $t
     /tmp/ccdDJwMc.s:152    .text.TIM_DMADelayPulseNCplt:00000000 TIM_DMADelayPulseNCplt
     /tmp/ccdDJwMc.s:251    .text.HAL_TIMEx_HallSensor_MspInit:00000000 $t
     /tmp/ccdDJwMc.s:257    .text.HAL_TIMEx_HallSensor_MspInit:00000000 HAL_TIMEx_HallSensor_MspInit
     /tmp/ccdDJwMc.s:272    .text.HAL_TIMEx_HallSensor_Init:00000000 $t
     /tmp/ccdDJwMc.s:278    .text.HAL_TIMEx_HallSensor_Init:00000000 HAL_TIMEx_HallSensor_Init
     /tmp/ccdDJwMc.s:495    .text.HAL_TIMEx_HallSensor_MspDeInit:00000000 $t
     /tmp/ccdDJwMc.s:501    .text.HAL_TIMEx_HallSensor_MspDeInit:00000000 HAL_TIMEx_HallSensor_MspDeInit
     /tmp/ccdDJwMc.s:516    .text.HAL_TIMEx_HallSensor_DeInit:00000000 $t
     /tmp/ccdDJwMc.s:522    .text.HAL_TIMEx_HallSensor_DeInit:00000000 HAL_TIMEx_HallSensor_DeInit
     /tmp/ccdDJwMc.s:592    .text.HAL_TIMEx_HallSensor_Start:00000000 $t
     /tmp/ccdDJwMc.s:598    .text.HAL_TIMEx_HallSensor_Start:00000000 HAL_TIMEx_HallSensor_Start
     /tmp/ccdDJwMc.s:755    .text.HAL_TIMEx_HallSensor_Start:000000bc $d
     /tmp/ccdDJwMc.s:760    .text.HAL_TIMEx_HallSensor_Stop:00000000 $t
     /tmp/ccdDJwMc.s:766    .text.HAL_TIMEx_HallSensor_Stop:00000000 HAL_TIMEx_HallSensor_Stop
     /tmp/ccdDJwMc.s:825    .text.HAL_TIMEx_HallSensor_Start_IT:00000000 $t
     /tmp/ccdDJwMc.s:831    .text.HAL_TIMEx_HallSensor_Start_IT:00000000 HAL_TIMEx_HallSensor_Start_IT
     /tmp/ccdDJwMc.s:996    .text.HAL_TIMEx_HallSensor_Start_IT:000000c8 $d
     /tmp/ccdDJwMc.s:1001   .text.HAL_TIMEx_HallSensor_Stop_IT:00000000 $t
     /tmp/ccdDJwMc.s:1007   .text.HAL_TIMEx_HallSensor_Stop_IT:00000000 HAL_TIMEx_HallSensor_Stop_IT
     /tmp/ccdDJwMc.s:1071   .text.HAL_TIMEx_HallSensor_Start_DMA:00000000 $t
     /tmp/ccdDJwMc.s:1077   .text.HAL_TIMEx_HallSensor_Start_DMA:00000000 HAL_TIMEx_HallSensor_Start_DMA
     /tmp/ccdDJwMc.s:1276   .text.HAL_TIMEx_HallSensor_Start_DMA:000000e0 $d
     /tmp/ccdDJwMc.s:1284   .text.HAL_TIMEx_HallSensor_Stop_DMA:00000000 $t
     /tmp/ccdDJwMc.s:1290   .text.HAL_TIMEx_HallSensor_Stop_DMA:00000000 HAL_TIMEx_HallSensor_Stop_DMA
     /tmp/ccdDJwMc.s:1355   .text.HAL_TIMEx_OCN_Start:00000000 $t
     /tmp/ccdDJwMc.s:1361   .text.HAL_TIMEx_OCN_Start:00000000 HAL_TIMEx_OCN_Start
     /tmp/ccdDJwMc.s:1548   .text.HAL_TIMEx_OCN_Start:000000ec $d
     /tmp/ccdDJwMc.s:1553   .text.HAL_TIMEx_OCN_Stop:00000000 $t
     /tmp/ccdDJwMc.s:1559   .text.HAL_TIMEx_OCN_Stop:00000000 HAL_TIMEx_OCN_Stop
     /tmp/ccdDJwMc.s:1656   .text.HAL_TIMEx_OCN_Start_IT:00000000 $t
     /tmp/ccdDJwMc.s:1662   .text.HAL_TIMEx_OCN_Start_IT:00000000 HAL_TIMEx_OCN_Start_IT
     /tmp/ccdDJwMc.s:1892   .text.HAL_TIMEx_OCN_Start_IT:00000120 $d
     /tmp/ccdDJwMc.s:1897   .text.HAL_TIMEx_OCN_Stop_IT:00000000 $t
     /tmp/ccdDJwMc.s:1903   .text.HAL_TIMEx_OCN_Stop_IT:00000000 HAL_TIMEx_OCN_Stop_IT
     /tmp/ccdDJwMc.s:2069   .text.HAL_TIMEx_OCN_Start_DMA:00000000 $t
     /tmp/ccdDJwMc.s:2075   .text.HAL_TIMEx_OCN_Start_DMA:00000000 HAL_TIMEx_OCN_Start_DMA
     /tmp/ccdDJwMc.s:2484   .text.HAL_TIMEx_OCN_Start_DMA:00000204 $d
     /tmp/ccdDJwMc.s:2492   .text.HAL_TIMEx_OCN_Stop_DMA:00000000 $t
     /tmp/ccdDJwMc.s:2498   .text.HAL_TIMEx_OCN_Stop_DMA:00000000 HAL_TIMEx_OCN_Stop_DMA
     /tmp/ccdDJwMc.s:2662   .text.HAL_TIMEx_PWMN_Start:00000000 $t
     /tmp/ccdDJwMc.s:2668   .text.HAL_TIMEx_PWMN_Start:00000000 HAL_TIMEx_PWMN_Start
     /tmp/ccdDJwMc.s:2855   .text.HAL_TIMEx_PWMN_Start:000000ec $d
     /tmp/ccdDJwMc.s:2860   .text.HAL_TIMEx_PWMN_Stop:00000000 $t
     /tmp/ccdDJwMc.s:2866   .text.HAL_TIMEx_PWMN_Stop:00000000 HAL_TIMEx_PWMN_Stop
     /tmp/ccdDJwMc.s:2963   .text.HAL_TIMEx_PWMN_Start_IT:00000000 $t
     /tmp/ccdDJwMc.s:2969   .text.HAL_TIMEx_PWMN_Start_IT:00000000 HAL_TIMEx_PWMN_Start_IT
     /tmp/ccdDJwMc.s:3199   .text.HAL_TIMEx_PWMN_Start_IT:00000120 $d
     /tmp/ccdDJwMc.s:3204   .text.HAL_TIMEx_PWMN_Stop_IT:00000000 $t
     /tmp/ccdDJwMc.s:3210   .text.HAL_TIMEx_PWMN_Stop_IT:00000000 HAL_TIMEx_PWMN_Stop_IT
     /tmp/ccdDJwMc.s:3376   .text.HAL_TIMEx_PWMN_Start_DMA:00000000 $t
ARM GAS  /tmp/ccdDJwMc.s 			page 165


     /tmp/ccdDJwMc.s:3382   .text.HAL_TIMEx_PWMN_Start_DMA:00000000 HAL_TIMEx_PWMN_Start_DMA
     /tmp/ccdDJwMc.s:3791   .text.HAL_TIMEx_PWMN_Start_DMA:00000204 $d
     /tmp/ccdDJwMc.s:3799   .text.HAL_TIMEx_PWMN_Stop_DMA:00000000 $t
     /tmp/ccdDJwMc.s:3805   .text.HAL_TIMEx_PWMN_Stop_DMA:00000000 HAL_TIMEx_PWMN_Stop_DMA
     /tmp/ccdDJwMc.s:3969   .text.HAL_TIMEx_OnePulseN_Start:00000000 $t
     /tmp/ccdDJwMc.s:3975   .text.HAL_TIMEx_OnePulseN_Start:00000000 HAL_TIMEx_OnePulseN_Start
     /tmp/ccdDJwMc.s:4102   .text.HAL_TIMEx_OnePulseN_Stop:00000000 $t
     /tmp/ccdDJwMc.s:4108   .text.HAL_TIMEx_OnePulseN_Stop:00000000 HAL_TIMEx_OnePulseN_Stop
     /tmp/ccdDJwMc.s:4204   .text.HAL_TIMEx_OnePulseN_Start_IT:00000000 $t
     /tmp/ccdDJwMc.s:4210   .text.HAL_TIMEx_OnePulseN_Start_IT:00000000 HAL_TIMEx_OnePulseN_Start_IT
     /tmp/ccdDJwMc.s:4347   .text.HAL_TIMEx_OnePulseN_Stop_IT:00000000 $t
     /tmp/ccdDJwMc.s:4353   .text.HAL_TIMEx_OnePulseN_Stop_IT:00000000 HAL_TIMEx_OnePulseN_Stop_IT
     /tmp/ccdDJwMc.s:4459   .text.HAL_TIMEx_ConfigCommutEvent:00000000 $t
     /tmp/ccdDJwMc.s:4465   .text.HAL_TIMEx_ConfigCommutEvent:00000000 HAL_TIMEx_ConfigCommutEvent
     /tmp/ccdDJwMc.s:4589   .text.HAL_TIMEx_ConfigCommutEvent_IT:00000000 $t
     /tmp/ccdDJwMc.s:4595   .text.HAL_TIMEx_ConfigCommutEvent_IT:00000000 HAL_TIMEx_ConfigCommutEvent_IT
     /tmp/ccdDJwMc.s:4719   .text.HAL_TIMEx_ConfigCommutEvent_DMA:00000000 $t
     /tmp/ccdDJwMc.s:4725   .text.HAL_TIMEx_ConfigCommutEvent_DMA:00000000 HAL_TIMEx_ConfigCommutEvent_DMA
     /tmp/ccdDJwMc.s:4866   .text.HAL_TIMEx_ConfigCommutEvent_DMA:00000088 $d
     /tmp/ccdDJwMc.s:5210   .text.TIMEx_DMACommutationCplt:00000000 TIMEx_DMACommutationCplt
     /tmp/ccdDJwMc.s:5267   .text.TIMEx_DMACommutationHalfCplt:00000000 TIMEx_DMACommutationHalfCplt
     /tmp/ccdDJwMc.s:4873   .text.HAL_TIMEx_MasterConfigSynchronization:00000000 $t
     /tmp/ccdDJwMc.s:4879   .text.HAL_TIMEx_MasterConfigSynchronization:00000000 HAL_TIMEx_MasterConfigSynchronization
     /tmp/ccdDJwMc.s:5013   .text.HAL_TIMEx_MasterConfigSynchronization:00000088 $d
     /tmp/ccdDJwMc.s:5018   .text.HAL_TIMEx_ConfigBreakDeadTime:00000000 $t
     /tmp/ccdDJwMc.s:5024   .text.HAL_TIMEx_ConfigBreakDeadTime:00000000 HAL_TIMEx_ConfigBreakDeadTime
     /tmp/ccdDJwMc.s:5134   .text.HAL_TIMEx_RemapConfig:00000000 $t
     /tmp/ccdDJwMc.s:5140   .text.HAL_TIMEx_RemapConfig:00000000 HAL_TIMEx_RemapConfig
     /tmp/ccdDJwMc.s:5183   .text.HAL_TIMEx_CommutCallback:00000000 $t
     /tmp/ccdDJwMc.s:5189   .text.HAL_TIMEx_CommutCallback:00000000 HAL_TIMEx_CommutCallback
     /tmp/ccdDJwMc.s:5204   .text.TIMEx_DMACommutationCplt:00000000 $t
     /tmp/ccdDJwMc.s:5240   .text.HAL_TIMEx_CommutHalfCpltCallback:00000000 $t
     /tmp/ccdDJwMc.s:5246   .text.HAL_TIMEx_CommutHalfCpltCallback:00000000 HAL_TIMEx_CommutHalfCpltCallback
     /tmp/ccdDJwMc.s:5261   .text.TIMEx_DMACommutationHalfCplt:00000000 $t
     /tmp/ccdDJwMc.s:5297   .text.HAL_TIMEx_BreakCallback:00000000 $t
     /tmp/ccdDJwMc.s:5303   .text.HAL_TIMEx_BreakCallback:00000000 HAL_TIMEx_BreakCallback
     /tmp/ccdDJwMc.s:5318   .text.HAL_TIMEx_HallSensor_GetState:00000000 $t
     /tmp/ccdDJwMc.s:5324   .text.HAL_TIMEx_HallSensor_GetState:00000000 HAL_TIMEx_HallSensor_GetState
     /tmp/ccdDJwMc.s:5342   .text.HAL_TIMEx_GetChannelNState:00000000 $t
     /tmp/ccdDJwMc.s:5348   .text.HAL_TIMEx_GetChannelNState:00000000 HAL_TIMEx_GetChannelNState

UNDEFINED SYMBOLS
HAL_TIM_ErrorCallback
HAL_TIM_PWM_PulseFinishedCallback
TIM_Base_SetConfig
TIM_TI1_SetConfig
TIM_OC2_SetConfig
TIM_CCxChannelCmd
HAL_DMA_Start_IT
TIM_DMACaptureCplt
TIM_DMACaptureHalfCplt
TIM_DMAError
HAL_DMA_Abort_IT
TIM_DMADelayPulseHalfCplt
