ARM GAS  /tmp/ccKfRIXr.s 			page 1


   1              		.cpu cortex-m3
   2              		.arch armv7-m
   3              		.fpu softvfp
   4              		.eabi_attribute 20, 1
   5              		.eabi_attribute 21, 1
   6              		.eabi_attribute 23, 3
   7              		.eabi_attribute 24, 1
   8              		.eabi_attribute 25, 1
   9              		.eabi_attribute 26, 1
  10              		.eabi_attribute 30, 1
  11              		.eabi_attribute 34, 1
  12              		.eabi_attribute 18, 4
  13              		.file	"stm32f2xx_hal.c"
  14              		.text
  15              	.Ltext0:
  16              		.cfi_sections	.debug_frame
  17              		.file 1 "Drivers/STM32F2xx_HAL_Driver/Src/stm32f2xx_hal.c"
  18              		.section	.text.HAL_MspInit,"ax",%progbits
  19              		.align	1
  20              		.weak	HAL_MspInit
  21              		.syntax unified
  22              		.thumb
  23              		.thumb_func
  25              	HAL_MspInit:
  26              	.LFB74:
   1:Drivers/STM32F2xx_HAL_Driver/Src/stm32f2xx_hal.c **** /**
   2:Drivers/STM32F2xx_HAL_Driver/Src/stm32f2xx_hal.c ****   ******************************************************************************
   3:Drivers/STM32F2xx_HAL_Driver/Src/stm32f2xx_hal.c ****   * @file    stm32f2xx_hal.c
   4:Drivers/STM32F2xx_HAL_Driver/Src/stm32f2xx_hal.c ****   * @author  MCD Application Team
   5:Drivers/STM32F2xx_HAL_Driver/Src/stm32f2xx_hal.c ****   * @brief   HAL module driver.
   6:Drivers/STM32F2xx_HAL_Driver/Src/stm32f2xx_hal.c ****   *          This is the common part of the HAL initialization
   7:Drivers/STM32F2xx_HAL_Driver/Src/stm32f2xx_hal.c ****   *
   8:Drivers/STM32F2xx_HAL_Driver/Src/stm32f2xx_hal.c ****   ******************************************************************************
   9:Drivers/STM32F2xx_HAL_Driver/Src/stm32f2xx_hal.c ****   * @attention
  10:Drivers/STM32F2xx_HAL_Driver/Src/stm32f2xx_hal.c ****   *
  11:Drivers/STM32F2xx_HAL_Driver/Src/stm32f2xx_hal.c ****   * Copyright (c) 2016 STMicroelectronics.
  12:Drivers/STM32F2xx_HAL_Driver/Src/stm32f2xx_hal.c ****   * All rights reserved.
  13:Drivers/STM32F2xx_HAL_Driver/Src/stm32f2xx_hal.c ****   *
  14:Drivers/STM32F2xx_HAL_Driver/Src/stm32f2xx_hal.c ****   * This software is licensed under terms that can be found in the LICENSE file
  15:Drivers/STM32F2xx_HAL_Driver/Src/stm32f2xx_hal.c ****   * in the root directory of this software component.
  16:Drivers/STM32F2xx_HAL_Driver/Src/stm32f2xx_hal.c ****   * If no LICENSE file comes with this software, it is provided AS-IS.
  17:Drivers/STM32F2xx_HAL_Driver/Src/stm32f2xx_hal.c ****   *
  18:Drivers/STM32F2xx_HAL_Driver/Src/stm32f2xx_hal.c ****   ******************************************************************************
  19:Drivers/STM32F2xx_HAL_Driver/Src/stm32f2xx_hal.c ****   @verbatim
  20:Drivers/STM32F2xx_HAL_Driver/Src/stm32f2xx_hal.c ****   ==============================================================================
  21:Drivers/STM32F2xx_HAL_Driver/Src/stm32f2xx_hal.c ****                      ##### How to use this driver #####
  22:Drivers/STM32F2xx_HAL_Driver/Src/stm32f2xx_hal.c ****   ==============================================================================
  23:Drivers/STM32F2xx_HAL_Driver/Src/stm32f2xx_hal.c ****     [..]
  24:Drivers/STM32F2xx_HAL_Driver/Src/stm32f2xx_hal.c ****     The common HAL driver contains a set of generic and common APIs that can be
  25:Drivers/STM32F2xx_HAL_Driver/Src/stm32f2xx_hal.c ****     used by the PPP peripheral drivers and the user to start using the HAL. 
  26:Drivers/STM32F2xx_HAL_Driver/Src/stm32f2xx_hal.c ****     [..]
  27:Drivers/STM32F2xx_HAL_Driver/Src/stm32f2xx_hal.c ****     The HAL contains two APIs' categories: 
  28:Drivers/STM32F2xx_HAL_Driver/Src/stm32f2xx_hal.c ****          (+) Common HAL APIs
  29:Drivers/STM32F2xx_HAL_Driver/Src/stm32f2xx_hal.c ****          (+) Services HAL APIs
  30:Drivers/STM32F2xx_HAL_Driver/Src/stm32f2xx_hal.c **** 
  31:Drivers/STM32F2xx_HAL_Driver/Src/stm32f2xx_hal.c ****   @endverbatim
  32:Drivers/STM32F2xx_HAL_Driver/Src/stm32f2xx_hal.c ****   ******************************************************************************
ARM GAS  /tmp/ccKfRIXr.s 			page 2


  33:Drivers/STM32F2xx_HAL_Driver/Src/stm32f2xx_hal.c ****   */
  34:Drivers/STM32F2xx_HAL_Driver/Src/stm32f2xx_hal.c **** 
  35:Drivers/STM32F2xx_HAL_Driver/Src/stm32f2xx_hal.c **** /* Includes ------------------------------------------------------------------*/
  36:Drivers/STM32F2xx_HAL_Driver/Src/stm32f2xx_hal.c **** #include "stm32f2xx_hal.h"
  37:Drivers/STM32F2xx_HAL_Driver/Src/stm32f2xx_hal.c **** 
  38:Drivers/STM32F2xx_HAL_Driver/Src/stm32f2xx_hal.c **** /** @addtogroup STM32F2xx_HAL_Driver
  39:Drivers/STM32F2xx_HAL_Driver/Src/stm32f2xx_hal.c ****   * @{
  40:Drivers/STM32F2xx_HAL_Driver/Src/stm32f2xx_hal.c ****   */
  41:Drivers/STM32F2xx_HAL_Driver/Src/stm32f2xx_hal.c **** 
  42:Drivers/STM32F2xx_HAL_Driver/Src/stm32f2xx_hal.c **** /** @defgroup HAL HAL
  43:Drivers/STM32F2xx_HAL_Driver/Src/stm32f2xx_hal.c ****   * @brief HAL module driver.
  44:Drivers/STM32F2xx_HAL_Driver/Src/stm32f2xx_hal.c ****   * @{
  45:Drivers/STM32F2xx_HAL_Driver/Src/stm32f2xx_hal.c ****   */
  46:Drivers/STM32F2xx_HAL_Driver/Src/stm32f2xx_hal.c **** 
  47:Drivers/STM32F2xx_HAL_Driver/Src/stm32f2xx_hal.c **** /* Private typedef -----------------------------------------------------------*/
  48:Drivers/STM32F2xx_HAL_Driver/Src/stm32f2xx_hal.c **** /* Private define ------------------------------------------------------------*/
  49:Drivers/STM32F2xx_HAL_Driver/Src/stm32f2xx_hal.c **** /** @addtogroup HAL_Private_Constants
  50:Drivers/STM32F2xx_HAL_Driver/Src/stm32f2xx_hal.c ****   * @{
  51:Drivers/STM32F2xx_HAL_Driver/Src/stm32f2xx_hal.c ****   */
  52:Drivers/STM32F2xx_HAL_Driver/Src/stm32f2xx_hal.c **** /**
  53:Drivers/STM32F2xx_HAL_Driver/Src/stm32f2xx_hal.c ****   * @brief STM32F2xx HAL Driver version number
  54:Drivers/STM32F2xx_HAL_Driver/Src/stm32f2xx_hal.c ****   */
  55:Drivers/STM32F2xx_HAL_Driver/Src/stm32f2xx_hal.c **** #define __STM32F2xx_HAL_VERSION_MAIN   0x01U /*!< [31:24] main version */
  56:Drivers/STM32F2xx_HAL_Driver/Src/stm32f2xx_hal.c **** #define __STM32F2xx_HAL_VERSION_SUB1   0x02U /*!< [23:16] sub1 version */
  57:Drivers/STM32F2xx_HAL_Driver/Src/stm32f2xx_hal.c **** #define __STM32F2xx_HAL_VERSION_SUB2   0x09U /*!< [15:8]  sub2 version */
  58:Drivers/STM32F2xx_HAL_Driver/Src/stm32f2xx_hal.c **** #define __STM32F2xx_HAL_VERSION_RC     0x00U /*!< [7:0]  release candidate */ 
  59:Drivers/STM32F2xx_HAL_Driver/Src/stm32f2xx_hal.c **** #define __STM32F2xx_HAL_VERSION         ((__STM32F2xx_HAL_VERSION_MAIN << 24U)\
  60:Drivers/STM32F2xx_HAL_Driver/Src/stm32f2xx_hal.c ****                                         |(__STM32F2xx_HAL_VERSION_SUB1 << 16U)\
  61:Drivers/STM32F2xx_HAL_Driver/Src/stm32f2xx_hal.c ****                                         |(__STM32F2xx_HAL_VERSION_SUB2 << 8U) \
  62:Drivers/STM32F2xx_HAL_Driver/Src/stm32f2xx_hal.c ****                                         |(__STM32F2xx_HAL_VERSION_RC))
  63:Drivers/STM32F2xx_HAL_Driver/Src/stm32f2xx_hal.c ****                                         
  64:Drivers/STM32F2xx_HAL_Driver/Src/stm32f2xx_hal.c **** #define IDCODE_DEVID_MASK    0x00000FFFU
  65:Drivers/STM32F2xx_HAL_Driver/Src/stm32f2xx_hal.c **** 
  66:Drivers/STM32F2xx_HAL_Driver/Src/stm32f2xx_hal.c **** /* ------------ RCC registers bit address in the alias region ----------- */
  67:Drivers/STM32F2xx_HAL_Driver/Src/stm32f2xx_hal.c **** #define SYSCFG_OFFSET             (SYSCFG_BASE - PERIPH_BASE)
  68:Drivers/STM32F2xx_HAL_Driver/Src/stm32f2xx_hal.c **** /* ---  MEMRMP Register ---*/ 
  69:Drivers/STM32F2xx_HAL_Driver/Src/stm32f2xx_hal.c **** /* Alias word address of UFB_MODE bit */ 
  70:Drivers/STM32F2xx_HAL_Driver/Src/stm32f2xx_hal.c **** #define MEMRMP_OFFSET             SYSCFG_OFFSET 
  71:Drivers/STM32F2xx_HAL_Driver/Src/stm32f2xx_hal.c **** #define UFB_MODE_BIT_NUMBER       POSITION_VAL(SYSCFG_MEMRMP_UFB_MODE)
  72:Drivers/STM32F2xx_HAL_Driver/Src/stm32f2xx_hal.c **** #define UFB_MODE_BB               (uint32_t)(PERIPH_BB_BASE + (MEMRMP_OFFSET * 32U) + (UFB_MODE_BIT
  73:Drivers/STM32F2xx_HAL_Driver/Src/stm32f2xx_hal.c **** 
  74:Drivers/STM32F2xx_HAL_Driver/Src/stm32f2xx_hal.c **** /* ---  CMPCR Register ---*/ 
  75:Drivers/STM32F2xx_HAL_Driver/Src/stm32f2xx_hal.c **** /* Alias word address of CMP_PD bit */ 
  76:Drivers/STM32F2xx_HAL_Driver/Src/stm32f2xx_hal.c **** #define CMPCR_OFFSET              (SYSCFG_OFFSET + 0x20U) 
  77:Drivers/STM32F2xx_HAL_Driver/Src/stm32f2xx_hal.c **** #define CMP_PD_BIT_NUMBER         POSITION_VAL(SYSCFG_CMPCR_CMP_PD)
  78:Drivers/STM32F2xx_HAL_Driver/Src/stm32f2xx_hal.c **** #define CMPCR_CMP_PD_BB           (uint32_t)(PERIPH_BB_BASE + (CMPCR_OFFSET * 32U) + (CMP_PD_BIT_NU
  79:Drivers/STM32F2xx_HAL_Driver/Src/stm32f2xx_hal.c **** /**
  80:Drivers/STM32F2xx_HAL_Driver/Src/stm32f2xx_hal.c ****   * @}
  81:Drivers/STM32F2xx_HAL_Driver/Src/stm32f2xx_hal.c ****   */
  82:Drivers/STM32F2xx_HAL_Driver/Src/stm32f2xx_hal.c **** 
  83:Drivers/STM32F2xx_HAL_Driver/Src/stm32f2xx_hal.c **** /* Private macro -------------------------------------------------------------*/
  84:Drivers/STM32F2xx_HAL_Driver/Src/stm32f2xx_hal.c **** /* Exported variables ---------------------------------------------------------*/
  85:Drivers/STM32F2xx_HAL_Driver/Src/stm32f2xx_hal.c **** /** @addtogroup HAL_Exported_Variables
  86:Drivers/STM32F2xx_HAL_Driver/Src/stm32f2xx_hal.c ****   * @{
  87:Drivers/STM32F2xx_HAL_Driver/Src/stm32f2xx_hal.c ****   */
  88:Drivers/STM32F2xx_HAL_Driver/Src/stm32f2xx_hal.c **** __IO uint32_t uwTick;
  89:Drivers/STM32F2xx_HAL_Driver/Src/stm32f2xx_hal.c **** uint32_t uwTickPrio   = (1UL << __NVIC_PRIO_BITS); /* Invalid PRIO */
ARM GAS  /tmp/ccKfRIXr.s 			page 3


  90:Drivers/STM32F2xx_HAL_Driver/Src/stm32f2xx_hal.c **** HAL_TickFreqTypeDef uwTickFreq = HAL_TICK_FREQ_DEFAULT;  /* 1KHz */
  91:Drivers/STM32F2xx_HAL_Driver/Src/stm32f2xx_hal.c **** /**
  92:Drivers/STM32F2xx_HAL_Driver/Src/stm32f2xx_hal.c ****   * @}
  93:Drivers/STM32F2xx_HAL_Driver/Src/stm32f2xx_hal.c ****   */
  94:Drivers/STM32F2xx_HAL_Driver/Src/stm32f2xx_hal.c **** /* Private function prototypes -----------------------------------------------*/
  95:Drivers/STM32F2xx_HAL_Driver/Src/stm32f2xx_hal.c **** /* Private functions ---------------------------------------------------------*/
  96:Drivers/STM32F2xx_HAL_Driver/Src/stm32f2xx_hal.c **** 
  97:Drivers/STM32F2xx_HAL_Driver/Src/stm32f2xx_hal.c **** /** @defgroup HAL_Exported_Functions HAL Exported Functions
  98:Drivers/STM32F2xx_HAL_Driver/Src/stm32f2xx_hal.c ****   * @{
  99:Drivers/STM32F2xx_HAL_Driver/Src/stm32f2xx_hal.c ****   */
 100:Drivers/STM32F2xx_HAL_Driver/Src/stm32f2xx_hal.c **** 
 101:Drivers/STM32F2xx_HAL_Driver/Src/stm32f2xx_hal.c **** /** @defgroup HAL_Exported_Functions_Group1 Initialization and de-initialization Functions 
 102:Drivers/STM32F2xx_HAL_Driver/Src/stm32f2xx_hal.c ****  *  @brief    Initialization and de-initialization functions
 103:Drivers/STM32F2xx_HAL_Driver/Src/stm32f2xx_hal.c ****  *
 104:Drivers/STM32F2xx_HAL_Driver/Src/stm32f2xx_hal.c **** @verbatim    
 105:Drivers/STM32F2xx_HAL_Driver/Src/stm32f2xx_hal.c ****  ===============================================================================
 106:Drivers/STM32F2xx_HAL_Driver/Src/stm32f2xx_hal.c ****               ##### Initialization and de-initialization functions #####
 107:Drivers/STM32F2xx_HAL_Driver/Src/stm32f2xx_hal.c ****  ===============================================================================
 108:Drivers/STM32F2xx_HAL_Driver/Src/stm32f2xx_hal.c ****     [..]  This section provides functions allowing to:
 109:Drivers/STM32F2xx_HAL_Driver/Src/stm32f2xx_hal.c ****       (+) Initializes the Flash interface the NVIC allocation and initial clock 
 110:Drivers/STM32F2xx_HAL_Driver/Src/stm32f2xx_hal.c ****           configuration. It initializes the systick also when timeout is needed 
 111:Drivers/STM32F2xx_HAL_Driver/Src/stm32f2xx_hal.c ****           and the backup domain when enabled.
 112:Drivers/STM32F2xx_HAL_Driver/Src/stm32f2xx_hal.c ****       (+) de-Initializes common part of the HAL
 113:Drivers/STM32F2xx_HAL_Driver/Src/stm32f2xx_hal.c ****       (+) Configure The time base source to have 1ms time base with a dedicated 
 114:Drivers/STM32F2xx_HAL_Driver/Src/stm32f2xx_hal.c ****           Tick interrupt priority. 
 115:Drivers/STM32F2xx_HAL_Driver/Src/stm32f2xx_hal.c ****         (++) Systick timer is used by default as source of time base, but user 
 116:Drivers/STM32F2xx_HAL_Driver/Src/stm32f2xx_hal.c ****              can eventually implement his proper time base source (a general purpose 
 117:Drivers/STM32F2xx_HAL_Driver/Src/stm32f2xx_hal.c ****              timer for example or other time source), keeping in mind that Time base 
 118:Drivers/STM32F2xx_HAL_Driver/Src/stm32f2xx_hal.c ****              duration should be kept 1ms since PPP_TIMEOUT_VALUEs are defined and 
 119:Drivers/STM32F2xx_HAL_Driver/Src/stm32f2xx_hal.c ****              handled in milliseconds basis.
 120:Drivers/STM32F2xx_HAL_Driver/Src/stm32f2xx_hal.c ****         (++) Time base configuration function (HAL_InitTick ()) is called automatically 
 121:Drivers/STM32F2xx_HAL_Driver/Src/stm32f2xx_hal.c ****              at the beginning of the program after reset by HAL_Init() or at any time 
 122:Drivers/STM32F2xx_HAL_Driver/Src/stm32f2xx_hal.c ****              when clock is configured, by HAL_RCC_ClockConfig(). 
 123:Drivers/STM32F2xx_HAL_Driver/Src/stm32f2xx_hal.c ****         (++) Source of time base is configured  to generate interrupts at regular 
 124:Drivers/STM32F2xx_HAL_Driver/Src/stm32f2xx_hal.c ****              time intervals. Care must be taken if HAL_Delay() is called from a 
 125:Drivers/STM32F2xx_HAL_Driver/Src/stm32f2xx_hal.c ****              peripheral ISR process, the Tick interrupt line must have higher priority 
 126:Drivers/STM32F2xx_HAL_Driver/Src/stm32f2xx_hal.c ****             (numerically lower) than the peripheral interrupt. Otherwise the caller 
 127:Drivers/STM32F2xx_HAL_Driver/Src/stm32f2xx_hal.c ****             ISR process will be blocked. 
 128:Drivers/STM32F2xx_HAL_Driver/Src/stm32f2xx_hal.c ****        (++) functions affecting time base configurations are declared as __weak  
 129:Drivers/STM32F2xx_HAL_Driver/Src/stm32f2xx_hal.c ****              to make  override possible  in case of other  implementations in user file.
 130:Drivers/STM32F2xx_HAL_Driver/Src/stm32f2xx_hal.c **** @endverbatim
 131:Drivers/STM32F2xx_HAL_Driver/Src/stm32f2xx_hal.c ****   * @{
 132:Drivers/STM32F2xx_HAL_Driver/Src/stm32f2xx_hal.c ****   */
 133:Drivers/STM32F2xx_HAL_Driver/Src/stm32f2xx_hal.c **** 
 134:Drivers/STM32F2xx_HAL_Driver/Src/stm32f2xx_hal.c **** /**
 135:Drivers/STM32F2xx_HAL_Driver/Src/stm32f2xx_hal.c ****   * @brief  This function is used to initialize the HAL Library; it must be the first 
 136:Drivers/STM32F2xx_HAL_Driver/Src/stm32f2xx_hal.c ****   *         instruction to be executed in the main program (before to call any other
 137:Drivers/STM32F2xx_HAL_Driver/Src/stm32f2xx_hal.c ****   *         HAL function), it performs the following:
 138:Drivers/STM32F2xx_HAL_Driver/Src/stm32f2xx_hal.c ****   *           Configure the Flash prefetch, instruction and Data caches.
 139:Drivers/STM32F2xx_HAL_Driver/Src/stm32f2xx_hal.c ****   *           Configures the SysTick to generate an interrupt each 1 millisecond,
 140:Drivers/STM32F2xx_HAL_Driver/Src/stm32f2xx_hal.c ****   *           which is clocked by the HSI (at this stage, the clock is not yet
 141:Drivers/STM32F2xx_HAL_Driver/Src/stm32f2xx_hal.c ****   *           configured and thus the system is running from the internal HSI at 16 MHz).
 142:Drivers/STM32F2xx_HAL_Driver/Src/stm32f2xx_hal.c ****   *           Set NVIC Group Priority to 4.
 143:Drivers/STM32F2xx_HAL_Driver/Src/stm32f2xx_hal.c ****   *           Calls the HAL_MspInit() callback function defined in user file 
 144:Drivers/STM32F2xx_HAL_Driver/Src/stm32f2xx_hal.c ****   *           "stm32f2xx_hal_msp.c" to do the global low level hardware initialization 
 145:Drivers/STM32F2xx_HAL_Driver/Src/stm32f2xx_hal.c ****   *            
 146:Drivers/STM32F2xx_HAL_Driver/Src/stm32f2xx_hal.c ****   * @note   SysTick is used as time base for the HAL_Delay() function, the application
ARM GAS  /tmp/ccKfRIXr.s 			page 4


 147:Drivers/STM32F2xx_HAL_Driver/Src/stm32f2xx_hal.c ****   *         need to ensure that the SysTick time base is always set to 1 millisecond
 148:Drivers/STM32F2xx_HAL_Driver/Src/stm32f2xx_hal.c ****   *         to have correct HAL operation.
 149:Drivers/STM32F2xx_HAL_Driver/Src/stm32f2xx_hal.c ****   * @retval HAL status
 150:Drivers/STM32F2xx_HAL_Driver/Src/stm32f2xx_hal.c ****   */
 151:Drivers/STM32F2xx_HAL_Driver/Src/stm32f2xx_hal.c **** HAL_StatusTypeDef HAL_Init(void)
 152:Drivers/STM32F2xx_HAL_Driver/Src/stm32f2xx_hal.c **** {
 153:Drivers/STM32F2xx_HAL_Driver/Src/stm32f2xx_hal.c ****   /* Configure Flash prefetch, Instruction cache, Data cache */ 
 154:Drivers/STM32F2xx_HAL_Driver/Src/stm32f2xx_hal.c **** #if (INSTRUCTION_CACHE_ENABLE != 0U)
 155:Drivers/STM32F2xx_HAL_Driver/Src/stm32f2xx_hal.c ****    __HAL_FLASH_INSTRUCTION_CACHE_ENABLE();
 156:Drivers/STM32F2xx_HAL_Driver/Src/stm32f2xx_hal.c **** #endif /* INSTRUCTION_CACHE_ENABLE */
 157:Drivers/STM32F2xx_HAL_Driver/Src/stm32f2xx_hal.c **** 
 158:Drivers/STM32F2xx_HAL_Driver/Src/stm32f2xx_hal.c **** #if (DATA_CACHE_ENABLE != 0U)
 159:Drivers/STM32F2xx_HAL_Driver/Src/stm32f2xx_hal.c ****    __HAL_FLASH_DATA_CACHE_ENABLE();
 160:Drivers/STM32F2xx_HAL_Driver/Src/stm32f2xx_hal.c **** #endif /* DATA_CACHE_ENABLE */
 161:Drivers/STM32F2xx_HAL_Driver/Src/stm32f2xx_hal.c **** 
 162:Drivers/STM32F2xx_HAL_Driver/Src/stm32f2xx_hal.c **** #if (PREFETCH_ENABLE != 0U)
 163:Drivers/STM32F2xx_HAL_Driver/Src/stm32f2xx_hal.c ****   __HAL_FLASH_PREFETCH_BUFFER_ENABLE();
 164:Drivers/STM32F2xx_HAL_Driver/Src/stm32f2xx_hal.c **** #endif /* PREFETCH_ENABLE */
 165:Drivers/STM32F2xx_HAL_Driver/Src/stm32f2xx_hal.c **** 
 166:Drivers/STM32F2xx_HAL_Driver/Src/stm32f2xx_hal.c ****   /* Set Interrupt Group Priority */
 167:Drivers/STM32F2xx_HAL_Driver/Src/stm32f2xx_hal.c ****   HAL_NVIC_SetPriorityGrouping(NVIC_PRIORITYGROUP_4);
 168:Drivers/STM32F2xx_HAL_Driver/Src/stm32f2xx_hal.c **** 
 169:Drivers/STM32F2xx_HAL_Driver/Src/stm32f2xx_hal.c ****   /* Use systick as time base source and configure 1ms tick (default clock after Reset is HSI) */
 170:Drivers/STM32F2xx_HAL_Driver/Src/stm32f2xx_hal.c ****   HAL_InitTick(TICK_INT_PRIORITY);
 171:Drivers/STM32F2xx_HAL_Driver/Src/stm32f2xx_hal.c ****   
 172:Drivers/STM32F2xx_HAL_Driver/Src/stm32f2xx_hal.c ****   /* Init the low level hardware */
 173:Drivers/STM32F2xx_HAL_Driver/Src/stm32f2xx_hal.c ****   HAL_MspInit();
 174:Drivers/STM32F2xx_HAL_Driver/Src/stm32f2xx_hal.c ****   
 175:Drivers/STM32F2xx_HAL_Driver/Src/stm32f2xx_hal.c ****   /* Return function status */
 176:Drivers/STM32F2xx_HAL_Driver/Src/stm32f2xx_hal.c ****   return HAL_OK;
 177:Drivers/STM32F2xx_HAL_Driver/Src/stm32f2xx_hal.c **** }
 178:Drivers/STM32F2xx_HAL_Driver/Src/stm32f2xx_hal.c **** 
 179:Drivers/STM32F2xx_HAL_Driver/Src/stm32f2xx_hal.c **** /**
 180:Drivers/STM32F2xx_HAL_Driver/Src/stm32f2xx_hal.c ****   * @brief  This function de-Initializes common part of the HAL and stops the systick.
 181:Drivers/STM32F2xx_HAL_Driver/Src/stm32f2xx_hal.c ****   *         This function is optional.   
 182:Drivers/STM32F2xx_HAL_Driver/Src/stm32f2xx_hal.c ****   * @retval HAL status
 183:Drivers/STM32F2xx_HAL_Driver/Src/stm32f2xx_hal.c ****   */
 184:Drivers/STM32F2xx_HAL_Driver/Src/stm32f2xx_hal.c **** HAL_StatusTypeDef HAL_DeInit(void)
 185:Drivers/STM32F2xx_HAL_Driver/Src/stm32f2xx_hal.c **** {
 186:Drivers/STM32F2xx_HAL_Driver/Src/stm32f2xx_hal.c ****   /* Reset of all peripherals */
 187:Drivers/STM32F2xx_HAL_Driver/Src/stm32f2xx_hal.c ****   __HAL_RCC_APB1_FORCE_RESET();
 188:Drivers/STM32F2xx_HAL_Driver/Src/stm32f2xx_hal.c ****   __HAL_RCC_APB1_RELEASE_RESET();
 189:Drivers/STM32F2xx_HAL_Driver/Src/stm32f2xx_hal.c **** 
 190:Drivers/STM32F2xx_HAL_Driver/Src/stm32f2xx_hal.c ****   __HAL_RCC_APB2_FORCE_RESET();
 191:Drivers/STM32F2xx_HAL_Driver/Src/stm32f2xx_hal.c ****   __HAL_RCC_APB2_RELEASE_RESET();
 192:Drivers/STM32F2xx_HAL_Driver/Src/stm32f2xx_hal.c **** 
 193:Drivers/STM32F2xx_HAL_Driver/Src/stm32f2xx_hal.c ****   __HAL_RCC_AHB1_FORCE_RESET();
 194:Drivers/STM32F2xx_HAL_Driver/Src/stm32f2xx_hal.c ****   __HAL_RCC_AHB1_RELEASE_RESET();
 195:Drivers/STM32F2xx_HAL_Driver/Src/stm32f2xx_hal.c **** 
 196:Drivers/STM32F2xx_HAL_Driver/Src/stm32f2xx_hal.c ****   __HAL_RCC_AHB2_FORCE_RESET();
 197:Drivers/STM32F2xx_HAL_Driver/Src/stm32f2xx_hal.c ****   __HAL_RCC_AHB2_RELEASE_RESET();
 198:Drivers/STM32F2xx_HAL_Driver/Src/stm32f2xx_hal.c **** 
 199:Drivers/STM32F2xx_HAL_Driver/Src/stm32f2xx_hal.c ****   __HAL_RCC_AHB3_FORCE_RESET();
 200:Drivers/STM32F2xx_HAL_Driver/Src/stm32f2xx_hal.c ****   __HAL_RCC_AHB3_RELEASE_RESET();
 201:Drivers/STM32F2xx_HAL_Driver/Src/stm32f2xx_hal.c **** 
 202:Drivers/STM32F2xx_HAL_Driver/Src/stm32f2xx_hal.c ****   /* De-Init the low level hardware */
 203:Drivers/STM32F2xx_HAL_Driver/Src/stm32f2xx_hal.c ****   HAL_MspDeInit();
ARM GAS  /tmp/ccKfRIXr.s 			page 5


 204:Drivers/STM32F2xx_HAL_Driver/Src/stm32f2xx_hal.c ****     
 205:Drivers/STM32F2xx_HAL_Driver/Src/stm32f2xx_hal.c ****   /* Return function status */
 206:Drivers/STM32F2xx_HAL_Driver/Src/stm32f2xx_hal.c ****   return HAL_OK;
 207:Drivers/STM32F2xx_HAL_Driver/Src/stm32f2xx_hal.c **** }
 208:Drivers/STM32F2xx_HAL_Driver/Src/stm32f2xx_hal.c **** 
 209:Drivers/STM32F2xx_HAL_Driver/Src/stm32f2xx_hal.c **** /**
 210:Drivers/STM32F2xx_HAL_Driver/Src/stm32f2xx_hal.c ****   * @brief  Initializes the MSP.
 211:Drivers/STM32F2xx_HAL_Driver/Src/stm32f2xx_hal.c ****   * @retval None
 212:Drivers/STM32F2xx_HAL_Driver/Src/stm32f2xx_hal.c ****   */
 213:Drivers/STM32F2xx_HAL_Driver/Src/stm32f2xx_hal.c **** __weak void HAL_MspInit(void)
 214:Drivers/STM32F2xx_HAL_Driver/Src/stm32f2xx_hal.c **** {
  27              		.loc 1 214 1 view -0
  28              		.cfi_startproc
  29              		@ args = 0, pretend = 0, frame = 0
  30              		@ frame_needed = 0, uses_anonymous_args = 0
  31              		@ link register save eliminated.
 215:Drivers/STM32F2xx_HAL_Driver/Src/stm32f2xx_hal.c ****   /* NOTE : This function Should not be modified, when the callback is needed,
 216:Drivers/STM32F2xx_HAL_Driver/Src/stm32f2xx_hal.c ****             the HAL_MspInit could be implemented in the user file
 217:Drivers/STM32F2xx_HAL_Driver/Src/stm32f2xx_hal.c ****    */
 218:Drivers/STM32F2xx_HAL_Driver/Src/stm32f2xx_hal.c **** }
  32              		.loc 1 218 1 view .LVU1
  33 0000 7047     		bx	lr
  34              		.cfi_endproc
  35              	.LFE74:
  37              		.section	.text.HAL_MspDeInit,"ax",%progbits
  38              		.align	1
  39              		.weak	HAL_MspDeInit
  40              		.syntax unified
  41              		.thumb
  42              		.thumb_func
  44              	HAL_MspDeInit:
  45              	.LFB75:
 219:Drivers/STM32F2xx_HAL_Driver/Src/stm32f2xx_hal.c **** 
 220:Drivers/STM32F2xx_HAL_Driver/Src/stm32f2xx_hal.c **** /**
 221:Drivers/STM32F2xx_HAL_Driver/Src/stm32f2xx_hal.c ****   * @brief  DeInitializes the MSP.
 222:Drivers/STM32F2xx_HAL_Driver/Src/stm32f2xx_hal.c ****   * @retval None
 223:Drivers/STM32F2xx_HAL_Driver/Src/stm32f2xx_hal.c ****   */
 224:Drivers/STM32F2xx_HAL_Driver/Src/stm32f2xx_hal.c **** __weak void HAL_MspDeInit(void)
 225:Drivers/STM32F2xx_HAL_Driver/Src/stm32f2xx_hal.c **** {
  46              		.loc 1 225 1 view -0
  47              		.cfi_startproc
  48              		@ args = 0, pretend = 0, frame = 0
  49              		@ frame_needed = 0, uses_anonymous_args = 0
  50              		@ link register save eliminated.
 226:Drivers/STM32F2xx_HAL_Driver/Src/stm32f2xx_hal.c ****   /* NOTE : This function Should not be modified, when the callback is needed,
 227:Drivers/STM32F2xx_HAL_Driver/Src/stm32f2xx_hal.c ****             the HAL_MspDeInit could be implemented in the user file
 228:Drivers/STM32F2xx_HAL_Driver/Src/stm32f2xx_hal.c ****    */ 
 229:Drivers/STM32F2xx_HAL_Driver/Src/stm32f2xx_hal.c **** }
  51              		.loc 1 229 1 view .LVU3
  52 0000 7047     		bx	lr
  53              		.cfi_endproc
  54              	.LFE75:
  56              		.section	.text.HAL_DeInit,"ax",%progbits
  57              		.align	1
  58              		.global	HAL_DeInit
  59              		.syntax unified
  60              		.thumb
ARM GAS  /tmp/ccKfRIXr.s 			page 6


  61              		.thumb_func
  63              	HAL_DeInit:
  64              	.LFB73:
 185:Drivers/STM32F2xx_HAL_Driver/Src/stm32f2xx_hal.c ****   /* Reset of all peripherals */
  65              		.loc 1 185 1 view -0
  66              		.cfi_startproc
  67              		@ args = 0, pretend = 0, frame = 0
  68              		@ frame_needed = 0, uses_anonymous_args = 0
  69 0000 10B5     		push	{r4, lr}
  70              	.LCFI0:
  71              		.cfi_def_cfa_offset 8
  72              		.cfi_offset 4, -8
  73              		.cfi_offset 14, -4
 187:Drivers/STM32F2xx_HAL_Driver/Src/stm32f2xx_hal.c ****   __HAL_RCC_APB1_RELEASE_RESET();
  74              		.loc 1 187 3 view .LVU5
  75 0002 094B     		ldr	r3, .L5
  76 0004 4FF0FF32 		mov	r2, #-1
  77 0008 1A62     		str	r2, [r3, #32]
 188:Drivers/STM32F2xx_HAL_Driver/Src/stm32f2xx_hal.c **** 
  78              		.loc 1 188 3 view .LVU6
  79 000a 0024     		movs	r4, #0
  80 000c 1C62     		str	r4, [r3, #32]
 190:Drivers/STM32F2xx_HAL_Driver/Src/stm32f2xx_hal.c ****   __HAL_RCC_APB2_RELEASE_RESET();
  81              		.loc 1 190 3 view .LVU7
  82 000e 5A62     		str	r2, [r3, #36]
 191:Drivers/STM32F2xx_HAL_Driver/Src/stm32f2xx_hal.c **** 
  83              		.loc 1 191 3 view .LVU8
  84 0010 5C62     		str	r4, [r3, #36]
 193:Drivers/STM32F2xx_HAL_Driver/Src/stm32f2xx_hal.c ****   __HAL_RCC_AHB1_RELEASE_RESET();
  85              		.loc 1 193 3 view .LVU9
  86 0012 1A61     		str	r2, [r3, #16]
 194:Drivers/STM32F2xx_HAL_Driver/Src/stm32f2xx_hal.c **** 
  87              		.loc 1 194 3 view .LVU10
  88 0014 1C61     		str	r4, [r3, #16]
 196:Drivers/STM32F2xx_HAL_Driver/Src/stm32f2xx_hal.c ****   __HAL_RCC_AHB2_RELEASE_RESET();
  89              		.loc 1 196 3 view .LVU11
  90 0016 5A61     		str	r2, [r3, #20]
 197:Drivers/STM32F2xx_HAL_Driver/Src/stm32f2xx_hal.c **** 
  91              		.loc 1 197 3 view .LVU12
  92 0018 5C61     		str	r4, [r3, #20]
 199:Drivers/STM32F2xx_HAL_Driver/Src/stm32f2xx_hal.c ****   __HAL_RCC_AHB3_RELEASE_RESET();
  93              		.loc 1 199 3 view .LVU13
  94 001a 9A61     		str	r2, [r3, #24]
 200:Drivers/STM32F2xx_HAL_Driver/Src/stm32f2xx_hal.c **** 
  95              		.loc 1 200 3 view .LVU14
  96 001c 9C61     		str	r4, [r3, #24]
 203:Drivers/STM32F2xx_HAL_Driver/Src/stm32f2xx_hal.c ****     
  97              		.loc 1 203 3 view .LVU15
  98 001e FFF7FEFF 		bl	HAL_MspDeInit
  99              	.LVL0:
 206:Drivers/STM32F2xx_HAL_Driver/Src/stm32f2xx_hal.c **** }
 100              		.loc 1 206 3 view .LVU16
 207:Drivers/STM32F2xx_HAL_Driver/Src/stm32f2xx_hal.c **** 
 101              		.loc 1 207 1 is_stmt 0 view .LVU17
 102 0022 2046     		mov	r0, r4
 103 0024 10BD     		pop	{r4, pc}
 104              	.L6:
ARM GAS  /tmp/ccKfRIXr.s 			page 7


 105 0026 00BF     		.align	2
 106              	.L5:
 107 0028 00380240 		.word	1073887232
 108              		.cfi_endproc
 109              	.LFE73:
 111              		.section	.text.HAL_InitTick,"ax",%progbits
 112              		.align	1
 113              		.weak	HAL_InitTick
 114              		.syntax unified
 115              		.thumb
 116              		.thumb_func
 118              	HAL_InitTick:
 119              	.LVL1:
 120              	.LFB76:
 230:Drivers/STM32F2xx_HAL_Driver/Src/stm32f2xx_hal.c **** 
 231:Drivers/STM32F2xx_HAL_Driver/Src/stm32f2xx_hal.c **** /**
 232:Drivers/STM32F2xx_HAL_Driver/Src/stm32f2xx_hal.c ****   * @brief This function configures the source of the time base.
 233:Drivers/STM32F2xx_HAL_Driver/Src/stm32f2xx_hal.c ****   *        The time source is configured  to have 1ms time base with a dedicated 
 234:Drivers/STM32F2xx_HAL_Driver/Src/stm32f2xx_hal.c ****   *        Tick interrupt priority.
 235:Drivers/STM32F2xx_HAL_Driver/Src/stm32f2xx_hal.c ****   * @note This function is called  automatically at the beginning of program after
 236:Drivers/STM32F2xx_HAL_Driver/Src/stm32f2xx_hal.c ****   *       reset by HAL_Init() or at any time when clock is reconfigured  by HAL_RCC_ClockConfig().
 237:Drivers/STM32F2xx_HAL_Driver/Src/stm32f2xx_hal.c ****   * @note In the default implementation, SysTick timer is the source of time base. 
 238:Drivers/STM32F2xx_HAL_Driver/Src/stm32f2xx_hal.c ****   *       It is used to generate interrupts at regular time intervals. 
 239:Drivers/STM32F2xx_HAL_Driver/Src/stm32f2xx_hal.c ****   *       Care must be taken if HAL_Delay() is called from a peripheral ISR process, 
 240:Drivers/STM32F2xx_HAL_Driver/Src/stm32f2xx_hal.c ****   *       The the SysTick interrupt must have higher priority (numerically lower) 
 241:Drivers/STM32F2xx_HAL_Driver/Src/stm32f2xx_hal.c ****   *       than the peripheral interrupt. Otherwise the caller ISR process will be blocked.
 242:Drivers/STM32F2xx_HAL_Driver/Src/stm32f2xx_hal.c ****   *       The function is declared as __weak  to be overwritten  in case of other
 243:Drivers/STM32F2xx_HAL_Driver/Src/stm32f2xx_hal.c ****   *       implementation  in user file.
 244:Drivers/STM32F2xx_HAL_Driver/Src/stm32f2xx_hal.c ****   * @param  TickPriority Tick interrupt priority.
 245:Drivers/STM32F2xx_HAL_Driver/Src/stm32f2xx_hal.c ****   * @retval HAL status
 246:Drivers/STM32F2xx_HAL_Driver/Src/stm32f2xx_hal.c ****   */
 247:Drivers/STM32F2xx_HAL_Driver/Src/stm32f2xx_hal.c **** __weak HAL_StatusTypeDef HAL_InitTick(uint32_t TickPriority)
 248:Drivers/STM32F2xx_HAL_Driver/Src/stm32f2xx_hal.c **** {
 121              		.loc 1 248 1 is_stmt 1 view -0
 122              		.cfi_startproc
 123              		@ args = 0, pretend = 0, frame = 0
 124              		@ frame_needed = 0, uses_anonymous_args = 0
 125              		.loc 1 248 1 is_stmt 0 view .LVU19
 126 0000 10B5     		push	{r4, lr}
 127              	.LCFI1:
 128              		.cfi_def_cfa_offset 8
 129              		.cfi_offset 4, -8
 130              		.cfi_offset 14, -4
 131 0002 0446     		mov	r4, r0
 249:Drivers/STM32F2xx_HAL_Driver/Src/stm32f2xx_hal.c ****   /* Configure the SysTick to have interrupt in 1ms time basis*/
 250:Drivers/STM32F2xx_HAL_Driver/Src/stm32f2xx_hal.c ****   if (HAL_SYSTICK_Config(SystemCoreClock / (1000U / uwTickFreq)) > 0U)
 132              		.loc 1 250 3 is_stmt 1 view .LVU20
 133              		.loc 1 250 51 is_stmt 0 view .LVU21
 134 0004 0E4B     		ldr	r3, .L13
 135 0006 1A78     		ldrb	r2, [r3]	@ zero_extendqisi2
 136 0008 4FF47A73 		mov	r3, #1000
 137 000c B3FBF2F3 		udiv	r3, r3, r2
 138              		.loc 1 250 7 view .LVU22
 139 0010 0C4A     		ldr	r2, .L13+4
 140 0012 1068     		ldr	r0, [r2]
 141              	.LVL2:
 142              		.loc 1 250 7 view .LVU23
ARM GAS  /tmp/ccKfRIXr.s 			page 8


 143 0014 B0FBF3F0 		udiv	r0, r0, r3
 144 0018 FFF7FEFF 		bl	HAL_SYSTICK_Config
 145              	.LVL3:
 146              		.loc 1 250 6 discriminator 1 view .LVU24
 147 001c 68B9     		cbnz	r0, .L9
 251:Drivers/STM32F2xx_HAL_Driver/Src/stm32f2xx_hal.c ****   {
 252:Drivers/STM32F2xx_HAL_Driver/Src/stm32f2xx_hal.c ****     return HAL_ERROR;
 253:Drivers/STM32F2xx_HAL_Driver/Src/stm32f2xx_hal.c ****   }
 254:Drivers/STM32F2xx_HAL_Driver/Src/stm32f2xx_hal.c **** 
 255:Drivers/STM32F2xx_HAL_Driver/Src/stm32f2xx_hal.c ****   /* Configure the SysTick IRQ priority */
 256:Drivers/STM32F2xx_HAL_Driver/Src/stm32f2xx_hal.c ****   if (TickPriority < (1UL << __NVIC_PRIO_BITS))
 148              		.loc 1 256 3 is_stmt 1 view .LVU25
 149              		.loc 1 256 6 is_stmt 0 view .LVU26
 150 001e 0F2C     		cmp	r4, #15
 151 0020 01D9     		bls	.L12
 257:Drivers/STM32F2xx_HAL_Driver/Src/stm32f2xx_hal.c ****   {
 258:Drivers/STM32F2xx_HAL_Driver/Src/stm32f2xx_hal.c ****     HAL_NVIC_SetPriority(SysTick_IRQn, TickPriority, 0U);
 259:Drivers/STM32F2xx_HAL_Driver/Src/stm32f2xx_hal.c ****     uwTickPrio = TickPriority;
 260:Drivers/STM32F2xx_HAL_Driver/Src/stm32f2xx_hal.c ****   }
 261:Drivers/STM32F2xx_HAL_Driver/Src/stm32f2xx_hal.c ****   else
 262:Drivers/STM32F2xx_HAL_Driver/Src/stm32f2xx_hal.c ****   {
 263:Drivers/STM32F2xx_HAL_Driver/Src/stm32f2xx_hal.c ****     return HAL_ERROR;
 152              		.loc 1 263 12 view .LVU27
 153 0022 0120     		movs	r0, #1
 154 0024 0AE0     		b	.L8
 155              	.L12:
 258:Drivers/STM32F2xx_HAL_Driver/Src/stm32f2xx_hal.c ****     uwTickPrio = TickPriority;
 156              		.loc 1 258 5 is_stmt 1 view .LVU28
 157 0026 0022     		movs	r2, #0
 158 0028 2146     		mov	r1, r4
 159 002a 4FF0FF30 		mov	r0, #-1
 160 002e FFF7FEFF 		bl	HAL_NVIC_SetPriority
 161              	.LVL4:
 259:Drivers/STM32F2xx_HAL_Driver/Src/stm32f2xx_hal.c ****   }
 162              		.loc 1 259 5 view .LVU29
 259:Drivers/STM32F2xx_HAL_Driver/Src/stm32f2xx_hal.c ****   }
 163              		.loc 1 259 16 is_stmt 0 view .LVU30
 164 0032 054B     		ldr	r3, .L13+8
 165 0034 1C60     		str	r4, [r3]
 264:Drivers/STM32F2xx_HAL_Driver/Src/stm32f2xx_hal.c ****   }
 265:Drivers/STM32F2xx_HAL_Driver/Src/stm32f2xx_hal.c **** 
 266:Drivers/STM32F2xx_HAL_Driver/Src/stm32f2xx_hal.c ****   /* Return function status */
 267:Drivers/STM32F2xx_HAL_Driver/Src/stm32f2xx_hal.c ****   return HAL_OK;
 166              		.loc 1 267 3 is_stmt 1 view .LVU31
 167              		.loc 1 267 10 is_stmt 0 view .LVU32
 168 0036 0020     		movs	r0, #0
 169 0038 00E0     		b	.L8
 170              	.L9:
 252:Drivers/STM32F2xx_HAL_Driver/Src/stm32f2xx_hal.c ****   }
 171              		.loc 1 252 12 view .LVU33
 172 003a 0120     		movs	r0, #1
 173              	.L8:
 268:Drivers/STM32F2xx_HAL_Driver/Src/stm32f2xx_hal.c **** }
 174              		.loc 1 268 1 view .LVU34
 175 003c 10BD     		pop	{r4, pc}
 176              	.LVL5:
 177              	.L14:
ARM GAS  /tmp/ccKfRIXr.s 			page 9


 178              		.loc 1 268 1 view .LVU35
 179 003e 00BF     		.align	2
 180              	.L13:
 181 0040 00000000 		.word	uwTickFreq
 182 0044 00000000 		.word	SystemCoreClock
 183 0048 00000000 		.word	uwTickPrio
 184              		.cfi_endproc
 185              	.LFE76:
 187              		.section	.text.HAL_Init,"ax",%progbits
 188              		.align	1
 189              		.global	HAL_Init
 190              		.syntax unified
 191              		.thumb
 192              		.thumb_func
 194              	HAL_Init:
 195              	.LFB72:
 152:Drivers/STM32F2xx_HAL_Driver/Src/stm32f2xx_hal.c ****   /* Configure Flash prefetch, Instruction cache, Data cache */ 
 196              		.loc 1 152 1 is_stmt 1 view -0
 197              		.cfi_startproc
 198              		@ args = 0, pretend = 0, frame = 0
 199              		@ frame_needed = 0, uses_anonymous_args = 0
 200 0000 08B5     		push	{r3, lr}
 201              	.LCFI2:
 202              		.cfi_def_cfa_offset 8
 203              		.cfi_offset 3, -8
 204              		.cfi_offset 14, -4
 155:Drivers/STM32F2xx_HAL_Driver/Src/stm32f2xx_hal.c **** #endif /* INSTRUCTION_CACHE_ENABLE */
 205              		.loc 1 155 4 view .LVU37
 206 0002 0B4B     		ldr	r3, .L17
 207 0004 1A68     		ldr	r2, [r3]
 208 0006 42F40072 		orr	r2, r2, #512
 209 000a 1A60     		str	r2, [r3]
 159:Drivers/STM32F2xx_HAL_Driver/Src/stm32f2xx_hal.c **** #endif /* DATA_CACHE_ENABLE */
 210              		.loc 1 159 4 view .LVU38
 211 000c 1A68     		ldr	r2, [r3]
 212 000e 42F48062 		orr	r2, r2, #1024
 213 0012 1A60     		str	r2, [r3]
 163:Drivers/STM32F2xx_HAL_Driver/Src/stm32f2xx_hal.c **** #endif /* PREFETCH_ENABLE */
 214              		.loc 1 163 3 view .LVU39
 215 0014 1A68     		ldr	r2, [r3]
 216 0016 42F48072 		orr	r2, r2, #256
 217 001a 1A60     		str	r2, [r3]
 167:Drivers/STM32F2xx_HAL_Driver/Src/stm32f2xx_hal.c **** 
 218              		.loc 1 167 3 view .LVU40
 219 001c 0320     		movs	r0, #3
 220 001e FFF7FEFF 		bl	HAL_NVIC_SetPriorityGrouping
 221              	.LVL6:
 170:Drivers/STM32F2xx_HAL_Driver/Src/stm32f2xx_hal.c ****   
 222              		.loc 1 170 3 view .LVU41
 223 0022 0020     		movs	r0, #0
 224 0024 FFF7FEFF 		bl	HAL_InitTick
 225              	.LVL7:
 173:Drivers/STM32F2xx_HAL_Driver/Src/stm32f2xx_hal.c ****   
 226              		.loc 1 173 3 view .LVU42
 227 0028 FFF7FEFF 		bl	HAL_MspInit
 228              	.LVL8:
 176:Drivers/STM32F2xx_HAL_Driver/Src/stm32f2xx_hal.c **** }
ARM GAS  /tmp/ccKfRIXr.s 			page 10


 229              		.loc 1 176 3 view .LVU43
 177:Drivers/STM32F2xx_HAL_Driver/Src/stm32f2xx_hal.c **** 
 230              		.loc 1 177 1 is_stmt 0 view .LVU44
 231 002c 0020     		movs	r0, #0
 232 002e 08BD     		pop	{r3, pc}
 233              	.L18:
 234              		.align	2
 235              	.L17:
 236 0030 003C0240 		.word	1073888256
 237              		.cfi_endproc
 238              	.LFE72:
 240              		.section	.text.HAL_IncTick,"ax",%progbits
 241              		.align	1
 242              		.weak	HAL_IncTick
 243              		.syntax unified
 244              		.thumb
 245              		.thumb_func
 247              	HAL_IncTick:
 248              	.LFB77:
 269:Drivers/STM32F2xx_HAL_Driver/Src/stm32f2xx_hal.c **** 
 270:Drivers/STM32F2xx_HAL_Driver/Src/stm32f2xx_hal.c **** /**
 271:Drivers/STM32F2xx_HAL_Driver/Src/stm32f2xx_hal.c ****   * @}
 272:Drivers/STM32F2xx_HAL_Driver/Src/stm32f2xx_hal.c ****   */
 273:Drivers/STM32F2xx_HAL_Driver/Src/stm32f2xx_hal.c **** 
 274:Drivers/STM32F2xx_HAL_Driver/Src/stm32f2xx_hal.c **** /** @defgroup HAL_Exported_Functions_Group2 HAL Control functions 
 275:Drivers/STM32F2xx_HAL_Driver/Src/stm32f2xx_hal.c ****  *  @brief    HAL Control functions
 276:Drivers/STM32F2xx_HAL_Driver/Src/stm32f2xx_hal.c ****  *
 277:Drivers/STM32F2xx_HAL_Driver/Src/stm32f2xx_hal.c **** @verbatim
 278:Drivers/STM32F2xx_HAL_Driver/Src/stm32f2xx_hal.c ****  ===============================================================================
 279:Drivers/STM32F2xx_HAL_Driver/Src/stm32f2xx_hal.c ****                       ##### HAL Control functions #####
 280:Drivers/STM32F2xx_HAL_Driver/Src/stm32f2xx_hal.c ****  ===============================================================================
 281:Drivers/STM32F2xx_HAL_Driver/Src/stm32f2xx_hal.c ****     [..]  This section provides functions allowing to:
 282:Drivers/STM32F2xx_HAL_Driver/Src/stm32f2xx_hal.c ****       (+) Provide a tick value in millisecond
 283:Drivers/STM32F2xx_HAL_Driver/Src/stm32f2xx_hal.c ****       (+) Provide a blocking delay in millisecond
 284:Drivers/STM32F2xx_HAL_Driver/Src/stm32f2xx_hal.c ****       (+) Suspend the time base source interrupt
 285:Drivers/STM32F2xx_HAL_Driver/Src/stm32f2xx_hal.c ****       (+) Resume the time base source interrupt
 286:Drivers/STM32F2xx_HAL_Driver/Src/stm32f2xx_hal.c ****       (+) Get the HAL API driver version
 287:Drivers/STM32F2xx_HAL_Driver/Src/stm32f2xx_hal.c ****       (+) Get the device identifier
 288:Drivers/STM32F2xx_HAL_Driver/Src/stm32f2xx_hal.c ****       (+) Get the device revision identifier
 289:Drivers/STM32F2xx_HAL_Driver/Src/stm32f2xx_hal.c ****       (+) Enable/Disable Debug module during SLEEP mode
 290:Drivers/STM32F2xx_HAL_Driver/Src/stm32f2xx_hal.c ****       (+) Enable/Disable Debug module during STOP mode
 291:Drivers/STM32F2xx_HAL_Driver/Src/stm32f2xx_hal.c ****       (+) Enable/Disable Debug module during STANDBY mode
 292:Drivers/STM32F2xx_HAL_Driver/Src/stm32f2xx_hal.c **** 
 293:Drivers/STM32F2xx_HAL_Driver/Src/stm32f2xx_hal.c **** @endverbatim
 294:Drivers/STM32F2xx_HAL_Driver/Src/stm32f2xx_hal.c ****   * @{
 295:Drivers/STM32F2xx_HAL_Driver/Src/stm32f2xx_hal.c ****   */
 296:Drivers/STM32F2xx_HAL_Driver/Src/stm32f2xx_hal.c **** 
 297:Drivers/STM32F2xx_HAL_Driver/Src/stm32f2xx_hal.c **** /**
 298:Drivers/STM32F2xx_HAL_Driver/Src/stm32f2xx_hal.c ****   * @brief This function is called to increment  a global variable "uwTick"
 299:Drivers/STM32F2xx_HAL_Driver/Src/stm32f2xx_hal.c ****   *        used as application time base.
 300:Drivers/STM32F2xx_HAL_Driver/Src/stm32f2xx_hal.c ****   * @note In the default implementation, this variable is incremented each 1ms
 301:Drivers/STM32F2xx_HAL_Driver/Src/stm32f2xx_hal.c ****   *       in Systick ISR.
 302:Drivers/STM32F2xx_HAL_Driver/Src/stm32f2xx_hal.c ****  * @note This function is declared as __weak to be overwritten in case of other 
 303:Drivers/STM32F2xx_HAL_Driver/Src/stm32f2xx_hal.c ****   *      implementations in user file.
 304:Drivers/STM32F2xx_HAL_Driver/Src/stm32f2xx_hal.c ****   * @retval None
 305:Drivers/STM32F2xx_HAL_Driver/Src/stm32f2xx_hal.c ****   */
 306:Drivers/STM32F2xx_HAL_Driver/Src/stm32f2xx_hal.c **** __weak void HAL_IncTick(void)
ARM GAS  /tmp/ccKfRIXr.s 			page 11


 307:Drivers/STM32F2xx_HAL_Driver/Src/stm32f2xx_hal.c **** {
 249              		.loc 1 307 1 is_stmt 1 view -0
 250              		.cfi_startproc
 251              		@ args = 0, pretend = 0, frame = 0
 252              		@ frame_needed = 0, uses_anonymous_args = 0
 253              		@ link register save eliminated.
 308:Drivers/STM32F2xx_HAL_Driver/Src/stm32f2xx_hal.c ****   uwTick += uwTickFreq;
 254              		.loc 1 308 3 view .LVU46
 255              		.loc 1 308 10 is_stmt 0 view .LVU47
 256 0000 034A     		ldr	r2, .L20
 257 0002 1168     		ldr	r1, [r2]
 258 0004 034B     		ldr	r3, .L20+4
 259 0006 1B78     		ldrb	r3, [r3]	@ zero_extendqisi2
 260 0008 0B44     		add	r3, r3, r1
 261 000a 1360     		str	r3, [r2]
 309:Drivers/STM32F2xx_HAL_Driver/Src/stm32f2xx_hal.c **** }
 262              		.loc 1 309 1 view .LVU48
 263 000c 7047     		bx	lr
 264              	.L21:
 265 000e 00BF     		.align	2
 266              	.L20:
 267 0010 00000000 		.word	uwTick
 268 0014 00000000 		.word	uwTickFreq
 269              		.cfi_endproc
 270              	.LFE77:
 272              		.section	.text.HAL_GetTick,"ax",%progbits
 273              		.align	1
 274              		.weak	HAL_GetTick
 275              		.syntax unified
 276              		.thumb
 277              		.thumb_func
 279              	HAL_GetTick:
 280              	.LFB78:
 310:Drivers/STM32F2xx_HAL_Driver/Src/stm32f2xx_hal.c **** 
 311:Drivers/STM32F2xx_HAL_Driver/Src/stm32f2xx_hal.c **** /**
 312:Drivers/STM32F2xx_HAL_Driver/Src/stm32f2xx_hal.c ****   * @brief Provides a tick value in millisecond.
 313:Drivers/STM32F2xx_HAL_Driver/Src/stm32f2xx_hal.c ****   * @note This function is declared as __weak to be overwritten in case of other 
 314:Drivers/STM32F2xx_HAL_Driver/Src/stm32f2xx_hal.c ****   *       implementations in user file.
 315:Drivers/STM32F2xx_HAL_Driver/Src/stm32f2xx_hal.c ****   * @retval tick value
 316:Drivers/STM32F2xx_HAL_Driver/Src/stm32f2xx_hal.c ****   */
 317:Drivers/STM32F2xx_HAL_Driver/Src/stm32f2xx_hal.c **** __weak uint32_t HAL_GetTick(void)
 318:Drivers/STM32F2xx_HAL_Driver/Src/stm32f2xx_hal.c **** {
 281              		.loc 1 318 1 is_stmt 1 view -0
 282              		.cfi_startproc
 283              		@ args = 0, pretend = 0, frame = 0
 284              		@ frame_needed = 0, uses_anonymous_args = 0
 285              		@ link register save eliminated.
 319:Drivers/STM32F2xx_HAL_Driver/Src/stm32f2xx_hal.c ****   return uwTick;
 286              		.loc 1 319 3 view .LVU50
 287              		.loc 1 319 10 is_stmt 0 view .LVU51
 288 0000 014B     		ldr	r3, .L23
 289 0002 1868     		ldr	r0, [r3]
 320:Drivers/STM32F2xx_HAL_Driver/Src/stm32f2xx_hal.c **** }
 290              		.loc 1 320 1 view .LVU52
 291 0004 7047     		bx	lr
 292              	.L24:
 293 0006 00BF     		.align	2
ARM GAS  /tmp/ccKfRIXr.s 			page 12


 294              	.L23:
 295 0008 00000000 		.word	uwTick
 296              		.cfi_endproc
 297              	.LFE78:
 299              		.section	.text.HAL_GetTickPrio,"ax",%progbits
 300              		.align	1
 301              		.global	HAL_GetTickPrio
 302              		.syntax unified
 303              		.thumb
 304              		.thumb_func
 306              	HAL_GetTickPrio:
 307              	.LFB79:
 321:Drivers/STM32F2xx_HAL_Driver/Src/stm32f2xx_hal.c **** 
 322:Drivers/STM32F2xx_HAL_Driver/Src/stm32f2xx_hal.c **** /**
 323:Drivers/STM32F2xx_HAL_Driver/Src/stm32f2xx_hal.c ****   * @brief This function returns a tick priority.
 324:Drivers/STM32F2xx_HAL_Driver/Src/stm32f2xx_hal.c ****   * @retval tick priority
 325:Drivers/STM32F2xx_HAL_Driver/Src/stm32f2xx_hal.c ****   */
 326:Drivers/STM32F2xx_HAL_Driver/Src/stm32f2xx_hal.c **** uint32_t HAL_GetTickPrio(void)
 327:Drivers/STM32F2xx_HAL_Driver/Src/stm32f2xx_hal.c **** {
 308              		.loc 1 327 1 is_stmt 1 view -0
 309              		.cfi_startproc
 310              		@ args = 0, pretend = 0, frame = 0
 311              		@ frame_needed = 0, uses_anonymous_args = 0
 312              		@ link register save eliminated.
 328:Drivers/STM32F2xx_HAL_Driver/Src/stm32f2xx_hal.c ****   return uwTickPrio;
 313              		.loc 1 328 3 view .LVU54
 329:Drivers/STM32F2xx_HAL_Driver/Src/stm32f2xx_hal.c **** }
 314              		.loc 1 329 1 is_stmt 0 view .LVU55
 315 0000 014B     		ldr	r3, .L26
 316 0002 1868     		ldr	r0, [r3]
 317 0004 7047     		bx	lr
 318              	.L27:
 319 0006 00BF     		.align	2
 320              	.L26:
 321 0008 00000000 		.word	uwTickPrio
 322              		.cfi_endproc
 323              	.LFE79:
 325              		.section	.text.HAL_SetTickFreq,"ax",%progbits
 326              		.align	1
 327              		.global	HAL_SetTickFreq
 328              		.syntax unified
 329              		.thumb
 330              		.thumb_func
 332              	HAL_SetTickFreq:
 333              	.LVL9:
 334              	.LFB80:
 330:Drivers/STM32F2xx_HAL_Driver/Src/stm32f2xx_hal.c **** 
 331:Drivers/STM32F2xx_HAL_Driver/Src/stm32f2xx_hal.c **** /**
 332:Drivers/STM32F2xx_HAL_Driver/Src/stm32f2xx_hal.c ****   * @brief Set new tick Freq.
 333:Drivers/STM32F2xx_HAL_Driver/Src/stm32f2xx_hal.c ****   * @retval status
 334:Drivers/STM32F2xx_HAL_Driver/Src/stm32f2xx_hal.c ****   */
 335:Drivers/STM32F2xx_HAL_Driver/Src/stm32f2xx_hal.c **** HAL_StatusTypeDef HAL_SetTickFreq(HAL_TickFreqTypeDef Freq)
 336:Drivers/STM32F2xx_HAL_Driver/Src/stm32f2xx_hal.c **** {
 335              		.loc 1 336 1 is_stmt 1 view -0
 336              		.cfi_startproc
 337              		@ args = 0, pretend = 0, frame = 0
 338              		@ frame_needed = 0, uses_anonymous_args = 0
ARM GAS  /tmp/ccKfRIXr.s 			page 13


 339              		.loc 1 336 1 is_stmt 0 view .LVU57
 340 0000 10B5     		push	{r4, lr}
 341              	.LCFI3:
 342              		.cfi_def_cfa_offset 8
 343              		.cfi_offset 4, -8
 344              		.cfi_offset 14, -4
 337:Drivers/STM32F2xx_HAL_Driver/Src/stm32f2xx_hal.c ****   HAL_StatusTypeDef status  = HAL_OK;
 345              		.loc 1 337 3 is_stmt 1 view .LVU58
 346              	.LVL10:
 338:Drivers/STM32F2xx_HAL_Driver/Src/stm32f2xx_hal.c ****   HAL_TickFreqTypeDef prevTickFreq;
 347              		.loc 1 338 3 view .LVU59
 339:Drivers/STM32F2xx_HAL_Driver/Src/stm32f2xx_hal.c **** 
 340:Drivers/STM32F2xx_HAL_Driver/Src/stm32f2xx_hal.c ****   assert_param(IS_TICKFREQ(Freq));
 348              		.loc 1 340 3 view .LVU60
 341:Drivers/STM32F2xx_HAL_Driver/Src/stm32f2xx_hal.c **** 
 342:Drivers/STM32F2xx_HAL_Driver/Src/stm32f2xx_hal.c ****   if (uwTickFreq != Freq)
 349              		.loc 1 342 3 view .LVU61
 350              		.loc 1 342 18 is_stmt 0 view .LVU62
 351 0002 084B     		ldr	r3, .L33
 352 0004 1C78     		ldrb	r4, [r3]	@ zero_extendqisi2
 353              		.loc 1 342 6 view .LVU63
 354 0006 8442     		cmp	r4, r0
 355 0008 01D1     		bne	.L32
 337:Drivers/STM32F2xx_HAL_Driver/Src/stm32f2xx_hal.c ****   HAL_TickFreqTypeDef prevTickFreq;
 356              		.loc 1 337 21 view .LVU64
 357 000a 0020     		movs	r0, #0
 358              	.LVL11:
 359              	.L29:
 343:Drivers/STM32F2xx_HAL_Driver/Src/stm32f2xx_hal.c ****   {
 344:Drivers/STM32F2xx_HAL_Driver/Src/stm32f2xx_hal.c ****     /* Back up uwTickFreq frequency */
 345:Drivers/STM32F2xx_HAL_Driver/Src/stm32f2xx_hal.c ****     prevTickFreq = uwTickFreq;
 346:Drivers/STM32F2xx_HAL_Driver/Src/stm32f2xx_hal.c **** 
 347:Drivers/STM32F2xx_HAL_Driver/Src/stm32f2xx_hal.c ****     /* Update uwTickFreq global variable used by HAL_InitTick() */
 348:Drivers/STM32F2xx_HAL_Driver/Src/stm32f2xx_hal.c ****     uwTickFreq = Freq;
 349:Drivers/STM32F2xx_HAL_Driver/Src/stm32f2xx_hal.c **** 
 350:Drivers/STM32F2xx_HAL_Driver/Src/stm32f2xx_hal.c ****     /* Apply the new tick Freq  */
 351:Drivers/STM32F2xx_HAL_Driver/Src/stm32f2xx_hal.c ****     status = HAL_InitTick(uwTickPrio);
 352:Drivers/STM32F2xx_HAL_Driver/Src/stm32f2xx_hal.c **** 
 353:Drivers/STM32F2xx_HAL_Driver/Src/stm32f2xx_hal.c ****     if (status != HAL_OK)
 354:Drivers/STM32F2xx_HAL_Driver/Src/stm32f2xx_hal.c ****     {
 355:Drivers/STM32F2xx_HAL_Driver/Src/stm32f2xx_hal.c ****       /* Restore previous tick frequency */
 356:Drivers/STM32F2xx_HAL_Driver/Src/stm32f2xx_hal.c ****       uwTickFreq = prevTickFreq;
 357:Drivers/STM32F2xx_HAL_Driver/Src/stm32f2xx_hal.c ****     }
 358:Drivers/STM32F2xx_HAL_Driver/Src/stm32f2xx_hal.c ****   }
 359:Drivers/STM32F2xx_HAL_Driver/Src/stm32f2xx_hal.c **** 
 360:Drivers/STM32F2xx_HAL_Driver/Src/stm32f2xx_hal.c ****   return status;
 360              		.loc 1 360 3 is_stmt 1 view .LVU65
 361:Drivers/STM32F2xx_HAL_Driver/Src/stm32f2xx_hal.c **** }
 361              		.loc 1 361 1 is_stmt 0 view .LVU66
 362 000c 10BD     		pop	{r4, pc}
 363              	.LVL12:
 364              	.L32:
 345:Drivers/STM32F2xx_HAL_Driver/Src/stm32f2xx_hal.c **** 
 365              		.loc 1 345 5 is_stmt 1 view .LVU67
 348:Drivers/STM32F2xx_HAL_Driver/Src/stm32f2xx_hal.c **** 
 366              		.loc 1 348 5 view .LVU68
 348:Drivers/STM32F2xx_HAL_Driver/Src/stm32f2xx_hal.c **** 
ARM GAS  /tmp/ccKfRIXr.s 			page 14


 367              		.loc 1 348 16 is_stmt 0 view .LVU69
 368 000e 1870     		strb	r0, [r3]
 351:Drivers/STM32F2xx_HAL_Driver/Src/stm32f2xx_hal.c **** 
 369              		.loc 1 351 5 is_stmt 1 view .LVU70
 351:Drivers/STM32F2xx_HAL_Driver/Src/stm32f2xx_hal.c **** 
 370              		.loc 1 351 14 is_stmt 0 view .LVU71
 371 0010 054B     		ldr	r3, .L33+4
 372 0012 1868     		ldr	r0, [r3]
 373              	.LVL13:
 351:Drivers/STM32F2xx_HAL_Driver/Src/stm32f2xx_hal.c **** 
 374              		.loc 1 351 14 view .LVU72
 375 0014 FFF7FEFF 		bl	HAL_InitTick
 376              	.LVL14:
 353:Drivers/STM32F2xx_HAL_Driver/Src/stm32f2xx_hal.c ****     {
 377              		.loc 1 353 5 is_stmt 1 view .LVU73
 353:Drivers/STM32F2xx_HAL_Driver/Src/stm32f2xx_hal.c ****     {
 378              		.loc 1 353 8 is_stmt 0 view .LVU74
 379 0018 0028     		cmp	r0, #0
 380 001a F7D0     		beq	.L29
 356:Drivers/STM32F2xx_HAL_Driver/Src/stm32f2xx_hal.c ****     }
 381              		.loc 1 356 7 is_stmt 1 view .LVU75
 356:Drivers/STM32F2xx_HAL_Driver/Src/stm32f2xx_hal.c ****     }
 382              		.loc 1 356 18 is_stmt 0 view .LVU76
 383 001c 014B     		ldr	r3, .L33
 384 001e 1C70     		strb	r4, [r3]
 385 0020 F4E7     		b	.L29
 386              	.L34:
 387 0022 00BF     		.align	2
 388              	.L33:
 389 0024 00000000 		.word	uwTickFreq
 390 0028 00000000 		.word	uwTickPrio
 391              		.cfi_endproc
 392              	.LFE80:
 394              		.section	.text.HAL_GetTickFreq,"ax",%progbits
 395              		.align	1
 396              		.global	HAL_GetTickFreq
 397              		.syntax unified
 398              		.thumb
 399              		.thumb_func
 401              	HAL_GetTickFreq:
 402              	.LFB81:
 362:Drivers/STM32F2xx_HAL_Driver/Src/stm32f2xx_hal.c **** 
 363:Drivers/STM32F2xx_HAL_Driver/Src/stm32f2xx_hal.c **** /**
 364:Drivers/STM32F2xx_HAL_Driver/Src/stm32f2xx_hal.c ****   * @brief return tick frequency.
 365:Drivers/STM32F2xx_HAL_Driver/Src/stm32f2xx_hal.c ****   * @retval Tick frequency.
 366:Drivers/STM32F2xx_HAL_Driver/Src/stm32f2xx_hal.c ****   *         Value of @ref HAL_TickFreqTypeDef.
 367:Drivers/STM32F2xx_HAL_Driver/Src/stm32f2xx_hal.c ****   */
 368:Drivers/STM32F2xx_HAL_Driver/Src/stm32f2xx_hal.c **** HAL_TickFreqTypeDef HAL_GetTickFreq(void)
 369:Drivers/STM32F2xx_HAL_Driver/Src/stm32f2xx_hal.c **** {
 403              		.loc 1 369 1 is_stmt 1 view -0
 404              		.cfi_startproc
 405              		@ args = 0, pretend = 0, frame = 0
 406              		@ frame_needed = 0, uses_anonymous_args = 0
 407              		@ link register save eliminated.
 370:Drivers/STM32F2xx_HAL_Driver/Src/stm32f2xx_hal.c ****   return uwTickFreq;
 408              		.loc 1 370 3 view .LVU78
 371:Drivers/STM32F2xx_HAL_Driver/Src/stm32f2xx_hal.c **** }
ARM GAS  /tmp/ccKfRIXr.s 			page 15


 409              		.loc 1 371 1 is_stmt 0 view .LVU79
 410 0000 014B     		ldr	r3, .L36
 411 0002 1878     		ldrb	r0, [r3]	@ zero_extendqisi2
 412 0004 7047     		bx	lr
 413              	.L37:
 414 0006 00BF     		.align	2
 415              	.L36:
 416 0008 00000000 		.word	uwTickFreq
 417              		.cfi_endproc
 418              	.LFE81:
 420              		.section	.text.HAL_Delay,"ax",%progbits
 421              		.align	1
 422              		.weak	HAL_Delay
 423              		.syntax unified
 424              		.thumb
 425              		.thumb_func
 427              	HAL_Delay:
 428              	.LVL15:
 429              	.LFB82:
 372:Drivers/STM32F2xx_HAL_Driver/Src/stm32f2xx_hal.c **** 
 373:Drivers/STM32F2xx_HAL_Driver/Src/stm32f2xx_hal.c **** /**
 374:Drivers/STM32F2xx_HAL_Driver/Src/stm32f2xx_hal.c ****   * @brief This function provides minimum delay (in milliseconds) based
 375:Drivers/STM32F2xx_HAL_Driver/Src/stm32f2xx_hal.c ****   *        on variable incremented.
 376:Drivers/STM32F2xx_HAL_Driver/Src/stm32f2xx_hal.c ****   * @note In the default implementation , SysTick timer is the source of time base.
 377:Drivers/STM32F2xx_HAL_Driver/Src/stm32f2xx_hal.c ****   *       It is used to generate interrupts at regular time intervals where uwTick
 378:Drivers/STM32F2xx_HAL_Driver/Src/stm32f2xx_hal.c ****   *       is incremented.
 379:Drivers/STM32F2xx_HAL_Driver/Src/stm32f2xx_hal.c ****   * @note This function is declared as __weak to be overwritten in case of other
 380:Drivers/STM32F2xx_HAL_Driver/Src/stm32f2xx_hal.c ****   *       implementations in user file.
 381:Drivers/STM32F2xx_HAL_Driver/Src/stm32f2xx_hal.c ****   * @param  Delay specifies the delay time length, in milliseconds.
 382:Drivers/STM32F2xx_HAL_Driver/Src/stm32f2xx_hal.c ****   * @retval None
 383:Drivers/STM32F2xx_HAL_Driver/Src/stm32f2xx_hal.c ****   */
 384:Drivers/STM32F2xx_HAL_Driver/Src/stm32f2xx_hal.c **** __weak void HAL_Delay(uint32_t Delay)
 385:Drivers/STM32F2xx_HAL_Driver/Src/stm32f2xx_hal.c **** {
 430              		.loc 1 385 1 is_stmt 1 view -0
 431              		.cfi_startproc
 432              		@ args = 0, pretend = 0, frame = 0
 433              		@ frame_needed = 0, uses_anonymous_args = 0
 434              		.loc 1 385 1 is_stmt 0 view .LVU81
 435 0000 38B5     		push	{r3, r4, r5, lr}
 436              	.LCFI4:
 437              		.cfi_def_cfa_offset 16
 438              		.cfi_offset 3, -16
 439              		.cfi_offset 4, -12
 440              		.cfi_offset 5, -8
 441              		.cfi_offset 14, -4
 442 0002 0446     		mov	r4, r0
 386:Drivers/STM32F2xx_HAL_Driver/Src/stm32f2xx_hal.c ****   uint32_t tickstart = HAL_GetTick();
 443              		.loc 1 386 3 is_stmt 1 view .LVU82
 444              		.loc 1 386 24 is_stmt 0 view .LVU83
 445 0004 FFF7FEFF 		bl	HAL_GetTick
 446              	.LVL16:
 447              		.loc 1 386 24 view .LVU84
 448 0008 0546     		mov	r5, r0
 449              	.LVL17:
 387:Drivers/STM32F2xx_HAL_Driver/Src/stm32f2xx_hal.c ****   uint32_t wait = Delay;
 450              		.loc 1 387 3 is_stmt 1 view .LVU85
 388:Drivers/STM32F2xx_HAL_Driver/Src/stm32f2xx_hal.c **** 
ARM GAS  /tmp/ccKfRIXr.s 			page 16


 389:Drivers/STM32F2xx_HAL_Driver/Src/stm32f2xx_hal.c ****   /* Add a freq to guarantee minimum wait */
 390:Drivers/STM32F2xx_HAL_Driver/Src/stm32f2xx_hal.c ****   if (wait < HAL_MAX_DELAY)
 451              		.loc 1 390 3 view .LVU86
 452              		.loc 1 390 6 is_stmt 0 view .LVU87
 453 000a B4F1FF3F 		cmp	r4, #-1
 454 000e 02D0     		beq	.L40
 391:Drivers/STM32F2xx_HAL_Driver/Src/stm32f2xx_hal.c ****   {
 392:Drivers/STM32F2xx_HAL_Driver/Src/stm32f2xx_hal.c ****     wait += (uint32_t)(uwTickFreq);
 455              		.loc 1 392 5 is_stmt 1 view .LVU88
 456              		.loc 1 392 13 is_stmt 0 view .LVU89
 457 0010 044B     		ldr	r3, .L42
 458 0012 1B78     		ldrb	r3, [r3]	@ zero_extendqisi2
 459              		.loc 1 392 10 view .LVU90
 460 0014 1C44     		add	r4, r4, r3
 461              	.LVL18:
 462              	.L40:
 393:Drivers/STM32F2xx_HAL_Driver/Src/stm32f2xx_hal.c ****   }
 394:Drivers/STM32F2xx_HAL_Driver/Src/stm32f2xx_hal.c **** 
 395:Drivers/STM32F2xx_HAL_Driver/Src/stm32f2xx_hal.c ****   while ((HAL_GetTick() - tickstart) < wait)
 396:Drivers/STM32F2xx_HAL_Driver/Src/stm32f2xx_hal.c ****   {
 397:Drivers/STM32F2xx_HAL_Driver/Src/stm32f2xx_hal.c ****   }
 463              		.loc 1 397 3 is_stmt 1 view .LVU91
 395:Drivers/STM32F2xx_HAL_Driver/Src/stm32f2xx_hal.c ****   {
 464              		.loc 1 395 38 discriminator 1 view .LVU92
 395:Drivers/STM32F2xx_HAL_Driver/Src/stm32f2xx_hal.c ****   {
 465              		.loc 1 395 11 is_stmt 0 discriminator 1 view .LVU93
 466 0016 FFF7FEFF 		bl	HAL_GetTick
 467              	.LVL19:
 395:Drivers/STM32F2xx_HAL_Driver/Src/stm32f2xx_hal.c ****   {
 468              		.loc 1 395 25 discriminator 1 view .LVU94
 469 001a 401B     		subs	r0, r0, r5
 395:Drivers/STM32F2xx_HAL_Driver/Src/stm32f2xx_hal.c ****   {
 470              		.loc 1 395 38 discriminator 1 view .LVU95
 471 001c A042     		cmp	r0, r4
 472 001e FAD3     		bcc	.L40
 398:Drivers/STM32F2xx_HAL_Driver/Src/stm32f2xx_hal.c **** }
 473              		.loc 1 398 1 view .LVU96
 474 0020 38BD     		pop	{r3, r4, r5, pc}
 475              	.LVL20:
 476              	.L43:
 477              		.loc 1 398 1 view .LVU97
 478 0022 00BF     		.align	2
 479              	.L42:
 480 0024 00000000 		.word	uwTickFreq
 481              		.cfi_endproc
 482              	.LFE82:
 484              		.section	.text.HAL_SuspendTick,"ax",%progbits
 485              		.align	1
 486              		.weak	HAL_SuspendTick
 487              		.syntax unified
 488              		.thumb
 489              		.thumb_func
 491              	HAL_SuspendTick:
 492              	.LFB83:
 399:Drivers/STM32F2xx_HAL_Driver/Src/stm32f2xx_hal.c **** 
 400:Drivers/STM32F2xx_HAL_Driver/Src/stm32f2xx_hal.c **** /**
 401:Drivers/STM32F2xx_HAL_Driver/Src/stm32f2xx_hal.c ****   * @brief Suspend Tick increment.
ARM GAS  /tmp/ccKfRIXr.s 			page 17


 402:Drivers/STM32F2xx_HAL_Driver/Src/stm32f2xx_hal.c ****   * @note In the default implementation , SysTick timer is the source of time base. It is
 403:Drivers/STM32F2xx_HAL_Driver/Src/stm32f2xx_hal.c ****   *       used to generate interrupts at regular time intervals. Once HAL_SuspendTick()
 404:Drivers/STM32F2xx_HAL_Driver/Src/stm32f2xx_hal.c ****   *       is called, the SysTick interrupt will be disabled and so Tick increment 
 405:Drivers/STM32F2xx_HAL_Driver/Src/stm32f2xx_hal.c ****   *       is suspended.
 406:Drivers/STM32F2xx_HAL_Driver/Src/stm32f2xx_hal.c ****   * @note This function is declared as __weak to be overwritten in case of other
 407:Drivers/STM32F2xx_HAL_Driver/Src/stm32f2xx_hal.c ****   *       implementations in user file.
 408:Drivers/STM32F2xx_HAL_Driver/Src/stm32f2xx_hal.c ****   * @retval None
 409:Drivers/STM32F2xx_HAL_Driver/Src/stm32f2xx_hal.c ****   */
 410:Drivers/STM32F2xx_HAL_Driver/Src/stm32f2xx_hal.c **** __weak void HAL_SuspendTick(void)
 411:Drivers/STM32F2xx_HAL_Driver/Src/stm32f2xx_hal.c **** {
 493              		.loc 1 411 1 is_stmt 1 view -0
 494              		.cfi_startproc
 495              		@ args = 0, pretend = 0, frame = 0
 496              		@ frame_needed = 0, uses_anonymous_args = 0
 497              		@ link register save eliminated.
 412:Drivers/STM32F2xx_HAL_Driver/Src/stm32f2xx_hal.c ****   /* Disable SysTick Interrupt */
 413:Drivers/STM32F2xx_HAL_Driver/Src/stm32f2xx_hal.c ****   SysTick->CTRL &= ~SysTick_CTRL_TICKINT_Msk;
 498              		.loc 1 413 3 view .LVU99
 499              		.loc 1 413 10 is_stmt 0 view .LVU100
 500 0000 4FF0E022 		mov	r2, #-536813568
 501 0004 1369     		ldr	r3, [r2, #16]
 502              		.loc 1 413 17 view .LVU101
 503 0006 23F00203 		bic	r3, r3, #2
 504 000a 1361     		str	r3, [r2, #16]
 414:Drivers/STM32F2xx_HAL_Driver/Src/stm32f2xx_hal.c **** }
 505              		.loc 1 414 1 view .LVU102
 506 000c 7047     		bx	lr
 507              		.cfi_endproc
 508              	.LFE83:
 510              		.section	.text.HAL_ResumeTick,"ax",%progbits
 511              		.align	1
 512              		.weak	HAL_ResumeTick
 513              		.syntax unified
 514              		.thumb
 515              		.thumb_func
 517              	HAL_ResumeTick:
 518              	.LFB84:
 415:Drivers/STM32F2xx_HAL_Driver/Src/stm32f2xx_hal.c **** 
 416:Drivers/STM32F2xx_HAL_Driver/Src/stm32f2xx_hal.c **** /**
 417:Drivers/STM32F2xx_HAL_Driver/Src/stm32f2xx_hal.c ****   * @brief Resume Tick increment.
 418:Drivers/STM32F2xx_HAL_Driver/Src/stm32f2xx_hal.c ****   * @note In the default implementation , SysTick timer is the source of time base. It is
 419:Drivers/STM32F2xx_HAL_Driver/Src/stm32f2xx_hal.c ****   *       used to generate interrupts at regular time intervals. Once HAL_ResumeTick()
 420:Drivers/STM32F2xx_HAL_Driver/Src/stm32f2xx_hal.c ****   *       is called, the SysTick interrupt will be enabled and so Tick increment 
 421:Drivers/STM32F2xx_HAL_Driver/Src/stm32f2xx_hal.c ****   *       is resumed.
 422:Drivers/STM32F2xx_HAL_Driver/Src/stm32f2xx_hal.c ****   * @note This function is declared as __weak to be overwritten in case of other
 423:Drivers/STM32F2xx_HAL_Driver/Src/stm32f2xx_hal.c ****   *       implementations in user file.
 424:Drivers/STM32F2xx_HAL_Driver/Src/stm32f2xx_hal.c ****   * @retval None
 425:Drivers/STM32F2xx_HAL_Driver/Src/stm32f2xx_hal.c ****   */
 426:Drivers/STM32F2xx_HAL_Driver/Src/stm32f2xx_hal.c **** __weak void HAL_ResumeTick(void)
 427:Drivers/STM32F2xx_HAL_Driver/Src/stm32f2xx_hal.c **** {
 519              		.loc 1 427 1 is_stmt 1 view -0
 520              		.cfi_startproc
 521              		@ args = 0, pretend = 0, frame = 0
 522              		@ frame_needed = 0, uses_anonymous_args = 0
 523              		@ link register save eliminated.
 428:Drivers/STM32F2xx_HAL_Driver/Src/stm32f2xx_hal.c ****   /* Enable SysTick Interrupt */
 429:Drivers/STM32F2xx_HAL_Driver/Src/stm32f2xx_hal.c ****   SysTick->CTRL  |= SysTick_CTRL_TICKINT_Msk;
ARM GAS  /tmp/ccKfRIXr.s 			page 18


 524              		.loc 1 429 3 view .LVU104
 525              		.loc 1 429 10 is_stmt 0 view .LVU105
 526 0000 4FF0E022 		mov	r2, #-536813568
 527 0004 1369     		ldr	r3, [r2, #16]
 528              		.loc 1 429 18 view .LVU106
 529 0006 43F00203 		orr	r3, r3, #2
 530 000a 1361     		str	r3, [r2, #16]
 430:Drivers/STM32F2xx_HAL_Driver/Src/stm32f2xx_hal.c **** }
 531              		.loc 1 430 1 view .LVU107
 532 000c 7047     		bx	lr
 533              		.cfi_endproc
 534              	.LFE84:
 536              		.section	.text.HAL_GetHalVersion,"ax",%progbits
 537              		.align	1
 538              		.global	HAL_GetHalVersion
 539              		.syntax unified
 540              		.thumb
 541              		.thumb_func
 543              	HAL_GetHalVersion:
 544              	.LFB85:
 431:Drivers/STM32F2xx_HAL_Driver/Src/stm32f2xx_hal.c **** 
 432:Drivers/STM32F2xx_HAL_Driver/Src/stm32f2xx_hal.c **** /**
 433:Drivers/STM32F2xx_HAL_Driver/Src/stm32f2xx_hal.c ****   * @brief  Returns the HAL revision
 434:Drivers/STM32F2xx_HAL_Driver/Src/stm32f2xx_hal.c ****   * @retval version : 0xXYZR (8bits for each decimal, R for RC)
 435:Drivers/STM32F2xx_HAL_Driver/Src/stm32f2xx_hal.c ****   */
 436:Drivers/STM32F2xx_HAL_Driver/Src/stm32f2xx_hal.c **** uint32_t HAL_GetHalVersion(void)
 437:Drivers/STM32F2xx_HAL_Driver/Src/stm32f2xx_hal.c **** {
 545              		.loc 1 437 1 is_stmt 1 view -0
 546              		.cfi_startproc
 547              		@ args = 0, pretend = 0, frame = 0
 548              		@ frame_needed = 0, uses_anonymous_args = 0
 549              		@ link register save eliminated.
 438:Drivers/STM32F2xx_HAL_Driver/Src/stm32f2xx_hal.c ****  return __STM32F2xx_HAL_VERSION;
 550              		.loc 1 438 2 view .LVU109
 439:Drivers/STM32F2xx_HAL_Driver/Src/stm32f2xx_hal.c **** }
 551              		.loc 1 439 1 is_stmt 0 view .LVU110
 552 0000 0048     		ldr	r0, .L47
 553 0002 7047     		bx	lr
 554              	.L48:
 555              		.align	2
 556              	.L47:
 557 0004 00090201 		.word	16910592
 558              		.cfi_endproc
 559              	.LFE85:
 561              		.section	.text.HAL_GetREVID,"ax",%progbits
 562              		.align	1
 563              		.global	HAL_GetREVID
 564              		.syntax unified
 565              		.thumb
 566              		.thumb_func
 568              	HAL_GetREVID:
 569              	.LFB86:
 440:Drivers/STM32F2xx_HAL_Driver/Src/stm32f2xx_hal.c **** 
 441:Drivers/STM32F2xx_HAL_Driver/Src/stm32f2xx_hal.c **** /**
 442:Drivers/STM32F2xx_HAL_Driver/Src/stm32f2xx_hal.c ****   * @brief  Returns the device revision identifier.
 443:Drivers/STM32F2xx_HAL_Driver/Src/stm32f2xx_hal.c ****   * @retval Device revision identifier
 444:Drivers/STM32F2xx_HAL_Driver/Src/stm32f2xx_hal.c ****   */
ARM GAS  /tmp/ccKfRIXr.s 			page 19


 445:Drivers/STM32F2xx_HAL_Driver/Src/stm32f2xx_hal.c **** uint32_t HAL_GetREVID(void)
 446:Drivers/STM32F2xx_HAL_Driver/Src/stm32f2xx_hal.c **** {
 570              		.loc 1 446 1 is_stmt 1 view -0
 571              		.cfi_startproc
 572              		@ args = 0, pretend = 0, frame = 0
 573              		@ frame_needed = 0, uses_anonymous_args = 0
 574              		@ link register save eliminated.
 447:Drivers/STM32F2xx_HAL_Driver/Src/stm32f2xx_hal.c ****    return((DBGMCU->IDCODE) >> 16U);
 575              		.loc 1 447 4 view .LVU112
 576              		.loc 1 447 18 is_stmt 0 view .LVU113
 577 0000 014B     		ldr	r3, .L50
 578 0002 1868     		ldr	r0, [r3]
 448:Drivers/STM32F2xx_HAL_Driver/Src/stm32f2xx_hal.c **** }
 579              		.loc 1 448 1 view .LVU114
 580 0004 000C     		lsrs	r0, r0, #16
 581 0006 7047     		bx	lr
 582              	.L51:
 583              		.align	2
 584              	.L50:
 585 0008 002004E0 		.word	-536600576
 586              		.cfi_endproc
 587              	.LFE86:
 589              		.section	.text.HAL_GetDEVID,"ax",%progbits
 590              		.align	1
 591              		.global	HAL_GetDEVID
 592              		.syntax unified
 593              		.thumb
 594              		.thumb_func
 596              	HAL_GetDEVID:
 597              	.LFB87:
 449:Drivers/STM32F2xx_HAL_Driver/Src/stm32f2xx_hal.c **** 
 450:Drivers/STM32F2xx_HAL_Driver/Src/stm32f2xx_hal.c **** /**
 451:Drivers/STM32F2xx_HAL_Driver/Src/stm32f2xx_hal.c ****   * @brief  Returns the device identifier.
 452:Drivers/STM32F2xx_HAL_Driver/Src/stm32f2xx_hal.c ****   * @retval Device identifier
 453:Drivers/STM32F2xx_HAL_Driver/Src/stm32f2xx_hal.c ****   */
 454:Drivers/STM32F2xx_HAL_Driver/Src/stm32f2xx_hal.c **** uint32_t HAL_GetDEVID(void)
 455:Drivers/STM32F2xx_HAL_Driver/Src/stm32f2xx_hal.c **** {
 598              		.loc 1 455 1 is_stmt 1 view -0
 599              		.cfi_startproc
 600              		@ args = 0, pretend = 0, frame = 0
 601              		@ frame_needed = 0, uses_anonymous_args = 0
 602              		@ link register save eliminated.
 456:Drivers/STM32F2xx_HAL_Driver/Src/stm32f2xx_hal.c ****    return((DBGMCU->IDCODE) & IDCODE_DEVID_MASK);
 603              		.loc 1 456 4 view .LVU116
 604              		.loc 1 456 18 is_stmt 0 view .LVU117
 605 0000 024B     		ldr	r3, .L53
 606 0002 1868     		ldr	r0, [r3]
 457:Drivers/STM32F2xx_HAL_Driver/Src/stm32f2xx_hal.c **** }
 607              		.loc 1 457 1 view .LVU118
 608 0004 C0F30B00 		ubfx	r0, r0, #0, #12
 609 0008 7047     		bx	lr
 610              	.L54:
 611 000a 00BF     		.align	2
 612              	.L53:
 613 000c 002004E0 		.word	-536600576
 614              		.cfi_endproc
 615              	.LFE87:
ARM GAS  /tmp/ccKfRIXr.s 			page 20


 617              		.section	.text.HAL_DBGMCU_EnableDBGSleepMode,"ax",%progbits
 618              		.align	1
 619              		.global	HAL_DBGMCU_EnableDBGSleepMode
 620              		.syntax unified
 621              		.thumb
 622              		.thumb_func
 624              	HAL_DBGMCU_EnableDBGSleepMode:
 625              	.LFB88:
 458:Drivers/STM32F2xx_HAL_Driver/Src/stm32f2xx_hal.c **** 
 459:Drivers/STM32F2xx_HAL_Driver/Src/stm32f2xx_hal.c **** /**
 460:Drivers/STM32F2xx_HAL_Driver/Src/stm32f2xx_hal.c ****   * @brief  Enable the Debug Module during SLEEP mode
 461:Drivers/STM32F2xx_HAL_Driver/Src/stm32f2xx_hal.c ****   * @retval None
 462:Drivers/STM32F2xx_HAL_Driver/Src/stm32f2xx_hal.c ****   */
 463:Drivers/STM32F2xx_HAL_Driver/Src/stm32f2xx_hal.c **** void HAL_DBGMCU_EnableDBGSleepMode(void)
 464:Drivers/STM32F2xx_HAL_Driver/Src/stm32f2xx_hal.c **** {
 626              		.loc 1 464 1 is_stmt 1 view -0
 627              		.cfi_startproc
 628              		@ args = 0, pretend = 0, frame = 0
 629              		@ frame_needed = 0, uses_anonymous_args = 0
 630              		@ link register save eliminated.
 465:Drivers/STM32F2xx_HAL_Driver/Src/stm32f2xx_hal.c ****   SET_BIT(DBGMCU->CR, DBGMCU_CR_DBG_SLEEP);
 631              		.loc 1 465 3 view .LVU120
 632 0000 024A     		ldr	r2, .L56
 633 0002 5368     		ldr	r3, [r2, #4]
 634 0004 43F00103 		orr	r3, r3, #1
 635 0008 5360     		str	r3, [r2, #4]
 466:Drivers/STM32F2xx_HAL_Driver/Src/stm32f2xx_hal.c **** }
 636              		.loc 1 466 1 is_stmt 0 view .LVU121
 637 000a 7047     		bx	lr
 638              	.L57:
 639              		.align	2
 640              	.L56:
 641 000c 002004E0 		.word	-536600576
 642              		.cfi_endproc
 643              	.LFE88:
 645              		.section	.text.HAL_DBGMCU_DisableDBGSleepMode,"ax",%progbits
 646              		.align	1
 647              		.global	HAL_DBGMCU_DisableDBGSleepMode
 648              		.syntax unified
 649              		.thumb
 650              		.thumb_func
 652              	HAL_DBGMCU_DisableDBGSleepMode:
 653              	.LFB89:
 467:Drivers/STM32F2xx_HAL_Driver/Src/stm32f2xx_hal.c **** 
 468:Drivers/STM32F2xx_HAL_Driver/Src/stm32f2xx_hal.c **** /**
 469:Drivers/STM32F2xx_HAL_Driver/Src/stm32f2xx_hal.c ****   * @brief  Disable the Debug Module during SLEEP mode
 470:Drivers/STM32F2xx_HAL_Driver/Src/stm32f2xx_hal.c ****   * @retval None
 471:Drivers/STM32F2xx_HAL_Driver/Src/stm32f2xx_hal.c ****   */
 472:Drivers/STM32F2xx_HAL_Driver/Src/stm32f2xx_hal.c **** void HAL_DBGMCU_DisableDBGSleepMode(void)
 473:Drivers/STM32F2xx_HAL_Driver/Src/stm32f2xx_hal.c **** {
 654              		.loc 1 473 1 is_stmt 1 view -0
 655              		.cfi_startproc
 656              		@ args = 0, pretend = 0, frame = 0
 657              		@ frame_needed = 0, uses_anonymous_args = 0
 658              		@ link register save eliminated.
 474:Drivers/STM32F2xx_HAL_Driver/Src/stm32f2xx_hal.c ****   CLEAR_BIT(DBGMCU->CR, DBGMCU_CR_DBG_SLEEP);
 659              		.loc 1 474 3 view .LVU123
ARM GAS  /tmp/ccKfRIXr.s 			page 21


 660 0000 024A     		ldr	r2, .L59
 661 0002 5368     		ldr	r3, [r2, #4]
 662 0004 23F00103 		bic	r3, r3, #1
 663 0008 5360     		str	r3, [r2, #4]
 475:Drivers/STM32F2xx_HAL_Driver/Src/stm32f2xx_hal.c **** }
 664              		.loc 1 475 1 is_stmt 0 view .LVU124
 665 000a 7047     		bx	lr
 666              	.L60:
 667              		.align	2
 668              	.L59:
 669 000c 002004E0 		.word	-536600576
 670              		.cfi_endproc
 671              	.LFE89:
 673              		.section	.text.HAL_DBGMCU_EnableDBGStopMode,"ax",%progbits
 674              		.align	1
 675              		.global	HAL_DBGMCU_EnableDBGStopMode
 676              		.syntax unified
 677              		.thumb
 678              		.thumb_func
 680              	HAL_DBGMCU_EnableDBGStopMode:
 681              	.LFB90:
 476:Drivers/STM32F2xx_HAL_Driver/Src/stm32f2xx_hal.c **** 
 477:Drivers/STM32F2xx_HAL_Driver/Src/stm32f2xx_hal.c **** /**
 478:Drivers/STM32F2xx_HAL_Driver/Src/stm32f2xx_hal.c ****   * @brief  Enable the Debug Module during STOP mode
 479:Drivers/STM32F2xx_HAL_Driver/Src/stm32f2xx_hal.c ****   * @retval None
 480:Drivers/STM32F2xx_HAL_Driver/Src/stm32f2xx_hal.c ****   */
 481:Drivers/STM32F2xx_HAL_Driver/Src/stm32f2xx_hal.c **** void HAL_DBGMCU_EnableDBGStopMode(void)
 482:Drivers/STM32F2xx_HAL_Driver/Src/stm32f2xx_hal.c **** {
 682              		.loc 1 482 1 is_stmt 1 view -0
 683              		.cfi_startproc
 684              		@ args = 0, pretend = 0, frame = 0
 685              		@ frame_needed = 0, uses_anonymous_args = 0
 686              		@ link register save eliminated.
 483:Drivers/STM32F2xx_HAL_Driver/Src/stm32f2xx_hal.c ****   SET_BIT(DBGMCU->CR, DBGMCU_CR_DBG_STOP);
 687              		.loc 1 483 3 view .LVU126
 688 0000 024A     		ldr	r2, .L62
 689 0002 5368     		ldr	r3, [r2, #4]
 690 0004 43F00203 		orr	r3, r3, #2
 691 0008 5360     		str	r3, [r2, #4]
 484:Drivers/STM32F2xx_HAL_Driver/Src/stm32f2xx_hal.c **** }
 692              		.loc 1 484 1 is_stmt 0 view .LVU127
 693 000a 7047     		bx	lr
 694              	.L63:
 695              		.align	2
 696              	.L62:
 697 000c 002004E0 		.word	-536600576
 698              		.cfi_endproc
 699              	.LFE90:
 701              		.section	.text.HAL_DBGMCU_DisableDBGStopMode,"ax",%progbits
 702              		.align	1
 703              		.global	HAL_DBGMCU_DisableDBGStopMode
 704              		.syntax unified
 705              		.thumb
 706              		.thumb_func
 708              	HAL_DBGMCU_DisableDBGStopMode:
 709              	.LFB91:
 485:Drivers/STM32F2xx_HAL_Driver/Src/stm32f2xx_hal.c **** 
ARM GAS  /tmp/ccKfRIXr.s 			page 22


 486:Drivers/STM32F2xx_HAL_Driver/Src/stm32f2xx_hal.c **** /**
 487:Drivers/STM32F2xx_HAL_Driver/Src/stm32f2xx_hal.c ****   * @brief  Disable the Debug Module during STOP mode
 488:Drivers/STM32F2xx_HAL_Driver/Src/stm32f2xx_hal.c ****   * @retval None
 489:Drivers/STM32F2xx_HAL_Driver/Src/stm32f2xx_hal.c ****   */
 490:Drivers/STM32F2xx_HAL_Driver/Src/stm32f2xx_hal.c **** void HAL_DBGMCU_DisableDBGStopMode(void)
 491:Drivers/STM32F2xx_HAL_Driver/Src/stm32f2xx_hal.c **** {
 710              		.loc 1 491 1 is_stmt 1 view -0
 711              		.cfi_startproc
 712              		@ args = 0, pretend = 0, frame = 0
 713              		@ frame_needed = 0, uses_anonymous_args = 0
 714              		@ link register save eliminated.
 492:Drivers/STM32F2xx_HAL_Driver/Src/stm32f2xx_hal.c ****   CLEAR_BIT(DBGMCU->CR, DBGMCU_CR_DBG_STOP);
 715              		.loc 1 492 3 view .LVU129
 716 0000 024A     		ldr	r2, .L65
 717 0002 5368     		ldr	r3, [r2, #4]
 718 0004 23F00203 		bic	r3, r3, #2
 719 0008 5360     		str	r3, [r2, #4]
 493:Drivers/STM32F2xx_HAL_Driver/Src/stm32f2xx_hal.c **** }
 720              		.loc 1 493 1 is_stmt 0 view .LVU130
 721 000a 7047     		bx	lr
 722              	.L66:
 723              		.align	2
 724              	.L65:
 725 000c 002004E0 		.word	-536600576
 726              		.cfi_endproc
 727              	.LFE91:
 729              		.section	.text.HAL_DBGMCU_EnableDBGStandbyMode,"ax",%progbits
 730              		.align	1
 731              		.global	HAL_DBGMCU_EnableDBGStandbyMode
 732              		.syntax unified
 733              		.thumb
 734              		.thumb_func
 736              	HAL_DBGMCU_EnableDBGStandbyMode:
 737              	.LFB92:
 494:Drivers/STM32F2xx_HAL_Driver/Src/stm32f2xx_hal.c **** 
 495:Drivers/STM32F2xx_HAL_Driver/Src/stm32f2xx_hal.c **** /**
 496:Drivers/STM32F2xx_HAL_Driver/Src/stm32f2xx_hal.c ****   * @brief  Enable the Debug Module during STANDBY mode
 497:Drivers/STM32F2xx_HAL_Driver/Src/stm32f2xx_hal.c ****   * @retval None
 498:Drivers/STM32F2xx_HAL_Driver/Src/stm32f2xx_hal.c ****   */
 499:Drivers/STM32F2xx_HAL_Driver/Src/stm32f2xx_hal.c **** void HAL_DBGMCU_EnableDBGStandbyMode(void)
 500:Drivers/STM32F2xx_HAL_Driver/Src/stm32f2xx_hal.c **** {
 738              		.loc 1 500 1 is_stmt 1 view -0
 739              		.cfi_startproc
 740              		@ args = 0, pretend = 0, frame = 0
 741              		@ frame_needed = 0, uses_anonymous_args = 0
 742              		@ link register save eliminated.
 501:Drivers/STM32F2xx_HAL_Driver/Src/stm32f2xx_hal.c ****   SET_BIT(DBGMCU->CR, DBGMCU_CR_DBG_STANDBY);
 743              		.loc 1 501 3 view .LVU132
 744 0000 024A     		ldr	r2, .L68
 745 0002 5368     		ldr	r3, [r2, #4]
 746 0004 43F00403 		orr	r3, r3, #4
 747 0008 5360     		str	r3, [r2, #4]
 502:Drivers/STM32F2xx_HAL_Driver/Src/stm32f2xx_hal.c **** }
 748              		.loc 1 502 1 is_stmt 0 view .LVU133
 749 000a 7047     		bx	lr
 750              	.L69:
 751              		.align	2
ARM GAS  /tmp/ccKfRIXr.s 			page 23


 752              	.L68:
 753 000c 002004E0 		.word	-536600576
 754              		.cfi_endproc
 755              	.LFE92:
 757              		.section	.text.HAL_DBGMCU_DisableDBGStandbyMode,"ax",%progbits
 758              		.align	1
 759              		.global	HAL_DBGMCU_DisableDBGStandbyMode
 760              		.syntax unified
 761              		.thumb
 762              		.thumb_func
 764              	HAL_DBGMCU_DisableDBGStandbyMode:
 765              	.LFB93:
 503:Drivers/STM32F2xx_HAL_Driver/Src/stm32f2xx_hal.c **** 
 504:Drivers/STM32F2xx_HAL_Driver/Src/stm32f2xx_hal.c **** /**
 505:Drivers/STM32F2xx_HAL_Driver/Src/stm32f2xx_hal.c ****   * @brief  Disable the Debug Module during STANDBY mode
 506:Drivers/STM32F2xx_HAL_Driver/Src/stm32f2xx_hal.c ****   * @retval None
 507:Drivers/STM32F2xx_HAL_Driver/Src/stm32f2xx_hal.c ****   */
 508:Drivers/STM32F2xx_HAL_Driver/Src/stm32f2xx_hal.c **** void HAL_DBGMCU_DisableDBGStandbyMode(void)
 509:Drivers/STM32F2xx_HAL_Driver/Src/stm32f2xx_hal.c **** {
 766              		.loc 1 509 1 is_stmt 1 view -0
 767              		.cfi_startproc
 768              		@ args = 0, pretend = 0, frame = 0
 769              		@ frame_needed = 0, uses_anonymous_args = 0
 770              		@ link register save eliminated.
 510:Drivers/STM32F2xx_HAL_Driver/Src/stm32f2xx_hal.c ****   CLEAR_BIT(DBGMCU->CR, DBGMCU_CR_DBG_STANDBY);
 771              		.loc 1 510 3 view .LVU135
 772 0000 024A     		ldr	r2, .L71
 773 0002 5368     		ldr	r3, [r2, #4]
 774 0004 23F00403 		bic	r3, r3, #4
 775 0008 5360     		str	r3, [r2, #4]
 511:Drivers/STM32F2xx_HAL_Driver/Src/stm32f2xx_hal.c **** }
 776              		.loc 1 511 1 is_stmt 0 view .LVU136
 777 000a 7047     		bx	lr
 778              	.L72:
 779              		.align	2
 780              	.L71:
 781 000c 002004E0 		.word	-536600576
 782              		.cfi_endproc
 783              	.LFE93:
 785              		.section	.text.HAL_EnableCompensationCell,"ax",%progbits
 786              		.align	1
 787              		.global	HAL_EnableCompensationCell
 788              		.syntax unified
 789              		.thumb
 790              		.thumb_func
 792              	HAL_EnableCompensationCell:
 793              	.LFB94:
 512:Drivers/STM32F2xx_HAL_Driver/Src/stm32f2xx_hal.c **** 
 513:Drivers/STM32F2xx_HAL_Driver/Src/stm32f2xx_hal.c **** /**
 514:Drivers/STM32F2xx_HAL_Driver/Src/stm32f2xx_hal.c ****   * @brief  Enables the I/O Compensation Cell.
 515:Drivers/STM32F2xx_HAL_Driver/Src/stm32f2xx_hal.c ****   * @note   The I/O compensation cell can be used only when the device supply
 516:Drivers/STM32F2xx_HAL_Driver/Src/stm32f2xx_hal.c ****   *         voltage ranges from 2.4 to 3.6 V.  
 517:Drivers/STM32F2xx_HAL_Driver/Src/stm32f2xx_hal.c ****   * @retval None
 518:Drivers/STM32F2xx_HAL_Driver/Src/stm32f2xx_hal.c ****   */
 519:Drivers/STM32F2xx_HAL_Driver/Src/stm32f2xx_hal.c **** void HAL_EnableCompensationCell(void)
 520:Drivers/STM32F2xx_HAL_Driver/Src/stm32f2xx_hal.c **** {
 794              		.loc 1 520 1 is_stmt 1 view -0
ARM GAS  /tmp/ccKfRIXr.s 			page 24


 795              		.cfi_startproc
 796              		@ args = 0, pretend = 0, frame = 0
 797              		@ frame_needed = 0, uses_anonymous_args = 0
 798              		@ link register save eliminated.
 521:Drivers/STM32F2xx_HAL_Driver/Src/stm32f2xx_hal.c ****   *(__IO uint32_t *)CMPCR_CMP_PD_BB = (uint32_t)ENABLE;
 799              		.loc 1 521 3 view .LVU138
 800              	.LVL21:
 801              	.LBB6:
 802              	.LBI6:
 803              		.file 2 "Drivers/CMSIS/Include/cmsis_gcc.h"
   1:Drivers/CMSIS/Include/cmsis_gcc.h **** /**************************************************************************//**
   2:Drivers/CMSIS/Include/cmsis_gcc.h ****  * @file     cmsis_gcc.h
   3:Drivers/CMSIS/Include/cmsis_gcc.h ****  * @brief    CMSIS compiler GCC header file
   4:Drivers/CMSIS/Include/cmsis_gcc.h ****  * @version  V5.0.4
   5:Drivers/CMSIS/Include/cmsis_gcc.h ****  * @date     09. April 2018
   6:Drivers/CMSIS/Include/cmsis_gcc.h ****  ******************************************************************************/
   7:Drivers/CMSIS/Include/cmsis_gcc.h **** /*
   8:Drivers/CMSIS/Include/cmsis_gcc.h ****  * Copyright (c) 2009-2018 Arm Limited. All rights reserved.
   9:Drivers/CMSIS/Include/cmsis_gcc.h ****  *
  10:Drivers/CMSIS/Include/cmsis_gcc.h ****  * SPDX-License-Identifier: Apache-2.0
  11:Drivers/CMSIS/Include/cmsis_gcc.h ****  *
  12:Drivers/CMSIS/Include/cmsis_gcc.h ****  * Licensed under the Apache License, Version 2.0 (the License); you may
  13:Drivers/CMSIS/Include/cmsis_gcc.h ****  * not use this file except in compliance with the License.
  14:Drivers/CMSIS/Include/cmsis_gcc.h ****  * You may obtain a copy of the License at
  15:Drivers/CMSIS/Include/cmsis_gcc.h ****  *
  16:Drivers/CMSIS/Include/cmsis_gcc.h ****  * www.apache.org/licenses/LICENSE-2.0
  17:Drivers/CMSIS/Include/cmsis_gcc.h ****  *
  18:Drivers/CMSIS/Include/cmsis_gcc.h ****  * Unless required by applicable law or agreed to in writing, software
  19:Drivers/CMSIS/Include/cmsis_gcc.h ****  * distributed under the License is distributed on an AS IS BASIS, WITHOUT
  20:Drivers/CMSIS/Include/cmsis_gcc.h ****  * WARRANTIES OR CONDITIONS OF ANY KIND, either express or implied.
  21:Drivers/CMSIS/Include/cmsis_gcc.h ****  * See the License for the specific language governing permissions and
  22:Drivers/CMSIS/Include/cmsis_gcc.h ****  * limitations under the License.
  23:Drivers/CMSIS/Include/cmsis_gcc.h ****  */
  24:Drivers/CMSIS/Include/cmsis_gcc.h **** 
  25:Drivers/CMSIS/Include/cmsis_gcc.h **** #ifndef __CMSIS_GCC_H
  26:Drivers/CMSIS/Include/cmsis_gcc.h **** #define __CMSIS_GCC_H
  27:Drivers/CMSIS/Include/cmsis_gcc.h **** 
  28:Drivers/CMSIS/Include/cmsis_gcc.h **** /* ignore some GCC warnings */
  29:Drivers/CMSIS/Include/cmsis_gcc.h **** #pragma GCC diagnostic push
  30:Drivers/CMSIS/Include/cmsis_gcc.h **** #pragma GCC diagnostic ignored "-Wsign-conversion"
  31:Drivers/CMSIS/Include/cmsis_gcc.h **** #pragma GCC diagnostic ignored "-Wconversion"
  32:Drivers/CMSIS/Include/cmsis_gcc.h **** #pragma GCC diagnostic ignored "-Wunused-parameter"
  33:Drivers/CMSIS/Include/cmsis_gcc.h **** 
  34:Drivers/CMSIS/Include/cmsis_gcc.h **** /* Fallback for __has_builtin */
  35:Drivers/CMSIS/Include/cmsis_gcc.h **** #ifndef __has_builtin
  36:Drivers/CMSIS/Include/cmsis_gcc.h ****   #define __has_builtin(x) (0)
  37:Drivers/CMSIS/Include/cmsis_gcc.h **** #endif
  38:Drivers/CMSIS/Include/cmsis_gcc.h **** 
  39:Drivers/CMSIS/Include/cmsis_gcc.h **** /* CMSIS compiler specific defines */
  40:Drivers/CMSIS/Include/cmsis_gcc.h **** #ifndef   __ASM
  41:Drivers/CMSIS/Include/cmsis_gcc.h ****   #define __ASM                                  __asm
  42:Drivers/CMSIS/Include/cmsis_gcc.h **** #endif
  43:Drivers/CMSIS/Include/cmsis_gcc.h **** #ifndef   __INLINE
  44:Drivers/CMSIS/Include/cmsis_gcc.h ****   #define __INLINE                               inline
  45:Drivers/CMSIS/Include/cmsis_gcc.h **** #endif
  46:Drivers/CMSIS/Include/cmsis_gcc.h **** #ifndef   __STATIC_INLINE
  47:Drivers/CMSIS/Include/cmsis_gcc.h ****   #define __STATIC_INLINE                        static inline
ARM GAS  /tmp/ccKfRIXr.s 			page 25


  48:Drivers/CMSIS/Include/cmsis_gcc.h **** #endif
  49:Drivers/CMSIS/Include/cmsis_gcc.h **** #ifndef   __STATIC_FORCEINLINE                 
  50:Drivers/CMSIS/Include/cmsis_gcc.h ****   #define __STATIC_FORCEINLINE                   __attribute__((always_inline)) static inline
  51:Drivers/CMSIS/Include/cmsis_gcc.h **** #endif                                           
  52:Drivers/CMSIS/Include/cmsis_gcc.h **** #ifndef   __NO_RETURN
  53:Drivers/CMSIS/Include/cmsis_gcc.h ****   #define __NO_RETURN                            __attribute__((__noreturn__))
  54:Drivers/CMSIS/Include/cmsis_gcc.h **** #endif
  55:Drivers/CMSIS/Include/cmsis_gcc.h **** #ifndef   __USED
  56:Drivers/CMSIS/Include/cmsis_gcc.h ****   #define __USED                                 __attribute__((used))
  57:Drivers/CMSIS/Include/cmsis_gcc.h **** #endif
  58:Drivers/CMSIS/Include/cmsis_gcc.h **** #ifndef   __WEAK
  59:Drivers/CMSIS/Include/cmsis_gcc.h ****   #define __WEAK                                 __attribute__((weak))
  60:Drivers/CMSIS/Include/cmsis_gcc.h **** #endif
  61:Drivers/CMSIS/Include/cmsis_gcc.h **** #ifndef   __PACKED
  62:Drivers/CMSIS/Include/cmsis_gcc.h ****   #define __PACKED                               __attribute__((packed, aligned(1)))
  63:Drivers/CMSIS/Include/cmsis_gcc.h **** #endif
  64:Drivers/CMSIS/Include/cmsis_gcc.h **** #ifndef   __PACKED_STRUCT
  65:Drivers/CMSIS/Include/cmsis_gcc.h ****   #define __PACKED_STRUCT                        struct __attribute__((packed, aligned(1)))
  66:Drivers/CMSIS/Include/cmsis_gcc.h **** #endif
  67:Drivers/CMSIS/Include/cmsis_gcc.h **** #ifndef   __PACKED_UNION
  68:Drivers/CMSIS/Include/cmsis_gcc.h ****   #define __PACKED_UNION                         union __attribute__((packed, aligned(1)))
  69:Drivers/CMSIS/Include/cmsis_gcc.h **** #endif
  70:Drivers/CMSIS/Include/cmsis_gcc.h **** #ifndef   __UNALIGNED_UINT32        /* deprecated */
  71:Drivers/CMSIS/Include/cmsis_gcc.h ****   #pragma GCC diagnostic push
  72:Drivers/CMSIS/Include/cmsis_gcc.h ****   #pragma GCC diagnostic ignored "-Wpacked"
  73:Drivers/CMSIS/Include/cmsis_gcc.h ****   #pragma GCC diagnostic ignored "-Wattributes"
  74:Drivers/CMSIS/Include/cmsis_gcc.h ****   struct __attribute__((packed)) T_UINT32 { uint32_t v; };
  75:Drivers/CMSIS/Include/cmsis_gcc.h ****   #pragma GCC diagnostic pop
  76:Drivers/CMSIS/Include/cmsis_gcc.h ****   #define __UNALIGNED_UINT32(x)                  (((struct T_UINT32 *)(x))->v)
  77:Drivers/CMSIS/Include/cmsis_gcc.h **** #endif
  78:Drivers/CMSIS/Include/cmsis_gcc.h **** #ifndef   __UNALIGNED_UINT16_WRITE
  79:Drivers/CMSIS/Include/cmsis_gcc.h ****   #pragma GCC diagnostic push
  80:Drivers/CMSIS/Include/cmsis_gcc.h ****   #pragma GCC diagnostic ignored "-Wpacked"
  81:Drivers/CMSIS/Include/cmsis_gcc.h ****   #pragma GCC diagnostic ignored "-Wattributes"
  82:Drivers/CMSIS/Include/cmsis_gcc.h ****   __PACKED_STRUCT T_UINT16_WRITE { uint16_t v; };
  83:Drivers/CMSIS/Include/cmsis_gcc.h ****   #pragma GCC diagnostic pop
  84:Drivers/CMSIS/Include/cmsis_gcc.h ****   #define __UNALIGNED_UINT16_WRITE(addr, val)    (void)((((struct T_UINT16_WRITE *)(void *)(addr))-
  85:Drivers/CMSIS/Include/cmsis_gcc.h **** #endif
  86:Drivers/CMSIS/Include/cmsis_gcc.h **** #ifndef   __UNALIGNED_UINT16_READ
  87:Drivers/CMSIS/Include/cmsis_gcc.h ****   #pragma GCC diagnostic push
  88:Drivers/CMSIS/Include/cmsis_gcc.h ****   #pragma GCC diagnostic ignored "-Wpacked"
  89:Drivers/CMSIS/Include/cmsis_gcc.h ****   #pragma GCC diagnostic ignored "-Wattributes"
  90:Drivers/CMSIS/Include/cmsis_gcc.h ****   __PACKED_STRUCT T_UINT16_READ { uint16_t v; };
  91:Drivers/CMSIS/Include/cmsis_gcc.h ****   #pragma GCC diagnostic pop
  92:Drivers/CMSIS/Include/cmsis_gcc.h ****   #define __UNALIGNED_UINT16_READ(addr)          (((const struct T_UINT16_READ *)(const void *)(add
  93:Drivers/CMSIS/Include/cmsis_gcc.h **** #endif
  94:Drivers/CMSIS/Include/cmsis_gcc.h **** #ifndef   __UNALIGNED_UINT32_WRITE
  95:Drivers/CMSIS/Include/cmsis_gcc.h ****   #pragma GCC diagnostic push
  96:Drivers/CMSIS/Include/cmsis_gcc.h ****   #pragma GCC diagnostic ignored "-Wpacked"
  97:Drivers/CMSIS/Include/cmsis_gcc.h ****   #pragma GCC diagnostic ignored "-Wattributes"
  98:Drivers/CMSIS/Include/cmsis_gcc.h ****   __PACKED_STRUCT T_UINT32_WRITE { uint32_t v; };
  99:Drivers/CMSIS/Include/cmsis_gcc.h ****   #pragma GCC diagnostic pop
 100:Drivers/CMSIS/Include/cmsis_gcc.h ****   #define __UNALIGNED_UINT32_WRITE(addr, val)    (void)((((struct T_UINT32_WRITE *)(void *)(addr))-
 101:Drivers/CMSIS/Include/cmsis_gcc.h **** #endif
 102:Drivers/CMSIS/Include/cmsis_gcc.h **** #ifndef   __UNALIGNED_UINT32_READ
 103:Drivers/CMSIS/Include/cmsis_gcc.h ****   #pragma GCC diagnostic push
 104:Drivers/CMSIS/Include/cmsis_gcc.h ****   #pragma GCC diagnostic ignored "-Wpacked"
ARM GAS  /tmp/ccKfRIXr.s 			page 26


 105:Drivers/CMSIS/Include/cmsis_gcc.h ****   #pragma GCC diagnostic ignored "-Wattributes"
 106:Drivers/CMSIS/Include/cmsis_gcc.h ****   __PACKED_STRUCT T_UINT32_READ { uint32_t v; };
 107:Drivers/CMSIS/Include/cmsis_gcc.h ****   #pragma GCC diagnostic pop
 108:Drivers/CMSIS/Include/cmsis_gcc.h ****   #define __UNALIGNED_UINT32_READ(addr)          (((const struct T_UINT32_READ *)(const void *)(add
 109:Drivers/CMSIS/Include/cmsis_gcc.h **** #endif
 110:Drivers/CMSIS/Include/cmsis_gcc.h **** #ifndef   __ALIGNED
 111:Drivers/CMSIS/Include/cmsis_gcc.h ****   #define __ALIGNED(x)                           __attribute__((aligned(x)))
 112:Drivers/CMSIS/Include/cmsis_gcc.h **** #endif
 113:Drivers/CMSIS/Include/cmsis_gcc.h **** #ifndef   __RESTRICT
 114:Drivers/CMSIS/Include/cmsis_gcc.h ****   #define __RESTRICT                             __restrict
 115:Drivers/CMSIS/Include/cmsis_gcc.h **** #endif
 116:Drivers/CMSIS/Include/cmsis_gcc.h **** 
 117:Drivers/CMSIS/Include/cmsis_gcc.h **** 
 118:Drivers/CMSIS/Include/cmsis_gcc.h **** /* ###########################  Core Function Access  ########################### */
 119:Drivers/CMSIS/Include/cmsis_gcc.h **** /** \ingroup  CMSIS_Core_FunctionInterface
 120:Drivers/CMSIS/Include/cmsis_gcc.h ****     \defgroup CMSIS_Core_RegAccFunctions CMSIS Core Register Access Functions
 121:Drivers/CMSIS/Include/cmsis_gcc.h ****   @{
 122:Drivers/CMSIS/Include/cmsis_gcc.h ****  */
 123:Drivers/CMSIS/Include/cmsis_gcc.h **** 
 124:Drivers/CMSIS/Include/cmsis_gcc.h **** /**
 125:Drivers/CMSIS/Include/cmsis_gcc.h ****   \brief   Enable IRQ Interrupts
 126:Drivers/CMSIS/Include/cmsis_gcc.h ****   \details Enables IRQ interrupts by clearing the I-bit in the CPSR.
 127:Drivers/CMSIS/Include/cmsis_gcc.h ****            Can only be executed in Privileged modes.
 128:Drivers/CMSIS/Include/cmsis_gcc.h ****  */
 129:Drivers/CMSIS/Include/cmsis_gcc.h **** __STATIC_FORCEINLINE void __enable_irq(void)
 130:Drivers/CMSIS/Include/cmsis_gcc.h **** {
 131:Drivers/CMSIS/Include/cmsis_gcc.h ****   __ASM volatile ("cpsie i" : : : "memory");
 132:Drivers/CMSIS/Include/cmsis_gcc.h **** }
 133:Drivers/CMSIS/Include/cmsis_gcc.h **** 
 134:Drivers/CMSIS/Include/cmsis_gcc.h **** 
 135:Drivers/CMSIS/Include/cmsis_gcc.h **** /**
 136:Drivers/CMSIS/Include/cmsis_gcc.h ****   \brief   Disable IRQ Interrupts
 137:Drivers/CMSIS/Include/cmsis_gcc.h ****   \details Disables IRQ interrupts by setting the I-bit in the CPSR.
 138:Drivers/CMSIS/Include/cmsis_gcc.h ****            Can only be executed in Privileged modes.
 139:Drivers/CMSIS/Include/cmsis_gcc.h ****  */
 140:Drivers/CMSIS/Include/cmsis_gcc.h **** __STATIC_FORCEINLINE void __disable_irq(void)
 141:Drivers/CMSIS/Include/cmsis_gcc.h **** {
 142:Drivers/CMSIS/Include/cmsis_gcc.h ****   __ASM volatile ("cpsid i" : : : "memory");
 143:Drivers/CMSIS/Include/cmsis_gcc.h **** }
 144:Drivers/CMSIS/Include/cmsis_gcc.h **** 
 145:Drivers/CMSIS/Include/cmsis_gcc.h **** 
 146:Drivers/CMSIS/Include/cmsis_gcc.h **** /**
 147:Drivers/CMSIS/Include/cmsis_gcc.h ****   \brief   Get Control Register
 148:Drivers/CMSIS/Include/cmsis_gcc.h ****   \details Returns the content of the Control Register.
 149:Drivers/CMSIS/Include/cmsis_gcc.h ****   \return               Control Register value
 150:Drivers/CMSIS/Include/cmsis_gcc.h ****  */
 151:Drivers/CMSIS/Include/cmsis_gcc.h **** __STATIC_FORCEINLINE uint32_t __get_CONTROL(void)
 152:Drivers/CMSIS/Include/cmsis_gcc.h **** {
 153:Drivers/CMSIS/Include/cmsis_gcc.h ****   uint32_t result;
 154:Drivers/CMSIS/Include/cmsis_gcc.h **** 
 155:Drivers/CMSIS/Include/cmsis_gcc.h ****   __ASM volatile ("MRS %0, control" : "=r" (result) );
 156:Drivers/CMSIS/Include/cmsis_gcc.h ****   return(result);
 157:Drivers/CMSIS/Include/cmsis_gcc.h **** }
 158:Drivers/CMSIS/Include/cmsis_gcc.h **** 
 159:Drivers/CMSIS/Include/cmsis_gcc.h **** 
 160:Drivers/CMSIS/Include/cmsis_gcc.h **** #if (defined (__ARM_FEATURE_CMSE ) && (__ARM_FEATURE_CMSE == 3))
 161:Drivers/CMSIS/Include/cmsis_gcc.h **** /**
ARM GAS  /tmp/ccKfRIXr.s 			page 27


 162:Drivers/CMSIS/Include/cmsis_gcc.h ****   \brief   Get Control Register (non-secure)
 163:Drivers/CMSIS/Include/cmsis_gcc.h ****   \details Returns the content of the non-secure Control Register when in secure mode.
 164:Drivers/CMSIS/Include/cmsis_gcc.h ****   \return               non-secure Control Register value
 165:Drivers/CMSIS/Include/cmsis_gcc.h ****  */
 166:Drivers/CMSIS/Include/cmsis_gcc.h **** __STATIC_FORCEINLINE uint32_t __TZ_get_CONTROL_NS(void)
 167:Drivers/CMSIS/Include/cmsis_gcc.h **** {
 168:Drivers/CMSIS/Include/cmsis_gcc.h ****   uint32_t result;
 169:Drivers/CMSIS/Include/cmsis_gcc.h **** 
 170:Drivers/CMSIS/Include/cmsis_gcc.h ****   __ASM volatile ("MRS %0, control_ns" : "=r" (result) );
 171:Drivers/CMSIS/Include/cmsis_gcc.h ****   return(result);
 172:Drivers/CMSIS/Include/cmsis_gcc.h **** }
 173:Drivers/CMSIS/Include/cmsis_gcc.h **** #endif
 174:Drivers/CMSIS/Include/cmsis_gcc.h **** 
 175:Drivers/CMSIS/Include/cmsis_gcc.h **** 
 176:Drivers/CMSIS/Include/cmsis_gcc.h **** /**
 177:Drivers/CMSIS/Include/cmsis_gcc.h ****   \brief   Set Control Register
 178:Drivers/CMSIS/Include/cmsis_gcc.h ****   \details Writes the given value to the Control Register.
 179:Drivers/CMSIS/Include/cmsis_gcc.h ****   \param [in]    control  Control Register value to set
 180:Drivers/CMSIS/Include/cmsis_gcc.h ****  */
 181:Drivers/CMSIS/Include/cmsis_gcc.h **** __STATIC_FORCEINLINE void __set_CONTROL(uint32_t control)
 182:Drivers/CMSIS/Include/cmsis_gcc.h **** {
 183:Drivers/CMSIS/Include/cmsis_gcc.h ****   __ASM volatile ("MSR control, %0" : : "r" (control) : "memory");
 184:Drivers/CMSIS/Include/cmsis_gcc.h **** }
 185:Drivers/CMSIS/Include/cmsis_gcc.h **** 
 186:Drivers/CMSIS/Include/cmsis_gcc.h **** 
 187:Drivers/CMSIS/Include/cmsis_gcc.h **** #if (defined (__ARM_FEATURE_CMSE ) && (__ARM_FEATURE_CMSE == 3))
 188:Drivers/CMSIS/Include/cmsis_gcc.h **** /**
 189:Drivers/CMSIS/Include/cmsis_gcc.h ****   \brief   Set Control Register (non-secure)
 190:Drivers/CMSIS/Include/cmsis_gcc.h ****   \details Writes the given value to the non-secure Control Register when in secure state.
 191:Drivers/CMSIS/Include/cmsis_gcc.h ****   \param [in]    control  Control Register value to set
 192:Drivers/CMSIS/Include/cmsis_gcc.h ****  */
 193:Drivers/CMSIS/Include/cmsis_gcc.h **** __STATIC_FORCEINLINE void __TZ_set_CONTROL_NS(uint32_t control)
 194:Drivers/CMSIS/Include/cmsis_gcc.h **** {
 195:Drivers/CMSIS/Include/cmsis_gcc.h ****   __ASM volatile ("MSR control_ns, %0" : : "r" (control) : "memory");
 196:Drivers/CMSIS/Include/cmsis_gcc.h **** }
 197:Drivers/CMSIS/Include/cmsis_gcc.h **** #endif
 198:Drivers/CMSIS/Include/cmsis_gcc.h **** 
 199:Drivers/CMSIS/Include/cmsis_gcc.h **** 
 200:Drivers/CMSIS/Include/cmsis_gcc.h **** /**
 201:Drivers/CMSIS/Include/cmsis_gcc.h ****   \brief   Get IPSR Register
 202:Drivers/CMSIS/Include/cmsis_gcc.h ****   \details Returns the content of the IPSR Register.
 203:Drivers/CMSIS/Include/cmsis_gcc.h ****   \return               IPSR Register value
 204:Drivers/CMSIS/Include/cmsis_gcc.h ****  */
 205:Drivers/CMSIS/Include/cmsis_gcc.h **** __STATIC_FORCEINLINE uint32_t __get_IPSR(void)
 206:Drivers/CMSIS/Include/cmsis_gcc.h **** {
 207:Drivers/CMSIS/Include/cmsis_gcc.h ****   uint32_t result;
 208:Drivers/CMSIS/Include/cmsis_gcc.h **** 
 209:Drivers/CMSIS/Include/cmsis_gcc.h ****   __ASM volatile ("MRS %0, ipsr" : "=r" (result) );
 210:Drivers/CMSIS/Include/cmsis_gcc.h ****   return(result);
 211:Drivers/CMSIS/Include/cmsis_gcc.h **** }
 212:Drivers/CMSIS/Include/cmsis_gcc.h **** 
 213:Drivers/CMSIS/Include/cmsis_gcc.h **** 
 214:Drivers/CMSIS/Include/cmsis_gcc.h **** /**
 215:Drivers/CMSIS/Include/cmsis_gcc.h ****   \brief   Get APSR Register
 216:Drivers/CMSIS/Include/cmsis_gcc.h ****   \details Returns the content of the APSR Register.
 217:Drivers/CMSIS/Include/cmsis_gcc.h ****   \return               APSR Register value
 218:Drivers/CMSIS/Include/cmsis_gcc.h ****  */
ARM GAS  /tmp/ccKfRIXr.s 			page 28


 219:Drivers/CMSIS/Include/cmsis_gcc.h **** __STATIC_FORCEINLINE uint32_t __get_APSR(void)
 220:Drivers/CMSIS/Include/cmsis_gcc.h **** {
 221:Drivers/CMSIS/Include/cmsis_gcc.h ****   uint32_t result;
 222:Drivers/CMSIS/Include/cmsis_gcc.h **** 
 223:Drivers/CMSIS/Include/cmsis_gcc.h ****   __ASM volatile ("MRS %0, apsr" : "=r" (result) );
 224:Drivers/CMSIS/Include/cmsis_gcc.h ****   return(result);
 225:Drivers/CMSIS/Include/cmsis_gcc.h **** }
 226:Drivers/CMSIS/Include/cmsis_gcc.h **** 
 227:Drivers/CMSIS/Include/cmsis_gcc.h **** 
 228:Drivers/CMSIS/Include/cmsis_gcc.h **** /**
 229:Drivers/CMSIS/Include/cmsis_gcc.h ****   \brief   Get xPSR Register
 230:Drivers/CMSIS/Include/cmsis_gcc.h ****   \details Returns the content of the xPSR Register.
 231:Drivers/CMSIS/Include/cmsis_gcc.h ****   \return               xPSR Register value
 232:Drivers/CMSIS/Include/cmsis_gcc.h ****  */
 233:Drivers/CMSIS/Include/cmsis_gcc.h **** __STATIC_FORCEINLINE uint32_t __get_xPSR(void)
 234:Drivers/CMSIS/Include/cmsis_gcc.h **** {
 235:Drivers/CMSIS/Include/cmsis_gcc.h ****   uint32_t result;
 236:Drivers/CMSIS/Include/cmsis_gcc.h **** 
 237:Drivers/CMSIS/Include/cmsis_gcc.h ****   __ASM volatile ("MRS %0, xpsr" : "=r" (result) );
 238:Drivers/CMSIS/Include/cmsis_gcc.h ****   return(result);
 239:Drivers/CMSIS/Include/cmsis_gcc.h **** }
 240:Drivers/CMSIS/Include/cmsis_gcc.h **** 
 241:Drivers/CMSIS/Include/cmsis_gcc.h **** 
 242:Drivers/CMSIS/Include/cmsis_gcc.h **** /**
 243:Drivers/CMSIS/Include/cmsis_gcc.h ****   \brief   Get Process Stack Pointer
 244:Drivers/CMSIS/Include/cmsis_gcc.h ****   \details Returns the current value of the Process Stack Pointer (PSP).
 245:Drivers/CMSIS/Include/cmsis_gcc.h ****   \return               PSP Register value
 246:Drivers/CMSIS/Include/cmsis_gcc.h ****  */
 247:Drivers/CMSIS/Include/cmsis_gcc.h **** __STATIC_FORCEINLINE uint32_t __get_PSP(void)
 248:Drivers/CMSIS/Include/cmsis_gcc.h **** {
 249:Drivers/CMSIS/Include/cmsis_gcc.h ****   uint32_t result;
 250:Drivers/CMSIS/Include/cmsis_gcc.h **** 
 251:Drivers/CMSIS/Include/cmsis_gcc.h ****   __ASM volatile ("MRS %0, psp"  : "=r" (result) );
 252:Drivers/CMSIS/Include/cmsis_gcc.h ****   return(result);
 253:Drivers/CMSIS/Include/cmsis_gcc.h **** }
 254:Drivers/CMSIS/Include/cmsis_gcc.h **** 
 255:Drivers/CMSIS/Include/cmsis_gcc.h **** 
 256:Drivers/CMSIS/Include/cmsis_gcc.h **** #if (defined (__ARM_FEATURE_CMSE ) && (__ARM_FEATURE_CMSE == 3))
 257:Drivers/CMSIS/Include/cmsis_gcc.h **** /**
 258:Drivers/CMSIS/Include/cmsis_gcc.h ****   \brief   Get Process Stack Pointer (non-secure)
 259:Drivers/CMSIS/Include/cmsis_gcc.h ****   \details Returns the current value of the non-secure Process Stack Pointer (PSP) when in secure s
 260:Drivers/CMSIS/Include/cmsis_gcc.h ****   \return               PSP Register value
 261:Drivers/CMSIS/Include/cmsis_gcc.h ****  */
 262:Drivers/CMSIS/Include/cmsis_gcc.h **** __STATIC_FORCEINLINE uint32_t __TZ_get_PSP_NS(void)
 263:Drivers/CMSIS/Include/cmsis_gcc.h **** {
 264:Drivers/CMSIS/Include/cmsis_gcc.h ****   uint32_t result;
 265:Drivers/CMSIS/Include/cmsis_gcc.h **** 
 266:Drivers/CMSIS/Include/cmsis_gcc.h ****   __ASM volatile ("MRS %0, psp_ns"  : "=r" (result) );
 267:Drivers/CMSIS/Include/cmsis_gcc.h ****   return(result);
 268:Drivers/CMSIS/Include/cmsis_gcc.h **** }
 269:Drivers/CMSIS/Include/cmsis_gcc.h **** #endif
 270:Drivers/CMSIS/Include/cmsis_gcc.h **** 
 271:Drivers/CMSIS/Include/cmsis_gcc.h **** 
 272:Drivers/CMSIS/Include/cmsis_gcc.h **** /**
 273:Drivers/CMSIS/Include/cmsis_gcc.h ****   \brief   Set Process Stack Pointer
 274:Drivers/CMSIS/Include/cmsis_gcc.h ****   \details Assigns the given value to the Process Stack Pointer (PSP).
 275:Drivers/CMSIS/Include/cmsis_gcc.h ****   \param [in]    topOfProcStack  Process Stack Pointer value to set
ARM GAS  /tmp/ccKfRIXr.s 			page 29


 276:Drivers/CMSIS/Include/cmsis_gcc.h ****  */
 277:Drivers/CMSIS/Include/cmsis_gcc.h **** __STATIC_FORCEINLINE void __set_PSP(uint32_t topOfProcStack)
 278:Drivers/CMSIS/Include/cmsis_gcc.h **** {
 279:Drivers/CMSIS/Include/cmsis_gcc.h ****   __ASM volatile ("MSR psp, %0" : : "r" (topOfProcStack) : );
 280:Drivers/CMSIS/Include/cmsis_gcc.h **** }
 281:Drivers/CMSIS/Include/cmsis_gcc.h **** 
 282:Drivers/CMSIS/Include/cmsis_gcc.h **** 
 283:Drivers/CMSIS/Include/cmsis_gcc.h **** #if (defined (__ARM_FEATURE_CMSE ) && (__ARM_FEATURE_CMSE == 3))
 284:Drivers/CMSIS/Include/cmsis_gcc.h **** /**
 285:Drivers/CMSIS/Include/cmsis_gcc.h ****   \brief   Set Process Stack Pointer (non-secure)
 286:Drivers/CMSIS/Include/cmsis_gcc.h ****   \details Assigns the given value to the non-secure Process Stack Pointer (PSP) when in secure sta
 287:Drivers/CMSIS/Include/cmsis_gcc.h ****   \param [in]    topOfProcStack  Process Stack Pointer value to set
 288:Drivers/CMSIS/Include/cmsis_gcc.h ****  */
 289:Drivers/CMSIS/Include/cmsis_gcc.h **** __STATIC_FORCEINLINE void __TZ_set_PSP_NS(uint32_t topOfProcStack)
 290:Drivers/CMSIS/Include/cmsis_gcc.h **** {
 291:Drivers/CMSIS/Include/cmsis_gcc.h ****   __ASM volatile ("MSR psp_ns, %0" : : "r" (topOfProcStack) : );
 292:Drivers/CMSIS/Include/cmsis_gcc.h **** }
 293:Drivers/CMSIS/Include/cmsis_gcc.h **** #endif
 294:Drivers/CMSIS/Include/cmsis_gcc.h **** 
 295:Drivers/CMSIS/Include/cmsis_gcc.h **** 
 296:Drivers/CMSIS/Include/cmsis_gcc.h **** /**
 297:Drivers/CMSIS/Include/cmsis_gcc.h ****   \brief   Get Main Stack Pointer
 298:Drivers/CMSIS/Include/cmsis_gcc.h ****   \details Returns the current value of the Main Stack Pointer (MSP).
 299:Drivers/CMSIS/Include/cmsis_gcc.h ****   \return               MSP Register value
 300:Drivers/CMSIS/Include/cmsis_gcc.h ****  */
 301:Drivers/CMSIS/Include/cmsis_gcc.h **** __STATIC_FORCEINLINE uint32_t __get_MSP(void)
 302:Drivers/CMSIS/Include/cmsis_gcc.h **** {
 303:Drivers/CMSIS/Include/cmsis_gcc.h ****   uint32_t result;
 304:Drivers/CMSIS/Include/cmsis_gcc.h **** 
 305:Drivers/CMSIS/Include/cmsis_gcc.h ****   __ASM volatile ("MRS %0, msp" : "=r" (result) );
 306:Drivers/CMSIS/Include/cmsis_gcc.h ****   return(result);
 307:Drivers/CMSIS/Include/cmsis_gcc.h **** }
 308:Drivers/CMSIS/Include/cmsis_gcc.h **** 
 309:Drivers/CMSIS/Include/cmsis_gcc.h **** 
 310:Drivers/CMSIS/Include/cmsis_gcc.h **** #if (defined (__ARM_FEATURE_CMSE ) && (__ARM_FEATURE_CMSE == 3))
 311:Drivers/CMSIS/Include/cmsis_gcc.h **** /**
 312:Drivers/CMSIS/Include/cmsis_gcc.h ****   \brief   Get Main Stack Pointer (non-secure)
 313:Drivers/CMSIS/Include/cmsis_gcc.h ****   \details Returns the current value of the non-secure Main Stack Pointer (MSP) when in secure stat
 314:Drivers/CMSIS/Include/cmsis_gcc.h ****   \return               MSP Register value
 315:Drivers/CMSIS/Include/cmsis_gcc.h ****  */
 316:Drivers/CMSIS/Include/cmsis_gcc.h **** __STATIC_FORCEINLINE uint32_t __TZ_get_MSP_NS(void)
 317:Drivers/CMSIS/Include/cmsis_gcc.h **** {
 318:Drivers/CMSIS/Include/cmsis_gcc.h ****   uint32_t result;
 319:Drivers/CMSIS/Include/cmsis_gcc.h **** 
 320:Drivers/CMSIS/Include/cmsis_gcc.h ****   __ASM volatile ("MRS %0, msp_ns" : "=r" (result) );
 321:Drivers/CMSIS/Include/cmsis_gcc.h ****   return(result);
 322:Drivers/CMSIS/Include/cmsis_gcc.h **** }
 323:Drivers/CMSIS/Include/cmsis_gcc.h **** #endif
 324:Drivers/CMSIS/Include/cmsis_gcc.h **** 
 325:Drivers/CMSIS/Include/cmsis_gcc.h **** 
 326:Drivers/CMSIS/Include/cmsis_gcc.h **** /**
 327:Drivers/CMSIS/Include/cmsis_gcc.h ****   \brief   Set Main Stack Pointer
 328:Drivers/CMSIS/Include/cmsis_gcc.h ****   \details Assigns the given value to the Main Stack Pointer (MSP).
 329:Drivers/CMSIS/Include/cmsis_gcc.h ****   \param [in]    topOfMainStack  Main Stack Pointer value to set
 330:Drivers/CMSIS/Include/cmsis_gcc.h ****  */
 331:Drivers/CMSIS/Include/cmsis_gcc.h **** __STATIC_FORCEINLINE void __set_MSP(uint32_t topOfMainStack)
 332:Drivers/CMSIS/Include/cmsis_gcc.h **** {
ARM GAS  /tmp/ccKfRIXr.s 			page 30


 333:Drivers/CMSIS/Include/cmsis_gcc.h ****   __ASM volatile ("MSR msp, %0" : : "r" (topOfMainStack) : );
 334:Drivers/CMSIS/Include/cmsis_gcc.h **** }
 335:Drivers/CMSIS/Include/cmsis_gcc.h **** 
 336:Drivers/CMSIS/Include/cmsis_gcc.h **** 
 337:Drivers/CMSIS/Include/cmsis_gcc.h **** #if (defined (__ARM_FEATURE_CMSE ) && (__ARM_FEATURE_CMSE == 3))
 338:Drivers/CMSIS/Include/cmsis_gcc.h **** /**
 339:Drivers/CMSIS/Include/cmsis_gcc.h ****   \brief   Set Main Stack Pointer (non-secure)
 340:Drivers/CMSIS/Include/cmsis_gcc.h ****   \details Assigns the given value to the non-secure Main Stack Pointer (MSP) when in secure state.
 341:Drivers/CMSIS/Include/cmsis_gcc.h ****   \param [in]    topOfMainStack  Main Stack Pointer value to set
 342:Drivers/CMSIS/Include/cmsis_gcc.h ****  */
 343:Drivers/CMSIS/Include/cmsis_gcc.h **** __STATIC_FORCEINLINE void __TZ_set_MSP_NS(uint32_t topOfMainStack)
 344:Drivers/CMSIS/Include/cmsis_gcc.h **** {
 345:Drivers/CMSIS/Include/cmsis_gcc.h ****   __ASM volatile ("MSR msp_ns, %0" : : "r" (topOfMainStack) : );
 346:Drivers/CMSIS/Include/cmsis_gcc.h **** }
 347:Drivers/CMSIS/Include/cmsis_gcc.h **** #endif
 348:Drivers/CMSIS/Include/cmsis_gcc.h **** 
 349:Drivers/CMSIS/Include/cmsis_gcc.h **** 
 350:Drivers/CMSIS/Include/cmsis_gcc.h **** #if (defined (__ARM_FEATURE_CMSE ) && (__ARM_FEATURE_CMSE == 3))
 351:Drivers/CMSIS/Include/cmsis_gcc.h **** /**
 352:Drivers/CMSIS/Include/cmsis_gcc.h ****   \brief   Get Stack Pointer (non-secure)
 353:Drivers/CMSIS/Include/cmsis_gcc.h ****   \details Returns the current value of the non-secure Stack Pointer (SP) when in secure state.
 354:Drivers/CMSIS/Include/cmsis_gcc.h ****   \return               SP Register value
 355:Drivers/CMSIS/Include/cmsis_gcc.h ****  */
 356:Drivers/CMSIS/Include/cmsis_gcc.h **** __STATIC_FORCEINLINE uint32_t __TZ_get_SP_NS(void)
 357:Drivers/CMSIS/Include/cmsis_gcc.h **** {
 358:Drivers/CMSIS/Include/cmsis_gcc.h ****   uint32_t result;
 359:Drivers/CMSIS/Include/cmsis_gcc.h **** 
 360:Drivers/CMSIS/Include/cmsis_gcc.h ****   __ASM volatile ("MRS %0, sp_ns" : "=r" (result) );
 361:Drivers/CMSIS/Include/cmsis_gcc.h ****   return(result);
 362:Drivers/CMSIS/Include/cmsis_gcc.h **** }
 363:Drivers/CMSIS/Include/cmsis_gcc.h **** 
 364:Drivers/CMSIS/Include/cmsis_gcc.h **** 
 365:Drivers/CMSIS/Include/cmsis_gcc.h **** /**
 366:Drivers/CMSIS/Include/cmsis_gcc.h ****   \brief   Set Stack Pointer (non-secure)
 367:Drivers/CMSIS/Include/cmsis_gcc.h ****   \details Assigns the given value to the non-secure Stack Pointer (SP) when in secure state.
 368:Drivers/CMSIS/Include/cmsis_gcc.h ****   \param [in]    topOfStack  Stack Pointer value to set
 369:Drivers/CMSIS/Include/cmsis_gcc.h ****  */
 370:Drivers/CMSIS/Include/cmsis_gcc.h **** __STATIC_FORCEINLINE void __TZ_set_SP_NS(uint32_t topOfStack)
 371:Drivers/CMSIS/Include/cmsis_gcc.h **** {
 372:Drivers/CMSIS/Include/cmsis_gcc.h ****   __ASM volatile ("MSR sp_ns, %0" : : "r" (topOfStack) : );
 373:Drivers/CMSIS/Include/cmsis_gcc.h **** }
 374:Drivers/CMSIS/Include/cmsis_gcc.h **** #endif
 375:Drivers/CMSIS/Include/cmsis_gcc.h **** 
 376:Drivers/CMSIS/Include/cmsis_gcc.h **** 
 377:Drivers/CMSIS/Include/cmsis_gcc.h **** /**
 378:Drivers/CMSIS/Include/cmsis_gcc.h ****   \brief   Get Priority Mask
 379:Drivers/CMSIS/Include/cmsis_gcc.h ****   \details Returns the current state of the priority mask bit from the Priority Mask Register.
 380:Drivers/CMSIS/Include/cmsis_gcc.h ****   \return               Priority Mask value
 381:Drivers/CMSIS/Include/cmsis_gcc.h ****  */
 382:Drivers/CMSIS/Include/cmsis_gcc.h **** __STATIC_FORCEINLINE uint32_t __get_PRIMASK(void)
 383:Drivers/CMSIS/Include/cmsis_gcc.h **** {
 384:Drivers/CMSIS/Include/cmsis_gcc.h ****   uint32_t result;
 385:Drivers/CMSIS/Include/cmsis_gcc.h **** 
 386:Drivers/CMSIS/Include/cmsis_gcc.h ****   __ASM volatile ("MRS %0, primask" : "=r" (result) :: "memory");
 387:Drivers/CMSIS/Include/cmsis_gcc.h ****   return(result);
 388:Drivers/CMSIS/Include/cmsis_gcc.h **** }
 389:Drivers/CMSIS/Include/cmsis_gcc.h **** 
ARM GAS  /tmp/ccKfRIXr.s 			page 31


 390:Drivers/CMSIS/Include/cmsis_gcc.h **** 
 391:Drivers/CMSIS/Include/cmsis_gcc.h **** #if (defined (__ARM_FEATURE_CMSE ) && (__ARM_FEATURE_CMSE == 3))
 392:Drivers/CMSIS/Include/cmsis_gcc.h **** /**
 393:Drivers/CMSIS/Include/cmsis_gcc.h ****   \brief   Get Priority Mask (non-secure)
 394:Drivers/CMSIS/Include/cmsis_gcc.h ****   \details Returns the current state of the non-secure priority mask bit from the Priority Mask Reg
 395:Drivers/CMSIS/Include/cmsis_gcc.h ****   \return               Priority Mask value
 396:Drivers/CMSIS/Include/cmsis_gcc.h ****  */
 397:Drivers/CMSIS/Include/cmsis_gcc.h **** __STATIC_FORCEINLINE uint32_t __TZ_get_PRIMASK_NS(void)
 398:Drivers/CMSIS/Include/cmsis_gcc.h **** {
 399:Drivers/CMSIS/Include/cmsis_gcc.h ****   uint32_t result;
 400:Drivers/CMSIS/Include/cmsis_gcc.h **** 
 401:Drivers/CMSIS/Include/cmsis_gcc.h ****   __ASM volatile ("MRS %0, primask_ns" : "=r" (result) :: "memory");
 402:Drivers/CMSIS/Include/cmsis_gcc.h ****   return(result);
 403:Drivers/CMSIS/Include/cmsis_gcc.h **** }
 404:Drivers/CMSIS/Include/cmsis_gcc.h **** #endif
 405:Drivers/CMSIS/Include/cmsis_gcc.h **** 
 406:Drivers/CMSIS/Include/cmsis_gcc.h **** 
 407:Drivers/CMSIS/Include/cmsis_gcc.h **** /**
 408:Drivers/CMSIS/Include/cmsis_gcc.h ****   \brief   Set Priority Mask
 409:Drivers/CMSIS/Include/cmsis_gcc.h ****   \details Assigns the given value to the Priority Mask Register.
 410:Drivers/CMSIS/Include/cmsis_gcc.h ****   \param [in]    priMask  Priority Mask
 411:Drivers/CMSIS/Include/cmsis_gcc.h ****  */
 412:Drivers/CMSIS/Include/cmsis_gcc.h **** __STATIC_FORCEINLINE void __set_PRIMASK(uint32_t priMask)
 413:Drivers/CMSIS/Include/cmsis_gcc.h **** {
 414:Drivers/CMSIS/Include/cmsis_gcc.h ****   __ASM volatile ("MSR primask, %0" : : "r" (priMask) : "memory");
 415:Drivers/CMSIS/Include/cmsis_gcc.h **** }
 416:Drivers/CMSIS/Include/cmsis_gcc.h **** 
 417:Drivers/CMSIS/Include/cmsis_gcc.h **** 
 418:Drivers/CMSIS/Include/cmsis_gcc.h **** #if (defined (__ARM_FEATURE_CMSE ) && (__ARM_FEATURE_CMSE == 3))
 419:Drivers/CMSIS/Include/cmsis_gcc.h **** /**
 420:Drivers/CMSIS/Include/cmsis_gcc.h ****   \brief   Set Priority Mask (non-secure)
 421:Drivers/CMSIS/Include/cmsis_gcc.h ****   \details Assigns the given value to the non-secure Priority Mask Register when in secure state.
 422:Drivers/CMSIS/Include/cmsis_gcc.h ****   \param [in]    priMask  Priority Mask
 423:Drivers/CMSIS/Include/cmsis_gcc.h ****  */
 424:Drivers/CMSIS/Include/cmsis_gcc.h **** __STATIC_FORCEINLINE void __TZ_set_PRIMASK_NS(uint32_t priMask)
 425:Drivers/CMSIS/Include/cmsis_gcc.h **** {
 426:Drivers/CMSIS/Include/cmsis_gcc.h ****   __ASM volatile ("MSR primask_ns, %0" : : "r" (priMask) : "memory");
 427:Drivers/CMSIS/Include/cmsis_gcc.h **** }
 428:Drivers/CMSIS/Include/cmsis_gcc.h **** #endif
 429:Drivers/CMSIS/Include/cmsis_gcc.h **** 
 430:Drivers/CMSIS/Include/cmsis_gcc.h **** 
 431:Drivers/CMSIS/Include/cmsis_gcc.h **** #if ((defined (__ARM_ARCH_7M__      ) && (__ARM_ARCH_7M__      == 1)) || \
 432:Drivers/CMSIS/Include/cmsis_gcc.h ****      (defined (__ARM_ARCH_7EM__     ) && (__ARM_ARCH_7EM__     == 1)) || \
 433:Drivers/CMSIS/Include/cmsis_gcc.h ****      (defined (__ARM_ARCH_8M_MAIN__ ) && (__ARM_ARCH_8M_MAIN__ == 1))    )
 434:Drivers/CMSIS/Include/cmsis_gcc.h **** /**
 435:Drivers/CMSIS/Include/cmsis_gcc.h ****   \brief   Enable FIQ
 436:Drivers/CMSIS/Include/cmsis_gcc.h ****   \details Enables FIQ interrupts by clearing the F-bit in the CPSR.
 437:Drivers/CMSIS/Include/cmsis_gcc.h ****            Can only be executed in Privileged modes.
 438:Drivers/CMSIS/Include/cmsis_gcc.h ****  */
 439:Drivers/CMSIS/Include/cmsis_gcc.h **** __STATIC_FORCEINLINE void __enable_fault_irq(void)
 440:Drivers/CMSIS/Include/cmsis_gcc.h **** {
 441:Drivers/CMSIS/Include/cmsis_gcc.h ****   __ASM volatile ("cpsie f" : : : "memory");
 442:Drivers/CMSIS/Include/cmsis_gcc.h **** }
 443:Drivers/CMSIS/Include/cmsis_gcc.h **** 
 444:Drivers/CMSIS/Include/cmsis_gcc.h **** 
 445:Drivers/CMSIS/Include/cmsis_gcc.h **** /**
 446:Drivers/CMSIS/Include/cmsis_gcc.h ****   \brief   Disable FIQ
ARM GAS  /tmp/ccKfRIXr.s 			page 32


 447:Drivers/CMSIS/Include/cmsis_gcc.h ****   \details Disables FIQ interrupts by setting the F-bit in the CPSR.
 448:Drivers/CMSIS/Include/cmsis_gcc.h ****            Can only be executed in Privileged modes.
 449:Drivers/CMSIS/Include/cmsis_gcc.h ****  */
 450:Drivers/CMSIS/Include/cmsis_gcc.h **** __STATIC_FORCEINLINE void __disable_fault_irq(void)
 451:Drivers/CMSIS/Include/cmsis_gcc.h **** {
 452:Drivers/CMSIS/Include/cmsis_gcc.h ****   __ASM volatile ("cpsid f" : : : "memory");
 453:Drivers/CMSIS/Include/cmsis_gcc.h **** }
 454:Drivers/CMSIS/Include/cmsis_gcc.h **** 
 455:Drivers/CMSIS/Include/cmsis_gcc.h **** 
 456:Drivers/CMSIS/Include/cmsis_gcc.h **** /**
 457:Drivers/CMSIS/Include/cmsis_gcc.h ****   \brief   Get Base Priority
 458:Drivers/CMSIS/Include/cmsis_gcc.h ****   \details Returns the current value of the Base Priority register.
 459:Drivers/CMSIS/Include/cmsis_gcc.h ****   \return               Base Priority register value
 460:Drivers/CMSIS/Include/cmsis_gcc.h ****  */
 461:Drivers/CMSIS/Include/cmsis_gcc.h **** __STATIC_FORCEINLINE uint32_t __get_BASEPRI(void)
 462:Drivers/CMSIS/Include/cmsis_gcc.h **** {
 463:Drivers/CMSIS/Include/cmsis_gcc.h ****   uint32_t result;
 464:Drivers/CMSIS/Include/cmsis_gcc.h **** 
 465:Drivers/CMSIS/Include/cmsis_gcc.h ****   __ASM volatile ("MRS %0, basepri" : "=r" (result) );
 466:Drivers/CMSIS/Include/cmsis_gcc.h ****   return(result);
 467:Drivers/CMSIS/Include/cmsis_gcc.h **** }
 468:Drivers/CMSIS/Include/cmsis_gcc.h **** 
 469:Drivers/CMSIS/Include/cmsis_gcc.h **** 
 470:Drivers/CMSIS/Include/cmsis_gcc.h **** #if (defined (__ARM_FEATURE_CMSE ) && (__ARM_FEATURE_CMSE == 3))
 471:Drivers/CMSIS/Include/cmsis_gcc.h **** /**
 472:Drivers/CMSIS/Include/cmsis_gcc.h ****   \brief   Get Base Priority (non-secure)
 473:Drivers/CMSIS/Include/cmsis_gcc.h ****   \details Returns the current value of the non-secure Base Priority register when in secure state.
 474:Drivers/CMSIS/Include/cmsis_gcc.h ****   \return               Base Priority register value
 475:Drivers/CMSIS/Include/cmsis_gcc.h ****  */
 476:Drivers/CMSIS/Include/cmsis_gcc.h **** __STATIC_FORCEINLINE uint32_t __TZ_get_BASEPRI_NS(void)
 477:Drivers/CMSIS/Include/cmsis_gcc.h **** {
 478:Drivers/CMSIS/Include/cmsis_gcc.h ****   uint32_t result;
 479:Drivers/CMSIS/Include/cmsis_gcc.h **** 
 480:Drivers/CMSIS/Include/cmsis_gcc.h ****   __ASM volatile ("MRS %0, basepri_ns" : "=r" (result) );
 481:Drivers/CMSIS/Include/cmsis_gcc.h ****   return(result);
 482:Drivers/CMSIS/Include/cmsis_gcc.h **** }
 483:Drivers/CMSIS/Include/cmsis_gcc.h **** #endif
 484:Drivers/CMSIS/Include/cmsis_gcc.h **** 
 485:Drivers/CMSIS/Include/cmsis_gcc.h **** 
 486:Drivers/CMSIS/Include/cmsis_gcc.h **** /**
 487:Drivers/CMSIS/Include/cmsis_gcc.h ****   \brief   Set Base Priority
 488:Drivers/CMSIS/Include/cmsis_gcc.h ****   \details Assigns the given value to the Base Priority register.
 489:Drivers/CMSIS/Include/cmsis_gcc.h ****   \param [in]    basePri  Base Priority value to set
 490:Drivers/CMSIS/Include/cmsis_gcc.h ****  */
 491:Drivers/CMSIS/Include/cmsis_gcc.h **** __STATIC_FORCEINLINE void __set_BASEPRI(uint32_t basePri)
 492:Drivers/CMSIS/Include/cmsis_gcc.h **** {
 493:Drivers/CMSIS/Include/cmsis_gcc.h ****   __ASM volatile ("MSR basepri, %0" : : "r" (basePri) : "memory");
 494:Drivers/CMSIS/Include/cmsis_gcc.h **** }
 495:Drivers/CMSIS/Include/cmsis_gcc.h **** 
 496:Drivers/CMSIS/Include/cmsis_gcc.h **** 
 497:Drivers/CMSIS/Include/cmsis_gcc.h **** #if (defined (__ARM_FEATURE_CMSE ) && (__ARM_FEATURE_CMSE == 3))
 498:Drivers/CMSIS/Include/cmsis_gcc.h **** /**
 499:Drivers/CMSIS/Include/cmsis_gcc.h ****   \brief   Set Base Priority (non-secure)
 500:Drivers/CMSIS/Include/cmsis_gcc.h ****   \details Assigns the given value to the non-secure Base Priority register when in secure state.
 501:Drivers/CMSIS/Include/cmsis_gcc.h ****   \param [in]    basePri  Base Priority value to set
 502:Drivers/CMSIS/Include/cmsis_gcc.h ****  */
 503:Drivers/CMSIS/Include/cmsis_gcc.h **** __STATIC_FORCEINLINE void __TZ_set_BASEPRI_NS(uint32_t basePri)
ARM GAS  /tmp/ccKfRIXr.s 			page 33


 504:Drivers/CMSIS/Include/cmsis_gcc.h **** {
 505:Drivers/CMSIS/Include/cmsis_gcc.h ****   __ASM volatile ("MSR basepri_ns, %0" : : "r" (basePri) : "memory");
 506:Drivers/CMSIS/Include/cmsis_gcc.h **** }
 507:Drivers/CMSIS/Include/cmsis_gcc.h **** #endif
 508:Drivers/CMSIS/Include/cmsis_gcc.h **** 
 509:Drivers/CMSIS/Include/cmsis_gcc.h **** 
 510:Drivers/CMSIS/Include/cmsis_gcc.h **** /**
 511:Drivers/CMSIS/Include/cmsis_gcc.h ****   \brief   Set Base Priority with condition
 512:Drivers/CMSIS/Include/cmsis_gcc.h ****   \details Assigns the given value to the Base Priority register only if BASEPRI masking is disable
 513:Drivers/CMSIS/Include/cmsis_gcc.h ****            or the new value increases the BASEPRI priority level.
 514:Drivers/CMSIS/Include/cmsis_gcc.h ****   \param [in]    basePri  Base Priority value to set
 515:Drivers/CMSIS/Include/cmsis_gcc.h ****  */
 516:Drivers/CMSIS/Include/cmsis_gcc.h **** __STATIC_FORCEINLINE void __set_BASEPRI_MAX(uint32_t basePri)
 517:Drivers/CMSIS/Include/cmsis_gcc.h **** {
 518:Drivers/CMSIS/Include/cmsis_gcc.h ****   __ASM volatile ("MSR basepri_max, %0" : : "r" (basePri) : "memory");
 519:Drivers/CMSIS/Include/cmsis_gcc.h **** }
 520:Drivers/CMSIS/Include/cmsis_gcc.h **** 
 521:Drivers/CMSIS/Include/cmsis_gcc.h **** 
 522:Drivers/CMSIS/Include/cmsis_gcc.h **** /**
 523:Drivers/CMSIS/Include/cmsis_gcc.h ****   \brief   Get Fault Mask
 524:Drivers/CMSIS/Include/cmsis_gcc.h ****   \details Returns the current value of the Fault Mask register.
 525:Drivers/CMSIS/Include/cmsis_gcc.h ****   \return               Fault Mask register value
 526:Drivers/CMSIS/Include/cmsis_gcc.h ****  */
 527:Drivers/CMSIS/Include/cmsis_gcc.h **** __STATIC_FORCEINLINE uint32_t __get_FAULTMASK(void)
 528:Drivers/CMSIS/Include/cmsis_gcc.h **** {
 529:Drivers/CMSIS/Include/cmsis_gcc.h ****   uint32_t result;
 530:Drivers/CMSIS/Include/cmsis_gcc.h **** 
 531:Drivers/CMSIS/Include/cmsis_gcc.h ****   __ASM volatile ("MRS %0, faultmask" : "=r" (result) );
 532:Drivers/CMSIS/Include/cmsis_gcc.h ****   return(result);
 533:Drivers/CMSIS/Include/cmsis_gcc.h **** }
 534:Drivers/CMSIS/Include/cmsis_gcc.h **** 
 535:Drivers/CMSIS/Include/cmsis_gcc.h **** 
 536:Drivers/CMSIS/Include/cmsis_gcc.h **** #if (defined (__ARM_FEATURE_CMSE ) && (__ARM_FEATURE_CMSE == 3))
 537:Drivers/CMSIS/Include/cmsis_gcc.h **** /**
 538:Drivers/CMSIS/Include/cmsis_gcc.h ****   \brief   Get Fault Mask (non-secure)
 539:Drivers/CMSIS/Include/cmsis_gcc.h ****   \details Returns the current value of the non-secure Fault Mask register when in secure state.
 540:Drivers/CMSIS/Include/cmsis_gcc.h ****   \return               Fault Mask register value
 541:Drivers/CMSIS/Include/cmsis_gcc.h ****  */
 542:Drivers/CMSIS/Include/cmsis_gcc.h **** __STATIC_FORCEINLINE uint32_t __TZ_get_FAULTMASK_NS(void)
 543:Drivers/CMSIS/Include/cmsis_gcc.h **** {
 544:Drivers/CMSIS/Include/cmsis_gcc.h ****   uint32_t result;
 545:Drivers/CMSIS/Include/cmsis_gcc.h **** 
 546:Drivers/CMSIS/Include/cmsis_gcc.h ****   __ASM volatile ("MRS %0, faultmask_ns" : "=r" (result) );
 547:Drivers/CMSIS/Include/cmsis_gcc.h ****   return(result);
 548:Drivers/CMSIS/Include/cmsis_gcc.h **** }
 549:Drivers/CMSIS/Include/cmsis_gcc.h **** #endif
 550:Drivers/CMSIS/Include/cmsis_gcc.h **** 
 551:Drivers/CMSIS/Include/cmsis_gcc.h **** 
 552:Drivers/CMSIS/Include/cmsis_gcc.h **** /**
 553:Drivers/CMSIS/Include/cmsis_gcc.h ****   \brief   Set Fault Mask
 554:Drivers/CMSIS/Include/cmsis_gcc.h ****   \details Assigns the given value to the Fault Mask register.
 555:Drivers/CMSIS/Include/cmsis_gcc.h ****   \param [in]    faultMask  Fault Mask value to set
 556:Drivers/CMSIS/Include/cmsis_gcc.h ****  */
 557:Drivers/CMSIS/Include/cmsis_gcc.h **** __STATIC_FORCEINLINE void __set_FAULTMASK(uint32_t faultMask)
 558:Drivers/CMSIS/Include/cmsis_gcc.h **** {
 559:Drivers/CMSIS/Include/cmsis_gcc.h ****   __ASM volatile ("MSR faultmask, %0" : : "r" (faultMask) : "memory");
 560:Drivers/CMSIS/Include/cmsis_gcc.h **** }
ARM GAS  /tmp/ccKfRIXr.s 			page 34


 561:Drivers/CMSIS/Include/cmsis_gcc.h **** 
 562:Drivers/CMSIS/Include/cmsis_gcc.h **** 
 563:Drivers/CMSIS/Include/cmsis_gcc.h **** #if (defined (__ARM_FEATURE_CMSE ) && (__ARM_FEATURE_CMSE == 3))
 564:Drivers/CMSIS/Include/cmsis_gcc.h **** /**
 565:Drivers/CMSIS/Include/cmsis_gcc.h ****   \brief   Set Fault Mask (non-secure)
 566:Drivers/CMSIS/Include/cmsis_gcc.h ****   \details Assigns the given value to the non-secure Fault Mask register when in secure state.
 567:Drivers/CMSIS/Include/cmsis_gcc.h ****   \param [in]    faultMask  Fault Mask value to set
 568:Drivers/CMSIS/Include/cmsis_gcc.h ****  */
 569:Drivers/CMSIS/Include/cmsis_gcc.h **** __STATIC_FORCEINLINE void __TZ_set_FAULTMASK_NS(uint32_t faultMask)
 570:Drivers/CMSIS/Include/cmsis_gcc.h **** {
 571:Drivers/CMSIS/Include/cmsis_gcc.h ****   __ASM volatile ("MSR faultmask_ns, %0" : : "r" (faultMask) : "memory");
 572:Drivers/CMSIS/Include/cmsis_gcc.h **** }
 573:Drivers/CMSIS/Include/cmsis_gcc.h **** #endif
 574:Drivers/CMSIS/Include/cmsis_gcc.h **** 
 575:Drivers/CMSIS/Include/cmsis_gcc.h **** #endif /* ((defined (__ARM_ARCH_7M__      ) && (__ARM_ARCH_7M__      == 1)) || \
 576:Drivers/CMSIS/Include/cmsis_gcc.h ****            (defined (__ARM_ARCH_7EM__     ) && (__ARM_ARCH_7EM__     == 1)) || \
 577:Drivers/CMSIS/Include/cmsis_gcc.h ****            (defined (__ARM_ARCH_8M_MAIN__ ) && (__ARM_ARCH_8M_MAIN__ == 1))    ) */
 578:Drivers/CMSIS/Include/cmsis_gcc.h **** 
 579:Drivers/CMSIS/Include/cmsis_gcc.h **** 
 580:Drivers/CMSIS/Include/cmsis_gcc.h **** #if ((defined (__ARM_ARCH_8M_MAIN__ ) && (__ARM_ARCH_8M_MAIN__ == 1)) || \
 581:Drivers/CMSIS/Include/cmsis_gcc.h ****      (defined (__ARM_ARCH_8M_BASE__ ) && (__ARM_ARCH_8M_BASE__ == 1))    )
 582:Drivers/CMSIS/Include/cmsis_gcc.h **** 
 583:Drivers/CMSIS/Include/cmsis_gcc.h **** /**
 584:Drivers/CMSIS/Include/cmsis_gcc.h ****   \brief   Get Process Stack Pointer Limit
 585:Drivers/CMSIS/Include/cmsis_gcc.h ****   Devices without ARMv8-M Main Extensions (i.e. Cortex-M23) lack the non-secure
 586:Drivers/CMSIS/Include/cmsis_gcc.h ****   Stack Pointer Limit register hence zero is returned always in non-secure
 587:Drivers/CMSIS/Include/cmsis_gcc.h ****   mode.
 588:Drivers/CMSIS/Include/cmsis_gcc.h ****   
 589:Drivers/CMSIS/Include/cmsis_gcc.h ****   \details Returns the current value of the Process Stack Pointer Limit (PSPLIM).
 590:Drivers/CMSIS/Include/cmsis_gcc.h ****   \return               PSPLIM Register value
 591:Drivers/CMSIS/Include/cmsis_gcc.h ****  */
 592:Drivers/CMSIS/Include/cmsis_gcc.h **** __STATIC_FORCEINLINE uint32_t __get_PSPLIM(void)
 593:Drivers/CMSIS/Include/cmsis_gcc.h **** {
 594:Drivers/CMSIS/Include/cmsis_gcc.h **** #if (!(defined (__ARM_ARCH_8M_MAIN__ ) && (__ARM_ARCH_8M_MAIN__ == 1)) && \
 595:Drivers/CMSIS/Include/cmsis_gcc.h ****     (!defined (__ARM_FEATURE_CMSE) || (__ARM_FEATURE_CMSE < 3)))
 596:Drivers/CMSIS/Include/cmsis_gcc.h ****     // without main extensions, the non-secure PSPLIM is RAZ/WI
 597:Drivers/CMSIS/Include/cmsis_gcc.h ****   return 0U;
 598:Drivers/CMSIS/Include/cmsis_gcc.h **** #else
 599:Drivers/CMSIS/Include/cmsis_gcc.h ****   uint32_t result;
 600:Drivers/CMSIS/Include/cmsis_gcc.h ****   __ASM volatile ("MRS %0, psplim"  : "=r" (result) );
 601:Drivers/CMSIS/Include/cmsis_gcc.h ****   return result;
 602:Drivers/CMSIS/Include/cmsis_gcc.h **** #endif
 603:Drivers/CMSIS/Include/cmsis_gcc.h **** }
 604:Drivers/CMSIS/Include/cmsis_gcc.h **** 
 605:Drivers/CMSIS/Include/cmsis_gcc.h **** #if (defined (__ARM_FEATURE_CMSE) && (__ARM_FEATURE_CMSE == 3))
 606:Drivers/CMSIS/Include/cmsis_gcc.h **** /**
 607:Drivers/CMSIS/Include/cmsis_gcc.h ****   \brief   Get Process Stack Pointer Limit (non-secure)
 608:Drivers/CMSIS/Include/cmsis_gcc.h ****   Devices without ARMv8-M Main Extensions (i.e. Cortex-M23) lack the non-secure
 609:Drivers/CMSIS/Include/cmsis_gcc.h ****   Stack Pointer Limit register hence zero is returned always.
 610:Drivers/CMSIS/Include/cmsis_gcc.h **** 
 611:Drivers/CMSIS/Include/cmsis_gcc.h ****   \details Returns the current value of the non-secure Process Stack Pointer Limit (PSPLIM) when in
 612:Drivers/CMSIS/Include/cmsis_gcc.h ****   \return               PSPLIM Register value
 613:Drivers/CMSIS/Include/cmsis_gcc.h ****  */
 614:Drivers/CMSIS/Include/cmsis_gcc.h **** __STATIC_FORCEINLINE uint32_t __TZ_get_PSPLIM_NS(void)
 615:Drivers/CMSIS/Include/cmsis_gcc.h **** {
 616:Drivers/CMSIS/Include/cmsis_gcc.h **** #if (!(defined (__ARM_ARCH_8M_MAIN__ ) && (__ARM_ARCH_8M_MAIN__ == 1)))
 617:Drivers/CMSIS/Include/cmsis_gcc.h ****   // without main extensions, the non-secure PSPLIM is RAZ/WI
ARM GAS  /tmp/ccKfRIXr.s 			page 35


 618:Drivers/CMSIS/Include/cmsis_gcc.h ****   return 0U;
 619:Drivers/CMSIS/Include/cmsis_gcc.h **** #else
 620:Drivers/CMSIS/Include/cmsis_gcc.h ****   uint32_t result;
 621:Drivers/CMSIS/Include/cmsis_gcc.h ****   __ASM volatile ("MRS %0, psplim_ns"  : "=r" (result) );
 622:Drivers/CMSIS/Include/cmsis_gcc.h ****   return result;
 623:Drivers/CMSIS/Include/cmsis_gcc.h **** #endif
 624:Drivers/CMSIS/Include/cmsis_gcc.h **** }
 625:Drivers/CMSIS/Include/cmsis_gcc.h **** #endif
 626:Drivers/CMSIS/Include/cmsis_gcc.h **** 
 627:Drivers/CMSIS/Include/cmsis_gcc.h **** 
 628:Drivers/CMSIS/Include/cmsis_gcc.h **** /**
 629:Drivers/CMSIS/Include/cmsis_gcc.h ****   \brief   Set Process Stack Pointer Limit
 630:Drivers/CMSIS/Include/cmsis_gcc.h ****   Devices without ARMv8-M Main Extensions (i.e. Cortex-M23) lack the non-secure
 631:Drivers/CMSIS/Include/cmsis_gcc.h ****   Stack Pointer Limit register hence the write is silently ignored in non-secure
 632:Drivers/CMSIS/Include/cmsis_gcc.h ****   mode.
 633:Drivers/CMSIS/Include/cmsis_gcc.h ****   
 634:Drivers/CMSIS/Include/cmsis_gcc.h ****   \details Assigns the given value to the Process Stack Pointer Limit (PSPLIM).
 635:Drivers/CMSIS/Include/cmsis_gcc.h ****   \param [in]    ProcStackPtrLimit  Process Stack Pointer Limit value to set
 636:Drivers/CMSIS/Include/cmsis_gcc.h ****  */
 637:Drivers/CMSIS/Include/cmsis_gcc.h **** __STATIC_FORCEINLINE void __set_PSPLIM(uint32_t ProcStackPtrLimit)
 638:Drivers/CMSIS/Include/cmsis_gcc.h **** {
 639:Drivers/CMSIS/Include/cmsis_gcc.h **** #if (!(defined (__ARM_ARCH_8M_MAIN__ ) && (__ARM_ARCH_8M_MAIN__ == 1)) && \
 640:Drivers/CMSIS/Include/cmsis_gcc.h ****     (!defined (__ARM_FEATURE_CMSE) || (__ARM_FEATURE_CMSE < 3)))
 641:Drivers/CMSIS/Include/cmsis_gcc.h ****   // without main extensions, the non-secure PSPLIM is RAZ/WI
 642:Drivers/CMSIS/Include/cmsis_gcc.h ****   (void)ProcStackPtrLimit;
 643:Drivers/CMSIS/Include/cmsis_gcc.h **** #else
 644:Drivers/CMSIS/Include/cmsis_gcc.h ****   __ASM volatile ("MSR psplim, %0" : : "r" (ProcStackPtrLimit));
 645:Drivers/CMSIS/Include/cmsis_gcc.h **** #endif
 646:Drivers/CMSIS/Include/cmsis_gcc.h **** }
 647:Drivers/CMSIS/Include/cmsis_gcc.h **** 
 648:Drivers/CMSIS/Include/cmsis_gcc.h **** 
 649:Drivers/CMSIS/Include/cmsis_gcc.h **** #if (defined (__ARM_FEATURE_CMSE  ) && (__ARM_FEATURE_CMSE   == 3))
 650:Drivers/CMSIS/Include/cmsis_gcc.h **** /**
 651:Drivers/CMSIS/Include/cmsis_gcc.h ****   \brief   Set Process Stack Pointer (non-secure)
 652:Drivers/CMSIS/Include/cmsis_gcc.h ****   Devices without ARMv8-M Main Extensions (i.e. Cortex-M23) lack the non-secure
 653:Drivers/CMSIS/Include/cmsis_gcc.h ****   Stack Pointer Limit register hence the write is silently ignored.
 654:Drivers/CMSIS/Include/cmsis_gcc.h **** 
 655:Drivers/CMSIS/Include/cmsis_gcc.h ****   \details Assigns the given value to the non-secure Process Stack Pointer Limit (PSPLIM) when in s
 656:Drivers/CMSIS/Include/cmsis_gcc.h ****   \param [in]    ProcStackPtrLimit  Process Stack Pointer Limit value to set
 657:Drivers/CMSIS/Include/cmsis_gcc.h ****  */
 658:Drivers/CMSIS/Include/cmsis_gcc.h **** __STATIC_FORCEINLINE void __TZ_set_PSPLIM_NS(uint32_t ProcStackPtrLimit)
 659:Drivers/CMSIS/Include/cmsis_gcc.h **** {
 660:Drivers/CMSIS/Include/cmsis_gcc.h **** #if (!(defined (__ARM_ARCH_8M_MAIN__ ) && (__ARM_ARCH_8M_MAIN__ == 1)))
 661:Drivers/CMSIS/Include/cmsis_gcc.h ****   // without main extensions, the non-secure PSPLIM is RAZ/WI
 662:Drivers/CMSIS/Include/cmsis_gcc.h ****   (void)ProcStackPtrLimit;
 663:Drivers/CMSIS/Include/cmsis_gcc.h **** #else
 664:Drivers/CMSIS/Include/cmsis_gcc.h ****   __ASM volatile ("MSR psplim_ns, %0\n" : : "r" (ProcStackPtrLimit));
 665:Drivers/CMSIS/Include/cmsis_gcc.h **** #endif
 666:Drivers/CMSIS/Include/cmsis_gcc.h **** }
 667:Drivers/CMSIS/Include/cmsis_gcc.h **** #endif
 668:Drivers/CMSIS/Include/cmsis_gcc.h **** 
 669:Drivers/CMSIS/Include/cmsis_gcc.h **** 
 670:Drivers/CMSIS/Include/cmsis_gcc.h **** /**
 671:Drivers/CMSIS/Include/cmsis_gcc.h ****   \brief   Get Main Stack Pointer Limit
 672:Drivers/CMSIS/Include/cmsis_gcc.h ****   Devices without ARMv8-M Main Extensions (i.e. Cortex-M23) lack the non-secure
 673:Drivers/CMSIS/Include/cmsis_gcc.h ****   Stack Pointer Limit register hence zero is returned always in non-secure
 674:Drivers/CMSIS/Include/cmsis_gcc.h ****   mode.
ARM GAS  /tmp/ccKfRIXr.s 			page 36


 675:Drivers/CMSIS/Include/cmsis_gcc.h **** 
 676:Drivers/CMSIS/Include/cmsis_gcc.h ****   \details Returns the current value of the Main Stack Pointer Limit (MSPLIM).
 677:Drivers/CMSIS/Include/cmsis_gcc.h ****   \return               MSPLIM Register value
 678:Drivers/CMSIS/Include/cmsis_gcc.h ****  */
 679:Drivers/CMSIS/Include/cmsis_gcc.h **** __STATIC_FORCEINLINE uint32_t __get_MSPLIM(void)
 680:Drivers/CMSIS/Include/cmsis_gcc.h **** {
 681:Drivers/CMSIS/Include/cmsis_gcc.h **** #if (!(defined (__ARM_ARCH_8M_MAIN__ ) && (__ARM_ARCH_8M_MAIN__ == 1)) && \
 682:Drivers/CMSIS/Include/cmsis_gcc.h ****     (!defined (__ARM_FEATURE_CMSE) || (__ARM_FEATURE_CMSE < 3)))
 683:Drivers/CMSIS/Include/cmsis_gcc.h ****   // without main extensions, the non-secure MSPLIM is RAZ/WI
 684:Drivers/CMSIS/Include/cmsis_gcc.h ****   return 0U;
 685:Drivers/CMSIS/Include/cmsis_gcc.h **** #else
 686:Drivers/CMSIS/Include/cmsis_gcc.h ****   uint32_t result;
 687:Drivers/CMSIS/Include/cmsis_gcc.h ****   __ASM volatile ("MRS %0, msplim" : "=r" (result) );
 688:Drivers/CMSIS/Include/cmsis_gcc.h ****   return result;
 689:Drivers/CMSIS/Include/cmsis_gcc.h **** #endif
 690:Drivers/CMSIS/Include/cmsis_gcc.h **** }
 691:Drivers/CMSIS/Include/cmsis_gcc.h **** 
 692:Drivers/CMSIS/Include/cmsis_gcc.h **** 
 693:Drivers/CMSIS/Include/cmsis_gcc.h **** #if (defined (__ARM_FEATURE_CMSE  ) && (__ARM_FEATURE_CMSE   == 3))
 694:Drivers/CMSIS/Include/cmsis_gcc.h **** /**
 695:Drivers/CMSIS/Include/cmsis_gcc.h ****   \brief   Get Main Stack Pointer Limit (non-secure)
 696:Drivers/CMSIS/Include/cmsis_gcc.h ****   Devices without ARMv8-M Main Extensions (i.e. Cortex-M23) lack the non-secure
 697:Drivers/CMSIS/Include/cmsis_gcc.h ****   Stack Pointer Limit register hence zero is returned always.
 698:Drivers/CMSIS/Include/cmsis_gcc.h **** 
 699:Drivers/CMSIS/Include/cmsis_gcc.h ****   \details Returns the current value of the non-secure Main Stack Pointer Limit(MSPLIM) when in sec
 700:Drivers/CMSIS/Include/cmsis_gcc.h ****   \return               MSPLIM Register value
 701:Drivers/CMSIS/Include/cmsis_gcc.h ****  */
 702:Drivers/CMSIS/Include/cmsis_gcc.h **** __STATIC_FORCEINLINE uint32_t __TZ_get_MSPLIM_NS(void)
 703:Drivers/CMSIS/Include/cmsis_gcc.h **** {
 704:Drivers/CMSIS/Include/cmsis_gcc.h **** #if (!(defined (__ARM_ARCH_8M_MAIN__ ) && (__ARM_ARCH_8M_MAIN__ == 1)))
 705:Drivers/CMSIS/Include/cmsis_gcc.h ****   // without main extensions, the non-secure MSPLIM is RAZ/WI
 706:Drivers/CMSIS/Include/cmsis_gcc.h ****   return 0U;
 707:Drivers/CMSIS/Include/cmsis_gcc.h **** #else
 708:Drivers/CMSIS/Include/cmsis_gcc.h ****   uint32_t result;
 709:Drivers/CMSIS/Include/cmsis_gcc.h ****   __ASM volatile ("MRS %0, msplim_ns" : "=r" (result) );
 710:Drivers/CMSIS/Include/cmsis_gcc.h ****   return result;
 711:Drivers/CMSIS/Include/cmsis_gcc.h **** #endif
 712:Drivers/CMSIS/Include/cmsis_gcc.h **** }
 713:Drivers/CMSIS/Include/cmsis_gcc.h **** #endif
 714:Drivers/CMSIS/Include/cmsis_gcc.h **** 
 715:Drivers/CMSIS/Include/cmsis_gcc.h **** 
 716:Drivers/CMSIS/Include/cmsis_gcc.h **** /**
 717:Drivers/CMSIS/Include/cmsis_gcc.h ****   \brief   Set Main Stack Pointer Limit
 718:Drivers/CMSIS/Include/cmsis_gcc.h ****   Devices without ARMv8-M Main Extensions (i.e. Cortex-M23) lack the non-secure
 719:Drivers/CMSIS/Include/cmsis_gcc.h ****   Stack Pointer Limit register hence the write is silently ignored in non-secure
 720:Drivers/CMSIS/Include/cmsis_gcc.h ****   mode.
 721:Drivers/CMSIS/Include/cmsis_gcc.h **** 
 722:Drivers/CMSIS/Include/cmsis_gcc.h ****   \details Assigns the given value to the Main Stack Pointer Limit (MSPLIM).
 723:Drivers/CMSIS/Include/cmsis_gcc.h ****   \param [in]    MainStackPtrLimit  Main Stack Pointer Limit value to set
 724:Drivers/CMSIS/Include/cmsis_gcc.h ****  */
 725:Drivers/CMSIS/Include/cmsis_gcc.h **** __STATIC_FORCEINLINE void __set_MSPLIM(uint32_t MainStackPtrLimit)
 726:Drivers/CMSIS/Include/cmsis_gcc.h **** {
 727:Drivers/CMSIS/Include/cmsis_gcc.h **** #if (!(defined (__ARM_ARCH_8M_MAIN__ ) && (__ARM_ARCH_8M_MAIN__ == 1)) && \
 728:Drivers/CMSIS/Include/cmsis_gcc.h ****     (!defined (__ARM_FEATURE_CMSE) || (__ARM_FEATURE_CMSE < 3)))
 729:Drivers/CMSIS/Include/cmsis_gcc.h ****   // without main extensions, the non-secure MSPLIM is RAZ/WI
 730:Drivers/CMSIS/Include/cmsis_gcc.h ****   (void)MainStackPtrLimit;
 731:Drivers/CMSIS/Include/cmsis_gcc.h **** #else
ARM GAS  /tmp/ccKfRIXr.s 			page 37


 732:Drivers/CMSIS/Include/cmsis_gcc.h ****   __ASM volatile ("MSR msplim, %0" : : "r" (MainStackPtrLimit));
 733:Drivers/CMSIS/Include/cmsis_gcc.h **** #endif
 734:Drivers/CMSIS/Include/cmsis_gcc.h **** }
 735:Drivers/CMSIS/Include/cmsis_gcc.h **** 
 736:Drivers/CMSIS/Include/cmsis_gcc.h **** 
 737:Drivers/CMSIS/Include/cmsis_gcc.h **** #if (defined (__ARM_FEATURE_CMSE  ) && (__ARM_FEATURE_CMSE   == 3))
 738:Drivers/CMSIS/Include/cmsis_gcc.h **** /**
 739:Drivers/CMSIS/Include/cmsis_gcc.h ****   \brief   Set Main Stack Pointer Limit (non-secure)
 740:Drivers/CMSIS/Include/cmsis_gcc.h ****   Devices without ARMv8-M Main Extensions (i.e. Cortex-M23) lack the non-secure
 741:Drivers/CMSIS/Include/cmsis_gcc.h ****   Stack Pointer Limit register hence the write is silently ignored.
 742:Drivers/CMSIS/Include/cmsis_gcc.h **** 
 743:Drivers/CMSIS/Include/cmsis_gcc.h ****   \details Assigns the given value to the non-secure Main Stack Pointer Limit (MSPLIM) when in secu
 744:Drivers/CMSIS/Include/cmsis_gcc.h ****   \param [in]    MainStackPtrLimit  Main Stack Pointer value to set
 745:Drivers/CMSIS/Include/cmsis_gcc.h ****  */
 746:Drivers/CMSIS/Include/cmsis_gcc.h **** __STATIC_FORCEINLINE void __TZ_set_MSPLIM_NS(uint32_t MainStackPtrLimit)
 747:Drivers/CMSIS/Include/cmsis_gcc.h **** {
 748:Drivers/CMSIS/Include/cmsis_gcc.h **** #if (!(defined (__ARM_ARCH_8M_MAIN__ ) && (__ARM_ARCH_8M_MAIN__ == 1)))
 749:Drivers/CMSIS/Include/cmsis_gcc.h ****   // without main extensions, the non-secure MSPLIM is RAZ/WI
 750:Drivers/CMSIS/Include/cmsis_gcc.h ****   (void)MainStackPtrLimit;
 751:Drivers/CMSIS/Include/cmsis_gcc.h **** #else
 752:Drivers/CMSIS/Include/cmsis_gcc.h ****   __ASM volatile ("MSR msplim_ns, %0" : : "r" (MainStackPtrLimit));
 753:Drivers/CMSIS/Include/cmsis_gcc.h **** #endif
 754:Drivers/CMSIS/Include/cmsis_gcc.h **** }
 755:Drivers/CMSIS/Include/cmsis_gcc.h **** #endif
 756:Drivers/CMSIS/Include/cmsis_gcc.h **** 
 757:Drivers/CMSIS/Include/cmsis_gcc.h **** #endif /* ((defined (__ARM_ARCH_8M_MAIN__ ) && (__ARM_ARCH_8M_MAIN__ == 1)) || \
 758:Drivers/CMSIS/Include/cmsis_gcc.h ****            (defined (__ARM_ARCH_8M_BASE__ ) && (__ARM_ARCH_8M_BASE__ == 1))    ) */
 759:Drivers/CMSIS/Include/cmsis_gcc.h **** 
 760:Drivers/CMSIS/Include/cmsis_gcc.h **** 
 761:Drivers/CMSIS/Include/cmsis_gcc.h **** /**
 762:Drivers/CMSIS/Include/cmsis_gcc.h ****   \brief   Get FPSCR
 763:Drivers/CMSIS/Include/cmsis_gcc.h ****   \details Returns the current value of the Floating Point Status/Control register.
 764:Drivers/CMSIS/Include/cmsis_gcc.h ****   \return               Floating Point Status/Control register value
 765:Drivers/CMSIS/Include/cmsis_gcc.h ****  */
 766:Drivers/CMSIS/Include/cmsis_gcc.h **** __STATIC_FORCEINLINE uint32_t __get_FPSCR(void)
 767:Drivers/CMSIS/Include/cmsis_gcc.h **** {
 768:Drivers/CMSIS/Include/cmsis_gcc.h **** #if ((defined (__FPU_PRESENT) && (__FPU_PRESENT == 1U)) && \
 769:Drivers/CMSIS/Include/cmsis_gcc.h ****      (defined (__FPU_USED   ) && (__FPU_USED    == 1U))     )
 770:Drivers/CMSIS/Include/cmsis_gcc.h **** #if __has_builtin(__builtin_arm_get_fpscr) 
 771:Drivers/CMSIS/Include/cmsis_gcc.h **** // Re-enable using built-in when GCC has been fixed
 772:Drivers/CMSIS/Include/cmsis_gcc.h **** // || (__GNUC__ > 7) || (__GNUC__ == 7 && __GNUC_MINOR__ >= 2)
 773:Drivers/CMSIS/Include/cmsis_gcc.h ****   /* see https://gcc.gnu.org/ml/gcc-patches/2017-04/msg00443.html */
 774:Drivers/CMSIS/Include/cmsis_gcc.h ****   return __builtin_arm_get_fpscr();
 775:Drivers/CMSIS/Include/cmsis_gcc.h **** #else
 776:Drivers/CMSIS/Include/cmsis_gcc.h ****   uint32_t result;
 777:Drivers/CMSIS/Include/cmsis_gcc.h **** 
 778:Drivers/CMSIS/Include/cmsis_gcc.h ****   __ASM volatile ("VMRS %0, fpscr" : "=r" (result) );
 779:Drivers/CMSIS/Include/cmsis_gcc.h ****   return(result);
 780:Drivers/CMSIS/Include/cmsis_gcc.h **** #endif
 781:Drivers/CMSIS/Include/cmsis_gcc.h **** #else
 782:Drivers/CMSIS/Include/cmsis_gcc.h ****   return(0U);
 783:Drivers/CMSIS/Include/cmsis_gcc.h **** #endif
 784:Drivers/CMSIS/Include/cmsis_gcc.h **** }
 785:Drivers/CMSIS/Include/cmsis_gcc.h **** 
 786:Drivers/CMSIS/Include/cmsis_gcc.h **** 
 787:Drivers/CMSIS/Include/cmsis_gcc.h **** /**
 788:Drivers/CMSIS/Include/cmsis_gcc.h ****   \brief   Set FPSCR
ARM GAS  /tmp/ccKfRIXr.s 			page 38


 789:Drivers/CMSIS/Include/cmsis_gcc.h ****   \details Assigns the given value to the Floating Point Status/Control register.
 790:Drivers/CMSIS/Include/cmsis_gcc.h ****   \param [in]    fpscr  Floating Point Status/Control value to set
 791:Drivers/CMSIS/Include/cmsis_gcc.h ****  */
 792:Drivers/CMSIS/Include/cmsis_gcc.h **** __STATIC_FORCEINLINE void __set_FPSCR(uint32_t fpscr)
 793:Drivers/CMSIS/Include/cmsis_gcc.h **** {
 794:Drivers/CMSIS/Include/cmsis_gcc.h **** #if ((defined (__FPU_PRESENT) && (__FPU_PRESENT == 1U)) && \
 795:Drivers/CMSIS/Include/cmsis_gcc.h ****      (defined (__FPU_USED   ) && (__FPU_USED    == 1U))     )
 796:Drivers/CMSIS/Include/cmsis_gcc.h **** #if __has_builtin(__builtin_arm_set_fpscr)
 797:Drivers/CMSIS/Include/cmsis_gcc.h **** // Re-enable using built-in when GCC has been fixed
 798:Drivers/CMSIS/Include/cmsis_gcc.h **** // || (__GNUC__ > 7) || (__GNUC__ == 7 && __GNUC_MINOR__ >= 2)
 799:Drivers/CMSIS/Include/cmsis_gcc.h ****   /* see https://gcc.gnu.org/ml/gcc-patches/2017-04/msg00443.html */
 800:Drivers/CMSIS/Include/cmsis_gcc.h ****   __builtin_arm_set_fpscr(fpscr);
 801:Drivers/CMSIS/Include/cmsis_gcc.h **** #else
 802:Drivers/CMSIS/Include/cmsis_gcc.h ****   __ASM volatile ("VMSR fpscr, %0" : : "r" (fpscr) : "vfpcc", "memory");
 803:Drivers/CMSIS/Include/cmsis_gcc.h **** #endif
 804:Drivers/CMSIS/Include/cmsis_gcc.h **** #else
 805:Drivers/CMSIS/Include/cmsis_gcc.h ****   (void)fpscr;
 806:Drivers/CMSIS/Include/cmsis_gcc.h **** #endif
 807:Drivers/CMSIS/Include/cmsis_gcc.h **** }
 808:Drivers/CMSIS/Include/cmsis_gcc.h **** 
 809:Drivers/CMSIS/Include/cmsis_gcc.h **** 
 810:Drivers/CMSIS/Include/cmsis_gcc.h **** /*@} end of CMSIS_Core_RegAccFunctions */
 811:Drivers/CMSIS/Include/cmsis_gcc.h **** 
 812:Drivers/CMSIS/Include/cmsis_gcc.h **** 
 813:Drivers/CMSIS/Include/cmsis_gcc.h **** /* ##########################  Core Instruction Access  ######################### */
 814:Drivers/CMSIS/Include/cmsis_gcc.h **** /** \defgroup CMSIS_Core_InstructionInterface CMSIS Core Instruction Interface
 815:Drivers/CMSIS/Include/cmsis_gcc.h ****   Access to dedicated instructions
 816:Drivers/CMSIS/Include/cmsis_gcc.h ****   @{
 817:Drivers/CMSIS/Include/cmsis_gcc.h **** */
 818:Drivers/CMSIS/Include/cmsis_gcc.h **** 
 819:Drivers/CMSIS/Include/cmsis_gcc.h **** /* Define macros for porting to both thumb1 and thumb2.
 820:Drivers/CMSIS/Include/cmsis_gcc.h ****  * For thumb1, use low register (r0-r7), specified by constraint "l"
 821:Drivers/CMSIS/Include/cmsis_gcc.h ****  * Otherwise, use general registers, specified by constraint "r" */
 822:Drivers/CMSIS/Include/cmsis_gcc.h **** #if defined (__thumb__) && !defined (__thumb2__)
 823:Drivers/CMSIS/Include/cmsis_gcc.h **** #define __CMSIS_GCC_OUT_REG(r) "=l" (r)
 824:Drivers/CMSIS/Include/cmsis_gcc.h **** #define __CMSIS_GCC_RW_REG(r) "+l" (r)
 825:Drivers/CMSIS/Include/cmsis_gcc.h **** #define __CMSIS_GCC_USE_REG(r) "l" (r)
 826:Drivers/CMSIS/Include/cmsis_gcc.h **** #else
 827:Drivers/CMSIS/Include/cmsis_gcc.h **** #define __CMSIS_GCC_OUT_REG(r) "=r" (r)
 828:Drivers/CMSIS/Include/cmsis_gcc.h **** #define __CMSIS_GCC_RW_REG(r) "+r" (r)
 829:Drivers/CMSIS/Include/cmsis_gcc.h **** #define __CMSIS_GCC_USE_REG(r) "r" (r)
 830:Drivers/CMSIS/Include/cmsis_gcc.h **** #endif
 831:Drivers/CMSIS/Include/cmsis_gcc.h **** 
 832:Drivers/CMSIS/Include/cmsis_gcc.h **** /**
 833:Drivers/CMSIS/Include/cmsis_gcc.h ****   \brief   No Operation
 834:Drivers/CMSIS/Include/cmsis_gcc.h ****   \details No Operation does nothing. This instruction can be used for code alignment purposes.
 835:Drivers/CMSIS/Include/cmsis_gcc.h ****  */
 836:Drivers/CMSIS/Include/cmsis_gcc.h **** #define __NOP()                             __ASM volatile ("nop")
 837:Drivers/CMSIS/Include/cmsis_gcc.h **** 
 838:Drivers/CMSIS/Include/cmsis_gcc.h **** /**
 839:Drivers/CMSIS/Include/cmsis_gcc.h ****   \brief   Wait For Interrupt
 840:Drivers/CMSIS/Include/cmsis_gcc.h ****   \details Wait For Interrupt is a hint instruction that suspends execution until one of a number o
 841:Drivers/CMSIS/Include/cmsis_gcc.h ****  */
 842:Drivers/CMSIS/Include/cmsis_gcc.h **** #define __WFI()                             __ASM volatile ("wfi")
 843:Drivers/CMSIS/Include/cmsis_gcc.h **** 
 844:Drivers/CMSIS/Include/cmsis_gcc.h **** 
 845:Drivers/CMSIS/Include/cmsis_gcc.h **** /**
ARM GAS  /tmp/ccKfRIXr.s 			page 39


 846:Drivers/CMSIS/Include/cmsis_gcc.h ****   \brief   Wait For Event
 847:Drivers/CMSIS/Include/cmsis_gcc.h ****   \details Wait For Event is a hint instruction that permits the processor to enter
 848:Drivers/CMSIS/Include/cmsis_gcc.h ****            a low-power state until one of a number of events occurs.
 849:Drivers/CMSIS/Include/cmsis_gcc.h ****  */
 850:Drivers/CMSIS/Include/cmsis_gcc.h **** #define __WFE()                             __ASM volatile ("wfe")
 851:Drivers/CMSIS/Include/cmsis_gcc.h **** 
 852:Drivers/CMSIS/Include/cmsis_gcc.h **** 
 853:Drivers/CMSIS/Include/cmsis_gcc.h **** /**
 854:Drivers/CMSIS/Include/cmsis_gcc.h ****   \brief   Send Event
 855:Drivers/CMSIS/Include/cmsis_gcc.h ****   \details Send Event is a hint instruction. It causes an event to be signaled to the CPU.
 856:Drivers/CMSIS/Include/cmsis_gcc.h ****  */
 857:Drivers/CMSIS/Include/cmsis_gcc.h **** #define __SEV()                             __ASM volatile ("sev")
 858:Drivers/CMSIS/Include/cmsis_gcc.h **** 
 859:Drivers/CMSIS/Include/cmsis_gcc.h **** 
 860:Drivers/CMSIS/Include/cmsis_gcc.h **** /**
 861:Drivers/CMSIS/Include/cmsis_gcc.h ****   \brief   Instruction Synchronization Barrier
 862:Drivers/CMSIS/Include/cmsis_gcc.h ****   \details Instruction Synchronization Barrier flushes the pipeline in the processor,
 863:Drivers/CMSIS/Include/cmsis_gcc.h ****            so that all instructions following the ISB are fetched from cache or memory,
 864:Drivers/CMSIS/Include/cmsis_gcc.h ****            after the instruction has been completed.
 865:Drivers/CMSIS/Include/cmsis_gcc.h ****  */
 866:Drivers/CMSIS/Include/cmsis_gcc.h **** __STATIC_FORCEINLINE void __ISB(void)
 867:Drivers/CMSIS/Include/cmsis_gcc.h **** {
 868:Drivers/CMSIS/Include/cmsis_gcc.h ****   __ASM volatile ("isb 0xF":::"memory");
 869:Drivers/CMSIS/Include/cmsis_gcc.h **** }
 870:Drivers/CMSIS/Include/cmsis_gcc.h **** 
 871:Drivers/CMSIS/Include/cmsis_gcc.h **** 
 872:Drivers/CMSIS/Include/cmsis_gcc.h **** /**
 873:Drivers/CMSIS/Include/cmsis_gcc.h ****   \brief   Data Synchronization Barrier
 874:Drivers/CMSIS/Include/cmsis_gcc.h ****   \details Acts as a special kind of Data Memory Barrier.
 875:Drivers/CMSIS/Include/cmsis_gcc.h ****            It completes when all explicit memory accesses before this instruction complete.
 876:Drivers/CMSIS/Include/cmsis_gcc.h ****  */
 877:Drivers/CMSIS/Include/cmsis_gcc.h **** __STATIC_FORCEINLINE void __DSB(void)
 878:Drivers/CMSIS/Include/cmsis_gcc.h **** {
 879:Drivers/CMSIS/Include/cmsis_gcc.h ****   __ASM volatile ("dsb 0xF":::"memory");
 880:Drivers/CMSIS/Include/cmsis_gcc.h **** }
 881:Drivers/CMSIS/Include/cmsis_gcc.h **** 
 882:Drivers/CMSIS/Include/cmsis_gcc.h **** 
 883:Drivers/CMSIS/Include/cmsis_gcc.h **** /**
 884:Drivers/CMSIS/Include/cmsis_gcc.h ****   \brief   Data Memory Barrier
 885:Drivers/CMSIS/Include/cmsis_gcc.h ****   \details Ensures the apparent order of the explicit memory operations before
 886:Drivers/CMSIS/Include/cmsis_gcc.h ****            and after the instruction, without ensuring their completion.
 887:Drivers/CMSIS/Include/cmsis_gcc.h ****  */
 888:Drivers/CMSIS/Include/cmsis_gcc.h **** __STATIC_FORCEINLINE void __DMB(void)
 889:Drivers/CMSIS/Include/cmsis_gcc.h **** {
 890:Drivers/CMSIS/Include/cmsis_gcc.h ****   __ASM volatile ("dmb 0xF":::"memory");
 891:Drivers/CMSIS/Include/cmsis_gcc.h **** }
 892:Drivers/CMSIS/Include/cmsis_gcc.h **** 
 893:Drivers/CMSIS/Include/cmsis_gcc.h **** 
 894:Drivers/CMSIS/Include/cmsis_gcc.h **** /**
 895:Drivers/CMSIS/Include/cmsis_gcc.h ****   \brief   Reverse byte order (32 bit)
 896:Drivers/CMSIS/Include/cmsis_gcc.h ****   \details Reverses the byte order in unsigned integer value. For example, 0x12345678 becomes 0x785
 897:Drivers/CMSIS/Include/cmsis_gcc.h ****   \param [in]    value  Value to reverse
 898:Drivers/CMSIS/Include/cmsis_gcc.h ****   \return               Reversed value
 899:Drivers/CMSIS/Include/cmsis_gcc.h ****  */
 900:Drivers/CMSIS/Include/cmsis_gcc.h **** __STATIC_FORCEINLINE uint32_t __REV(uint32_t value)
 901:Drivers/CMSIS/Include/cmsis_gcc.h **** {
 902:Drivers/CMSIS/Include/cmsis_gcc.h **** #if (__GNUC__ > 4) || (__GNUC__ == 4 && __GNUC_MINOR__ >= 5)
ARM GAS  /tmp/ccKfRIXr.s 			page 40


 903:Drivers/CMSIS/Include/cmsis_gcc.h ****   return __builtin_bswap32(value);
 904:Drivers/CMSIS/Include/cmsis_gcc.h **** #else
 905:Drivers/CMSIS/Include/cmsis_gcc.h ****   uint32_t result;
 906:Drivers/CMSIS/Include/cmsis_gcc.h **** 
 907:Drivers/CMSIS/Include/cmsis_gcc.h ****   __ASM volatile ("rev %0, %1" : __CMSIS_GCC_OUT_REG (result) : __CMSIS_GCC_USE_REG (value) );
 908:Drivers/CMSIS/Include/cmsis_gcc.h ****   return result;
 909:Drivers/CMSIS/Include/cmsis_gcc.h **** #endif
 910:Drivers/CMSIS/Include/cmsis_gcc.h **** }
 911:Drivers/CMSIS/Include/cmsis_gcc.h **** 
 912:Drivers/CMSIS/Include/cmsis_gcc.h **** 
 913:Drivers/CMSIS/Include/cmsis_gcc.h **** /**
 914:Drivers/CMSIS/Include/cmsis_gcc.h ****   \brief   Reverse byte order (16 bit)
 915:Drivers/CMSIS/Include/cmsis_gcc.h ****   \details Reverses the byte order within each halfword of a word. For example, 0x12345678 becomes 
 916:Drivers/CMSIS/Include/cmsis_gcc.h ****   \param [in]    value  Value to reverse
 917:Drivers/CMSIS/Include/cmsis_gcc.h ****   \return               Reversed value
 918:Drivers/CMSIS/Include/cmsis_gcc.h ****  */
 919:Drivers/CMSIS/Include/cmsis_gcc.h **** __STATIC_FORCEINLINE uint32_t __REV16(uint32_t value)
 920:Drivers/CMSIS/Include/cmsis_gcc.h **** {
 921:Drivers/CMSIS/Include/cmsis_gcc.h ****   uint32_t result;
 922:Drivers/CMSIS/Include/cmsis_gcc.h **** 
 923:Drivers/CMSIS/Include/cmsis_gcc.h ****   __ASM volatile ("rev16 %0, %1" : __CMSIS_GCC_OUT_REG (result) : __CMSIS_GCC_USE_REG (value) );
 924:Drivers/CMSIS/Include/cmsis_gcc.h ****   return result;
 925:Drivers/CMSIS/Include/cmsis_gcc.h **** }
 926:Drivers/CMSIS/Include/cmsis_gcc.h **** 
 927:Drivers/CMSIS/Include/cmsis_gcc.h **** 
 928:Drivers/CMSIS/Include/cmsis_gcc.h **** /**
 929:Drivers/CMSIS/Include/cmsis_gcc.h ****   \brief   Reverse byte order (16 bit)
 930:Drivers/CMSIS/Include/cmsis_gcc.h ****   \details Reverses the byte order in a 16-bit value and returns the signed 16-bit result. For exam
 931:Drivers/CMSIS/Include/cmsis_gcc.h ****   \param [in]    value  Value to reverse
 932:Drivers/CMSIS/Include/cmsis_gcc.h ****   \return               Reversed value
 933:Drivers/CMSIS/Include/cmsis_gcc.h ****  */
 934:Drivers/CMSIS/Include/cmsis_gcc.h **** __STATIC_FORCEINLINE int16_t __REVSH(int16_t value)
 935:Drivers/CMSIS/Include/cmsis_gcc.h **** {
 936:Drivers/CMSIS/Include/cmsis_gcc.h **** #if (__GNUC__ > 4) || (__GNUC__ == 4 && __GNUC_MINOR__ >= 8)
 937:Drivers/CMSIS/Include/cmsis_gcc.h ****   return (int16_t)__builtin_bswap16(value);
 938:Drivers/CMSIS/Include/cmsis_gcc.h **** #else
 939:Drivers/CMSIS/Include/cmsis_gcc.h ****   int16_t result;
 940:Drivers/CMSIS/Include/cmsis_gcc.h **** 
 941:Drivers/CMSIS/Include/cmsis_gcc.h ****   __ASM volatile ("revsh %0, %1" : __CMSIS_GCC_OUT_REG (result) : __CMSIS_GCC_USE_REG (value) );
 942:Drivers/CMSIS/Include/cmsis_gcc.h ****   return result;
 943:Drivers/CMSIS/Include/cmsis_gcc.h **** #endif
 944:Drivers/CMSIS/Include/cmsis_gcc.h **** }
 945:Drivers/CMSIS/Include/cmsis_gcc.h **** 
 946:Drivers/CMSIS/Include/cmsis_gcc.h **** 
 947:Drivers/CMSIS/Include/cmsis_gcc.h **** /**
 948:Drivers/CMSIS/Include/cmsis_gcc.h ****   \brief   Rotate Right in unsigned value (32 bit)
 949:Drivers/CMSIS/Include/cmsis_gcc.h ****   \details Rotate Right (immediate) provides the value of the contents of a register rotated by a v
 950:Drivers/CMSIS/Include/cmsis_gcc.h ****   \param [in]    op1  Value to rotate
 951:Drivers/CMSIS/Include/cmsis_gcc.h ****   \param [in]    op2  Number of Bits to rotate
 952:Drivers/CMSIS/Include/cmsis_gcc.h ****   \return               Rotated value
 953:Drivers/CMSIS/Include/cmsis_gcc.h ****  */
 954:Drivers/CMSIS/Include/cmsis_gcc.h **** __STATIC_FORCEINLINE uint32_t __ROR(uint32_t op1, uint32_t op2)
 955:Drivers/CMSIS/Include/cmsis_gcc.h **** {
 956:Drivers/CMSIS/Include/cmsis_gcc.h ****   op2 %= 32U;
 957:Drivers/CMSIS/Include/cmsis_gcc.h ****   if (op2 == 0U)
 958:Drivers/CMSIS/Include/cmsis_gcc.h ****   {
 959:Drivers/CMSIS/Include/cmsis_gcc.h ****     return op1;
ARM GAS  /tmp/ccKfRIXr.s 			page 41


 960:Drivers/CMSIS/Include/cmsis_gcc.h ****   }
 961:Drivers/CMSIS/Include/cmsis_gcc.h ****   return (op1 >> op2) | (op1 << (32U - op2));
 962:Drivers/CMSIS/Include/cmsis_gcc.h **** }
 963:Drivers/CMSIS/Include/cmsis_gcc.h **** 
 964:Drivers/CMSIS/Include/cmsis_gcc.h **** 
 965:Drivers/CMSIS/Include/cmsis_gcc.h **** /**
 966:Drivers/CMSIS/Include/cmsis_gcc.h ****   \brief   Breakpoint
 967:Drivers/CMSIS/Include/cmsis_gcc.h ****   \details Causes the processor to enter Debug state.
 968:Drivers/CMSIS/Include/cmsis_gcc.h ****            Debug tools can use this to investigate system state when the instruction at a particula
 969:Drivers/CMSIS/Include/cmsis_gcc.h ****   \param [in]    value  is ignored by the processor.
 970:Drivers/CMSIS/Include/cmsis_gcc.h ****                  If required, a debugger can use it to store additional information about the break
 971:Drivers/CMSIS/Include/cmsis_gcc.h ****  */
 972:Drivers/CMSIS/Include/cmsis_gcc.h **** #define __BKPT(value)                       __ASM volatile ("bkpt "#value)
 973:Drivers/CMSIS/Include/cmsis_gcc.h **** 
 974:Drivers/CMSIS/Include/cmsis_gcc.h **** 
 975:Drivers/CMSIS/Include/cmsis_gcc.h **** /**
 976:Drivers/CMSIS/Include/cmsis_gcc.h ****   \brief   Reverse bit order of value
 977:Drivers/CMSIS/Include/cmsis_gcc.h ****   \details Reverses the bit order of the given value.
 978:Drivers/CMSIS/Include/cmsis_gcc.h ****   \param [in]    value  Value to reverse
 979:Drivers/CMSIS/Include/cmsis_gcc.h ****   \return               Reversed value
 980:Drivers/CMSIS/Include/cmsis_gcc.h ****  */
 981:Drivers/CMSIS/Include/cmsis_gcc.h **** __STATIC_FORCEINLINE uint32_t __RBIT(uint32_t value)
 804              		.loc 2 981 31 view .LVU139
 805              	.LBB7:
 982:Drivers/CMSIS/Include/cmsis_gcc.h **** {
 983:Drivers/CMSIS/Include/cmsis_gcc.h ****   uint32_t result;
 806              		.loc 2 983 3 view .LVU140
 984:Drivers/CMSIS/Include/cmsis_gcc.h **** 
 985:Drivers/CMSIS/Include/cmsis_gcc.h **** #if ((defined (__ARM_ARCH_7M__      ) && (__ARM_ARCH_7M__      == 1)) || \
 986:Drivers/CMSIS/Include/cmsis_gcc.h ****      (defined (__ARM_ARCH_7EM__     ) && (__ARM_ARCH_7EM__     == 1)) || \
 987:Drivers/CMSIS/Include/cmsis_gcc.h ****      (defined (__ARM_ARCH_8M_MAIN__ ) && (__ARM_ARCH_8M_MAIN__ == 1))    )
 988:Drivers/CMSIS/Include/cmsis_gcc.h ****    __ASM volatile ("rbit %0, %1" : "=r" (result) : "r" (value) );
 807              		.loc 2 988 4 view .LVU141
 808 0000 0121     		movs	r1, #1
 809              		.syntax unified
 810              	@ 988 "Drivers/CMSIS/Include/cmsis_gcc.h" 1
 811 0002 91FAA1F2 		rbit r2, r1
 812              	@ 0 "" 2
 813              	.LVL22:
 989:Drivers/CMSIS/Include/cmsis_gcc.h **** #else
 990:Drivers/CMSIS/Include/cmsis_gcc.h ****   uint32_t s = (4U /*sizeof(v)*/ * 8U) - 1U; /* extra shift needed at end */
 991:Drivers/CMSIS/Include/cmsis_gcc.h **** 
 992:Drivers/CMSIS/Include/cmsis_gcc.h ****   result = value;                      /* r will be reversed bits of v; first get LSB of v */
 993:Drivers/CMSIS/Include/cmsis_gcc.h ****   for (value >>= 1U; value != 0U; value >>= 1U)
 994:Drivers/CMSIS/Include/cmsis_gcc.h ****   {
 995:Drivers/CMSIS/Include/cmsis_gcc.h ****     result <<= 1U;
 996:Drivers/CMSIS/Include/cmsis_gcc.h ****     result |= value & 1U;
 997:Drivers/CMSIS/Include/cmsis_gcc.h ****     s--;
 998:Drivers/CMSIS/Include/cmsis_gcc.h ****   }
 999:Drivers/CMSIS/Include/cmsis_gcc.h ****   result <<= s;                        /* shift when v's highest bits are zero */
1000:Drivers/CMSIS/Include/cmsis_gcc.h **** #endif
1001:Drivers/CMSIS/Include/cmsis_gcc.h ****   return result;
 814              		.loc 2 1001 3 view .LVU142
 815              		.loc 2 1001 3 is_stmt 0 view .LVU143
 816              		.thumb
 817              		.syntax unified
 818              	.LBE7:
ARM GAS  /tmp/ccKfRIXr.s 			page 42


 819              	.LBE6:
 820              		.loc 1 521 21 discriminator 2 view .LVU144
 821 0006 B2FA82F2 		clz	r2, r2
 822 000a 024B     		ldr	r3, .L74
 823 000c 1344     		add	r3, r3, r2
 824 000e 9B00     		lsls	r3, r3, #2
 825              		.loc 1 521 37 discriminator 2 view .LVU145
 826 0010 1960     		str	r1, [r3]
 522:Drivers/STM32F2xx_HAL_Driver/Src/stm32f2xx_hal.c **** }
 827              		.loc 1 522 1 view .LVU146
 828 0012 7047     		bx	lr
 829              	.L75:
 830              		.align	2
 831              	.L74:
 832 0014 00C18910 		.word	277463296
 833              		.cfi_endproc
 834              	.LFE94:
 836              		.section	.text.HAL_DisableCompensationCell,"ax",%progbits
 837              		.align	1
 838              		.global	HAL_DisableCompensationCell
 839              		.syntax unified
 840              		.thumb
 841              		.thumb_func
 843              	HAL_DisableCompensationCell:
 844              	.LFB95:
 523:Drivers/STM32F2xx_HAL_Driver/Src/stm32f2xx_hal.c **** 
 524:Drivers/STM32F2xx_HAL_Driver/Src/stm32f2xx_hal.c **** /**
 525:Drivers/STM32F2xx_HAL_Driver/Src/stm32f2xx_hal.c ****   * @brief  Power-down the I/O Compensation Cell.
 526:Drivers/STM32F2xx_HAL_Driver/Src/stm32f2xx_hal.c ****   * @note   The I/O compensation cell can be used only when the device supply
 527:Drivers/STM32F2xx_HAL_Driver/Src/stm32f2xx_hal.c ****   *         voltage ranges from 2.4 to 3.6 V.  
 528:Drivers/STM32F2xx_HAL_Driver/Src/stm32f2xx_hal.c ****   * @retval None
 529:Drivers/STM32F2xx_HAL_Driver/Src/stm32f2xx_hal.c ****   */
 530:Drivers/STM32F2xx_HAL_Driver/Src/stm32f2xx_hal.c **** void HAL_DisableCompensationCell(void)
 531:Drivers/STM32F2xx_HAL_Driver/Src/stm32f2xx_hal.c **** {
 845              		.loc 1 531 1 is_stmt 1 view -0
 846              		.cfi_startproc
 847              		@ args = 0, pretend = 0, frame = 0
 848              		@ frame_needed = 0, uses_anonymous_args = 0
 849              		@ link register save eliminated.
 532:Drivers/STM32F2xx_HAL_Driver/Src/stm32f2xx_hal.c ****   *(__IO uint32_t *)CMPCR_CMP_PD_BB = (uint32_t)DISABLE;
 850              		.loc 1 532 3 view .LVU148
 851              	.LVL23:
 852              	.LBB8:
 853              	.LBI8:
 981:Drivers/CMSIS/Include/cmsis_gcc.h **** {
 854              		.loc 2 981 31 view .LVU149
 855              	.LBB9:
 983:Drivers/CMSIS/Include/cmsis_gcc.h **** 
 856              		.loc 2 983 3 view .LVU150
 988:Drivers/CMSIS/Include/cmsis_gcc.h **** #else
 857              		.loc 2 988 4 view .LVU151
 858 0000 0122     		movs	r2, #1
 859              		.syntax unified
 860              	@ 988 "Drivers/CMSIS/Include/cmsis_gcc.h" 1
 861 0002 92FAA2F2 		rbit r2, r2
 862              	@ 0 "" 2
 863              	.LVL24:
ARM GAS  /tmp/ccKfRIXr.s 			page 43


 864              		.loc 2 1001 3 view .LVU152
 865              		.loc 2 1001 3 is_stmt 0 view .LVU153
 866              		.thumb
 867              		.syntax unified
 868              	.LBE9:
 869              	.LBE8:
 870              		.loc 1 532 21 discriminator 2 view .LVU154
 871 0006 B2FA82F2 		clz	r2, r2
 872 000a 034B     		ldr	r3, .L77
 873 000c 1344     		add	r3, r3, r2
 874 000e 9B00     		lsls	r3, r3, #2
 875              		.loc 1 532 37 discriminator 2 view .LVU155
 876 0010 0022     		movs	r2, #0
 877 0012 1A60     		str	r2, [r3]
 533:Drivers/STM32F2xx_HAL_Driver/Src/stm32f2xx_hal.c **** }
 878              		.loc 1 533 1 view .LVU156
 879 0014 7047     		bx	lr
 880              	.L78:
 881 0016 00BF     		.align	2
 882              	.L77:
 883 0018 00C18910 		.word	277463296
 884              		.cfi_endproc
 885              	.LFE95:
 887              		.section	.text.HAL_GetUIDw0,"ax",%progbits
 888              		.align	1
 889              		.global	HAL_GetUIDw0
 890              		.syntax unified
 891              		.thumb
 892              		.thumb_func
 894              	HAL_GetUIDw0:
 895              	.LFB96:
 534:Drivers/STM32F2xx_HAL_Driver/Src/stm32f2xx_hal.c **** 
 535:Drivers/STM32F2xx_HAL_Driver/Src/stm32f2xx_hal.c **** /**
 536:Drivers/STM32F2xx_HAL_Driver/Src/stm32f2xx_hal.c ****   * @brief  Returns first word of the unique device identifier (UID based on 96 bits)
 537:Drivers/STM32F2xx_HAL_Driver/Src/stm32f2xx_hal.c ****   * @retval Device identifier
 538:Drivers/STM32F2xx_HAL_Driver/Src/stm32f2xx_hal.c ****   */
 539:Drivers/STM32F2xx_HAL_Driver/Src/stm32f2xx_hal.c **** uint32_t HAL_GetUIDw0(void)
 540:Drivers/STM32F2xx_HAL_Driver/Src/stm32f2xx_hal.c **** {
 896              		.loc 1 540 1 is_stmt 1 view -0
 897              		.cfi_startproc
 898              		@ args = 0, pretend = 0, frame = 0
 899              		@ frame_needed = 0, uses_anonymous_args = 0
 900              		@ link register save eliminated.
 541:Drivers/STM32F2xx_HAL_Driver/Src/stm32f2xx_hal.c ****   return (READ_REG(*((uint32_t *)UID_BASE)));
 901              		.loc 1 541 3 view .LVU158
 542:Drivers/STM32F2xx_HAL_Driver/Src/stm32f2xx_hal.c **** }
 902              		.loc 1 542 1 is_stmt 0 view .LVU159
 903 0000 014B     		ldr	r3, .L80
 904 0002 D3F8100A 		ldr	r0, [r3, #2576]
 905 0006 7047     		bx	lr
 906              	.L81:
 907              		.align	2
 908              	.L80:
 909 0008 0070FF1F 		.word	536834048
 910              		.cfi_endproc
 911              	.LFE96:
 913              		.section	.text.HAL_GetUIDw1,"ax",%progbits
ARM GAS  /tmp/ccKfRIXr.s 			page 44


 914              		.align	1
 915              		.global	HAL_GetUIDw1
 916              		.syntax unified
 917              		.thumb
 918              		.thumb_func
 920              	HAL_GetUIDw1:
 921              	.LFB97:
 543:Drivers/STM32F2xx_HAL_Driver/Src/stm32f2xx_hal.c **** 
 544:Drivers/STM32F2xx_HAL_Driver/Src/stm32f2xx_hal.c **** /**
 545:Drivers/STM32F2xx_HAL_Driver/Src/stm32f2xx_hal.c ****   * @brief  Returns second word of the unique device identifier (UID based on 96 bits)
 546:Drivers/STM32F2xx_HAL_Driver/Src/stm32f2xx_hal.c ****   * @retval Device identifier
 547:Drivers/STM32F2xx_HAL_Driver/Src/stm32f2xx_hal.c ****   */
 548:Drivers/STM32F2xx_HAL_Driver/Src/stm32f2xx_hal.c **** uint32_t HAL_GetUIDw1(void)
 549:Drivers/STM32F2xx_HAL_Driver/Src/stm32f2xx_hal.c **** {
 922              		.loc 1 549 1 is_stmt 1 view -0
 923              		.cfi_startproc
 924              		@ args = 0, pretend = 0, frame = 0
 925              		@ frame_needed = 0, uses_anonymous_args = 0
 926              		@ link register save eliminated.
 550:Drivers/STM32F2xx_HAL_Driver/Src/stm32f2xx_hal.c ****   return (READ_REG(*((uint32_t *)(UID_BASE + 4U))));
 927              		.loc 1 550 3 view .LVU161
 551:Drivers/STM32F2xx_HAL_Driver/Src/stm32f2xx_hal.c **** }
 928              		.loc 1 551 1 is_stmt 0 view .LVU162
 929 0000 014B     		ldr	r3, .L83
 930 0002 D3F8140A 		ldr	r0, [r3, #2580]
 931 0006 7047     		bx	lr
 932              	.L84:
 933              		.align	2
 934              	.L83:
 935 0008 0070FF1F 		.word	536834048
 936              		.cfi_endproc
 937              	.LFE97:
 939              		.section	.text.HAL_GetUIDw2,"ax",%progbits
 940              		.align	1
 941              		.global	HAL_GetUIDw2
 942              		.syntax unified
 943              		.thumb
 944              		.thumb_func
 946              	HAL_GetUIDw2:
 947              	.LFB98:
 552:Drivers/STM32F2xx_HAL_Driver/Src/stm32f2xx_hal.c **** 
 553:Drivers/STM32F2xx_HAL_Driver/Src/stm32f2xx_hal.c **** /**
 554:Drivers/STM32F2xx_HAL_Driver/Src/stm32f2xx_hal.c ****   * @brief  Returns third word of the unique device identifier (UID based on 96 bits)
 555:Drivers/STM32F2xx_HAL_Driver/Src/stm32f2xx_hal.c ****   * @retval Device identifier
 556:Drivers/STM32F2xx_HAL_Driver/Src/stm32f2xx_hal.c ****   */
 557:Drivers/STM32F2xx_HAL_Driver/Src/stm32f2xx_hal.c **** uint32_t HAL_GetUIDw2(void)
 558:Drivers/STM32F2xx_HAL_Driver/Src/stm32f2xx_hal.c **** {
 948              		.loc 1 558 1 is_stmt 1 view -0
 949              		.cfi_startproc
 950              		@ args = 0, pretend = 0, frame = 0
 951              		@ frame_needed = 0, uses_anonymous_args = 0
 952              		@ link register save eliminated.
 559:Drivers/STM32F2xx_HAL_Driver/Src/stm32f2xx_hal.c ****   return (READ_REG(*((uint32_t *)(UID_BASE + 8U))));
 953              		.loc 1 559 3 view .LVU164
 560:Drivers/STM32F2xx_HAL_Driver/Src/stm32f2xx_hal.c **** }
 954              		.loc 1 560 1 is_stmt 0 view .LVU165
 955 0000 014B     		ldr	r3, .L86
ARM GAS  /tmp/ccKfRIXr.s 			page 45


 956 0002 D3F8180A 		ldr	r0, [r3, #2584]
 957 0006 7047     		bx	lr
 958              	.L87:
 959              		.align	2
 960              	.L86:
 961 0008 0070FF1F 		.word	536834048
 962              		.cfi_endproc
 963              	.LFE98:
 965              		.global	uwTickFreq
 966              		.section	.data.uwTickFreq,"aw"
 969              	uwTickFreq:
 970 0000 01       		.byte	1
 971              		.global	uwTickPrio
 972              		.section	.data.uwTickPrio,"aw"
 973              		.align	2
 976              	uwTickPrio:
 977 0000 10000000 		.word	16
 978              		.global	uwTick
 979              		.section	.bss.uwTick,"aw",%nobits
 980              		.align	2
 983              	uwTick:
 984 0000 00000000 		.space	4
 985              		.text
 986              	.Letext0:
 987              		.file 3 "Drivers/CMSIS/Device/ST/STM32F2xx/Include/stm32f207xx.h"
 988              		.file 4 "/home/sru/.local/xPacks/arm-none-eabi-gcc/xpack-arm-none-eabi-gcc-14.2.1-1.1/arm-none-eab
 989              		.file 5 "/home/sru/.local/xPacks/arm-none-eabi-gcc/xpack-arm-none-eabi-gcc-14.2.1-1.1/arm-none-eab
 990              		.file 6 "Drivers/CMSIS/Include/core_cm3.h"
 991              		.file 7 "Drivers/CMSIS/Device/ST/STM32F2xx/Include/stm32f2xx.h"
 992              		.file 8 "Drivers/STM32F2xx_HAL_Driver/Inc/stm32f2xx_hal_def.h"
 993              		.file 9 "Drivers/STM32F2xx_HAL_Driver/Inc/stm32f2xx_hal.h"
 994              		.file 10 "Drivers/CMSIS/Device/ST/STM32F2xx/Include/system_stm32f2xx.h"
 995              		.file 11 "Drivers/STM32F2xx_HAL_Driver/Inc/stm32f2xx_hal_cortex.h"
ARM GAS  /tmp/ccKfRIXr.s 			page 46


DEFINED SYMBOLS
                            *ABS*:00000000 stm32f2xx_hal.c
     /tmp/ccKfRIXr.s:19     .text.HAL_MspInit:00000000 $t
     /tmp/ccKfRIXr.s:25     .text.HAL_MspInit:00000000 HAL_MspInit
     /tmp/ccKfRIXr.s:38     .text.HAL_MspDeInit:00000000 $t
     /tmp/ccKfRIXr.s:44     .text.HAL_MspDeInit:00000000 HAL_MspDeInit
     /tmp/ccKfRIXr.s:57     .text.HAL_DeInit:00000000 $t
     /tmp/ccKfRIXr.s:63     .text.HAL_DeInit:00000000 HAL_DeInit
     /tmp/ccKfRIXr.s:107    .text.HAL_DeInit:00000028 $d
     /tmp/ccKfRIXr.s:112    .text.HAL_InitTick:00000000 $t
     /tmp/ccKfRIXr.s:118    .text.HAL_InitTick:00000000 HAL_InitTick
     /tmp/ccKfRIXr.s:181    .text.HAL_InitTick:00000040 $d
     /tmp/ccKfRIXr.s:969    .data.uwTickFreq:00000000 uwTickFreq
     /tmp/ccKfRIXr.s:976    .data.uwTickPrio:00000000 uwTickPrio
     /tmp/ccKfRIXr.s:188    .text.HAL_Init:00000000 $t
     /tmp/ccKfRIXr.s:194    .text.HAL_Init:00000000 HAL_Init
     /tmp/ccKfRIXr.s:236    .text.HAL_Init:00000030 $d
     /tmp/ccKfRIXr.s:241    .text.HAL_IncTick:00000000 $t
     /tmp/ccKfRIXr.s:247    .text.HAL_IncTick:00000000 HAL_IncTick
     /tmp/ccKfRIXr.s:267    .text.HAL_IncTick:00000010 $d
     /tmp/ccKfRIXr.s:983    .bss.uwTick:00000000 uwTick
     /tmp/ccKfRIXr.s:273    .text.HAL_GetTick:00000000 $t
     /tmp/ccKfRIXr.s:279    .text.HAL_GetTick:00000000 HAL_GetTick
     /tmp/ccKfRIXr.s:295    .text.HAL_GetTick:00000008 $d
     /tmp/ccKfRIXr.s:300    .text.HAL_GetTickPrio:00000000 $t
     /tmp/ccKfRIXr.s:306    .text.HAL_GetTickPrio:00000000 HAL_GetTickPrio
     /tmp/ccKfRIXr.s:321    .text.HAL_GetTickPrio:00000008 $d
     /tmp/ccKfRIXr.s:326    .text.HAL_SetTickFreq:00000000 $t
     /tmp/ccKfRIXr.s:332    .text.HAL_SetTickFreq:00000000 HAL_SetTickFreq
     /tmp/ccKfRIXr.s:389    .text.HAL_SetTickFreq:00000024 $d
     /tmp/ccKfRIXr.s:395    .text.HAL_GetTickFreq:00000000 $t
     /tmp/ccKfRIXr.s:401    .text.HAL_GetTickFreq:00000000 HAL_GetTickFreq
     /tmp/ccKfRIXr.s:416    .text.HAL_GetTickFreq:00000008 $d
     /tmp/ccKfRIXr.s:421    .text.HAL_Delay:00000000 $t
     /tmp/ccKfRIXr.s:427    .text.HAL_Delay:00000000 HAL_Delay
     /tmp/ccKfRIXr.s:480    .text.HAL_Delay:00000024 $d
     /tmp/ccKfRIXr.s:485    .text.HAL_SuspendTick:00000000 $t
     /tmp/ccKfRIXr.s:491    .text.HAL_SuspendTick:00000000 HAL_SuspendTick
     /tmp/ccKfRIXr.s:511    .text.HAL_ResumeTick:00000000 $t
     /tmp/ccKfRIXr.s:517    .text.HAL_ResumeTick:00000000 HAL_ResumeTick
     /tmp/ccKfRIXr.s:537    .text.HAL_GetHalVersion:00000000 $t
     /tmp/ccKfRIXr.s:543    .text.HAL_GetHalVersion:00000000 HAL_GetHalVersion
     /tmp/ccKfRIXr.s:557    .text.HAL_GetHalVersion:00000004 $d
     /tmp/ccKfRIXr.s:562    .text.HAL_GetREVID:00000000 $t
     /tmp/ccKfRIXr.s:568    .text.HAL_GetREVID:00000000 HAL_GetREVID
     /tmp/ccKfRIXr.s:585    .text.HAL_GetREVID:00000008 $d
     /tmp/ccKfRIXr.s:590    .text.HAL_GetDEVID:00000000 $t
     /tmp/ccKfRIXr.s:596    .text.HAL_GetDEVID:00000000 HAL_GetDEVID
     /tmp/ccKfRIXr.s:613    .text.HAL_GetDEVID:0000000c $d
     /tmp/ccKfRIXr.s:618    .text.HAL_DBGMCU_EnableDBGSleepMode:00000000 $t
     /tmp/ccKfRIXr.s:624    .text.HAL_DBGMCU_EnableDBGSleepMode:00000000 HAL_DBGMCU_EnableDBGSleepMode
     /tmp/ccKfRIXr.s:641    .text.HAL_DBGMCU_EnableDBGSleepMode:0000000c $d
     /tmp/ccKfRIXr.s:646    .text.HAL_DBGMCU_DisableDBGSleepMode:00000000 $t
     /tmp/ccKfRIXr.s:652    .text.HAL_DBGMCU_DisableDBGSleepMode:00000000 HAL_DBGMCU_DisableDBGSleepMode
     /tmp/ccKfRIXr.s:669    .text.HAL_DBGMCU_DisableDBGSleepMode:0000000c $d
     /tmp/ccKfRIXr.s:674    .text.HAL_DBGMCU_EnableDBGStopMode:00000000 $t
     /tmp/ccKfRIXr.s:680    .text.HAL_DBGMCU_EnableDBGStopMode:00000000 HAL_DBGMCU_EnableDBGStopMode
ARM GAS  /tmp/ccKfRIXr.s 			page 47


     /tmp/ccKfRIXr.s:697    .text.HAL_DBGMCU_EnableDBGStopMode:0000000c $d
     /tmp/ccKfRIXr.s:702    .text.HAL_DBGMCU_DisableDBGStopMode:00000000 $t
     /tmp/ccKfRIXr.s:708    .text.HAL_DBGMCU_DisableDBGStopMode:00000000 HAL_DBGMCU_DisableDBGStopMode
     /tmp/ccKfRIXr.s:725    .text.HAL_DBGMCU_DisableDBGStopMode:0000000c $d
     /tmp/ccKfRIXr.s:730    .text.HAL_DBGMCU_EnableDBGStandbyMode:00000000 $t
     /tmp/ccKfRIXr.s:736    .text.HAL_DBGMCU_EnableDBGStandbyMode:00000000 HAL_DBGMCU_EnableDBGStandbyMode
     /tmp/ccKfRIXr.s:753    .text.HAL_DBGMCU_EnableDBGStandbyMode:0000000c $d
     /tmp/ccKfRIXr.s:758    .text.HAL_DBGMCU_DisableDBGStandbyMode:00000000 $t
     /tmp/ccKfRIXr.s:764    .text.HAL_DBGMCU_DisableDBGStandbyMode:00000000 HAL_DBGMCU_DisableDBGStandbyMode
     /tmp/ccKfRIXr.s:781    .text.HAL_DBGMCU_DisableDBGStandbyMode:0000000c $d
     /tmp/ccKfRIXr.s:786    .text.HAL_EnableCompensationCell:00000000 $t
     /tmp/ccKfRIXr.s:792    .text.HAL_EnableCompensationCell:00000000 HAL_EnableCompensationCell
     /tmp/ccKfRIXr.s:832    .text.HAL_EnableCompensationCell:00000014 $d
     /tmp/ccKfRIXr.s:837    .text.HAL_DisableCompensationCell:00000000 $t
     /tmp/ccKfRIXr.s:843    .text.HAL_DisableCompensationCell:00000000 HAL_DisableCompensationCell
     /tmp/ccKfRIXr.s:883    .text.HAL_DisableCompensationCell:00000018 $d
     /tmp/ccKfRIXr.s:888    .text.HAL_GetUIDw0:00000000 $t
     /tmp/ccKfRIXr.s:894    .text.HAL_GetUIDw0:00000000 HAL_GetUIDw0
     /tmp/ccKfRIXr.s:909    .text.HAL_GetUIDw0:00000008 $d
     /tmp/ccKfRIXr.s:914    .text.HAL_GetUIDw1:00000000 $t
     /tmp/ccKfRIXr.s:920    .text.HAL_GetUIDw1:00000000 HAL_GetUIDw1
     /tmp/ccKfRIXr.s:935    .text.HAL_GetUIDw1:00000008 $d
     /tmp/ccKfRIXr.s:940    .text.HAL_GetUIDw2:00000000 $t
     /tmp/ccKfRIXr.s:946    .text.HAL_GetUIDw2:00000000 HAL_GetUIDw2
     /tmp/ccKfRIXr.s:961    .text.HAL_GetUIDw2:00000008 $d
     /tmp/ccKfRIXr.s:973    .data.uwTickPrio:00000000 $d
     /tmp/ccKfRIXr.s:980    .bss.uwTick:00000000 $d

UNDEFINED SYMBOLS
HAL_SYSTICK_Config
HAL_NVIC_SetPriority
SystemCoreClock
HAL_NVIC_SetPriorityGrouping
